optimization_run_id,update_time,forecast_coverage_start,forecast_coverage_end,issue_time,target_time,forecast_horizon_minutes,pv_forecast_kw,pv_forecast_kwh,pv_forecast_source,pv_anchor_observed_at_issue_kw,pv_anchor_observed_time,pv_anchor_source,load_forecast_kwh,load_forecast_source_time,load_forecast_source_times,load_forecast_history_count,load_forecast_source,information_cutoff,execution_start_index,execution_stop_index_exclusive,executed_in_this_update,planned_grid_kwh,planned_charge_kwh,planned_discharge_kwh,planned_curtailment_kwh,planned_soc_start_kwh,planned_soc_end_kwh,base_plan_grid_kwh,soc_grid_step_kwh
2025-03-20T00:00_rolling,2025-03-20 00:00:00,2025-03-20 00:10:00,2025-03-21 00:00:00,2025-03-20 00:00:00,2025-03-20 00:10:00,10,0.0,0.0,observed_anchor_linear_to_h1,0.0,2025-03-20 00:00:00,observed_at_issue,580.17906,2025-03-13 00:10:00,2025-03-13 00:10:00;2025-03-06 00:10:00;2025-02-27 00:10:00;2025-02-20 00:10:00,4,weighted_same_weekday_4w,2025-03-20 00:00:00,0,36,True,1380.17906,800.0,0.0,0.0,1200.0,1920.0,1380.17906,120.0
2025-03-20T00:00_rolling,2025-03-20 00:00:00,2025-03-20 00:10:00,2025-03-21 00:00:00,2025-03-20 00:00:00,2025-03-20 00:20:00,20,0.0,0.0,observed_anchor_linear_to_h1,0.0,2025-03-20 00:00:00,observed_at_issue,574.4108266666667,2025-03-13 00:20:00,2025-03-13 00:20:00;2025-03-06 00:20:00;2025-02-27 00:20:00;2025-02-20 00:20:00,4,weighted_same_weekday_4w,2025-03-20 00:00:00,0,36,True,1374.4108266666667,800.0,0.0,0.0,1920.0,2640.0,1374.4108266666667,120.0
2025-03-20T00:00_rolling,2025-03-20 00:00:00,2025-03-20 00:10:00,2025-03-21 00:00:00,2025-03-20 00:00:00,2025-03-20 00:30:00,30,0.0,0.0,observed_anchor_linear_to_h1,0.0,2025-03-20 00:00:00,observed_at_issue,574.2561666666668,2025-03-13 00:30:00,2025-03-13 00:30:00;2025-03-06 00:30:00;2025-02-27 00:30:00;2025-02-20 00:30:00,4,weighted_same_weekday_4w,2025-03-20 00:00:00,0,36,True,1374.2561666666668,800.0,0.0,0.0,2640.0,3360.0,1374.2561666666668,120.0
2025-03-20T00:00_rolling,2025-03-20 00:00:00,2025-03-20 00:10:00,2025-03-21 00:00:00,2025-03-20 00:00:00,2025-03-20 00:40:00,40,0.0,0.0,observed_anchor_linear_to_h1,0.0,2025-03-20 00:00:00,observed_at_issue,585.8734283333335,2025-03-13 00:40:00,2025-03-13 00:40:00;2025-03-06 00:40:00;2025-02-27 00:40:00;2025-02-20 00:40:00,4,weighted_same_weekday_4w,2025-03-20 00:00:00,0,36,True,1385.8734283333335,800.0,0.0,0.0,3360.0,4080.0,1385.8734283333335,120.0
2025-03-20T00:00_rolling,2025-03-20 00:00:00,2025-03-20 00:10:00,2025-03-21 00:00:00,2025-03-20 00:00:00,2025-03-20 00:50:00,50,0.0,0.0,observed_anchor_linear_to_h1,0.0,2025-03-20 00:00:00,observed_at_issue,589.6674800000001,2025-03-13 00:50:00,2025-03-13 00:50:00;2025-03-06 00:50:00;2025-02-27 00:50:00;2025-02-20 00:50:00,4,weighted_same_weekday_4w,2025-03-20 00:00:00,0,36,True,1389.66748,800.0,0.0,0.0,4080.0,4800.0,1389.66748,120.0
2025-03-20T00:00_rolling,2025-03-20 00:00:00,2025-03-20 00:10:00,2025-03-21 00:00:00,2025-03-20 00:00:00,2025-03-20 01:00:00,60,0.0,0.0,attachment3_10min_interpolation,0.0,2025-03-20 00:00:00,observed_at_issue,584.7841666666668,2025-03-13 01:00:00,2025-03-13 01:00:00;2025-03-06 01:00:00;2025-02-27 01:00:00;2025-02-20 01:00:00,4,weighted_same_weekday_4w,2025-03-20 00:00:00,0,36,True,1384.7841666666668,800.0,0.0,0.0,4800.0,5520.0,1384.7841666666668,120.0
2025-03-20T00:00_rolling,2025-03-20 00:00:00,2025-03-20 00:10:00,2025-03-21 00:00:00,2025-03-20 00:00:00,2025-03-20 01:10:00,70,0.0,0.0,attachment3_10min_interpolation,0.0,2025-03-20 00:00:00,observed_at_issue,586.794245,2025-03-13 01:10:00,2025-03-13 01:10:00;2025-03-06 01:10:00;2025-02-27 01:10:00;2025-02-20 01:10:00,4,weighted_same_weekday_4w,2025-03-20 00:00:00,0,36,True,1386.794245,800.0,0.0,0.0,5520.0,6240.0,1386.794245,120.0
2025-03-20T00:00_rolling,2025-03-20 00:00:00,2025-03-20 00:10:00,2025-03-21 00:00:00,2025-03-20 00:00:00,2025-03-20 01:20:00,80,0.0,0.0,attachment3_10min_interpolation,0.0,2025-03-20 00:00:00,observed_at_issue,577.6963900000001,2025-03-13 01:20:00,2025-03-13 01:20:00;2025-03-06 01:20:00;2025-02-27 01:20:00;2025-02-20 01:20:00,4,weighted_same_weekday_4w,2025-03-20 00:00:00,0,36,True,1377.69639,800.0,0.0,0.0,6240.0,6960.0,1377.69639,120.0
2025-03-20T00:00_rolling,2025-03-20 00:00:00,2025-03-20 00:10:00,2025-03-21 00:00:00,2025-03-20 00:00:00,2025-03-20 01:30:00,90,0.0,0.0,attachment3_10min_interpolation,0.0,2025-03-20 00:00:00,observed_at_issue,563.6245000000001,2025-03-13 01:30:00,2025-03-13 01:30:00;2025-03-06 01:30:00;2025-02-27 01:30:00;2025-02-20 01:30:00,4,weighted_same_weekday_4w,2025-03-20 00:00:00,0,36,True,1363.6245000000001,800.0,0.0,0.0,6960.0,7680.0,1363.6245000000001,120.0
2025-03-20T00:00_rolling,2025-03-20 00:00:00,2025-03-20 00:10:00,2025-03-21 00:00:00,2025-03-20 00:00:00,2025-03-20 01:40:00,100,0.0,0.0,attachment3_10min_interpolation,0.0,2025-03-20 00:00:00,observed_at_issue,572.6025000000001,2025-03-13 01:40:00,2025-03-13 01:40:00;2025-03-06 01:40:00;2025-02-27 01:40:00;2025-02-20 01:40:00,4,weighted_same_weekday_4w,2025-03-20 00:00:00,0,36,True,839.2691666666667,266.6666666666667,0.0,0.0,7680.0,7920.0,839.2691666666667,120.0
2025-03-20T00:00_rolling,2025-03-20 00:00:00,2025-03-20 00:10:00,2025-03-21 00:00:00,2025-03-20 00:00:00,2025-03-20 01:50:00,110,0.0,0.0,attachment3_10min_interpolation,0.0,2025-03-20 00:00:00,observed_at_issue,589.2884416666668,2025-03-13 01:50:00,2025-03-13 01:50:00;2025-03-06 01:50:00;2025-02-27 01:50:00;2025-02-20 01:50:00,4,weighted_same_weekday_4w,2025-03-20 00:00:00,0,36,True,589.2884416666668,0.0,0.0,0.0,7920.0,7920.0,589.2884416666668,120.0
2025-03-20T00:00_rolling,2025-03-20 00:00:00,2025-03-20 00:10:00,2025-03-21 00:00:00,2025-03-20 00:00:00,2025-03-20 02:00:00,120,0.0,0.0,attachment3_10min_interpolation,0.0,2025-03-20 00:00:00,observed_at_issue,593.8290000000001,2025-03-13 02:00:00,2025-03-13 02:00:00;2025-03-06 02:00:00;2025-02-27 02:00:00;2025-02-20 02:00:00,4,weighted_same_weekday_4w,2025-03-20 00:00:00,0,36,True,1393.8290000000002,800.0,0.0,0.0,7920.0,8640.0,1393.8290000000002,120.0
2025-03-20T00:00_rolling,2025-03-20 00:00:00,2025-03-20 00:10:00,2025-03-21 00:00:00,2025-03-20 00:00:00,2025-03-20 02:10:00,130,0.0,0.0,attachment3_10min_interpolation,0.0,2025-03-20 00:00:00,observed_at_issue,581.3170950000001,2025-03-13 02:10:00,2025-03-13 02:10:00;2025-03-06 02:10:00;2025-02-27 02:10:00;2025-02-20 02:10:00,4,weighted_same_weekday_4w,2025-03-20 00:00:00,0,36,True,1381.317095,800.0,0.0,0.0,8640.0,9360.0,1381.317095,120.0
2025-03-20T00:00_rolling,2025-03-20 00:00:00,2025-03-20 00:10:00,2025-03-21 00:00:00,2025-03-20 00:00:00,2025-03-20 02:20:00,140,0.0,0.0,attachment3_10min_interpolation,0.0,2025-03-20 00:00:00,observed_at_issue,578.5219383333334,2025-03-13 02:20:00,2025-03-13 02:20:00;2025-03-06 02:20:00;2025-02-27 02:20:00;2025-02-20 02:20:00,4,weighted_same_weekday_4w,2025-03-20 00:00:00,0,36,True,578.5219383333334,0.0,0.0,0.0,9360.0,9360.0,578.5219383333334,120.0
2025-03-20T00:00_rolling,2025-03-20 00:00:00,2025-03-20 00:10:00,2025-03-21 00:00:00,2025-03-20 00:00:00,2025-03-20 02:30:00,150,0.0,0.0,attachment3_10min_interpolation,0.0,2025-03-20 00:00:00,observed_at_issue,589.4313333333334,2025-03-13 02:30:00,2025-03-13 02:30:00;2025-03-06 02:30:00;2025-02-27 02:30:00;2025-02-20 02:30:00,4,weighted_same_weekday_4w,2025-03-20 00:00:00,0,36,True,589.4313333333334,0.0,0.0,0.0,9360.0,9360.0,589.4313333333334,120.0
2025-03-20T00:00_rolling,2025-03-20 00:00:00,2025-03-20 00:10:00,2025-03-21 00:00:00,2025-03-20 00:00:00,2025-03-20 02:40:00,160,0.0,0.0,attachment3_10min_interpolation,0.0,2025-03-20 00:00:00,observed_at_issue,594.9057200000001,2025-03-13 02:40:00,2025-03-13 02:40:00;2025-03-06 02:40:00;2025-02-27 02:40:00;2025-02-20 02:40:00,4,weighted_same_weekday_4w,2025-03-20 00:00:00,0,36,True,594.9057200000001,0.0,0.0,0.0,9360.0,9360.0,594.9057200000001,120.0
2025-03-20T00:00_rolling,2025-03-20 00:00:00,2025-03-20 00:10:00,2025-03-21 00:00:00,2025-03-20 00:00:00,2025-03-20 02:50:00,170,0.0,0.0,attachment3_10min_interpolation,0.0,2025-03-20 00:00:00,observed_at_issue,604.6617350000001,2025-03-13 02:50:00,2025-03-13 02:50:00;2025-03-06 02:50:00;2025-02-27 02:50:00;2025-02-20 02:50:00,4,weighted_same_weekday_4w,2025-03-20 00:00:00,0,36,True,604.6617350000001,0.0,0.0,0.0,9360.0,9360.0,604.6617350000001,120.0
2025-03-20T00:00_rolling,2025-03-20 00:00:00,2025-03-20 00:10:00,2025-03-21 00:00:00,2025-03-20 00:00:00,2025-03-20 03:00:00,180,0.0,0.0,attachment3_10min_interpolation,0.0,2025-03-20 00:00:00,observed_at_issue,609.9875000000002,2025-03-13 03:00:00,2025-03-13 03:00:00;2025-03-06 03:00:00;2025-02-27 03:00:00;2025-02-20 03:00:00,4,weighted_same_weekday_4w,2025-03-20 00:00:00,0,36,True,609.9875000000002,0.0,0.0,0.0,9360.0,9360.0,609.9875000000002,120.0
2025-03-20T00:00_rolling,2025-03-20 00:00:00,2025-03-20 00:10:00,2025-03-21 00:00:00,2025-03-20 00:00:00,2025-03-20 03:10:00,190,0.0,0.0,attachment3_10min_interpolation,0.0,2025-03-20 00:00:00,observed_at_issue,590.5894450000001,2025-03-13 03:10:00,2025-03-13 03:10:00;2025-03-06 03:10:00;2025-02-27 03:10:00;2025-02-20 03:10:00,4,weighted_same_weekday_4w,2025-03-20 00:00:00,0,36,True,590.5894450000001,0.0,0.0,0.0,9360.0,9360.0,590.5894450000001,120.0
2025-03-20T00:00_rolling,2025-03-20 00:00:00,2025-03-20 00:10:00,2025-03-21 00:00:00,2025-03-20 00:00:00,2025-03-20 03:20:00,200,0.0,0.0,attachment3_10min_interpolation,0.0,2025-03-20 00:00:00,observed_at_issue,582.2390016666667,2025-03-13 03:20:00,2025-03-13 03:20:00;2025-03-06 03:20:00;2025-02-27 03:20:00;2025-02-20 03:20:00,4,weighted_same_weekday_4w,2025-03-20 00:00:00,0,36,True,582.2390016666667,0.0,0.0,0.0,9360.0,9360.0,582.2390016666667,120.0
2025-03-20T00:00_rolling,2025-03-20 00:00:00,2025-03-20 00:10:00,2025-03-21 00:00:00,2025-03-20 00:00:00,2025-03-20 03:30:00,210,0.0,0.0,attachment3_10min_interpolation,0.0,2025-03-20 00:00:00,observed_at_issue,600.3231666666668,2025-03-13 03:30:00,2025-03-13 03:30:00;2025-03-06 03:30:00;2025-02-27 03:30:00;2025-02-20 03:30:00,4,weighted_same_weekday_4w,2025-03-20 00:00:00,0,36,True,600.3231666666668,0.0,0.0,0.0,9360.0,9360.0,600.3231666666668,120.0
2025-03-20T00:00_rolling,2025-03-20 00:00:00,2025-03-20 00:10:00,2025-03-21 00:00:00,2025-03-20 00:00:00,2025-03-20 03:40:00,220,0.0,0.0,attachment3_10min_interpolation,0.0,2025-03-20 00:00:00,observed_at_issue,622.7539000000002,2025-03-13 03:40:00,2025-03-13 03:40:00;2025-03-06 03:40:00;2025-02-27 03:40:00;2025-02-20 03:40:00,4,weighted_same_weekday_4w,2025-03-20 00:00:00,0,36,True,622.7539000000002,0.0,0.0,0.0,9360.0,9360.0,622.7539000000002,120.0
2025-03-20T00:00_rolling,2025-03-20 00:00:00,2025-03-20 00:10:00,2025-03-21 00:00:00,2025-03-20 00:00:00,2025-03-20 03:50:00,230,0.0,0.0,attachment3_10min_interpolation,0.0,2025-03-20 00:00:00,observed_at_issue,618.5065700000001,2025-03-13 03:50:00,2025-03-13 03:50:00;2025-03-06 03:50:00;2025-02-27 03:50:00;2025-02-20 03:50:00,4,weighted_same_weekday_4w,2025-03-20 00:00:00,0,36,True,618.5065700000001,0.0,0.0,0.0,9360.0,9360.0,618.5065700000001,120.0
2025-03-20T00:00_rolling,2025-03-20 00:00:00,2025-03-20 00:10:00,2025-03-21 00:00:00,2025-03-20 00:00:00,2025-03-20 04:00:00,240,0.0,0.0,attachment3_10min_interpolation,0.0,2025-03-20 00:00:00,observed_at_issue,605.1790000000001,2025-03-13 04:00:00,2025-03-13 04:00:00;2025-03-06 04:00:00;2025-02-27 04:00:00;2025-02-20 04:00:00,4,weighted_same_weekday_4w,2025-03-20 00:00:00,0,36,True,605.1790000000001,0.0,0.0,0.0,9360.0,9360.0,605.1790000000001,120.0
2025-03-20T00:00_rolling,2025-03-20 00:00:00,2025-03-20 00:10:00,2025-03-21 00:00:00,2025-03-20 00:00:00,2025-03-20 04:10:00,250,0.0,0.0,attachment3_10min_interpolation,0.0,2025-03-20 00:00:00,observed_at_issue,626.1509300000001,2025-03-13 04:10:00,2025-03-13 04:10:00;2025-03-06 04:10:00;2025-02-27 04:10:00;2025-02-20 04:10:00,4,weighted_same_weekday_4w,2025-03-20 00:00:00,0,36,True,626.1509300000001,0.0,0.0,0.0,9360.0,9360.0,626.1509300000001,120.0
2025-03-20T00:00_rolling,2025-03-20 00:00:00,2025-03-20 00:10:00,2025-03-21 00:00:00,2025-03-20 00:00:00,2025-03-20 04:20:00,260,0.0,0.0,attachment3_10min_interpolation,0.0,2025-03-20 00:00:00,observed_at_issue,629.1889066666668,2025-03-13 04:20:00,2025-03-13 04:20:00;2025-03-06 04:20:00;2025-02-27 04:20:00;2025-02-20 04:20:00,4,weighted_same_weekday_4w,2025-03-20 00:00:00,0,36,True,629.1889066666668,0.0,0.0,0.0,9360.0,9360.0,629.1889066666668,120.0
2025-03-20T00:00_rolling,2025-03-20 00:00:00,2025-03-20 00:10:00,2025-03-21 00:00:00,2025-03-20 00:00:00,2025-03-20 04:30:00,270,0.0,0.0,attachment3_10min_interpolation,0.0,2025-03-20 00:00:00,observed_at_issue,609.5111666666669,2025-03-13 04:30:00,2025-03-13 04:30:00;2025-03-06 04:30:00;2025-02-27 04:30:00;2025-02-20 04:30:00,4,weighted_same_weekday_4w,2025-03-20 00:00:00,0,36,True,609.5111666666669,0.0,0.0,0.0,9360.0,9360.0,609.5111666666669,120.0
2025-03-20T00:00_rolling,2025-03-20 00:00:00,2025-03-20 00:10:00,2025-03-21 00:00:00,2025-03-20 00:00:00,2025-03-20 04:40:00,280,0.0,0.0,attachment3_10min_interpolation,0.0,2025-03-20 00:00:00,observed_at_issue,616.4263216666668,2025-03-13 04:40:00,2025-03-13 04:40:00;2025-03-06 04:40:00;2025-02-27 04:40:00;2025-02-20 04:40:00,4,weighted_same_weekday_4w,2025-03-20 00:00:00,0,36,True,616.4263216666668,0.0,0.0,0.0,9360.0,9360.0,616.4263216666668,120.0
2025-03-20T00:00_rolling,2025-03-20 00:00:00,2025-03-20 00:10:00,2025-03-21 00:00:00,2025-03-20 00:00:00,2025-03-20 04:50:00,290,0.0,0.0,attachment3_10min_interpolation,0.0,2025-03-20 00:00:00,observed_at_issue,628.8472250000002,2025-03-13 04:50:00,2025-03-13 04:50:00;2025-03-06 04:50:00;2025-02-27 04:50:00;2025-02-20 04:50:00,4,weighted_same_weekday_4w,2025-03-20 00:00:00,0,36,True,628.8472250000002,0.0,0.0,0.0,9360.0,9360.0,628.8472250000002,120.0
2025-03-20T00:00_rolling,2025-03-20 00:00:00,2025-03-20 00:10:00,2025-03-21 00:00:00,2025-03-20 00:00:00,2025-03-20 05:00:00,300,0.0,0.0,attachment3_10min_interpolation,0.0,2025-03-20 00:00:00,observed_at_issue,627.3486666666668,2025-03-13 05:00:00,2025-03-13 05:00:00;2025-03-06 05:00:00;2025-02-27 05:00:00;2025-02-20 05:00:00,4,weighted_same_weekday_4w,2025-03-20 00:00:00,0,36,True,627.3486666666668,0.0,0.0,0.0,9360.0,9360.0,627.3486666666668,120.0
2025-03-20T00:00_rolling,2025-03-20 00:00:00,2025-03-20 00:10:00,2025-03-21 00:00:00,2025-03-20 00:00:00,2025-03-20 05:10:00,310,0.0,0.0,attachment3_10min_interpolation,0.0,2025-03-20 00:00:00,observed_at_issue,617.3538466666668,2025-03-13 05:10:00,2025-03-13 05:10:00;2025-03-06 05:10:00;2025-02-27 05:10:00;2025-02-20 05:10:00,4,weighted_same_weekday_4w,2025-03-20 00:00:00,0,36,True,617.3538466666668,0.0,0.0,0.0,9360.0,9360.0,617.3538466666668,120.0
2025-03-20T00:00_rolling,2025-03-20 00:00:00,2025-03-20 00:10:00,2025-03-21 00:00:00,2025-03-20 00:00:00,2025-03-20 05:20:00,320,0.0,0.0,attachment3_10min_interpolation,0.0,2025-03-20 00:00:00,observed_at_issue,621.8147033333335,2025-03-13 05:20:00,2025-03-13 05:20:00;2025-03-06 05:20:00;2025-02-27 05:20:00;2025-02-20 05:20:00,4,weighted_same_weekday_4w,2025-03-20 00:00:00,0,36,True,621.8147033333335,0.0,0.0,0.0,9360.0,9360.0,621.8147033333335,120.0
2025-03-20T00:00_rolling,2025-03-20 00:00:00,2025-03-20 00:10:00,2025-03-21 00:00:00,2025-03-20 00:00:00,2025-03-20 05:30:00,330,0.0,0.0,attachment3_10min_interpolation,0.0,2025-03-20 00:00:00,observed_at_issue,630.0683333333334,2025-03-13 05:30:00,2025-03-13 05:30:00;2025-03-06 05:30:00;2025-02-27 05:30:00;2025-02-20 05:30:00,4,weighted_same_weekday_4w,2025-03-20 00:00:00,0,36,True,1430.0683333333334,800.0,0.0,0.0,9360.0,10080.0,1430.0683333333334,120.0
2025-03-20T00:00_rolling,2025-03-20 00:00:00,2025-03-20 00:10:00,2025-03-21 00:00:00,2025-03-20 00:00:00,2025-03-20 05:40:00,340,0.0,0.0,attachment3_10min_interpolation,0.0,2025-03-20 00:00:00,observed_at_issue,624.3306100000001,2025-03-13 05:40:00,2025-03-13 05:40:00;2025-03-06 05:40:00;2025-02-27 05:40:00;2025-02-20 05:40:00,4,weighted_same_weekday_4w,2025-03-20 00:00:00,0,36,True,1424.33061,800.0,0.0,0.0,10080.0,10800.0,1424.33061,120.0
2025-03-20T00:00_rolling,2025-03-20 00:00:00,2025-03-20 00:10:00,2025-03-21 00:00:00,2025-03-20 00:00:00,2025-03-20 05:50:00,350,0.0,0.0,attachment3_10min_interpolation,0.0,2025-03-20 00:00:00,observed_at_issue,701.9729483333335,2025-03-13 05:50:00,2025-03-13 05:50:00;2025-03-06 05:50:00;2025-02-27 05:50:00;2025-02-20 05:50:00,4,weighted_same_weekday_4w,2025-03-20 00:00:00,0,36,True,701.9729483333335,0.0,0.0,0.0,10800.0,10800.0,701.9729483333335,120.0
2025-03-20T00:00_rolling,2025-03-20 00:00:00,2025-03-20 00:10:00,2025-03-21 00:00:00,2025-03-20 00:00:00,2025-03-20 06:00:00,360,0.0,0.0,attachment3_10min_interpolation,0.0,2025-03-20 00:00:00,observed_at_issue,819.7150000000001,2025-03-13 06:00:00,2025-03-13 06:00:00;2025-03-06 06:00:00;2025-02-27 06:00:00;2025-02-20 06:00:00,4,weighted_same_weekday_4w,2025-03-20 00:00:00,0,36,True,63.715000000000146,0.0,756.0,0.0,10800.0,9960.0,63.715000000000146,120.0
2025-03-20T00:00_rolling,2025-03-20 00:00:00,2025-03-20 00:10:00,2025-03-21 00:00:00,2025-03-20 00:00:00,2025-03-20 06:10:00,370,290.7432166666667,48.45720277777778,attachment3_10min_interpolation,0.0,2025-03-20 00:00:00,observed_at_issue,826.5042566666668,2025-03-13 06:10:00,2025-03-13 06:10:00;2025-03-06 06:10:00;2025-02-27 06:10:00;2025-02-20 06:10:00,4,weighted_same_weekday_4w,2025-03-20 00:00:00,0,36,False,22.04705388888908,0.0,756.0,0.0,9960.0,9120.0,22.04705388888908,120.0
2025-03-20T00:00_rolling,2025-03-20 00:00:00,2025-03-20 00:10:00,2025-03-21 00:00:00,2025-03-20 00:00:00,2025-03-20 06:20:00,380,581.4864333333334,96.91440555555556,attachment3_10min_interpolation,0.0,2025-03-20 00:00:00,observed_at_issue,814.7726300000002,2025-03-13 06:20:00,2025-03-13 06:20:00;2025-03-06 06:20:00;2025-02-27 06:20:00;2025-02-20 06:20:00,4,weighted_same_weekday_4w,2025-03-20 00:00:00,0,36,False,69.85822444444466,0.0,648.0,0.0,9120.0,8400.0,69.85822444444466,120.0
2025-03-20T00:00_rolling,2025-03-20 00:00:00,2025-03-20 00:10:00,2025-03-21 00:00:00,2025-03-20 00:00:00,2025-03-20 06:30:00,390,872.22965,145.37160833333334,attachment3_10min_interpolation,0.0,2025-03-20 00:00:00,observed_at_issue,829.3498333333334,2025-03-13 06:30:00,2025-03-13 06:30:00;2025-03-06 06:30:00;2025-02-27 06:30:00;2025-02-20 06:30:00,4,weighted_same_weekday_4w,2025-03-20 00:00:00,0,36,False,35.978225000000066,0.0,648.0,0.0,8400.0,7680.0,35.978225000000066,120.0
2025-03-20T00:00_rolling,2025-03-20 00:00:00,2025-03-20 00:10:00,2025-03-21 00:00:00,2025-03-20 00:00:00,2025-03-20 06:40:00,400,1162.9728666666667,193.82881111111112,attachment3_10min_interpolation,0.0,2025-03-20 00:00:00,observed_at_issue,823.2632333333335,2025-03-13 06:40:00,2025-03-13 06:40:00;2025-03-06 06:40:00;2025-02-27 06:40:00;2025-02-20 06:40:00,4,weighted_same_weekday_4w,2025-03-20 00:00:00,0,36,False,0.0,0.0,648.0,18.565577777777662,7680.0,6960.0,0.0,120.0
2025-03-20T00:00_rolling,2025-03-20 00:00:00,2025-03-20 00:10:00,2025-03-21 00:00:00,2025-03-20 00:00:00,2025-03-20 06:50:00,410,1453.7160833333337,242.28601388888896,attachment3_10min_interpolation,0.0,2025-03-20 00:00:00,observed_at_issue,821.9850783333334,2025-03-13 06:50:00,2025-03-13 06:50:00;2025-03-06 06:50:00;2025-02-27 06:50:00;2025-02-20 06:50:00,4,weighted_same_weekday_4w,2025-03-20 00:00:00,0,36,False,39.69906444444439,0.0,540.0,0.0,6960.0,6360.0,39.69906444444439,120.0
2025-03-20T00:00_rolling,2025-03-20 00:00:00,2025-03-20 00:10:00,2025-03-21 00:00:00,2025-03-20 00:00:00,2025-03-20 07:00:00,420,1744.4593,290.7432166666667,attachment3_10min_interpolation,0.0,2025-03-20 00:00:00,observed_at_issue,831.5241666666668,2025-03-13 07:00:00,2025-03-13 07:00:00;2025-03-06 07:00:00;2025-02-27 07:00:00;2025-02-20 07:00:00,4,weighted_same_weekday_4w,2025-03-20 00:00:00,0,36,False,0.7809500000000753,0.0,540.0,0.0,6360.0,5760.0,0.7809500000000753,120.0
2025-03-20T00:00_rolling,2025-03-20 00:00:00,2025-03-20 00:10:00,2025-03-21 00:00:00,2025-03-20 00:00:00,2025-03-20 07:10:00,430,2087.0072333333333,347.83453888888886,attachment3_10min_interpolation,0.0,2025-03-20 00:00:00,observed_at_issue,829.4203700000003,2025-03-13 07:10:00,2025-03-13 07:10:00;2025-03-06 07:10:00;2025-02-27 07:10:00;2025-02-20 07:10:00,4,weighted_same_weekday_4w,2025-03-20 00:00:00,0,36,False,49.58583111111142,0.0,432.0,0.0,5760.0,5280.0,49.58583111111142,120.0
2025-03-20T00:00_rolling,2025-03-20 00:00:00,2025-03-20 00:10:00,2025-03-21 00:00:00,2025-03-20 00:00:00,2025-03-20 07:20:00,440,2429.5551666666665,404.9258611111111,attachment3_10min_interpolation,0.0,2025-03-20 00:00:00,observed_at_issue,832.5021883333335,2025-03-13 07:20:00,2025-03-13 07:20:00;2025-03-06 07:20:00;2025-02-27 07:20:00;2025-02-20 07:20:00,4,weighted_same_weekday_4w,2025-03-20 00:00:00,0,36,False,0.0,0.0,432.0,4.423672777777597,5280.0,4800.0,0.0,120.0
2025-03-20T00:00_rolling,2025-03-20 00:00:00,2025-03-20 00:10:00,2025-03-21 00:00:00,2025-03-20 00:00:00,2025-03-20 07:30:00,450,2772.1031000000003,462.0171833333334,attachment3_10min_interpolation,0.0,2025-03-20 00:00:00,observed_at_issue,822.7058333333334,2025-03-13 07:30:00,2025-03-13 07:30:00;2025-03-06 07:30:00;2025-02-27 07:30:00;2025-02-20 07:30:00,4,weighted_same_weekday_4w,2025-03-20 00:00:00,0,36,False,36.68865000000005,0.0,324.0,0.0,4800.0,4440.0,36.68865000000005,120.0
2025-03-20T00:00_rolling,2025-03-20 00:00:00,2025-03-20 00:10:00,2025-03-21 00:00:00,2025-03-20 00:00:00,2025-03-20 07:40:00,460,3114.651033333333,519.1085055555556,attachment3_10min_interpolation,0.0,2025-03-20 00:00:00,observed_at_issue,789.7944600000001,2025-03-13 07:40:00,2025-03-13 07:40:00;2025-03-06 07:40:00;2025-02-27 07:40:00;2025-02-20 07:40:00,4,weighted_same_weekday_4w,2025-03-20 00:00:00,0,36,False,270.6859544444445,0.0,0.0,0.0,4440.0,4440.0,270.6859544444445,120.0
2025-03-20T00:00_rolling,2025-03-20 00:00:00,2025-03-20 00:10:00,2025-03-21 00:00:00,2025-03-20 00:00:00,2025-03-20 07:50:00,470,3457.198966666667,576.1998277777778,attachment3_10min_interpolation,0.0,2025-03-20 00:00:00,observed_at_issue,921.0593833333335,2025-03-13 07:50:00,2025-03-13 07:50:00;2025-03-06 07:50:00;2025-02-27 07:50:00;2025-02-20 07:50:00,4,weighted_same_weekday_4w,2025-03-20 00:00:00,0,36,False,20.85955555555563,0.0,324.0,0.0,4440.0,4080.0,20.85955555555563,120.0
2025-03-20T00:00_rolling,2025-03-20 00:00:00,2025-03-20 00:10:00,2025-03-21 00:00:00,2025-03-20 00:00:00,2025-03-20 08:00:00,480,3799.7469,633.29115,attachment3_10min_interpolation,0.0,2025-03-20 00:00:00,observed_at_issue,1127.3826666666669,2025-03-13 08:00:00,2025-03-13 08:00:00;2025-03-06 08:00:00;2025-02-27 08:00:00;2025-02-20 08:00:00,4,weighted_same_weekday_4w,2025-03-20 00:00:00,0,36,False,62.09151666666685,0.0,432.0,0.0,4080.0,3600.0,62.09151666666685,120.0
2025-03-20T00:00_rolling,2025-03-20 00:00:00,2025-03-20 00:10:00,2025-03-21 00:00:00,2025-03-20 00:00:00,2025-03-20 08:10:00,490,4090.285666666666,681.7142777777777,attachment3_10min_interpolation,0.0,2025-03-20 00:00:00,observed_at_issue,1117.6282250000002,2025-03-13 08:10:00,2025-03-13 08:10:00;2025-03-06 08:10:00;2025-02-27 08:10:00;2025-02-20 08:10:00,4,weighted_same_weekday_4w,2025-03-20 00:00:00,0,36,False,3.9139472222224185,0.0,432.0,0.0,3600.0,3120.0,3.9139472222224185,120.0
2025-03-20T00:00_rolling,2025-03-20 00:00:00,2025-03-20 00:10:00,2025-03-21 00:00:00,2025-03-20 00:00:00,2025-03-20 08:20:00,500,4380.824433333333,730.1374055555556,attachment3_10min_interpolation,0.0,2025-03-20 00:00:00,observed_at_issue,1087.2567500000002,2025-03-13 08:20:00,2025-03-13 08:20:00;2025-03-06 08:20:00;2025-02-27 08:20:00;2025-02-20 08:20:00,4,weighted_same_weekday_4w,2025-03-20 00:00:00,0,36,False,33.119344444444664,0.0,324.0,0.0,3120.0,2760.0,33.119344444444664,120.0
2025-03-20T00:00_rolling,2025-03-20 00:00:00,2025-03-20 00:10:00,2025-03-21 00:00:00,2025-03-20 00:00:00,2025-03-20 08:30:00,510,4671.3632,778.5605333333333,attachment3_10min_interpolation,0.0,2025-03-20 00:00:00,observed_at_issue,1118.5365000000002,2025-03-13 08:30:00,2025-03-13 08:30:00;2025-03-06 08:30:00;2025-02-27 08:30:00;2025-02-20 08:30:00,4,weighted_same_weekday_4w,2025-03-20 00:00:00,0,36,False,15.975966666666864,0.0,324.0,0.0,2760.0,2400.0,15.975966666666864,120.0
2025-03-20T00:00_rolling,2025-03-20 00:00:00,2025-03-20 00:10:00,2025-03-21 00:00:00,2025-03-20 00:00:00,2025-03-20 08:40:00,520,4961.901966666667,826.9836611111112,attachment3_10min_interpolation,0.0,2025-03-20 00:00:00,observed_at_issue,1101.4041300000001,2025-03-13 08:40:00,2025-03-13 08:40:00;2025-03-06 08:40:00;2025-02-27 08:40:00;2025-02-20 08:40:00,4,weighted_same_weekday_4w,2025-03-20 00:00:00,0,36,False,58.42046888888888,0.0,216.0,0.0,2400.0,2160.0,58.42046888888888,120.0
2025-03-20T00:00_rolling,2025-03-20 00:00:00,2025-03-20 00:10:00,2025-03-21 00:00:00,2025-03-20 00:00:00,2025-03-20 08:50:00,530,5252.440733333334,875.406788888889,attachment3_10min_interpolation,0.0,2025-03-20 00:00:00,observed_at_issue,1105.2586150000002,2025-03-13 08:50:00,2025-03-13 08:50:00;2025-03-06 08:50:00;2025-02-27 08:50:00;2025-02-20 08:50:00,4,weighted_same_weekday_4w,2025-03-20 00:00:00,0,36,False,13.851826111111222,0.0,216.0,0.0,2160.0,1920.0,13.851826111111222,120.0
2025-03-20T00:00_rolling,2025-03-20 00:00:00,2025-03-20 00:10:00,2025-03-21 00:00:00,2025-03-20 00:00:00,2025-03-20 09:00:00,540,5542.9795,923.8299166666667,attachment3_10min_interpolation,0.0,2025-03-20 00:00:00,observed_at_issue,1135.0556666666669,2025-03-13 09:00:00,2025-03-13 09:00:00;2025-03-06 09:00:00;2025-02-27 09:00:00;2025-02-20 09:00:00,4,weighted_same_weekday_4w,2025-03-20 00:00:00,0,36,False,0.0,0.0,216.0,4.7742499999998245,1920.0,1680.0,0.0,120.0
2025-03-20T00:00_rolling,2025-03-20 00:00:00,2025-03-20 00:10:00,2025-03-21 00:00:00,2025-03-20 00:00:00,2025-03-20 09:10:00,550,5841.86375,973.6439583333334,attachment3_10min_interpolation,0.0,2025-03-20 00:00:00,observed_at_issue,1115.9906333333336,2025-03-13 09:10:00,2025-03-13 09:10:00;2025-03-06 09:10:00;2025-02-27 09:10:00;2025-02-20 09:10:00,4,weighted_same_weekday_4w,2025-03-20 00:00:00,0,36,False,34.34667500000012,0.0,108.0,0.0,1680.0,1560.0,34.34667500000012,120.0
2025-03-20T00:00_rolling,2025-03-20 00:00:00,2025-03-20 00:10:00,2025-03-21 00:00:00,2025-03-20 00:00:00,2025-03-20 09:20:00,560,6140.7480000000005,1023.4580000000001,attachment3_10min_interpolation,0.0,2025-03-20 00:00:00,observed_at_issue,1099.1701516666667,2025-03-13 09:20:00,2025-03-13 09:20:00;2025-03-06 09:20:00;2025-02-27 09:20:00;2025-02-20 09:20:00,4,weighted_same_weekday_4w,2025-03-20 00:00:00,0,36,False,75.71215166666661,0.0,0.0,0.0,1560.0,1560.0,75.71215166666661,120.0
2025-03-20T00:00_rolling,2025-03-20 00:00:00,2025-03-20 00:10:00,2025-03-21 00:00:00,2025-03-20 00:00:00,2025-03-20 09:30:00,570,6439.632250000001,1073.2720416666668,attachment3_10min_interpolation,0.0,2025-03-20 00:00:00,observed_at_issue,1105.5516666666667,2025-03-13 09:30:00,2025-03-13 09:30:00;2025-03-06 09:30:00;2025-02-27 09:30:00;2025-02-20 09:30:00,4,weighted_same_weekday_4w,2025-03-20 00:00:00,0,36,False,32.279624999999896,0.0,0.0,0.0,1560.0,1560.0,32.279624999999896,120.0
2025-03-20T00:00_rolling,2025-03-20 00:00:00,2025-03-20 00:10:00,2025-03-21 00:00:00,2025-03-20 00:00:00,2025-03-20 09:40:00,580,6738.5165,1123.0860833333334,attachment3_10min_interpolation,0.0,2025-03-20 00:00:00,observed_at_issue,1103.4181650000003,2025-03-13 09:40:00,2025-03-13 09:40:00;2025-03-06 09:40:00;2025-02-27 09:40:00;2025-02-20 09:40:00,4,weighted_same_weekday_4w,2025-03-20 00:00:00,0,36,False,0.0,0.0,0.0,19.66791833333309,1560.0,1560.0,0.0,120.0
2025-03-20T00:00_rolling,2025-03-20 00:00:00,2025-03-20 00:10:00,2025-03-21 00:00:00,2025-03-20 00:00:00,2025-03-20 09:50:00,590,7037.40075,1172.900125,attachment3_10min_interpolation,0.0,2025-03-20 00:00:00,observed_at_issue,1101.1446633333335,2025-03-13 09:50:00,2025-03-13 09:50:00;2025-03-06 09:50:00;2025-02-27 09:50:00;2025-02-20 09:50:00,4,weighted_same_weekday_4w,2025-03-20 00:00:00,0,36,False,61.57787166666694,133.33333333333334,0.0,0.0,1560.0,1680.0,61.57787166666694,120.0
2025-03-20T00:00_rolling,2025-03-20 00:00:00,2025-03-20 00:10:00,2025-03-21 00:00:00,2025-03-20 00:00:00,2025-03-20 10:00:00,600,7336.285,1222.7141666666666,attachment3_10min_interpolation,0.0,2025-03-20 00:00:00,observed_at_issue,1103.3010000000002,2025-03-13 10:00:00,2025-03-13 10:00:00;2025-03-06 10:00:00;2025-02-27 10:00:00;2025-02-20 10:00:00,4,weighted_same_weekday_4w,2025-03-20 00:00:00,0,36,False,13.920166666666859,133.33333333333334,0.0,0.0,1680.0,1800.0,13.920166666666859,120.0
2025-03-20T00:00_rolling,2025-03-20 00:00:00,2025-03-20 00:10:00,2025-03-21 00:00:00,2025-03-20 00:00:00,2025-03-20 10:10:00,610,7488.569233333334,1248.0948722222222,attachment3_10min_interpolation,0.0,2025-03-20 00:00:00,observed_at_issue,1102.3093033333334,2025-03-13 10:10:00,2025-03-13 10:10:00;2025-03-06 10:10:00;2025-02-27 10:10:00;2025-02-20 10:10:00,4,weighted_same_weekday_4w,2025-03-20 00:00:00,0,36,False,0.0,133.33333333333334,0.0,12.452235555555404,1800.0,1920.0,0.0,120.0
2025-03-20T00:00_rolling,2025-03-20 00:00:00,2025-03-20 00:10:00,2025-03-21 00:00:00,2025-03-20 00:00:00,2025-03-20 10:20:00,620,7640.853466666666,1273.4755777777775,attachment3_10min_interpolation,0.0,2025-03-20 00:00:00,observed_at_issue,1099.7035883333338,2025-03-13 10:20:00,2025-03-13 10:20:00;2025-03-06 10:20:00;2025-02-27 10:20:00;2025-02-20 10:20:00,4,weighted_same_weekday_4w,2025-03-20 00:00:00,0,36,False,0.0,133.33333333333334,0.0,40.43865611111042,1920.0,2040.0,0.0,120.0
2025-03-20T00:00_rolling,2025-03-20 00:00:00,2025-03-20 00:10:00,2025-03-21 00:00:00,2025-03-20 00:00:00,2025-03-20 10:30:00,630,7793.1377,1298.8562833333333,attachment3_10min_interpolation,0.0,2025-03-20 00:00:00,observed_at_issue,1090.9731666666669,2025-03-13 10:30:00,2025-03-13 10:30:00;2025-03-06 10:30:00;2025-02-27 10:30:00;2025-02-20 10:30:00,4,weighted_same_weekday_4w,2025-03-20 00:00:00,0,36,False,58.783550000000275,266.6666666666667,0.0,0.0,2040.0,2280.0,58.783550000000275,120.0
2025-03-20T00:00_rolling,2025-03-20 00:00:00,2025-03-20 00:10:00,2025-03-21 00:00:00,2025-03-20 00:00:00,2025-03-20 10:40:00,640,7945.421933333334,1324.236988888889,attachment3_10min_interpolation,0.0,2025-03-20 00:00:00,observed_at_issue,1071.9522766666669,2025-03-13 10:40:00,2025-03-13 10:40:00;2025-03-06 10:40:00;2025-02-27 10:40:00;2025-02-20 10:40:00,4,weighted_same_weekday_4w,2025-03-20 00:00:00,0,36,False,14.381954444444489,266.6666666666667,0.0,0.0,2280.0,2520.0,14.381954444444489,120.0
2025-03-20T00:00_rolling,2025-03-20 00:00:00,2025-03-20 00:10:00,2025-03-21 00:00:00,2025-03-20 00:00:00,2025-03-20 10:50:00,650,8097.706166666667,1349.6176944444444,attachment3_10min_interpolation,0.0,2025-03-20 00:00:00,observed_at_issue,1072.0190283333334,2025-03-13 10:50:00,2025-03-13 10:50:00;2025-03-06 10:50:00;2025-02-27 10:50:00;2025-02-20 10:50:00,4,weighted_same_weekday_4w,2025-03-20 00:00:00,0,36,False,0.0,266.6666666666667,0.0,10.93199944444433,2520.0,2760.0,0.0,120.0
2025-03-20T00:00_rolling,2025-03-20 00:00:00,2025-03-20 00:10:00,2025-03-21 00:00:00,2025-03-20 00:00:00,2025-03-20 11:00:00,660,8249.9904,1374.9984000000002,attachment3_10min_interpolation,0.0,2025-03-20 00:00:00,observed_at_issue,1088.8848333333335,2025-03-13 11:00:00,2025-03-13 11:00:00;2025-03-06 11:00:00;2025-02-27 11:00:00;2025-02-20 11:00:00,4,weighted_same_weekday_4w,2025-03-20 00:00:00,0,36,False,513.8864333333333,800.0,0.0,0.0,2760.0,3480.0,513.8864333333333,120.0
2025-03-20T00:00_rolling,2025-03-20 00:00:00,2025-03-20 00:10:00,2025-03-21 00:00:00,2025-03-20 00:00:00,2025-03-20 11:10:00,670,8182.8153,1363.80255,attachment3_10min_interpolation,0.0,2025-03-20 00:00:00,observed_at_issue,1089.3991850000002,2025-03-13 11:10:00,2025-03-13 11:10:00;2025-03-06 11:10:00;2025-02-27 11:10:00;2025-02-20 11:10:00,4,weighted_same_weekday_4w,2025-03-20 00:00:00,0,36,False,525.5966350000001,800.0,0.0,0.0,3480.0,4200.0,525.5966350000001,120.0
2025-03-20T00:00_rolling,2025-03-20 00:00:00,2025-03-20 00:10:00,2025-03-21 00:00:00,2025-03-20 00:00:00,2025-03-20 11:20:00,680,8115.640200000001,1352.6067,attachment3_10min_interpolation,0.0,2025-03-20 00:00:00,observed_at_issue,1077.7080100000003,2025-03-13 11:20:00,2025-03-13 11:20:00;2025-03-06 11:20:00;2025-02-27 11:20:00;2025-02-20 11:20:00,4,weighted_same_weekday_4w,2025-03-20 00:00:00,0,36,False,525.1013100000002,800.0,0.0,0.0,4200.0,4920.0,525.1013100000002,120.0
2025-03-20T00:00_rolling,2025-03-20 00:00:00,2025-03-20 00:10:00,2025-03-21 00:00:00,2025-03-20 00:00:00,2025-03-20 11:30:00,690,8048.4651,1341.41085,attachment3_10min_interpolation,0.0,2025-03-20 00:00:00,observed_at_issue,1071.3760000000002,2025-03-13 11:30:00,2025-03-13 11:30:00;2025-03-06 11:30:00;2025-02-27 11:30:00;2025-02-20 11:30:00,4,weighted_same_weekday_4w,2025-03-20 00:00:00,0,36,False,529.9651500000002,800.0,0.0,0.0,4920.0,5640.0,529.9651500000002,120.0
2025-03-20T00:00_rolling,2025-03-20 00:00:00,2025-03-20 00:10:00,2025-03-21 00:00:00,2025-03-20 00:00:00,2025-03-20 11:40:00,700,7981.29,1330.215,attachment3_10min_interpolation,0.0,2025-03-20 00:00:00,observed_at_issue,1079.170325,2025-03-13 11:40:00,2025-03-13 11:40:00;2025-03-06 11:40:00;2025-02-27 11:40:00;2025-02-20 11:40:00,4,weighted_same_weekday_4w,2025-03-20 00:00:00,0,36,False,548.9553250000001,800.0,0.0,0.0,5640.0,6360.0,548.9553250000001,120.0
2025-03-20T00:00_rolling,2025-03-20 00:00:00,2025-03-20 00:10:00,2025-03-21 00:00:00,2025-03-20 00:00:00,2025-03-20 11:50:00,710,7914.1149,1319.0191499999999,attachment3_10min_interpolation,0.0,2025-03-20 00:00:00,observed_at_issue,1062.3773133333334,2025-03-13 11:50:00,2025-03-13 11:50:00;2025-03-06 11:50:00;2025-02-27 11:50:00;2025-02-20 11:50:00,4,weighted_same_weekday_4w,2025-03-20 00:00:00,0,36,False,543.3581633333336,800.0,0.0,0.0,6360.0,7080.0,543.3581633333336,120.0
2025-03-20T00:00_rolling,2025-03-20 00:00:00,2025-03-20 00:10:00,2025-03-21 00:00:00,2025-03-20 00:00:00,2025-03-20 12:00:00,720,7846.9398,1307.8233,attachment3_10min_interpolation,0.0,2025-03-20 00:00:00,observed_at_issue,1023.2286666666669,2025-03-13 12:00:00,2025-03-13 12:00:00;2025-03-06 12:00:00;2025-02-27 12:00:00;2025-02-20 12:00:00,4,weighted_same_weekday_4w,2025-03-20 00:00:00,0,36,False,515.4053666666669,800.0,0.0,0.0,7080.0,7800.0,515.4053666666669,120.0
2025-03-20T00:00_rolling,2025-03-20 00:00:00,2025-03-20 00:10:00,2025-03-21 00:00:00,2025-03-20 00:00:00,2025-03-20 12:10:00,730,7596.228716666666,1266.0381194444442,attachment3_10min_interpolation,0.0,2025-03-20 00:00:00,observed_at_issue,1006.0320283333334,2025-03-13 12:10:00,2025-03-13 12:10:00;2025-03-06 12:10:00;2025-02-27 12:10:00;2025-02-20 12:10:00,4,weighted_same_weekday_4w,2025-03-20 00:00:00,0,36,False,539.9939088888892,800.0,0.0,0.0,7800.0,8520.0,539.9939088888892,120.0
2025-03-20T00:00_rolling,2025-03-20 00:00:00,2025-03-20 00:10:00,2025-03-21 00:00:00,2025-03-20 00:00:00,2025-03-20 12:20:00,740,7345.517633333334,1224.252938888889,attachment3_10min_interpolation,0.0,2025-03-20 00:00:00,observed_at_issue,1011.4047150000001,2025-03-13 12:20:00,2025-03-13 12:20:00;2025-03-06 12:20:00;2025-02-27 12:20:00;2025-02-20 12:20:00,4,weighted_same_weekday_4w,2025-03-20 00:00:00,0,36,False,587.1517761111111,800.0,0.0,0.0,8520.0,9240.0,587.1517761111111,120.0
2025-03-20T00:00_rolling,2025-03-20 00:00:00,2025-03-20 00:10:00,2025-03-21 00:00:00,2025-03-20 00:00:00,2025-03-20 12:30:00,750,7094.80655,1182.4677583333334,attachment3_10min_interpolation,0.0,2025-03-20 00:00:00,observed_at_issue,1015.4656666666668,2025-03-13 12:30:00,2025-03-13 12:30:00;2025-03-06 12:30:00;2025-02-27 12:30:00;2025-02-20 12:30:00,4,weighted_same_weekday_4w,2025-03-20 00:00:00,0,36,False,632.9979083333334,800.0,0.0,0.0,9240.0,9960.0,632.9979083333334,120.0
2025-03-20T00:00_rolling,2025-03-20 00:00:00,2025-03-20 00:10:00,2025-03-21 00:00:00,2025-03-20 00:00:00,2025-03-20 12:40:00,760,6844.095466666667,1140.6825777777779,attachment3_10min_interpolation,0.0,2025-03-20 00:00:00,observed_at_issue,998.4924833333334,2025-03-13 12:40:00,2025-03-13 12:40:00;2025-03-06 12:40:00;2025-02-27 12:40:00;2025-02-20 12:40:00,4,weighted_same_weekday_4w,2025-03-20 00:00:00,0,36,False,657.8099055555556,800.0,0.0,0.0,9960.0,10680.0,657.8099055555556,120.0
2025-03-20T00:00_rolling,2025-03-20 00:00:00,2025-03-20 00:10:00,2025-03-21 00:00:00,2025-03-20 00:00:00,2025-03-20 12:50:00,770,6593.384383333334,1098.8973972222223,attachment3_10min_interpolation,0.0,2025-03-20 00:00:00,observed_at_issue,1006.8346083333336,2025-03-13 12:50:00,2025-03-13 12:50:00;2025-03-06 12:50:00;2025-02-27 12:50:00;2025-02-20 12:50:00,4,weighted_same_weekday_4w,2025-03-20 00:00:00,0,36,False,41.27054444444465,133.33333333333334,0.0,0.0,10680.0,10800.0,41.27054444444465,120.0
2025-03-20T00:00_rolling,2025-03-20 00:00:00,2025-03-20 00:10:00,2025-03-21 00:00:00,2025-03-20 00:00:00,2025-03-20 13:00:00,780,6342.6733,1057.1122166666667,attachment3_10min_interpolation,0.0,2025-03-20 00:00:00,observed_at_issue,1045.6580000000001,2025-03-13 13:00:00,2025-03-13 13:00:00;2025-03-06 13:00:00;2025-02-27 13:00:00;2025-02-20 13:00:00,4,weighted_same_weekday_4w,2025-03-20 00:00:00,0,36,False,0.0,0.0,0.0,11.454216666666525,10800.0,10800.0,0.0,120.0
2025-03-20T00:00_rolling,2025-03-20 00:00:00,2025-03-20 00:10:00,2025-03-21 00:00:00,2025-03-20 00:00:00,2025-03-20 13:10:00,790,6266.766433333334,1044.4610722222224,attachment3_10min_interpolation,0.0,2025-03-20 00:00:00,observed_at_issue,1070.3175416666668,2025-03-13 13:10:00,2025-03-13 13:10:00;2025-03-06 13:10:00;2025-02-27 13:10:00;2025-02-20 13:10:00,4,weighted_same_weekday_4w,2025-03-20 00:00:00,0,36,False,25.85646944444443,0.0,0.0,0.0,10800.0,10800.0,25.85646944444443,120.0
2025-03-20T00:00_rolling,2025-03-20 00:00:00,2025-03-20 00:10:00,2025-03-21 00:00:00,2025-03-20 00:00:00,2025-03-20 13:20:00,800,6190.859566666667,1031.8099277777778,attachment3_10min_interpolation,0.0,2025-03-20 00:00:00,observed_at_issue,1069.1540633333334,2025-03-13 13:20:00,2025-03-13 13:20:00;2025-03-06 13:20:00;2025-02-27 13:20:00;2025-02-20 13:20:00,4,weighted_same_weekday_4w,2025-03-20 00:00:00,0,36,False,37.34413555555557,0.0,0.0,0.0,10800.0,10800.0,37.34413555555557,120.0
2025-03-20T00:00_rolling,2025-03-20 00:00:00,2025-03-20 00:10:00,2025-03-21 00:00:00,2025-03-20 00:00:00,2025-03-20 13:30:00,810,6114.952700000001,1019.1587833333334,attachment3_10min_interpolation,0.0,2025-03-20 00:00:00,observed_at_issue,1058.8096666666668,2025-03-13 13:30:00,2025-03-13 13:30:00;2025-03-06 13:30:00;2025-02-27 13:30:00;2025-02-20 13:30:00,4,weighted_same_weekday_4w,2025-03-20 00:00:00,0,36,False,39.650883333333354,0.0,0.0,0.0,10800.0,10800.0,39.650883333333354,120.0
2025-03-20T00:00_rolling,2025-03-20 00:00:00,2025-03-20 00:10:00,2025-03-21 00:00:00,2025-03-20 00:00:00,2025-03-20 13:40:00,820,6039.045833333334,1006.5076388888889,attachment3_10min_interpolation,0.0,2025-03-20 00:00:00,observed_at_issue,1061.685885,2025-03-13 13:40:00,2025-03-13 13:40:00;2025-03-06 13:40:00;2025-02-27 13:40:00;2025-02-20 13:40:00,4,weighted_same_weekday_4w,2025-03-20 00:00:00,0,36,False,55.17824611111121,0.0,0.0,0.0,10800.0,10800.0,55.17824611111121,120.0
2025-03-20T00:00_rolling,2025-03-20 00:00:00,2025-03-20 00:10:00,2025-03-21 00:00:00,2025-03-20 00:00:00,2025-03-20 13:50:00,830,5963.138966666667,993.8564944444446,attachment3_10min_interpolation,0.0,2025-03-20 00:00:00,observed_at_issue,1047.9271283333337,2025-03-13 13:50:00,2025-03-13 13:50:00;2025-03-06 13:50:00;2025-02-27 13:50:00;2025-02-20 13:50:00,4,weighted_same_weekday_4w,2025-03-20 00:00:00,0,36,False,54.07063388888912,0.0,0.0,0.0,10800.0,10800.0,54.07063388888912,120.0
2025-03-20T00:00_rolling,2025-03-20 00:00:00,2025-03-20 00:10:00,2025-03-21 00:00:00,2025-03-20 00:00:00,2025-03-20 14:00:00,840,5887.2321,981.2053500000001,attachment3_10min_interpolation,0.0,2025-03-20 00:00:00,observed_at_issue,1028.5821666666668,2025-03-13 14:00:00,2025-03-13 14:00:00;2025-03-06 14:00:00;2025-02-27 14:00:00;2025-02-20 14:00:00,4,weighted_same_weekday_4w,2025-03-20 00:00:00,0,36,False,47.37681666666674,0.0,0.0,0.0,10800.0,10800.0,47.37681666666674,120.0
2025-03-20T00:00_rolling,2025-03-20 00:00:00,2025-03-20 00:10:00,2025-03-21 00:00:00,2025-03-20 00:00:00,2025-03-20 14:10:00,850,5556.0525,926.00875,attachment3_10min_interpolation,0.0,2025-03-20 00:00:00,observed_at_issue,1044.9794000000002,2025-03-13 14:10:00,2025-03-13 14:10:00;2025-03-06 14:10:00;2025-02-27 14:10:00;2025-02-20 14:10:00,4,weighted_same_weekday_4w,2025-03-20 00:00:00,0,36,False,10.970650000000205,0.0,108.0,0.0,10800.0,10680.0,10.970650000000205,120.0
2025-03-20T00:00_rolling,2025-03-20 00:00:00,2025-03-20 00:10:00,2025-03-21 00:00:00,2025-03-20 00:00:00,2025-03-20 14:20:00,860,5224.8729,870.8121500000001,attachment3_10min_interpolation,0.0,2025-03-20 00:00:00,observed_at_issue,1046.1356283333334,2025-03-13 14:20:00,2025-03-13 14:20:00;2025-03-06 14:20:00;2025-02-27 14:20:00;2025-02-20 14:20:00,4,weighted_same_weekday_4w,2025-03-20 00:00:00,0,36,False,67.32347833333336,0.0,108.0,0.0,10680.0,10560.0,67.32347833333336,120.0
2025-03-20T00:00_rolling,2025-03-20 00:00:00,2025-03-20 00:10:00,2025-03-21 00:00:00,2025-03-20 00:00:00,2025-03-20 14:30:00,870,4893.6933,815.61555,attachment3_10min_interpolation,0.0,2025-03-20 00:00:00,observed_at_issue,1032.4298333333334,2025-03-13 14:30:00,2025-03-13 14:30:00;2025-03-06 14:30:00;2025-02-27 14:30:00;2025-02-20 14:30:00,4,weighted_same_weekday_4w,2025-03-20 00:00:00,0,36,False,0.8142833333333783,0.0,216.0,0.0,10560.0,10320.0,0.8142833333333783,120.0
2025-03-20T00:00_rolling,2025-03-20 00:00:00,2025-03-20 00:10:00,2025-03-21 00:00:00,2025-03-20 00:00:00,2025-03-20 14:40:00,880,4562.5137,760.4189500000001,attachment3_10min_interpolation,0.0,2025-03-20 00:00:00,observed_at_issue,1053.4400600000001,2025-03-13 14:40:00,2025-03-13 14:40:00;2025-03-06 14:40:00;2025-02-27 14:40:00;2025-02-20 14:40:00,4,weighted_same_weekday_4w,2025-03-20 00:00:00,0,36,False,77.02111000000002,0.0,216.0,0.0,10320.0,10080.0,77.02111000000002,120.0
2025-03-20T00:00_rolling,2025-03-20 00:00:00,2025-03-20 00:10:00,2025-03-21 00:00:00,2025-03-20 00:00:00,2025-03-20 14:50:00,890,4231.3341,705.22235,attachment3_10min_interpolation,0.0,2025-03-20 00:00:00,observed_at_issue,1058.295775,2025-03-13 14:50:00,2025-03-13 14:50:00;2025-03-06 14:50:00;2025-02-27 14:50:00;2025-02-20 14:50:00,4,weighted_same_weekday_4w,2025-03-20 00:00:00,0,36,False,29.073425000000043,0.0,324.0,0.0,10080.0,9720.0,29.073425000000043,120.0
2025-03-20T00:00_rolling,2025-03-20 00:00:00,2025-03-20 00:10:00,2025-03-21 00:00:00,2025-03-20 00:00:00,2025-03-20 15:00:00,900,3900.1545,650.02575,attachment3_10min_interpolation,0.0,2025-03-20 00:00:00,observed_at_issue,1036.0940000000003,2025-03-13 15:00:00,2025-03-13 15:00:00;2025-03-06 15:00:00;2025-02-27 15:00:00;2025-02-20 15:00:00,4,weighted_same_weekday_4w,2025-03-20 00:00:00,0,36,False,786.0682500000003,400.0,0.0,0.0,9720.0,10080.0,786.0682500000003,120.0
2025-03-20T00:00_rolling,2025-03-20 00:00:00,2025-03-20 00:10:00,2025-03-21 00:00:00,2025-03-20 00:00:00,2025-03-20 15:10:00,910,3642.3607,607.0601166666667,attachment3_10min_interpolation,0.0,2025-03-20 00:00:00,observed_at_issue,1029.312926666667,2025-03-13 15:10:00,2025-03-13 15:10:00;2025-03-06 15:10:00;2025-02-27 15:10:00;2025-02-20 15:10:00,4,weighted_same_weekday_4w,2025-03-20 00:00:00,0,36,False,1222.2528100000004,800.0,0.0,0.0,10080.0,10800.0,1222.2528100000004,120.0
2025-03-20T00:00_rolling,2025-03-20 00:00:00,2025-03-20 00:10:00,2025-03-21 00:00:00,2025-03-20 00:00:00,2025-03-20 15:20:00,920,3384.5669000000003,564.0944833333334,attachment3_10min_interpolation,0.0,2025-03-20 00:00:00,observed_at_issue,1030.9410283333336,2025-03-13 15:20:00,2025-03-13 15:20:00;2025-03-06 15:20:00;2025-02-27 15:20:00;2025-02-20 15:20:00,4,weighted_same_weekday_4w,2025-03-20 00:00:00,0,36,False,466.8465450000002,0.0,0.0,0.0,10800.0,10800.0,466.8465450000002,120.0
2025-03-20T00:00_rolling,2025-03-20 00:00:00,2025-03-20 00:10:00,2025-03-21 00:00:00,2025-03-20 00:00:00,2025-03-20 15:30:00,930,3126.7731,521.1288499999999,attachment3_10min_interpolation,0.0,2025-03-20 00:00:00,observed_at_issue,1034.5815000000002,2025-03-13 15:30:00,2025-03-13 15:30:00;2025-03-06 15:30:00;2025-02-27 15:30:00;2025-02-20 15:30:00,4,weighted_same_weekday_4w,2025-03-20 00:00:00,0,36,False,513.4526500000003,0.0,0.0,0.0,10800.0,10800.0,513.4526500000003,120.0
2025-03-20T00:00_rolling,2025-03-20 00:00:00,2025-03-20 00:10:00,2025-03-21 00:00:00,2025-03-20 00:00:00,2025-03-20 15:40:00,940,2868.9793,478.16321666666664,attachment3_10min_interpolation,0.0,2025-03-20 00:00:00,observed_at_issue,1041.0614850000002,2025-03-13 15:40:00,2025-03-13 15:40:00;2025-03-06 15:40:00;2025-02-27 15:40:00;2025-02-20 15:40:00,4,weighted_same_weekday_4w,2025-03-20 00:00:00,0,36,False,562.8982683333336,0.0,0.0,0.0,10800.0,10800.0,562.8982683333336,120.0
2025-03-20T00:00_rolling,2025-03-20 00:00:00,2025-03-20 00:10:00,2025-03-21 00:00:00,2025-03-20 00:00:00,2025-03-20 15:50:00,950,2611.1855,435.19758333333334,attachment3_10min_interpolation,0.0,2025-03-20 00:00:00,observed_at_issue,1027.0395033333334,2025-03-13 15:50:00,2025-03-13 15:50:00;2025-03-06 15:50:00;2025-02-27 15:50:00;2025-02-20 15:50:00,4,weighted_same_weekday_4w,2025-03-20 00:00:00,0,36,False,591.8419200000001,0.0,0.0,0.0,10800.0,10800.0,591.8419200000001,120.0
2025-03-20T00:00_rolling,2025-03-20 00:00:00,2025-03-20 00:10:00,2025-03-21 00:00:00,2025-03-20 00:00:00,2025-03-20 16:00:00,960,2353.3917,392.23195000000004,attachment3_10min_interpolation,0.0,2025-03-20 00:00:00,observed_at_issue,1003.5038333333334,2025-03-13 16:00:00,2025-03-13 16:00:00;2025-03-06 16:00:00;2025-02-27 16:00:00;2025-02-20 16:00:00,4,weighted_same_weekday_4w,2025-03-20 00:00:00,0,36,False,611.2718833333333,0.0,0.0,0.0,10800.0,10800.0,611.2718833333333,120.0
2025-03-20T00:00_rolling,2025-03-20 00:00:00,2025-03-20 00:10:00,2025-03-21 00:00:00,2025-03-20 00:00:00,2025-03-20 16:10:00,970,2169.416016666667,361.56933611111117,attachment3_10min_interpolation,0.0,2025-03-20 00:00:00,observed_at_issue,1007.5825900000001,2025-03-13 16:10:00,2025-03-13 16:10:00;2025-03-06 16:10:00;2025-02-27 16:10:00;2025-02-20 16:10:00,4,weighted_same_weekday_4w,2025-03-20 00:00:00,0,36,False,646.0132538888889,0.0,0.0,0.0,10800.0,10800.0,646.0132538888889,120.0
2025-03-20T00:00_rolling,2025-03-20 00:00:00,2025-03-20 00:10:00,2025-03-21 00:00:00,2025-03-20 00:00:00,2025-03-20 16:20:00,980,1985.4403333333332,330.9067222222222,attachment3_10min_interpolation,0.0,2025-03-20 00:00:00,observed_at_issue,1019.5762816666667,2025-03-13 16:20:00,2025-03-13 16:20:00;2025-03-06 16:20:00;2025-02-27 16:20:00;2025-02-20 16:20:00,4,weighted_same_weekday_4w,2025-03-20 00:00:00,0,36,False,688.6695594444445,0.0,0.0,0.0,10800.0,10800.0,688.6695594444445,120.0
2025-03-20T00:00_rolling,2025-03-20 00:00:00,2025-03-20 00:10:00,2025-03-21 00:00:00,2025-03-20 00:00:00,2025-03-20 16:30:00,990,1801.46465,300.2441083333333,attachment3_10min_interpolation,0.0,2025-03-20 00:00:00,observed_at_issue,1021.1275,2025-03-13 16:30:00,2025-03-13 16:30:00;2025-03-06 16:30:00;2025-02-27 16:30:00;2025-02-20 16:30:00,4,weighted_same_weekday_4w,2025-03-20 00:00:00,0,36,False,720.8833916666667,0.0,0.0,0.0,10800.0,10800.0,720.8833916666667,120.0
2025-03-20T00:00_rolling,2025-03-20 00:00:00,2025-03-20 00:10:00,2025-03-21 00:00:00,2025-03-20 00:00:00,2025-03-20 16:40:00,1000,1617.4889666666668,269.58149444444444,attachment3_10min_interpolation,0.0,2025-03-20 00:00:00,observed_at_issue,1013.516906666667,2025-03-13 16:40:00,2025-03-13 16:40:00;2025-03-06 16:40:00;2025-02-27 16:40:00;2025-02-20 16:40:00,4,weighted_same_weekday_4w,2025-03-20 00:00:00,0,36,False,743.9354122222226,0.0,0.0,0.0,10800.0,10800.0,743.9354122222226,120.0
2025-03-20T00:00_rolling,2025-03-20 00:00:00,2025-03-20 00:10:00,2025-03-21 00:00:00,2025-03-20 00:00:00,2025-03-20 16:50:00,1010,1433.5132833333334,238.91888055555557,attachment3_10min_interpolation,0.0,2025-03-20 00:00:00,observed_at_issue,1011.9316250000002,2025-03-13 16:50:00,2025-03-13 16:50:00;2025-03-06 16:50:00;2025-02-27 16:50:00;2025-02-20 16:50:00,4,weighted_same_weekday_4w,2025-03-20 00:00:00,0,36,False,773.0127444444446,0.0,0.0,0.0,10800.0,10800.0,773.0127444444446,120.0
2025-03-20T00:00_rolling,2025-03-20 00:00:00,2025-03-20 00:10:00,2025-03-21 00:00:00,2025-03-20 00:00:00,2025-03-20 17:00:00,1020,1249.5376,208.25626666666668,attachment3_10min_interpolation,0.0,2025-03-20 00:00:00,observed_at_issue,1019.6433333333335,2025-03-13 17:00:00,2025-03-13 17:00:00;2025-03-06 17:00:00;2025-02-27 17:00:00;2025-02-20 17:00:00,4,weighted_same_weekday_4w,2025-03-20 00:00:00,0,36,False,811.3870666666669,0.0,0.0,0.0,10800.0,10800.0,811.3870666666669,120.0
2025-03-20T00:00_rolling,2025-03-20 00:00:00,2025-03-20 00:10:00,2025-03-21 00:00:00,2025-03-20 00:00:00,2025-03-20 17:10:00,1030,1041.2813333333334,173.5468888888889,attachment3_10min_interpolation,0.0,2025-03-20 00:00:00,observed_at_issue,1023.9485200000003,2025-03-13 17:10:00,2025-03-13 17:10:00;2025-03-06 17:10:00;2025-02-27 17:10:00;2025-02-20 17:10:00,4,weighted_same_weekday_4w,2025-03-20 00:00:00,0,36,False,850.4016311111113,0.0,0.0,0.0,10800.0,10800.0,850.4016311111113,120.0
2025-03-20T00:00_rolling,2025-03-20 00:00:00,2025-03-20 00:10:00,2025-03-21 00:00:00,2025-03-20 00:00:00,2025-03-20 17:20:00,1040,833.0250666666667,138.83751111111113,attachment3_10min_interpolation,0.0,2025-03-20 00:00:00,observed_at_issue,1011.1942250000002,2025-03-13 17:20:00,2025-03-13 17:20:00;2025-03-06 17:20:00;2025-02-27 17:20:00;2025-02-20 17:20:00,4,weighted_same_weekday_4w,2025-03-20 00:00:00,0,36,False,872.3567138888891,0.0,0.0,0.0,10800.0,10800.0,872.3567138888891,120.0
2025-03-20T00:00_rolling,2025-03-20 00:00:00,2025-03-20 00:10:00,2025-03-21 00:00:00,2025-03-20 00:00:00,2025-03-20 17:30:00,1050,624.7688,104.12813333333334,attachment3_10min_interpolation,0.0,2025-03-20 00:00:00,observed_at_issue,1015.1181666666668,2025-03-13 17:30:00,2025-03-13 17:30:00;2025-03-06 17:30:00;2025-02-27 17:30:00;2025-02-20 17:30:00,4,weighted_same_weekday_4w,2025-03-20 00:00:00,0,36,False,910.9900333333334,0.0,0.0,0.0,10800.0,10800.0,910.9900333333334,120.0
2025-03-20T00:00_rolling,2025-03-20 00:00:00,2025-03-20 00:10:00,2025-03-21 00:00:00,2025-03-20 00:00:00,2025-03-20 17:40:00,1060,416.51253333333335,69.41875555555556,attachment3_10min_interpolation,0.0,2025-03-20 00:00:00,observed_at_issue,1057.5169216666668,2025-03-13 17:40:00,2025-03-13 17:40:00;2025-03-06 17:40:00;2025-02-27 17:40:00;2025-02-20 17:40:00,4,weighted_same_weekday_4w,2025-03-20 00:00:00,0,36,False,988.0981661111113,0.0,0.0,0.0,10800.0,10800.0,988.0981661111113,120.0
2025-03-20T00:00_rolling,2025-03-20 00:00:00,2025-03-20 00:10:00,2025-03-21 00:00:00,2025-03-20 00:00:00,2025-03-20 17:50:00,1070,208.25626666666668,34.70937777777778,attachment3_10min_interpolation,0.0,2025-03-20 00:00:00,observed_at_issue,936.8590083333333,2025-03-13 17:50:00,2025-03-13 17:50:00;2025-03-06 17:50:00;2025-02-27 17:50:00;2025-02-20 17:50:00,4,weighted_same_weekday_4w,2025-03-20 00:00:00,0,36,False,902.1496305555555,0.0,0.0,0.0,10800.0,10800.0,902.1496305555555,120.0
2025-03-20T00:00_rolling,2025-03-20 00:00:00,2025-03-20 00:10:00,2025-03-21 00:00:00,2025-03-20 00:00:00,2025-03-20 18:00:00,1080,0.0,0.0,attachment3_10min_interpolation,0.0,2025-03-20 00:00:00,observed_at_issue,720.1283333333334,2025-03-13 18:00:00,2025-03-13 18:00:00;2025-03-06 18:00:00;2025-02-27 18:00:00;2025-02-20 18:00:00,4,weighted_same_weekday_4w,2025-03-20 00:00:00,0,36,False,720.1283333333334,0.0,0.0,0.0,10800.0,10800.0,720.1283333333334,120.0
2025-03-20T00:00_rolling,2025-03-20 00:00:00,2025-03-20 00:10:00,2025-03-21 00:00:00,2025-03-20 00:00:00,2025-03-20 18:10:00,1090,0.0,0.0,attachment3_10min_interpolation,0.0,2025-03-20 00:00:00,observed_at_issue,693.6506666666668,2025-03-13 18:10:00,2025-03-13 18:10:00;2025-03-06 18:10:00;2025-02-27 18:10:00;2025-02-20 18:10:00,4,weighted_same_weekday_4w,2025-03-20 00:00:00,0,36,False,45.65066666666678,0.0,648.0,0.0,10800.0,10080.0,45.65066666666678,120.0
2025-03-20T00:00_rolling,2025-03-20 00:00:00,2025-03-20 00:10:00,2025-03-21 00:00:00,2025-03-20 00:00:00,2025-03-20 18:20:00,1100,0.0,0.0,attachment3_10min_interpolation,0.0,2025-03-20 00:00:00,observed_at_issue,727.8775883333335,2025-03-13 18:20:00,2025-03-13 18:20:00;2025-03-06 18:20:00;2025-02-27 18:20:00;2025-02-20 18:20:00,4,weighted_same_weekday_4w,2025-03-20 00:00:00,0,36,False,727.8775883333335,0.0,0.0,0.0,10080.0,10080.0,727.8775883333335,120.0
2025-03-20T00:00_rolling,2025-03-20 00:00:00,2025-03-20 00:10:00,2025-03-21 00:00:00,2025-03-20 00:00:00,2025-03-20 18:30:00,1110,0.0,0.0,attachment3_10min_interpolation,0.0,2025-03-20 00:00:00,observed_at_issue,727.5531666666668,2025-03-13 18:30:00,2025-03-13 18:30:00;2025-03-06 18:30:00;2025-02-27 18:30:00;2025-02-20 18:30:00,4,weighted_same_weekday_4w,2025-03-20 00:00:00,0,36,False,511.5531666666668,0.0,216.0,0.0,10080.0,9840.0,511.5531666666668,120.0
2025-03-20T00:00_rolling,2025-03-20 00:00:00,2025-03-20 00:10:00,2025-03-21 00:00:00,2025-03-20 00:00:00,2025-03-20 18:40:00,1120,0.0,0.0,attachment3_10min_interpolation,0.0,2025-03-20 00:00:00,observed_at_issue,728.0419133333335,2025-03-13 18:40:00,2025-03-13 18:40:00;2025-03-06 18:40:00;2025-02-27 18:40:00;2025-02-20 18:40:00,4,weighted_same_weekday_4w,2025-03-20 00:00:00,0,36,False,728.0419133333335,0.0,0.0,0.0,9840.0,9840.0,728.0419133333335,120.0
2025-03-20T00:00_rolling,2025-03-20 00:00:00,2025-03-20 00:10:00,2025-03-21 00:00:00,2025-03-20 00:00:00,2025-03-20 18:50:00,1130,0.0,0.0,attachment3_10min_interpolation,0.0,2025-03-20 00:00:00,observed_at_issue,720.9485866666668,2025-03-13 18:50:00,2025-03-13 18:50:00;2025-03-06 18:50:00;2025-02-27 18:50:00;2025-02-20 18:50:00,4,weighted_same_weekday_4w,2025-03-20 00:00:00,0,36,False,72.94858666666676,0.0,648.0,0.0,9840.0,9120.0,72.94858666666676,120.0
2025-03-20T00:00_rolling,2025-03-20 00:00:00,2025-03-20 00:10:00,2025-03-21 00:00:00,2025-03-20 00:00:00,2025-03-20 19:00:00,1140,0.0,0.0,attachment3_10min_interpolation,0.0,2025-03-20 00:00:00,observed_at_issue,710.0066666666669,2025-03-13 19:00:00,2025-03-13 19:00:00;2025-03-06 19:00:00;2025-02-27 19:00:00;2025-02-20 19:00:00,4,weighted_same_weekday_4w,2025-03-20 00:00:00,0,36,False,62.00666666666689,0.0,648.0,0.0,9120.0,8400.0,62.00666666666689,120.0
2025-03-20T00:00_rolling,2025-03-20 00:00:00,2025-03-20 00:10:00,2025-03-21 00:00:00,2025-03-20 00:00:00,2025-03-20 19:10:00,1150,0.0,0.0,attachment3_10min_interpolation,0.0,2025-03-20 00:00:00,observed_at_issue,714.5672616666668,2025-03-13 19:10:00,2025-03-13 19:10:00;2025-03-06 19:10:00;2025-02-27 19:10:00;2025-02-20 19:10:00,4,weighted_same_weekday_4w,2025-03-20 00:00:00,0,36,False,66.56726166666681,0.0,648.0,0.0,8400.0,7680.0,66.56726166666681,120.0
2025-03-20T00:00_rolling,2025-03-20 00:00:00,2025-03-20 00:10:00,2025-03-21 00:00:00,2025-03-20 00:00:00,2025-03-20 19:20:00,1160,0.0,0.0,attachment3_10min_interpolation,0.0,2025-03-20 00:00:00,observed_at_issue,719.0743433333334,2025-03-13 19:20:00,2025-03-13 19:20:00;2025-03-06 19:20:00;2025-02-27 19:20:00;2025-02-20 19:20:00,4,weighted_same_weekday_4w,2025-03-20 00:00:00,0,36,False,71.07434333333345,0.0,648.0,0.0,7680.0,6960.0,71.07434333333345,120.0
2025-03-20T00:00_rolling,2025-03-20 00:00:00,2025-03-20 00:10:00,2025-03-21 00:00:00,2025-03-20 00:00:00,2025-03-20 19:30:00,1170,0.0,0.0,attachment3_10min_interpolation,0.0,2025-03-20 00:00:00,observed_at_issue,724.7158333333334,2025-03-13 19:30:00,2025-03-13 19:30:00;2025-03-06 19:30:00;2025-02-27 19:30:00;2025-02-20 19:30:00,4,weighted_same_weekday_4w,2025-03-20 00:00:00,0,36,False,76.71583333333342,0.0,648.0,0.0,6960.0,6240.0,76.71583333333342,120.0
2025-03-20T00:00_rolling,2025-03-20 00:00:00,2025-03-20 00:10:00,2025-03-21 00:00:00,2025-03-20 00:00:00,2025-03-20 19:40:00,1180,0.0,0.0,attachment3_10min_interpolation,0.0,2025-03-20 00:00:00,observed_at_issue,744.2391550000002,2025-03-13 19:40:00,2025-03-13 19:40:00;2025-03-06 19:40:00;2025-02-27 19:40:00;2025-02-20 19:40:00,4,weighted_same_weekday_4w,2025-03-20 00:00:00,0,36,False,96.23915500000021,0.0,648.0,0.0,6240.0,5520.0,96.23915500000021,120.0
2025-03-20T00:00_rolling,2025-03-20 00:00:00,2025-03-20 00:10:00,2025-03-21 00:00:00,2025-03-20 00:00:00,2025-03-20 19:50:00,1190,0.0,0.0,attachment3_10min_interpolation,0.0,2025-03-20 00:00:00,observed_at_issue,736.6207733333334,2025-03-13 19:50:00,2025-03-13 19:50:00;2025-03-06 19:50:00;2025-02-27 19:50:00;2025-02-20 19:50:00,4,weighted_same_weekday_4w,2025-03-20 00:00:00,0,36,False,88.62077333333343,0.0,648.0,0.0,5520.0,4800.0,88.62077333333343,120.0
2025-03-20T00:00_rolling,2025-03-20 00:00:00,2025-03-20 00:10:00,2025-03-21 00:00:00,2025-03-20 00:00:00,2025-03-20 20:00:00,1200,0.0,0.0,attachment3_10min_interpolation,0.0,2025-03-20 00:00:00,observed_at_issue,714.3686666666667,2025-03-13 20:00:00,2025-03-13 20:00:00;2025-03-06 20:00:00;2025-02-27 20:00:00;2025-02-20 20:00:00,4,weighted_same_weekday_4w,2025-03-20 00:00:00,0,36,False,66.36866666666674,0.0,648.0,0.0,4800.0,4080.0,66.36866666666674,120.0
2025-03-20T00:00_rolling,2025-03-20 00:00:00,2025-03-20 00:10:00,2025-03-21 00:00:00,2025-03-20 00:00:00,2025-03-20 20:10:00,1210,0.0,0.0,attachment3_10min_interpolation,0.0,2025-03-20 00:00:00,observed_at_issue,730.3801966666668,2025-03-13 20:10:00,2025-03-13 20:10:00;2025-03-06 20:10:00;2025-02-27 20:10:00;2025-02-20 20:10:00,4,weighted_same_weekday_4w,2025-03-20 00:00:00,0,36,False,82.38019666666685,0.0,648.0,0.0,4080.0,3360.0,82.38019666666685,120.0
2025-03-20T00:00_rolling,2025-03-20 00:00:00,2025-03-20 00:10:00,2025-03-21 00:00:00,2025-03-20 00:00:00,2025-03-20 20:20:00,1220,0.0,0.0,attachment3_10min_interpolation,0.0,2025-03-20 00:00:00,observed_at_issue,733.1875933333334,2025-03-13 20:20:00,2025-03-13 20:20:00;2025-03-06 20:20:00;2025-02-27 20:20:00;2025-02-20 20:20:00,4,weighted_same_weekday_4w,2025-03-20 00:00:00,0,36,False,85.18759333333344,0.0,648.0,0.0,3360.0,2640.0,85.18759333333344,120.0
2025-03-20T00:00_rolling,2025-03-20 00:00:00,2025-03-20 00:10:00,2025-03-21 00:00:00,2025-03-20 00:00:00,2025-03-20 20:30:00,1230,0.0,0.0,attachment3_10min_interpolation,0.0,2025-03-20 00:00:00,observed_at_issue,715.1503333333335,2025-03-13 20:30:00,2025-03-13 20:30:00;2025-03-06 20:30:00;2025-02-27 20:30:00;2025-02-20 20:30:00,4,weighted_same_weekday_4w,2025-03-20 00:00:00,0,36,False,67.15033333333349,0.0,648.0,0.0,2640.0,1920.0,67.15033333333349,120.0
2025-03-20T00:00_rolling,2025-03-20 00:00:00,2025-03-20 00:10:00,2025-03-21 00:00:00,2025-03-20 00:00:00,2025-03-20 20:40:00,1240,0.0,0.0,attachment3_10min_interpolation,0.0,2025-03-20 00:00:00,observed_at_issue,723.2816450000001,2025-03-13 20:40:00,2025-03-13 20:40:00;2025-03-06 20:40:00;2025-02-27 20:40:00;2025-02-20 20:40:00,4,weighted_same_weekday_4w,2025-03-20 00:00:00,0,36,False,75.28164500000014,0.0,648.0,0.0,1920.0,1200.0,75.28164500000014,120.0
2025-03-20T00:00_rolling,2025-03-20 00:00:00,2025-03-20 00:10:00,2025-03-21 00:00:00,2025-03-20 00:00:00,2025-03-20 20:50:00,1250,0.0,0.0,attachment3_10min_interpolation,0.0,2025-03-20 00:00:00,observed_at_issue,741.0302983333335,2025-03-13 20:50:00,2025-03-13 20:50:00;2025-03-06 20:50:00;2025-02-27 20:50:00;2025-02-20 20:50:00,4,weighted_same_weekday_4w,2025-03-20 00:00:00,0,36,False,741.0302983333335,0.0,0.0,0.0,1200.0,1200.0,741.0302983333335,120.0
2025-03-20T00:00_rolling,2025-03-20 00:00:00,2025-03-20 00:10:00,2025-03-21 00:00:00,2025-03-20 00:00:00,2025-03-20 21:00:00,1260,0.0,0.0,attachment3_10min_interpolation,0.0,2025-03-20 00:00:00,observed_at_issue,745.4441666666668,2025-03-13 21:00:00,2025-03-13 21:00:00;2025-03-06 21:00:00;2025-02-27 21:00:00;2025-02-20 21:00:00,4,weighted_same_weekday_4w,2025-03-20 00:00:00,0,36,False,745.4441666666668,0.0,0.0,0.0,1200.0,1200.0,745.4441666666668,120.0
2025-03-20T00:00_rolling,2025-03-20 00:00:00,2025-03-20 00:10:00,2025-03-21 00:00:00,2025-03-20 00:00:00,2025-03-20 21:10:00,1270,0.0,0.0,attachment3_10min_interpolation,0.0,2025-03-20 00:00:00,observed_at_issue,731.2269533333334,2025-03-13 21:10:00,2025-03-13 21:10:00;2025-03-06 21:10:00;2025-02-27 21:10:00;2025-02-20 21:10:00,4,weighted_same_weekday_4w,2025-03-20 00:00:00,0,36,False,731.2269533333334,0.0,0.0,0.0,1200.0,1200.0,731.2269533333334,120.0
2025-03-20T00:00_rolling,2025-03-20 00:00:00,2025-03-20 00:10:00,2025-03-21 00:00:00,2025-03-20 00:00:00,2025-03-20 21:20:00,1280,0.0,0.0,attachment3_10min_interpolation,0.0,2025-03-20 00:00:00,observed_at_issue,721.8685050000001,2025-03-13 21:20:00,2025-03-13 21:20:00;2025-03-06 21:20:00;2025-02-27 21:20:00;2025-02-20 21:20:00,4,weighted_same_weekday_4w,2025-03-20 00:00:00,0,36,False,721.8685050000001,0.0,0.0,0.0,1200.0,1200.0,721.8685050000001,120.0
2025-03-20T00:00_rolling,2025-03-20 00:00:00,2025-03-20 00:10:00,2025-03-21 00:00:00,2025-03-20 00:00:00,2025-03-20 21:30:00,1290,0.0,0.0,attachment3_10min_interpolation,0.0,2025-03-20 00:00:00,observed_at_issue,730.4093333333335,2025-03-13 21:30:00,2025-03-13 21:30:00;2025-03-06 21:30:00;2025-02-27 21:30:00;2025-02-20 21:30:00,4,weighted_same_weekday_4w,2025-03-20 00:00:00,0,36,False,730.4093333333335,0.0,0.0,0.0,1200.0,1200.0,730.4093333333335,120.0
2025-03-20T00:00_rolling,2025-03-20 00:00:00,2025-03-20 00:10:00,2025-03-21 00:00:00,2025-03-20 00:00:00,2025-03-20 21:40:00,1300,0.0,0.0,attachment3_10min_interpolation,0.0,2025-03-20 00:00:00,observed_at_issue,735.6705766666669,2025-03-13 21:40:00,2025-03-13 21:40:00;2025-03-06 21:40:00;2025-02-27 21:40:00;2025-02-20 21:40:00,4,weighted_same_weekday_4w,2025-03-20 00:00:00,0,36,False,735.6705766666669,0.0,0.0,0.0,1200.0,1200.0,735.6705766666669,120.0
2025-03-20T00:00_rolling,2025-03-20 00:00:00,2025-03-20 00:10:00,2025-03-21 00:00:00,2025-03-20 00:00:00,2025-03-20 21:50:00,1310,0.0,0.0,attachment3_10min_interpolation,0.0,2025-03-20 00:00:00,observed_at_issue,656.2605316666668,2025-03-13 21:50:00,2025-03-13 21:50:00;2025-03-06 21:50:00;2025-02-27 21:50:00;2025-02-20 21:50:00,4,weighted_same_weekday_4w,2025-03-20 00:00:00,0,36,False,656.2605316666668,0.0,0.0,0.0,1200.0,1200.0,656.2605316666668,120.0
2025-03-20T00:00_rolling,2025-03-20 00:00:00,2025-03-20 00:10:00,2025-03-21 00:00:00,2025-03-20 00:00:00,2025-03-20 22:00:00,1320,0.0,0.0,attachment3_10min_interpolation,0.0,2025-03-20 00:00:00,observed_at_issue,544.546,2025-03-13 22:00:00,2025-03-13 22:00:00;2025-03-06 22:00:00;2025-02-27 22:00:00;2025-02-20 22:00:00,4,weighted_same_weekday_4w,2025-03-20 00:00:00,0,36,False,544.546,0.0,0.0,0.0,1200.0,1200.0,544.546,120.0
2025-03-20T00:00_rolling,2025-03-20 00:00:00,2025-03-20 00:10:00,2025-03-21 00:00:00,2025-03-20 00:00:00,2025-03-20 22:10:00,1330,0.0,0.0,attachment3_10min_interpolation,0.0,2025-03-20 00:00:00,observed_at_issue,542.7267066666668,2025-03-13 22:10:00,2025-03-13 22:10:00;2025-03-06 22:10:00;2025-02-27 22:10:00;2025-02-20 22:10:00,4,weighted_same_weekday_4w,2025-03-20 00:00:00,0,36,False,542.7267066666668,0.0,0.0,0.0,1200.0,1200.0,542.7267066666668,120.0
2025-03-20T00:00_rolling,2025-03-20 00:00:00,2025-03-20 00:10:00,2025-03-21 00:00:00,2025-03-20 00:00:00,2025-03-20 22:20:00,1340,0.0,0.0,attachment3_10min_interpolation,0.0,2025-03-20 00:00:00,observed_at_issue,562.2563383333335,2025-03-13 22:20:00,2025-03-13 22:20:00;2025-03-06 22:20:00;2025-02-27 22:20:00;2025-02-20 22:20:00,4,weighted_same_weekday_4w,2025-03-20 00:00:00,0,36,False,562.2563383333335,0.0,0.0,0.0,1200.0,1200.0,562.2563383333335,120.0
2025-03-20T00:00_rolling,2025-03-20 00:00:00,2025-03-20 00:10:00,2025-03-21 00:00:00,2025-03-20 00:00:00,2025-03-20 22:30:00,1350,0.0,0.0,attachment3_10min_interpolation,0.0,2025-03-20 00:00:00,observed_at_issue,555.3395,2025-03-13 22:30:00,2025-03-13 22:30:00;2025-03-06 22:30:00;2025-02-27 22:30:00;2025-02-20 22:30:00,4,weighted_same_weekday_4w,2025-03-20 00:00:00,0,36,False,555.3395,0.0,0.0,0.0,1200.0,1200.0,555.3395,120.0
2025-03-20T00:00_rolling,2025-03-20 00:00:00,2025-03-20 00:10:00,2025-03-21 00:00:00,2025-03-20 00:00:00,2025-03-20 22:40:00,1360,0.0,0.0,attachment3_10min_interpolation,0.0,2025-03-20 00:00:00,observed_at_issue,560.4827366666667,2025-03-13 22:40:00,2025-03-13 22:40:00;2025-03-06 22:40:00;2025-02-27 22:40:00;2025-02-20 22:40:00,4,weighted_same_weekday_4w,2025-03-20 00:00:00,0,36,False,560.4827366666667,0.0,0.0,0.0,1200.0,1200.0,560.4827366666667,120.0
2025-03-20T00:00_rolling,2025-03-20 00:00:00,2025-03-20 00:10:00,2025-03-21 00:00:00,2025-03-20 00:00:00,2025-03-20 22:50:00,1370,0.0,0.0,attachment3_10min_interpolation,0.0,2025-03-20 00:00:00,observed_at_issue,562.5004500000001,2025-03-13 22:50:00,2025-03-13 22:50:00;2025-03-06 22:50:00;2025-02-27 22:50:00;2025-02-20 22:50:00,4,weighted_same_weekday_4w,2025-03-20 00:00:00,0,36,False,562.5004500000001,0.0,0.0,0.0,1200.0,1200.0,562.5004500000001,120.0
2025-03-20T00:00_rolling,2025-03-20 00:00:00,2025-03-20 00:10:00,2025-03-21 00:00:00,2025-03-20 00:00:00,2025-03-20 23:00:00,1380,0.0,0.0,attachment3_10min_interpolation,0.0,2025-03-20 00:00:00,observed_at_issue,563.133,2025-03-13 23:00:00,2025-03-13 23:00:00;2025-03-06 23:00:00;2025-02-27 23:00:00;2025-02-20 23:00:00,4,weighted_same_weekday_4w,2025-03-20 00:00:00,0,36,False,563.133,0.0,0.0,0.0,1200.0,1200.0,563.133,120.0
2025-03-20T00:00_rolling,2025-03-20 00:00:00,2025-03-20 00:10:00,2025-03-21 00:00:00,2025-03-20 00:00:00,2025-03-20 23:10:00,1390,0.0,0.0,attachment3_10min_interpolation,0.0,2025-03-20 00:00:00,observed_at_issue,580.4857116666668,2025-03-13 23:10:00,2025-03-13 23:10:00;2025-03-06 23:10:00;2025-02-27 23:10:00;2025-02-20 23:10:00,4,weighted_same_weekday_4w,2025-03-20 00:00:00,0,36,False,580.4857116666668,0.0,0.0,0.0,1200.0,1200.0,580.4857116666668,120.0
2025-03-20T00:00_rolling,2025-03-20 00:00:00,2025-03-20 00:10:00,2025-03-21 00:00:00,2025-03-20 00:00:00,2025-03-20 23:20:00,1400,0.0,0.0,attachment3_10min_interpolation,0.0,2025-03-20 00:00:00,observed_at_issue,575.1340683333335,2025-03-13 23:20:00,2025-03-13 23:20:00;2025-03-06 23:20:00;2025-02-27 23:20:00;2025-02-20 23:20:00,4,weighted_same_weekday_4w,2025-03-20 00:00:00,0,36,False,575.1340683333335,0.0,0.0,0.0,1200.0,1200.0,575.1340683333335,120.0
2025-03-20T00:00_rolling,2025-03-20 00:00:00,2025-03-20 00:10:00,2025-03-21 00:00:00,2025-03-20 00:00:00,2025-03-20 23:30:00,1410,0.0,0.0,attachment3_10min_interpolation,0.0,2025-03-20 00:00:00,observed_at_issue,556.7441666666668,2025-03-13 23:30:00,2025-03-13 23:30:00;2025-03-06 23:30:00;2025-02-27 23:30:00;2025-02-20 23:30:00,4,weighted_same_weekday_4w,2025-03-20 00:00:00,0,36,False,556.7441666666668,0.0,0.0,0.0,1200.0,1200.0,556.7441666666668,120.0
2025-03-20T00:00_rolling,2025-03-20 00:00:00,2025-03-20 00:10:00,2025-03-21 00:00:00,2025-03-20 00:00:00,2025-03-20 23:40:00,1420,0.0,0.0,attachment3_10min_interpolation,0.0,2025-03-20 00:00:00,observed_at_issue,564.6570833333334,2025-03-13 23:40:00,2025-03-13 23:40:00;2025-03-06 23:40:00;2025-02-27 23:40:00;2025-02-20 23:40:00,4,weighted_same_weekday_4w,2025-03-20 00:00:00,0,36,False,564.6570833333334,0.0,0.0,0.0,1200.0,1200.0,564.6570833333334,120.0
2025-03-20T00:00_rolling,2025-03-20 00:00:00,2025-03-20 00:10:00,2025-03-21 00:00:00,2025-03-20 00:00:00,2025-03-20 23:50:00,1430,0.0,0.0,attachment3_10min_interpolation,0.0,2025-03-20 00:00:00,observed_at_issue,508.17612166666675,2025-03-13 23:50:00,2025-03-13 23:50:00;2025-03-06 23:50:00;2025-02-27 23:50:00;2025-02-20 23:50:00,4,weighted_same_weekday_4w,2025-03-20 00:00:00,0,36,False,508.17612166666675,0.0,0.0,0.0,1200.0,1200.0,508.17612166666675,120.0
2025-03-20T00:00_rolling,2025-03-20 00:00:00,2025-03-20 00:10:00,2025-03-21 00:00:00,2025-03-20 00:00:00,2025-03-21 00:00:00,1440,0.0,0.0,attachment3_10min_interpolation,0.0,2025-03-20 00:00:00,observed_at_issue,412.1016666666667,2025-03-14 00:00:00,2025-03-14 00:00:00;2025-03-07 00:00:00;2025-02-28 00:00:00;2025-02-21 00:00:00,4,weighted_same_weekday_4w,2025-03-20 00:00:00,0,36,False,412.1016666666667,0.0,0.0,0.0,1200.0,1200.0,412.1016666666667,120.0
2025-03-20T06:00_rolling,2025-03-20 06:00:00,2025-03-20 06:10:00,2025-03-21 06:00:00,2025-03-20 06:00:00,2025-03-20 06:10:00,10,287.91468333333336,47.98578055555556,observed_anchor_linear_to_h1,0.0,2025-03-20 06:00:00,observed_at_issue,826.5042566666668,2025-03-13 06:10:00,2025-03-13 06:10:00;2025-03-06 06:10:00;2025-02-27 06:10:00;2025-02-20 06:10:00,4,weighted_same_weekday_4w,2025-03-20 06:00:00,36,72,True,22.518476111111227,0.0,756.0,0.0,9960.0,9120.0,22.04705388888908,120.0
2025-03-20T06:00_rolling,2025-03-20 06:00:00,2025-03-20 06:10:00,2025-03-21 06:00:00,2025-03-20 06:00:00,2025-03-20 06:20:00,20,575.8293666666667,95.97156111111111,observed_anchor_linear_to_h1,0.0,2025-03-20 06:00:00,observed_at_issue,814.7726300000002,2025-03-13 06:20:00,2025-03-13 06:20:00;2025-03-06 06:20:00;2025-02-27 06:20:00;2025-02-20 06:20:00,4,weighted_same_weekday_4w,2025-03-20 06:00:00,36,72,True,70.80106888888906,0.0,648.0,0.0,9120.0,8400.0,69.85822444444466,120.0
2025-03-20T06:00_rolling,2025-03-20 06:00:00,2025-03-20 06:10:00,2025-03-21 06:00:00,2025-03-20 06:00:00,2025-03-20 06:30:00,30,863.74405,143.95734166666668,observed_anchor_linear_to_h1,0.0,2025-03-20 06:00:00,observed_at_issue,829.3498333333334,2025-03-13 06:30:00,2025-03-13 06:30:00;2025-03-06 06:30:00;2025-02-27 06:30:00;2025-02-20 06:30:00,4,weighted_same_weekday_4w,2025-03-20 06:00:00,36,72,True,37.39249166666673,0.0,648.0,0.0,8400.0,7680.0,35.978225000000066,120.0
2025-03-20T06:00_rolling,2025-03-20 06:00:00,2025-03-20 06:10:00,2025-03-21 06:00:00,2025-03-20 06:00:00,2025-03-20 06:40:00,40,1151.6587333333334,191.94312222222223,observed_anchor_linear_to_h1,0.0,2025-03-20 06:00:00,observed_at_issue,823.2632333333335,2025-03-13 06:40:00,2025-03-13 06:40:00;2025-03-06 06:40:00;2025-02-27 06:40:00;2025-02-20 06:40:00,4,weighted_same_weekday_4w,2025-03-20 06:00:00,36,72,True,0.0,0.0,648.0,16.67988888888874,7680.0,6960.0,0.0,120.0
2025-03-20T06:00_rolling,2025-03-20 06:00:00,2025-03-20 06:10:00,2025-03-21 06:00:00,2025-03-20 06:00:00,2025-03-20 06:50:00,50,1439.5734166666666,239.92890277777778,observed_anchor_linear_to_h1,0.0,2025-03-20 06:00:00,observed_at_issue,821.9850783333334,2025-03-13 06:50:00,2025-03-13 06:50:00;2025-03-06 06:50:00;2025-02-27 06:50:00;2025-02-20 06:50:00,4,weighted_same_weekday_4w,2025-03-20 06:00:00,36,72,True,42.05617555555557,0.0,540.0,0.0,6960.0,6360.0,39.69906444444439,120.0
2025-03-20T06:00_rolling,2025-03-20 06:00:00,2025-03-20 06:10:00,2025-03-21 06:00:00,2025-03-20 06:00:00,2025-03-20 07:00:00,60,1727.4881,287.91468333333336,attachment3_10min_interpolation,0.0,2025-03-20 06:00:00,observed_at_issue,831.5241666666668,2025-03-13 07:00:00,2025-03-13 07:00:00;2025-03-06 07:00:00;2025-02-27 07:00:00;2025-02-20 07:00:00,4,weighted_same_weekday_4w,2025-03-20 06:00:00,36,72,True,3.609483333333401,0.0,540.0,0.0,6360.0,5760.0,0.7809500000000753,120.0
2025-03-20T06:00_rolling,2025-03-20 06:00:00,2025-03-20 06:10:00,2025-03-21 06:00:00,2025-03-20 06:00:00,2025-03-20 07:10:00,70,2033.660033333333,338.94333888888883,attachment3_10min_interpolation,0.0,2025-03-20 06:00:00,observed_at_issue,829.4203700000003,2025-03-13 07:10:00,2025-03-13 07:10:00;2025-03-06 07:10:00;2025-02-27 07:10:00;2025-02-20 07:10:00,4,weighted_same_weekday_4w,2025-03-20 06:00:00,36,72,True,58.477031111111444,0.0,432.0,0.0,5760.0,5280.0,49.58583111111142,120.0
2025-03-20T06:00_rolling,2025-03-20 06:00:00,2025-03-20 06:10:00,2025-03-21 06:00:00,2025-03-20 06:00:00,2025-03-20 07:20:00,80,2339.831966666666,389.97199444444436,attachment3_10min_interpolation,0.0,2025-03-20 06:00:00,observed_at_issue,832.5021883333335,2025-03-13 07:20:00,2025-03-13 07:20:00;2025-03-06 07:20:00;2025-02-27 07:20:00;2025-02-20 07:20:00,4,weighted_same_weekday_4w,2025-03-20 06:00:00,36,72,True,10.53019388888913,0.0,432.0,0.0,5280.0,4800.0,0.0,120.0
2025-03-20T06:00_rolling,2025-03-20 06:00:00,2025-03-20 06:10:00,2025-03-21 06:00:00,2025-03-20 06:00:00,2025-03-20 07:30:00,90,2646.0039,441.00065,attachment3_10min_interpolation,0.0,2025-03-20 06:00:00,observed_at_issue,822.7058333333334,2025-03-13 07:30:00,2025-03-13 07:30:00;2025-03-06 07:30:00;2025-02-27 07:30:00;2025-02-20 07:30:00,4,weighted_same_weekday_4w,2025-03-20 06:00:00,36,72,True,57.70518333333342,0.0,324.0,0.0,4800.0,4440.0,36.68865000000005,120.0
2025-03-20T06:00_rolling,2025-03-20 06:00:00,2025-03-20 06:10:00,2025-03-21 06:00:00,2025-03-20 06:00:00,2025-03-20 07:40:00,100,2952.175833333333,492.0293055555555,attachment3_10min_interpolation,0.0,2025-03-20 06:00:00,observed_at_issue,789.7944600000001,2025-03-13 07:40:00,2025-03-13 07:40:00;2025-03-06 07:40:00;2025-02-27 07:40:00;2025-02-20 07:40:00,4,weighted_same_weekday_4w,2025-03-20 06:00:00,36,72,True,297.7651544444446,0.0,0.0,0.0,4440.0,4440.0,270.6859544444445,120.0
2025-03-20T06:00_rolling,2025-03-20 06:00:00,2025-03-20 06:10:00,2025-03-21 06:00:00,2025-03-20 06:00:00,2025-03-20 07:50:00,110,3258.3477666666663,543.057961111111,attachment3_10min_interpolation,0.0,2025-03-20 06:00:00,observed_at_issue,921.0593833333335,2025-03-13 07:50:00,2025-03-13 07:50:00;2025-03-06 07:50:00;2025-02-27 07:50:00;2025-02-20 07:50:00,4,weighted_same_weekday_4w,2025-03-20 06:00:00,36,72,True,54.00142222222246,0.0,324.0,0.0,4440.0,4080.0,20.85955555555563,120.0
2025-03-20T06:00_rolling,2025-03-20 06:00:00,2025-03-20 06:10:00,2025-03-21 06:00:00,2025-03-20 06:00:00,2025-03-20 08:00:00,120,3564.5197,594.0866166666666,attachment3_10min_interpolation,0.0,2025-03-20 06:00:00,observed_at_issue,1127.3826666666669,2025-03-13 08:00:00,2025-03-13 08:00:00;2025-03-06 08:00:00;2025-02-27 08:00:00;2025-02-20 08:00:00,4,weighted_same_weekday_4w,2025-03-20 06:00:00,36,72,True,0.0,0.0,540.0,6.703949999999736,4080.0,3480.0,62.09151666666685,120.0
2025-03-20T06:00_rolling,2025-03-20 06:00:00,2025-03-20 06:10:00,2025-03-21 06:00:00,2025-03-20 06:00:00,2025-03-20 08:10:00,130,3881.1197166666666,646.8532861111111,attachment3_10min_interpolation,0.0,2025-03-20 06:00:00,observed_at_issue,1117.6282250000002,2025-03-13 08:10:00,2025-03-13 08:10:00;2025-03-06 08:10:00;2025-02-27 08:10:00;2025-02-20 08:10:00,4,weighted_same_weekday_4w,2025-03-20 06:00:00,36,72,True,38.774938888889096,0.0,432.0,0.0,3480.0,3000.0,3.9139472222224185,120.0
2025-03-20T06:00_rolling,2025-03-20 06:00:00,2025-03-20 06:10:00,2025-03-21 06:00:00,2025-03-20 06:00:00,2025-03-20 08:20:00,140,4197.719733333333,699.6199555555555,attachment3_10min_interpolation,0.0,2025-03-20 06:00:00,observed_at_issue,1087.2567500000002,2025-03-13 08:20:00,2025-03-13 08:20:00;2025-03-06 08:20:00;2025-02-27 08:20:00;2025-02-20 08:20:00,4,weighted_same_weekday_4w,2025-03-20 06:00:00,36,72,True,63.63679444444472,0.0,324.0,0.0,3000.0,2640.0,33.119344444444664,120.0
2025-03-20T06:00_rolling,2025-03-20 06:00:00,2025-03-20 06:10:00,2025-03-21 06:00:00,2025-03-20 06:00:00,2025-03-20 08:30:00,150,4514.31975,752.386625,attachment3_10min_interpolation,0.0,2025-03-20 06:00:00,observed_at_issue,1118.5365000000002,2025-03-13 08:30:00,2025-03-13 08:30:00;2025-03-06 08:30:00;2025-02-27 08:30:00;2025-02-20 08:30:00,4,weighted_same_weekday_4w,2025-03-20 06:00:00,36,72,True,42.14987500000018,0.0,324.0,0.0,2640.0,2280.0,15.975966666666864,120.0
2025-03-20T06:00_rolling,2025-03-20 06:00:00,2025-03-20 06:10:00,2025-03-21 06:00:00,2025-03-20 06:00:00,2025-03-20 08:40:00,160,4830.919766666667,805.1532944444444,attachment3_10min_interpolation,0.0,2025-03-20 06:00:00,observed_at_issue,1101.4041300000001,2025-03-13 08:40:00,2025-03-13 08:40:00;2025-03-06 08:40:00;2025-02-27 08:40:00;2025-02-20 08:40:00,4,weighted_same_weekday_4w,2025-03-20 06:00:00,36,72,True,80.25083555555568,0.0,216.0,0.0,2280.0,2040.0,58.42046888888888,120.0
2025-03-20T06:00_rolling,2025-03-20 06:00:00,2025-03-20 06:10:00,2025-03-21 06:00:00,2025-03-20 06:00:00,2025-03-20 08:50:00,170,5147.519783333333,857.9199638888889,attachment3_10min_interpolation,0.0,2025-03-20 06:00:00,observed_at_issue,1105.2586150000002,2025-03-13 08:50:00,2025-03-13 08:50:00;2025-03-06 08:50:00;2025-02-27 08:50:00;2025-02-20 08:50:00,4,weighted_same_weekday_4w,2025-03-20 06:00:00,36,72,True,31.33865111111129,0.0,216.0,0.0,2040.0,1800.0,13.851826111111222,120.0
2025-03-20T06:00_rolling,2025-03-20 06:00:00,2025-03-20 06:10:00,2025-03-21 06:00:00,2025-03-20 06:00:00,2025-03-20 09:00:00,180,5464.1198,910.6866333333334,attachment3_10min_interpolation,0.0,2025-03-20 06:00:00,observed_at_issue,1135.0556666666669,2025-03-13 09:00:00,2025-03-13 09:00:00;2025-03-06 09:00:00;2025-02-27 09:00:00;2025-02-20 09:00:00,4,weighted_same_weekday_4w,2025-03-20 06:00:00,36,72,True,8.369033333333505,0.0,216.0,0.0,1800.0,1560.0,0.0,120.0
2025-03-20T06:00_rolling,2025-03-20 06:00:00,2025-03-20 06:10:00,2025-03-21 06:00:00,2025-03-20 06:00:00,2025-03-20 09:10:00,190,5683.137266666667,947.1895444444444,attachment3_10min_interpolation,0.0,2025-03-20 06:00:00,observed_at_issue,1115.9906333333336,2025-03-13 09:10:00,2025-03-13 09:10:00;2025-03-06 09:10:00;2025-02-27 09:10:00;2025-02-20 09:10:00,4,weighted_same_weekday_4w,2025-03-20 06:00:00,36,72,True,60.801088888889126,0.0,108.0,0.0,1560.0,1440.0,34.34667500000012,120.0
2025-03-20T06:00_rolling,2025-03-20 06:00:00,2025-03-20 06:10:00,2025-03-21 06:00:00,2025-03-20 06:00:00,2025-03-20 09:20:00,200,5902.154733333334,983.6924555555556,attachment3_10min_interpolation,0.0,2025-03-20 06:00:00,observed_at_issue,1099.1701516666667,2025-03-13 09:20:00,2025-03-13 09:20:00;2025-03-06 09:20:00;2025-02-27 09:20:00;2025-02-20 09:20:00,4,weighted_same_weekday_4w,2025-03-20 06:00:00,36,72,True,7.477696111111072,0.0,108.0,0.0,1440.0,1320.0,75.71215166666661,120.0
2025-03-20T06:00_rolling,2025-03-20 06:00:00,2025-03-20 06:10:00,2025-03-21 06:00:00,2025-03-20 06:00:00,2025-03-20 09:30:00,210,6121.1722,1020.1953666666667,attachment3_10min_interpolation,0.0,2025-03-20 06:00:00,observed_at_issue,1105.5516666666667,2025-03-13 09:30:00,2025-03-13 09:30:00;2025-03-06 09:30:00;2025-02-27 09:30:00;2025-02-20 09:30:00,4,weighted_same_weekday_4w,2025-03-20 06:00:00,36,72,True,0.0,0.0,108.0,22.643699999999967,1320.0,1200.0,32.279624999999896,120.0
2025-03-20T06:00_rolling,2025-03-20 06:00:00,2025-03-20 06:10:00,2025-03-21 06:00:00,2025-03-20 06:00:00,2025-03-20 09:40:00,220,6340.189666666666,1056.6982777777778,attachment3_10min_interpolation,0.0,2025-03-20 06:00:00,observed_at_issue,1103.4181650000003,2025-03-13 09:40:00,2025-03-13 09:40:00;2025-03-06 09:40:00;2025-02-27 09:40:00;2025-02-20 09:40:00,4,weighted_same_weekday_4w,2025-03-20 06:00:00,36,72,True,46.719887222222496,0.0,0.0,0.0,1200.0,1200.0,0.0,120.0
2025-03-20T06:00_rolling,2025-03-20 06:00:00,2025-03-20 06:10:00,2025-03-21 06:00:00,2025-03-20 06:00:00,2025-03-20 09:50:00,230,6559.207133333333,1093.201188888889,attachment3_10min_interpolation,0.0,2025-03-20 06:00:00,observed_at_issue,1101.1446633333335,2025-03-13 09:50:00,2025-03-13 09:50:00;2025-03-06 09:50:00;2025-02-27 09:50:00;2025-02-20 09:50:00,4,weighted_same_weekday_4w,2025-03-20 06:00:00,36,72,True,7.943474444444519,0.0,0.0,0.0,1200.0,1200.0,61.57787166666694,120.0
2025-03-20T06:00_rolling,2025-03-20 06:00:00,2025-03-20 06:10:00,2025-03-21 06:00:00,2025-03-20 06:00:00,2025-03-20 10:00:00,240,6778.2246,1129.7041,attachment3_10min_interpolation,0.0,2025-03-20 06:00:00,observed_at_issue,1103.3010000000002,2025-03-13 10:00:00,2025-03-13 10:00:00;2025-03-06 10:00:00;2025-02-27 10:00:00;2025-02-20 10:00:00,4,weighted_same_weekday_4w,2025-03-20 06:00:00,36,72,True,0.0,0.0,0.0,26.403099999999768,1200.0,1200.0,13.920166666666859,120.0
2025-03-20T06:00_rolling,2025-03-20 06:00:00,2025-03-20 06:10:00,2025-03-21 06:00:00,2025-03-20 06:00:00,2025-03-20 10:10:00,250,6946.356449999999,1157.7260749999998,attachment3_10min_interpolation,0.0,2025-03-20 06:00:00,observed_at_issue,1102.3093033333334,2025-03-13 10:10:00,2025-03-13 10:10:00;2025-03-06 10:10:00;2025-02-27 10:10:00;2025-02-20 10:10:00,4,weighted_same_weekday_4w,2025-03-20 06:00:00,36,72,True,0.0,0.0,0.0,55.416771666666364,1200.0,1200.0,0.0,120.0
2025-03-20T06:00_rolling,2025-03-20 06:00:00,2025-03-20 06:10:00,2025-03-21 06:00:00,2025-03-20 06:00:00,2025-03-20 10:20:00,260,7114.4883,1185.74805,attachment3_10min_interpolation,0.0,2025-03-20 06:00:00,observed_at_issue,1099.7035883333338,2025-03-13 10:20:00,2025-03-13 10:20:00;2025-03-06 10:20:00;2025-02-27 10:20:00;2025-02-20 10:20:00,4,weighted_same_weekday_4w,2025-03-20 06:00:00,36,72,True,0.0,0.0,0.0,86.04446166666617,1200.0,1200.0,0.0,120.0
2025-03-20T06:00_rolling,2025-03-20 06:00:00,2025-03-20 06:10:00,2025-03-21 06:00:00,2025-03-20 06:00:00,2025-03-20 10:30:00,270,7282.62015,1213.770025,attachment3_10min_interpolation,0.0,2025-03-20 06:00:00,observed_at_issue,1090.9731666666669,2025-03-13 10:30:00,2025-03-13 10:30:00;2025-03-06 10:30:00;2025-02-27 10:30:00;2025-02-20 10:30:00,4,weighted_same_weekday_4w,2025-03-20 06:00:00,36,72,True,10.536475000000195,133.33333333333334,0.0,0.0,1200.0,1320.0,58.783550000000275,120.0
2025-03-20T06:00_rolling,2025-03-20 06:00:00,2025-03-20 06:10:00,2025-03-21 06:00:00,2025-03-20 06:00:00,2025-03-20 10:40:00,280,7450.751999999999,1241.7919999999997,attachment3_10min_interpolation,0.0,2025-03-20 06:00:00,observed_at_issue,1071.9522766666669,2025-03-13 10:40:00,2025-03-13 10:40:00;2025-03-06 10:40:00;2025-02-27 10:40:00;2025-02-20 10:40:00,4,weighted_same_weekday_4w,2025-03-20 06:00:00,36,72,True,0.0,133.33333333333334,0.0,36.50638999999947,1320.0,1440.0,14.381954444444489,120.0
2025-03-20T06:00_rolling,2025-03-20 06:00:00,2025-03-20 06:10:00,2025-03-21 06:00:00,2025-03-20 06:00:00,2025-03-20 10:50:00,290,7618.88385,1269.813975,attachment3_10min_interpolation,0.0,2025-03-20 06:00:00,observed_at_issue,1072.0190283333334,2025-03-13 10:50:00,2025-03-13 10:50:00;2025-03-06 10:50:00;2025-02-27 10:50:00;2025-02-20 10:50:00,4,weighted_same_weekday_4w,2025-03-20 06:00:00,36,72,True,0.0,133.33333333333334,0.0,64.4616133333333,1440.0,1560.0,0.0,120.0
2025-03-20T06:00_rolling,2025-03-20 06:00:00,2025-03-20 06:10:00,2025-03-21 06:00:00,2025-03-20 06:00:00,2025-03-20 11:00:00,300,7787.0157,1297.83595,attachment3_10min_interpolation,0.0,2025-03-20 06:00:00,observed_at_issue,1088.8848333333335,2025-03-13 11:00:00,2025-03-13 11:00:00;2025-03-06 11:00:00;2025-02-27 11:00:00;2025-02-20 11:00:00,4,weighted_same_weekday_4w,2025-03-20 06:00:00,36,72,True,57.71555000000029,266.6666666666667,0.0,0.0,1560.0,1800.0,513.8864333333333,120.0
2025-03-20T06:00_rolling,2025-03-20 06:00:00,2025-03-20 06:10:00,2025-03-21 06:00:00,2025-03-20 06:00:00,2025-03-20 11:10:00,310,7894.038583333333,1315.6730972222222,attachment3_10min_interpolation,0.0,2025-03-20 06:00:00,observed_at_issue,1089.3991850000002,2025-03-13 11:10:00,2025-03-13 11:10:00;2025-03-06 11:10:00;2025-02-27 11:10:00;2025-02-20 11:10:00,4,weighted_same_weekday_4w,2025-03-20 06:00:00,36,72,True,440.3927544444447,666.6666666666666,0.0,0.0,1800.0,2400.0,525.5966350000001,120.0
2025-03-20T06:00_rolling,2025-03-20 06:00:00,2025-03-20 06:10:00,2025-03-21 06:00:00,2025-03-20 06:00:00,2025-03-20 11:20:00,320,8001.061466666667,1333.5102444444444,attachment3_10min_interpolation,0.0,2025-03-20 06:00:00,observed_at_issue,1077.7080100000003,2025-03-13 11:20:00,2025-03-13 11:20:00;2025-03-06 11:20:00;2025-02-27 11:20:00;2025-02-20 11:20:00,4,weighted_same_weekday_4w,2025-03-20 06:00:00,36,72,True,10.864432222222547,266.6666666666667,0.0,0.0,2400.0,2640.0,525.1013100000002,120.0
2025-03-20T06:00_rolling,2025-03-20 06:00:00,2025-03-20 06:10:00,2025-03-21 06:00:00,2025-03-20 06:00:00,2025-03-20 11:30:00,330,8108.08435,1351.3473916666667,attachment3_10min_interpolation,0.0,2025-03-20 06:00:00,observed_at_issue,1071.3760000000002,2025-03-13 11:30:00,2025-03-13 11:30:00;2025-03-06 11:30:00;2025-02-27 11:30:00;2025-02-20 11:30:00,4,weighted_same_weekday_4w,2025-03-20 06:00:00,36,72,True,520.0286083333335,800.0,0.0,0.0,2640.0,3360.0,529.9651500000002,120.0
2025-03-20T06:00_rolling,2025-03-20 06:00:00,2025-03-20 06:10:00,2025-03-21 06:00:00,2025-03-20 06:00:00,2025-03-20 11:40:00,340,8215.107233333334,1369.184538888889,attachment3_10min_interpolation,0.0,2025-03-20 06:00:00,observed_at_issue,1079.170325,2025-03-13 11:40:00,2025-03-13 11:40:00;2025-03-06 11:40:00;2025-02-27 11:40:00;2025-02-20 11:40:00,4,weighted_same_weekday_4w,2025-03-20 06:00:00,36,72,True,509.9857861111111,800.0,0.0,0.0,3360.0,4080.0,548.9553250000001,120.0
2025-03-20T06:00_rolling,2025-03-20 06:00:00,2025-03-20 06:10:00,2025-03-21 06:00:00,2025-03-20 06:00:00,2025-03-20 11:50:00,350,8322.130116666667,1387.0216861111112,attachment3_10min_interpolation,0.0,2025-03-20 06:00:00,observed_at_issue,1062.3773133333334,2025-03-13 11:50:00,2025-03-13 11:50:00;2025-03-06 11:50:00;2025-02-27 11:50:00;2025-02-20 11:50:00,4,weighted_same_weekday_4w,2025-03-20 06:00:00,36,72,True,475.3556272222222,800.0,0.0,0.0,4080.0,4800.0,543.3581633333336,120.0
2025-03-20T06:00_rolling,2025-03-20 06:00:00,2025-03-20 06:10:00,2025-03-21 06:00:00,2025-03-20 06:00:00,2025-03-20 12:00:00,360,8429.153,1404.8588333333335,attachment3_10min_interpolation,0.0,2025-03-20 06:00:00,observed_at_issue,1023.2286666666669,2025-03-13 12:00:00,2025-03-13 12:00:00;2025-03-06 12:00:00;2025-02-27 12:00:00;2025-02-20 12:00:00,4,weighted_same_weekday_4w,2025-03-20 06:00:00,36,72,True,418.3698333333334,800.0,0.0,0.0,4800.0,5520.0,515.4053666666669,120.0
2025-03-20T06:00_rolling,2025-03-20 06:00:00,2025-03-20 06:10:00,2025-03-21 06:00:00,2025-03-20 06:00:00,2025-03-20 12:10:00,370,8466.122366666666,1411.0203944444445,attachment3_10min_interpolation,0.0,2025-03-20 06:00:00,observed_at_issue,1006.0320283333334,2025-03-13 12:10:00,2025-03-13 12:10:00;2025-03-06 12:10:00;2025-02-27 12:10:00;2025-02-20 12:10:00,4,weighted_same_weekday_4w,2025-03-20 06:00:00,36,72,False,395.0116338888889,800.0,0.0,0.0,5520.0,6240.0,539.9939088888892,120.0
2025-03-20T06:00_rolling,2025-03-20 06:00:00,2025-03-20 06:10:00,2025-03-21 06:00:00,2025-03-20 06:00:00,2025-03-20 12:20:00,380,8503.091733333333,1417.1819555555555,attachment3_10min_interpolation,0.0,2025-03-20 06:00:00,observed_at_issue,1011.4047150000001,2025-03-13 12:20:00,2025-03-13 12:20:00;2025-03-06 12:20:00;2025-02-27 12:20:00;2025-02-20 12:20:00,4,weighted_same_weekday_4w,2025-03-20 06:00:00,36,72,False,394.2227594444446,800.0,0.0,0.0,6240.0,6960.0,587.1517761111111,120.0
2025-03-20T06:00_rolling,2025-03-20 06:00:00,2025-03-20 06:10:00,2025-03-21 06:00:00,2025-03-20 06:00:00,2025-03-20 12:30:00,390,8540.061099999999,1423.3435166666666,attachment3_10min_interpolation,0.0,2025-03-20 06:00:00,observed_at_issue,1015.4656666666668,2025-03-13 12:30:00,2025-03-13 12:30:00;2025-03-06 12:30:00;2025-02-27 12:30:00;2025-02-20 12:30:00,4,weighted_same_weekday_4w,2025-03-20 06:00:00,36,72,False,392.12215000000026,800.0,0.0,0.0,6960.0,7680.0,632.9979083333334,120.0
2025-03-20T06:00_rolling,2025-03-20 06:00:00,2025-03-20 06:10:00,2025-03-21 06:00:00,2025-03-20 06:00:00,2025-03-20 12:40:00,400,8577.030466666667,1429.5050777777778,attachment3_10min_interpolation,0.0,2025-03-20 06:00:00,observed_at_issue,998.4924833333334,2025-03-13 12:40:00,2025-03-13 12:40:00;2025-03-06 12:40:00;2025-02-27 12:40:00;2025-02-20 12:40:00,4,weighted_same_weekday_4w,2025-03-20 06:00:00,36,72,False,368.9874055555556,800.0,0.0,0.0,7680.0,8400.0,657.8099055555556,120.0
2025-03-20T06:00_rolling,2025-03-20 06:00:00,2025-03-20 06:10:00,2025-03-21 06:00:00,2025-03-20 06:00:00,2025-03-20 12:50:00,410,8613.999833333333,1435.6666388888889,attachment3_10min_interpolation,0.0,2025-03-20 06:00:00,observed_at_issue,1006.8346083333336,2025-03-13 12:50:00,2025-03-13 12:50:00;2025-03-06 12:50:00;2025-02-27 12:50:00;2025-02-20 12:50:00,4,weighted_same_weekday_4w,2025-03-20 06:00:00,36,72,False,0.0,400.0,0.0,28.83203055555532,8400.0,8760.0,41.27054444444465,120.0
2025-03-20T06:00_rolling,2025-03-20 06:00:00,2025-03-20 06:10:00,2025-03-21 06:00:00,2025-03-20 06:00:00,2025-03-20 13:00:00,420,8650.9692,1441.8282,attachment3_10min_interpolation,0.0,2025-03-20 06:00:00,observed_at_issue,1045.6580000000001,2025-03-13 13:00:00,2025-03-13 13:00:00;2025-03-06 13:00:00;2025-02-27 13:00:00;2025-02-20 13:00:00,4,weighted_same_weekday_4w,2025-03-20 06:00:00,36,72,False,3.829800000000205,400.0,0.0,0.0,8760.0,9120.0,0.0,120.0
2025-03-20T06:00_rolling,2025-03-20 06:00:00,2025-03-20 06:10:00,2025-03-21 06:00:00,2025-03-20 06:00:00,2025-03-20 13:10:00,430,8491.236716666666,1415.2061194444443,attachment3_10min_interpolation,0.0,2025-03-20 06:00:00,observed_at_issue,1070.3175416666668,2025-03-13 13:10:00,2025-03-13 13:10:00;2025-03-06 13:10:00;2025-02-27 13:10:00;2025-02-20 13:10:00,4,weighted_same_weekday_4w,2025-03-20 06:00:00,36,72,False,0.0,266.6666666666667,0.0,78.22191111111084,9120.0,9360.0,25.85646944444443,120.0
2025-03-20T06:00_rolling,2025-03-20 06:00:00,2025-03-20 06:10:00,2025-03-21 06:00:00,2025-03-20 06:00:00,2025-03-20 13:20:00,440,8331.504233333333,1388.584038888889,attachment3_10min_interpolation,0.0,2025-03-20 06:00:00,observed_at_issue,1069.1540633333334,2025-03-13 13:20:00,2025-03-13 13:20:00;2025-03-06 13:20:00;2025-02-27 13:20:00;2025-02-20 13:20:00,4,weighted_same_weekday_4w,2025-03-20 06:00:00,36,72,False,0.0,266.6666666666667,0.0,52.763308888888844,9360.0,9600.0,37.34413555555557,120.0
2025-03-20T06:00_rolling,2025-03-20 06:00:00,2025-03-20 06:10:00,2025-03-21 06:00:00,2025-03-20 06:00:00,2025-03-20 13:30:00,450,8171.77175,1361.9619583333333,attachment3_10min_interpolation,0.0,2025-03-20 06:00:00,observed_at_issue,1058.8096666666668,2025-03-13 13:30:00,2025-03-13 13:30:00;2025-03-06 13:30:00;2025-02-27 13:30:00;2025-02-20 13:30:00,4,weighted_same_weekday_4w,2025-03-20 06:00:00,36,72,False,0.0,266.6666666666667,0.0,36.48562499999986,9600.0,9840.0,39.650883333333354,120.0
2025-03-20T06:00_rolling,2025-03-20 06:00:00,2025-03-20 06:10:00,2025-03-21 06:00:00,2025-03-20 06:00:00,2025-03-20 13:40:00,460,8012.039266666667,1335.3398777777777,attachment3_10min_interpolation,0.0,2025-03-20 06:00:00,observed_at_issue,1061.685885,2025-03-13 13:40:00,2025-03-13 13:40:00;2025-03-06 13:40:00;2025-02-27 13:40:00;2025-02-20 13:40:00,4,weighted_same_weekday_4w,2025-03-20 06:00:00,36,72,False,0.0,266.6666666666667,0.0,6.987326111110917,9840.0,10080.0,55.17824611111121,120.0
2025-03-20T06:00_rolling,2025-03-20 06:00:00,2025-03-20 06:10:00,2025-03-21 06:00:00,2025-03-20 06:00:00,2025-03-20 13:50:00,470,7852.306783333333,1308.7177972222223,attachment3_10min_interpolation,0.0,2025-03-20 06:00:00,observed_at_issue,1047.9271283333337,2025-03-13 13:50:00,2025-03-13 13:50:00;2025-03-06 13:50:00;2025-02-27 13:50:00;2025-02-20 13:50:00,4,weighted_same_weekday_4w,2025-03-20 06:00:00,36,72,False,5.875997777778082,266.6666666666667,0.0,0.0,10080.0,10320.0,54.07063388888912,120.0
2025-03-20T06:00_rolling,2025-03-20 06:00:00,2025-03-20 06:10:00,2025-03-21 06:00:00,2025-03-20 06:00:00,2025-03-20 14:00:00,480,7692.5743,1282.0957166666667,attachment3_10min_interpolation,0.0,2025-03-20 06:00:00,observed_at_issue,1028.5821666666668,2025-03-13 14:00:00,2025-03-13 14:00:00;2025-03-06 14:00:00;2025-02-27 14:00:00;2025-02-20 14:00:00,4,weighted_same_weekday_4w,2025-03-20 06:00:00,36,72,False,13.15311666666679,266.6666666666667,0.0,0.0,10320.0,10560.0,47.37681666666674,120.0
2025-03-20T06:00_rolling,2025-03-20 06:00:00,2025-03-20 06:10:00,2025-03-21 06:00:00,2025-03-20 06:00:00,2025-03-20 14:10:00,490,7351.86055,1225.3100916666667,attachment3_10min_interpolation,0.0,2025-03-20 06:00:00,observed_at_issue,1044.9794000000002,2025-03-13 14:10:00,2025-03-13 14:10:00;2025-03-06 14:10:00;2025-02-27 14:10:00;2025-02-20 14:10:00,4,weighted_same_weekday_4w,2025-03-20 06:00:00,36,72,False,0.0,133.33333333333334,0.0,46.99735833333321,10560.0,10680.0,10.970650000000205,120.0
2025-03-20T06:00_rolling,2025-03-20 06:00:00,2025-03-20 06:10:00,2025-03-21 06:00:00,2025-03-20 06:00:00,2025-03-20 14:20:00,500,7011.1468,1168.5244666666667,attachment3_10min_interpolation,0.0,2025-03-20 06:00:00,observed_at_issue,1046.1356283333334,2025-03-13 14:20:00,2025-03-13 14:20:00;2025-03-06 14:20:00;2025-02-27 14:20:00;2025-02-20 14:20:00,4,weighted_same_weekday_4w,2025-03-20 06:00:00,36,72,False,10.944495000000046,133.33333333333334,0.0,0.0,10680.0,10800.0,67.32347833333336,120.0
2025-03-20T06:00_rolling,2025-03-20 06:00:00,2025-03-20 06:10:00,2025-03-21 06:00:00,2025-03-20 06:00:00,2025-03-20 14:30:00,510,6670.43305,1111.7388416666665,attachment3_10min_interpolation,0.0,2025-03-20 06:00:00,observed_at_issue,1032.4298333333334,2025-03-13 14:30:00,2025-03-13 14:30:00;2025-03-06 14:30:00;2025-02-27 14:30:00;2025-02-20 14:30:00,4,weighted_same_weekday_4w,2025-03-20 06:00:00,36,72,False,0.0,0.0,0.0,79.30900833333317,10800.0,10800.0,0.8142833333333783,120.0
2025-03-20T06:00_rolling,2025-03-20 06:00:00,2025-03-20 06:10:00,2025-03-21 06:00:00,2025-03-20 06:00:00,2025-03-20 14:40:00,520,6329.7193,1054.9532166666665,attachment3_10min_interpolation,0.0,2025-03-20 06:00:00,observed_at_issue,1053.4400600000001,2025-03-13 14:40:00,2025-03-13 14:40:00;2025-03-06 14:40:00;2025-02-27 14:40:00;2025-02-20 14:40:00,4,weighted_same_weekday_4w,2025-03-20 06:00:00,36,72,False,0.0,0.0,0.0,1.5131566666664185,10800.0,10800.0,77.02111000000002,120.0
2025-03-20T06:00_rolling,2025-03-20 06:00:00,2025-03-20 06:10:00,2025-03-21 06:00:00,2025-03-20 06:00:00,2025-03-20 14:50:00,530,5989.00555,998.1675916666667,attachment3_10min_interpolation,0.0,2025-03-20 06:00:00,observed_at_issue,1058.295775,2025-03-13 14:50:00,2025-03-13 14:50:00;2025-03-06 14:50:00;2025-02-27 14:50:00;2025-02-20 14:50:00,4,weighted_same_weekday_4w,2025-03-20 06:00:00,36,72,False,0.0,0.0,108.0,47.87181666666663,10800.0,10680.0,29.073425000000043,120.0
2025-03-20T06:00_rolling,2025-03-20 06:00:00,2025-03-20 06:10:00,2025-03-21 06:00:00,2025-03-20 06:00:00,2025-03-20 15:00:00,540,5648.2918,941.3819666666667,attachment3_10min_interpolation,0.0,2025-03-20 06:00:00,observed_at_issue,1036.0940000000003,2025-03-13 15:00:00,2025-03-13 15:00:00;2025-03-06 15:00:00;2025-02-27 15:00:00;2025-02-20 15:00:00,4,weighted_same_weekday_4w,2025-03-20 06:00:00,36,72,False,94.71203333333358,0.0,0.0,0.0,10680.0,10680.0,786.0682500000003,120.0
2025-03-20T06:00_rolling,2025-03-20 06:00:00,2025-03-20 06:10:00,2025-03-21 06:00:00,2025-03-20 06:00:00,2025-03-20 15:10:00,550,5285.576466666666,880.9294111111111,attachment3_10min_interpolation,0.0,2025-03-20 06:00:00,observed_at_issue,1029.312926666667,2025-03-13 15:10:00,2025-03-13 15:10:00;2025-03-06 15:10:00;2025-02-27 15:10:00;2025-02-20 15:10:00,4,weighted_same_weekday_4w,2025-03-20 06:00:00,36,72,False,281.7168488888892,133.33333333333334,0.0,0.0,10680.0,10800.0,1222.2528100000004,120.0
2025-03-20T06:00_rolling,2025-03-20 06:00:00,2025-03-20 06:10:00,2025-03-21 06:00:00,2025-03-20 06:00:00,2025-03-20 15:20:00,560,4922.861133333334,820.4768555555556,attachment3_10min_interpolation,0.0,2025-03-20 06:00:00,observed_at_issue,1030.9410283333336,2025-03-13 15:20:00,2025-03-13 15:20:00;2025-03-06 15:20:00;2025-02-27 15:20:00;2025-02-20 15:20:00,4,weighted_same_weekday_4w,2025-03-20 06:00:00,36,72,False,210.464172777778,0.0,0.0,0.0,10800.0,10800.0,466.8465450000002,120.0
2025-03-20T06:00_rolling,2025-03-20 06:00:00,2025-03-20 06:10:00,2025-03-21 06:00:00,2025-03-20 06:00:00,2025-03-20 15:30:00,570,4560.1458,760.0243,attachment3_10min_interpolation,0.0,2025-03-20 06:00:00,observed_at_issue,1034.5815000000002,2025-03-13 15:30:00,2025-03-13 15:30:00;2025-03-06 15:30:00;2025-02-27 15:30:00;2025-02-20 15:30:00,4,weighted_same_weekday_4w,2025-03-20 06:00:00,36,72,False,274.5572000000002,0.0,0.0,0.0,10800.0,10800.0,513.4526500000003,120.0
2025-03-20T06:00_rolling,2025-03-20 06:00:00,2025-03-20 06:10:00,2025-03-21 06:00:00,2025-03-20 06:00:00,2025-03-20 15:40:00,580,4197.430466666667,699.5717444444444,attachment3_10min_interpolation,0.0,2025-03-20 06:00:00,observed_at_issue,1041.0614850000002,2025-03-13 15:40:00,2025-03-13 15:40:00;2025-03-06 15:40:00;2025-02-27 15:40:00;2025-02-20 15:40:00,4,weighted_same_weekday_4w,2025-03-20 06:00:00,36,72,False,341.4897405555557,0.0,0.0,0.0,10800.0,10800.0,562.8982683333336,120.0
2025-03-20T06:00_rolling,2025-03-20 06:00:00,2025-03-20 06:10:00,2025-03-21 06:00:00,2025-03-20 06:00:00,2025-03-20 15:50:00,590,3834.7151333333336,639.119188888889,attachment3_10min_interpolation,0.0,2025-03-20 06:00:00,observed_at_issue,1027.0395033333334,2025-03-13 15:50:00,2025-03-13 15:50:00;2025-03-06 15:50:00;2025-02-27 15:50:00;2025-02-20 15:50:00,4,weighted_same_weekday_4w,2025-03-20 06:00:00,36,72,False,387.92031444444444,0.0,0.0,0.0,10800.0,10800.0,591.8419200000001,120.0
2025-03-20T06:00_rolling,2025-03-20 06:00:00,2025-03-20 06:10:00,2025-03-21 06:00:00,2025-03-20 06:00:00,2025-03-20 16:00:00,600,3471.9998,578.6666333333334,attachment3_10min_interpolation,0.0,2025-03-20 06:00:00,observed_at_issue,1003.5038333333334,2025-03-13 16:00:00,2025-03-13 16:00:00;2025-03-06 16:00:00;2025-02-27 16:00:00;2025-02-20 16:00:00,4,weighted_same_weekday_4w,2025-03-20 06:00:00,36,72,False,424.83720000000005,0.0,0.0,0.0,10800.0,10800.0,611.2718833333333,120.0
2025-03-20T06:00_rolling,2025-03-20 06:00:00,2025-03-20 06:10:00,2025-03-21 06:00:00,2025-03-20 06:00:00,2025-03-20 16:10:00,610,3151.6684833333334,525.2780805555556,attachment3_10min_interpolation,0.0,2025-03-20 06:00:00,observed_at_issue,1007.5825900000001,2025-03-13 16:10:00,2025-03-13 16:10:00;2025-03-06 16:10:00;2025-02-27 16:10:00;2025-02-20 16:10:00,4,weighted_same_weekday_4w,2025-03-20 06:00:00,36,72,False,482.30450944444453,0.0,0.0,0.0,10800.0,10800.0,646.0132538888889,120.0
2025-03-20T06:00_rolling,2025-03-20 06:00:00,2025-03-20 06:10:00,2025-03-21 06:00:00,2025-03-20 06:00:00,2025-03-20 16:20:00,620,2831.3371666666667,471.8895277777778,attachment3_10min_interpolation,0.0,2025-03-20 06:00:00,observed_at_issue,1019.5762816666667,2025-03-13 16:20:00,2025-03-13 16:20:00;2025-03-06 16:20:00;2025-02-27 16:20:00;2025-02-20 16:20:00,4,weighted_same_weekday_4w,2025-03-20 06:00:00,36,72,False,547.6867538888889,0.0,0.0,0.0,10800.0,10800.0,688.6695594444445,120.0
2025-03-20T06:00_rolling,2025-03-20 06:00:00,2025-03-20 06:10:00,2025-03-21 06:00:00,2025-03-20 06:00:00,2025-03-20 16:30:00,630,2511.00585,418.500975,attachment3_10min_interpolation,0.0,2025-03-20 06:00:00,observed_at_issue,1021.1275,2025-03-13 16:30:00,2025-03-13 16:30:00;2025-03-06 16:30:00;2025-02-27 16:30:00;2025-02-20 16:30:00,4,weighted_same_weekday_4w,2025-03-20 06:00:00,36,72,False,602.6265250000001,0.0,0.0,0.0,10800.0,10800.0,720.8833916666667,120.0
2025-03-20T06:00_rolling,2025-03-20 06:00:00,2025-03-20 06:10:00,2025-03-21 06:00:00,2025-03-20 06:00:00,2025-03-20 16:40:00,640,2190.6745333333333,365.1124222222222,attachment3_10min_interpolation,0.0,2025-03-20 06:00:00,observed_at_issue,1013.516906666667,2025-03-13 16:40:00,2025-03-13 16:40:00;2025-03-06 16:40:00;2025-02-27 16:40:00;2025-02-20 16:40:00,4,weighted_same_weekday_4w,2025-03-20 06:00:00,36,72,False,648.4044844444447,0.0,0.0,0.0,10800.0,10800.0,743.9354122222226,120.0
2025-03-20T06:00_rolling,2025-03-20 06:00:00,2025-03-20 06:10:00,2025-03-21 06:00:00,2025-03-20 06:00:00,2025-03-20 16:50:00,650,1870.3432166666664,311.7238694444444,attachment3_10min_interpolation,0.0,2025-03-20 06:00:00,observed_at_issue,1011.9316250000002,2025-03-13 16:50:00,2025-03-13 16:50:00;2025-03-06 16:50:00;2025-02-27 16:50:00;2025-02-20 16:50:00,4,weighted_same_weekday_4w,2025-03-20 06:00:00,36,72,False,700.2077555555558,0.0,0.0,0.0,10800.0,10800.0,773.0127444444446,120.0
2025-03-20T06:00_rolling,2025-03-20 06:00:00,2025-03-20 06:10:00,2025-03-21 06:00:00,2025-03-20 06:00:00,2025-03-20 17:00:00,660,1550.0119,258.33531666666664,attachment3_10min_interpolation,0.0,2025-03-20 06:00:00,observed_at_issue,1019.6433333333335,2025-03-13 17:00:00,2025-03-13 17:00:00;2025-03-06 17:00:00;2025-02-27 17:00:00;2025-02-20 17:00:00,4,weighted_same_weekday_4w,2025-03-20 06:00:00,36,72,False,761.3080166666668,0.0,0.0,0.0,10800.0,10800.0,811.3870666666669,120.0
2025-03-20T06:00_rolling,2025-03-20 06:00:00,2025-03-20 06:10:00,2025-03-21 06:00:00,2025-03-20 06:00:00,2025-03-20 17:10:00,670,1291.6765833333334,215.27943055555556,attachment3_10min_interpolation,0.0,2025-03-20 06:00:00,observed_at_issue,1023.9485200000003,2025-03-13 17:10:00,2025-03-13 17:10:00;2025-03-06 17:10:00;2025-02-27 17:10:00;2025-02-20 17:10:00,4,weighted_same_weekday_4w,2025-03-20 06:00:00,36,72,False,808.6690894444447,0.0,0.0,0.0,10800.0,10800.0,850.4016311111113,120.0
2025-03-20T06:00_rolling,2025-03-20 06:00:00,2025-03-20 06:10:00,2025-03-21 06:00:00,2025-03-20 06:00:00,2025-03-20 17:20:00,680,1033.3412666666666,172.22354444444443,attachment3_10min_interpolation,0.0,2025-03-20 06:00:00,observed_at_issue,1011.1942250000002,2025-03-13 17:20:00,2025-03-13 17:20:00;2025-03-06 17:20:00;2025-02-27 17:20:00;2025-02-20 17:20:00,4,weighted_same_weekday_4w,2025-03-20 06:00:00,36,72,False,838.9706805555558,0.0,0.0,0.0,10800.0,10800.0,872.3567138888891,120.0
2025-03-20T06:00_rolling,2025-03-20 06:00:00,2025-03-20 06:10:00,2025-03-21 06:00:00,2025-03-20 06:00:00,2025-03-20 17:30:00,690,775.00595,129.16765833333332,attachment3_10min_interpolation,0.0,2025-03-20 06:00:00,observed_at_issue,1015.1181666666668,2025-03-13 17:30:00,2025-03-13 17:30:00;2025-03-06 17:30:00;2025-02-27 17:30:00;2025-02-20 17:30:00,4,weighted_same_weekday_4w,2025-03-20 06:00:00,36,72,False,885.9505083333335,0.0,0.0,0.0,10800.0,10800.0,910.9900333333334,120.0
2025-03-20T06:00_rolling,2025-03-20 06:00:00,2025-03-20 06:10:00,2025-03-21 06:00:00,2025-03-20 06:00:00,2025-03-20 17:40:00,700,516.6706333333334,86.11177222222223,attachment3_10min_interpolation,0.0,2025-03-20 06:00:00,observed_at_issue,1057.5169216666668,2025-03-13 17:40:00,2025-03-13 17:40:00;2025-03-06 17:40:00;2025-02-27 17:40:00;2025-02-20 17:40:00,4,weighted_same_weekday_4w,2025-03-20 06:00:00,36,72,False,971.4051494444445,0.0,0.0,0.0,10800.0,10800.0,988.0981661111113,120.0
2025-03-20T06:00_rolling,2025-03-20 06:00:00,2025-03-20 06:10:00,2025-03-21 06:00:00,2025-03-20 06:00:00,2025-03-20 17:50:00,710,258.3353166666668,43.055886111111136,attachment3_10min_interpolation,0.0,2025-03-20 06:00:00,observed_at_issue,936.8590083333333,2025-03-13 17:50:00,2025-03-13 17:50:00;2025-03-06 17:50:00;2025-02-27 17:50:00;2025-02-20 17:50:00,4,weighted_same_weekday_4w,2025-03-20 06:00:00,36,72,False,893.8031222222222,0.0,0.0,0.0,10800.0,10800.0,902.1496305555555,120.0
2025-03-20T06:00_rolling,2025-03-20 06:00:00,2025-03-20 06:10:00,2025-03-21 06:00:00,2025-03-20 06:00:00,2025-03-20 18:00:00,720,0.0,0.0,attachment3_10min_interpolation,0.0,2025-03-20 06:00:00,observed_at_issue,720.1283333333334,2025-03-13 18:00:00,2025-03-13 18:00:00;2025-03-06 18:00:00;2025-02-27 18:00:00;2025-02-20 18:00:00,4,weighted_same_weekday_4w,2025-03-20 06:00:00,36,72,False,720.1283333333334,0.0,0.0,0.0,10800.0,10800.0,720.1283333333334,120.0
2025-03-20T06:00_rolling,2025-03-20 06:00:00,2025-03-20 06:10:00,2025-03-21 06:00:00,2025-03-20 06:00:00,2025-03-20 18:10:00,730,0.0,0.0,attachment3_10min_interpolation,0.0,2025-03-20 06:00:00,observed_at_issue,693.6506666666668,2025-03-13 18:10:00,2025-03-13 18:10:00;2025-03-06 18:10:00;2025-02-27 18:10:00;2025-02-20 18:10:00,4,weighted_same_weekday_4w,2025-03-20 06:00:00,36,72,False,45.65066666666678,0.0,648.0,0.0,10800.0,10080.0,45.65066666666678,120.0
2025-03-20T06:00_rolling,2025-03-20 06:00:00,2025-03-20 06:10:00,2025-03-21 06:00:00,2025-03-20 06:00:00,2025-03-20 18:20:00,740,0.0,0.0,attachment3_10min_interpolation,0.0,2025-03-20 06:00:00,observed_at_issue,727.8775883333335,2025-03-13 18:20:00,2025-03-13 18:20:00;2025-03-06 18:20:00;2025-02-27 18:20:00;2025-02-20 18:20:00,4,weighted_same_weekday_4w,2025-03-20 06:00:00,36,72,False,727.8775883333335,0.0,0.0,0.0,10080.0,10080.0,727.8775883333335,120.0
2025-03-20T06:00_rolling,2025-03-20 06:00:00,2025-03-20 06:10:00,2025-03-21 06:00:00,2025-03-20 06:00:00,2025-03-20 18:30:00,750,0.0,0.0,attachment3_10min_interpolation,0.0,2025-03-20 06:00:00,observed_at_issue,727.5531666666668,2025-03-13 18:30:00,2025-03-13 18:30:00;2025-03-06 18:30:00;2025-02-27 18:30:00;2025-02-20 18:30:00,4,weighted_same_weekday_4w,2025-03-20 06:00:00,36,72,False,511.5531666666668,0.0,216.0,0.0,10080.0,9840.0,511.5531666666668,120.0
2025-03-20T06:00_rolling,2025-03-20 06:00:00,2025-03-20 06:10:00,2025-03-21 06:00:00,2025-03-20 06:00:00,2025-03-20 18:40:00,760,0.0,0.0,attachment3_10min_interpolation,0.0,2025-03-20 06:00:00,observed_at_issue,728.0419133333335,2025-03-13 18:40:00,2025-03-13 18:40:00;2025-03-06 18:40:00;2025-02-27 18:40:00;2025-02-20 18:40:00,4,weighted_same_weekday_4w,2025-03-20 06:00:00,36,72,False,728.0419133333335,0.0,0.0,0.0,9840.0,9840.0,728.0419133333335,120.0
2025-03-20T06:00_rolling,2025-03-20 06:00:00,2025-03-20 06:10:00,2025-03-21 06:00:00,2025-03-20 06:00:00,2025-03-20 18:50:00,770,0.0,0.0,attachment3_10min_interpolation,0.0,2025-03-20 06:00:00,observed_at_issue,720.9485866666668,2025-03-13 18:50:00,2025-03-13 18:50:00;2025-03-06 18:50:00;2025-02-27 18:50:00;2025-02-20 18:50:00,4,weighted_same_weekday_4w,2025-03-20 06:00:00,36,72,False,72.94858666666676,0.0,648.0,0.0,9840.0,9120.0,72.94858666666676,120.0
2025-03-20T06:00_rolling,2025-03-20 06:00:00,2025-03-20 06:10:00,2025-03-21 06:00:00,2025-03-20 06:00:00,2025-03-20 19:00:00,780,0.0,0.0,attachment3_10min_interpolation,0.0,2025-03-20 06:00:00,observed_at_issue,710.0066666666669,2025-03-13 19:00:00,2025-03-13 19:00:00;2025-03-06 19:00:00;2025-02-27 19:00:00;2025-02-20 19:00:00,4,weighted_same_weekday_4w,2025-03-20 06:00:00,36,72,False,62.00666666666689,0.0,648.0,0.0,9120.0,8400.0,62.00666666666689,120.0
2025-03-20T06:00_rolling,2025-03-20 06:00:00,2025-03-20 06:10:00,2025-03-21 06:00:00,2025-03-20 06:00:00,2025-03-20 19:10:00,790,0.0,0.0,attachment3_10min_interpolation,0.0,2025-03-20 06:00:00,observed_at_issue,714.5672616666668,2025-03-13 19:10:00,2025-03-13 19:10:00;2025-03-06 19:10:00;2025-02-27 19:10:00;2025-02-20 19:10:00,4,weighted_same_weekday_4w,2025-03-20 06:00:00,36,72,False,66.56726166666681,0.0,648.0,0.0,8400.0,7680.0,66.56726166666681,120.0
2025-03-20T06:00_rolling,2025-03-20 06:00:00,2025-03-20 06:10:00,2025-03-21 06:00:00,2025-03-20 06:00:00,2025-03-20 19:20:00,800,0.0,0.0,attachment3_10min_interpolation,0.0,2025-03-20 06:00:00,observed_at_issue,719.0743433333334,2025-03-13 19:20:00,2025-03-13 19:20:00;2025-03-06 19:20:00;2025-02-27 19:20:00;2025-02-20 19:20:00,4,weighted_same_weekday_4w,2025-03-20 06:00:00,36,72,False,71.07434333333345,0.0,648.0,0.0,7680.0,6960.0,71.07434333333345,120.0
2025-03-20T06:00_rolling,2025-03-20 06:00:00,2025-03-20 06:10:00,2025-03-21 06:00:00,2025-03-20 06:00:00,2025-03-20 19:30:00,810,0.0,0.0,attachment3_10min_interpolation,0.0,2025-03-20 06:00:00,observed_at_issue,724.7158333333334,2025-03-13 19:30:00,2025-03-13 19:30:00;2025-03-06 19:30:00;2025-02-27 19:30:00;2025-02-20 19:30:00,4,weighted_same_weekday_4w,2025-03-20 06:00:00,36,72,False,76.71583333333342,0.0,648.0,0.0,6960.0,6240.0,76.71583333333342,120.0
2025-03-20T06:00_rolling,2025-03-20 06:00:00,2025-03-20 06:10:00,2025-03-21 06:00:00,2025-03-20 06:00:00,2025-03-20 19:40:00,820,0.0,0.0,attachment3_10min_interpolation,0.0,2025-03-20 06:00:00,observed_at_issue,744.2391550000002,2025-03-13 19:40:00,2025-03-13 19:40:00;2025-03-06 19:40:00;2025-02-27 19:40:00;2025-02-20 19:40:00,4,weighted_same_weekday_4w,2025-03-20 06:00:00,36,72,False,96.23915500000021,0.0,648.0,0.0,6240.0,5520.0,96.23915500000021,120.0
2025-03-20T06:00_rolling,2025-03-20 06:00:00,2025-03-20 06:10:00,2025-03-21 06:00:00,2025-03-20 06:00:00,2025-03-20 19:50:00,830,0.0,0.0,attachment3_10min_interpolation,0.0,2025-03-20 06:00:00,observed_at_issue,736.6207733333334,2025-03-13 19:50:00,2025-03-13 19:50:00;2025-03-06 19:50:00;2025-02-27 19:50:00;2025-02-20 19:50:00,4,weighted_same_weekday_4w,2025-03-20 06:00:00,36,72,False,88.62077333333343,0.0,648.0,0.0,5520.0,4800.0,88.62077333333343,120.0
2025-03-20T06:00_rolling,2025-03-20 06:00:00,2025-03-20 06:10:00,2025-03-21 06:00:00,2025-03-20 06:00:00,2025-03-20 20:00:00,840,0.0,0.0,attachment3_10min_interpolation,0.0,2025-03-20 06:00:00,observed_at_issue,714.3686666666667,2025-03-13 20:00:00,2025-03-13 20:00:00;2025-03-06 20:00:00;2025-02-27 20:00:00;2025-02-20 20:00:00,4,weighted_same_weekday_4w,2025-03-20 06:00:00,36,72,False,66.36866666666674,0.0,648.0,0.0,4800.0,4080.0,66.36866666666674,120.0
2025-03-20T06:00_rolling,2025-03-20 06:00:00,2025-03-20 06:10:00,2025-03-21 06:00:00,2025-03-20 06:00:00,2025-03-20 20:10:00,850,0.0,0.0,attachment3_10min_interpolation,0.0,2025-03-20 06:00:00,observed_at_issue,730.3801966666668,2025-03-13 20:10:00,2025-03-13 20:10:00;2025-03-06 20:10:00;2025-02-27 20:10:00;2025-02-20 20:10:00,4,weighted_same_weekday_4w,2025-03-20 06:00:00,36,72,False,82.38019666666685,0.0,648.0,0.0,4080.0,3360.0,82.38019666666685,120.0
2025-03-20T06:00_rolling,2025-03-20 06:00:00,2025-03-20 06:10:00,2025-03-21 06:00:00,2025-03-20 06:00:00,2025-03-20 20:20:00,860,0.0,0.0,attachment3_10min_interpolation,0.0,2025-03-20 06:00:00,observed_at_issue,733.1875933333334,2025-03-13 20:20:00,2025-03-13 20:20:00;2025-03-06 20:20:00;2025-02-27 20:20:00;2025-02-20 20:20:00,4,weighted_same_weekday_4w,2025-03-20 06:00:00,36,72,False,85.18759333333344,0.0,648.0,0.0,3360.0,2640.0,85.18759333333344,120.0
2025-03-20T06:00_rolling,2025-03-20 06:00:00,2025-03-20 06:10:00,2025-03-21 06:00:00,2025-03-20 06:00:00,2025-03-20 20:30:00,870,0.0,0.0,attachment3_10min_interpolation,0.0,2025-03-20 06:00:00,observed_at_issue,715.1503333333335,2025-03-13 20:30:00,2025-03-13 20:30:00;2025-03-06 20:30:00;2025-02-27 20:30:00;2025-02-20 20:30:00,4,weighted_same_weekday_4w,2025-03-20 06:00:00,36,72,False,67.15033333333349,0.0,648.0,0.0,2640.0,1920.0,67.15033333333349,120.0
2025-03-20T06:00_rolling,2025-03-20 06:00:00,2025-03-20 06:10:00,2025-03-21 06:00:00,2025-03-20 06:00:00,2025-03-20 20:40:00,880,0.0,0.0,attachment3_10min_interpolation,0.0,2025-03-20 06:00:00,observed_at_issue,723.2816450000001,2025-03-13 20:40:00,2025-03-13 20:40:00;2025-03-06 20:40:00;2025-02-27 20:40:00;2025-02-20 20:40:00,4,weighted_same_weekday_4w,2025-03-20 06:00:00,36,72,False,75.28164500000014,0.0,648.0,0.0,1920.0,1200.0,75.28164500000014,120.0
2025-03-20T06:00_rolling,2025-03-20 06:00:00,2025-03-20 06:10:00,2025-03-21 06:00:00,2025-03-20 06:00:00,2025-03-20 20:50:00,890,0.0,0.0,attachment3_10min_interpolation,0.0,2025-03-20 06:00:00,observed_at_issue,741.0302983333335,2025-03-13 20:50:00,2025-03-13 20:50:00;2025-03-06 20:50:00;2025-02-27 20:50:00;2025-02-20 20:50:00,4,weighted_same_weekday_4w,2025-03-20 06:00:00,36,72,False,741.0302983333335,0.0,0.0,0.0,1200.0,1200.0,741.0302983333335,120.0
2025-03-20T06:00_rolling,2025-03-20 06:00:00,2025-03-20 06:10:00,2025-03-21 06:00:00,2025-03-20 06:00:00,2025-03-20 21:00:00,900,0.0,0.0,attachment3_10min_interpolation,0.0,2025-03-20 06:00:00,observed_at_issue,745.4441666666668,2025-03-13 21:00:00,2025-03-13 21:00:00;2025-03-06 21:00:00;2025-02-27 21:00:00;2025-02-20 21:00:00,4,weighted_same_weekday_4w,2025-03-20 06:00:00,36,72,False,745.4441666666668,0.0,0.0,0.0,1200.0,1200.0,745.4441666666668,120.0
2025-03-20T06:00_rolling,2025-03-20 06:00:00,2025-03-20 06:10:00,2025-03-21 06:00:00,2025-03-20 06:00:00,2025-03-20 21:10:00,910,0.0,0.0,attachment3_10min_interpolation,0.0,2025-03-20 06:00:00,observed_at_issue,731.2269533333334,2025-03-13 21:10:00,2025-03-13 21:10:00;2025-03-06 21:10:00;2025-02-27 21:10:00;2025-02-20 21:10:00,4,weighted_same_weekday_4w,2025-03-20 06:00:00,36,72,False,731.2269533333334,0.0,0.0,0.0,1200.0,1200.0,731.2269533333334,120.0
2025-03-20T06:00_rolling,2025-03-20 06:00:00,2025-03-20 06:10:00,2025-03-21 06:00:00,2025-03-20 06:00:00,2025-03-20 21:20:00,920,0.0,0.0,attachment3_10min_interpolation,0.0,2025-03-20 06:00:00,observed_at_issue,721.8685050000001,2025-03-13 21:20:00,2025-03-13 21:20:00;2025-03-06 21:20:00;2025-02-27 21:20:00;2025-02-20 21:20:00,4,weighted_same_weekday_4w,2025-03-20 06:00:00,36,72,False,721.8685050000001,0.0,0.0,0.0,1200.0,1200.0,721.8685050000001,120.0
2025-03-20T06:00_rolling,2025-03-20 06:00:00,2025-03-20 06:10:00,2025-03-21 06:00:00,2025-03-20 06:00:00,2025-03-20 21:30:00,930,0.0,0.0,attachment3_10min_interpolation,0.0,2025-03-20 06:00:00,observed_at_issue,730.4093333333335,2025-03-13 21:30:00,2025-03-13 21:30:00;2025-03-06 21:30:00;2025-02-27 21:30:00;2025-02-20 21:30:00,4,weighted_same_weekday_4w,2025-03-20 06:00:00,36,72,False,730.4093333333335,0.0,0.0,0.0,1200.0,1200.0,730.4093333333335,120.0
2025-03-20T06:00_rolling,2025-03-20 06:00:00,2025-03-20 06:10:00,2025-03-21 06:00:00,2025-03-20 06:00:00,2025-03-20 21:40:00,940,0.0,0.0,attachment3_10min_interpolation,0.0,2025-03-20 06:00:00,observed_at_issue,735.6705766666669,2025-03-13 21:40:00,2025-03-13 21:40:00;2025-03-06 21:40:00;2025-02-27 21:40:00;2025-02-20 21:40:00,4,weighted_same_weekday_4w,2025-03-20 06:00:00,36,72,False,735.6705766666669,0.0,0.0,0.0,1200.0,1200.0,735.6705766666669,120.0
2025-03-20T06:00_rolling,2025-03-20 06:00:00,2025-03-20 06:10:00,2025-03-21 06:00:00,2025-03-20 06:00:00,2025-03-20 21:50:00,950,0.0,0.0,attachment3_10min_interpolation,0.0,2025-03-20 06:00:00,observed_at_issue,656.2605316666668,2025-03-13 21:50:00,2025-03-13 21:50:00;2025-03-06 21:50:00;2025-02-27 21:50:00;2025-02-20 21:50:00,4,weighted_same_weekday_4w,2025-03-20 06:00:00,36,72,False,656.2605316666668,0.0,0.0,0.0,1200.0,1200.0,656.2605316666668,120.0
2025-03-20T06:00_rolling,2025-03-20 06:00:00,2025-03-20 06:10:00,2025-03-21 06:00:00,2025-03-20 06:00:00,2025-03-20 22:00:00,960,0.0,0.0,attachment3_10min_interpolation,0.0,2025-03-20 06:00:00,observed_at_issue,544.546,2025-03-13 22:00:00,2025-03-13 22:00:00;2025-03-06 22:00:00;2025-02-27 22:00:00;2025-02-20 22:00:00,4,weighted_same_weekday_4w,2025-03-20 06:00:00,36,72,False,544.546,0.0,0.0,0.0,1200.0,1200.0,544.546,120.0
2025-03-20T06:00_rolling,2025-03-20 06:00:00,2025-03-20 06:10:00,2025-03-21 06:00:00,2025-03-20 06:00:00,2025-03-20 22:10:00,970,0.0,0.0,attachment3_10min_interpolation,0.0,2025-03-20 06:00:00,observed_at_issue,542.7267066666668,2025-03-13 22:10:00,2025-03-13 22:10:00;2025-03-06 22:10:00;2025-02-27 22:10:00;2025-02-20 22:10:00,4,weighted_same_weekday_4w,2025-03-20 06:00:00,36,72,False,542.7267066666668,0.0,0.0,0.0,1200.0,1200.0,542.7267066666668,120.0
2025-03-20T06:00_rolling,2025-03-20 06:00:00,2025-03-20 06:10:00,2025-03-21 06:00:00,2025-03-20 06:00:00,2025-03-20 22:20:00,980,0.0,0.0,attachment3_10min_interpolation,0.0,2025-03-20 06:00:00,observed_at_issue,562.2563383333335,2025-03-13 22:20:00,2025-03-13 22:20:00;2025-03-06 22:20:00;2025-02-27 22:20:00;2025-02-20 22:20:00,4,weighted_same_weekday_4w,2025-03-20 06:00:00,36,72,False,562.2563383333335,0.0,0.0,0.0,1200.0,1200.0,562.2563383333335,120.0
2025-03-20T06:00_rolling,2025-03-20 06:00:00,2025-03-20 06:10:00,2025-03-21 06:00:00,2025-03-20 06:00:00,2025-03-20 22:30:00,990,0.0,0.0,attachment3_10min_interpolation,0.0,2025-03-20 06:00:00,observed_at_issue,555.3395,2025-03-13 22:30:00,2025-03-13 22:30:00;2025-03-06 22:30:00;2025-02-27 22:30:00;2025-02-20 22:30:00,4,weighted_same_weekday_4w,2025-03-20 06:00:00,36,72,False,555.3395,0.0,0.0,0.0,1200.0,1200.0,555.3395,120.0
2025-03-20T06:00_rolling,2025-03-20 06:00:00,2025-03-20 06:10:00,2025-03-21 06:00:00,2025-03-20 06:00:00,2025-03-20 22:40:00,1000,0.0,0.0,attachment3_10min_interpolation,0.0,2025-03-20 06:00:00,observed_at_issue,560.4827366666667,2025-03-13 22:40:00,2025-03-13 22:40:00;2025-03-06 22:40:00;2025-02-27 22:40:00;2025-02-20 22:40:00,4,weighted_same_weekday_4w,2025-03-20 06:00:00,36,72,False,560.4827366666667,0.0,0.0,0.0,1200.0,1200.0,560.4827366666667,120.0
2025-03-20T06:00_rolling,2025-03-20 06:00:00,2025-03-20 06:10:00,2025-03-21 06:00:00,2025-03-20 06:00:00,2025-03-20 22:50:00,1010,0.0,0.0,attachment3_10min_interpolation,0.0,2025-03-20 06:00:00,observed_at_issue,562.5004500000001,2025-03-13 22:50:00,2025-03-13 22:50:00;2025-03-06 22:50:00;2025-02-27 22:50:00;2025-02-20 22:50:00,4,weighted_same_weekday_4w,2025-03-20 06:00:00,36,72,False,562.5004500000001,0.0,0.0,0.0,1200.0,1200.0,562.5004500000001,120.0
2025-03-20T06:00_rolling,2025-03-20 06:00:00,2025-03-20 06:10:00,2025-03-21 06:00:00,2025-03-20 06:00:00,2025-03-20 23:00:00,1020,0.0,0.0,attachment3_10min_interpolation,0.0,2025-03-20 06:00:00,observed_at_issue,563.133,2025-03-13 23:00:00,2025-03-13 23:00:00;2025-03-06 23:00:00;2025-02-27 23:00:00;2025-02-20 23:00:00,4,weighted_same_weekday_4w,2025-03-20 06:00:00,36,72,False,563.133,0.0,0.0,0.0,1200.0,1200.0,563.133,120.0
2025-03-20T06:00_rolling,2025-03-20 06:00:00,2025-03-20 06:10:00,2025-03-21 06:00:00,2025-03-20 06:00:00,2025-03-20 23:10:00,1030,0.0,0.0,attachment3_10min_interpolation,0.0,2025-03-20 06:00:00,observed_at_issue,580.4857116666668,2025-03-13 23:10:00,2025-03-13 23:10:00;2025-03-06 23:10:00;2025-02-27 23:10:00;2025-02-20 23:10:00,4,weighted_same_weekday_4w,2025-03-20 06:00:00,36,72,False,580.4857116666668,0.0,0.0,0.0,1200.0,1200.0,580.4857116666668,120.0
2025-03-20T06:00_rolling,2025-03-20 06:00:00,2025-03-20 06:10:00,2025-03-21 06:00:00,2025-03-20 06:00:00,2025-03-20 23:20:00,1040,0.0,0.0,attachment3_10min_interpolation,0.0,2025-03-20 06:00:00,observed_at_issue,575.1340683333335,2025-03-13 23:20:00,2025-03-13 23:20:00;2025-03-06 23:20:00;2025-02-27 23:20:00;2025-02-20 23:20:00,4,weighted_same_weekday_4w,2025-03-20 06:00:00,36,72,False,575.1340683333335,0.0,0.0,0.0,1200.0,1200.0,575.1340683333335,120.0
2025-03-20T06:00_rolling,2025-03-20 06:00:00,2025-03-20 06:10:00,2025-03-21 06:00:00,2025-03-20 06:00:00,2025-03-20 23:30:00,1050,0.0,0.0,attachment3_10min_interpolation,0.0,2025-03-20 06:00:00,observed_at_issue,556.7441666666668,2025-03-13 23:30:00,2025-03-13 23:30:00;2025-03-06 23:30:00;2025-02-27 23:30:00;2025-02-20 23:30:00,4,weighted_same_weekday_4w,2025-03-20 06:00:00,36,72,False,556.7441666666668,0.0,0.0,0.0,1200.0,1200.0,556.7441666666668,120.0
2025-03-20T06:00_rolling,2025-03-20 06:00:00,2025-03-20 06:10:00,2025-03-21 06:00:00,2025-03-20 06:00:00,2025-03-20 23:40:00,1060,0.0,0.0,attachment3_10min_interpolation,0.0,2025-03-20 06:00:00,observed_at_issue,564.6570833333334,2025-03-13 23:40:00,2025-03-13 23:40:00;2025-03-06 23:40:00;2025-02-27 23:40:00;2025-02-20 23:40:00,4,weighted_same_weekday_4w,2025-03-20 06:00:00,36,72,False,564.6570833333334,0.0,0.0,0.0,1200.0,1200.0,564.6570833333334,120.0
2025-03-20T06:00_rolling,2025-03-20 06:00:00,2025-03-20 06:10:00,2025-03-21 06:00:00,2025-03-20 06:00:00,2025-03-20 23:50:00,1070,0.0,0.0,attachment3_10min_interpolation,0.0,2025-03-20 06:00:00,observed_at_issue,508.17612166666675,2025-03-13 23:50:00,2025-03-13 23:50:00;2025-03-06 23:50:00;2025-02-27 23:50:00;2025-02-20 23:50:00,4,weighted_same_weekday_4w,2025-03-20 06:00:00,36,72,False,508.17612166666675,0.0,0.0,0.0,1200.0,1200.0,508.17612166666675,120.0
2025-03-20T06:00_rolling,2025-03-20 06:00:00,2025-03-20 06:10:00,2025-03-21 06:00:00,2025-03-20 06:00:00,2025-03-21 00:00:00,1080,0.0,0.0,attachment3_10min_interpolation,0.0,2025-03-20 06:00:00,observed_at_issue,412.1016666666667,2025-03-14 00:00:00,2025-03-14 00:00:00;2025-03-07 00:00:00;2025-02-28 00:00:00;2025-02-21 00:00:00,4,weighted_same_weekday_4w,2025-03-20 06:00:00,36,72,False,412.1016666666667,0.0,0.0,0.0,1200.0,1200.0,412.1016666666667,120.0
2025-03-20T06:00_rolling,2025-03-20 06:00:00,2025-03-20 06:10:00,2025-03-21 06:00:00,2025-03-20 06:00:00,2025-03-21 00:10:00,1090,0.0,0.0,attachment3_10min_interpolation,0.0,2025-03-20 06:00:00,observed_at_issue,402.27709333333337,2025-03-14 00:10:00,2025-03-14 00:10:00;2025-03-07 00:10:00;2025-02-28 00:10:00;2025-02-21 00:10:00,4,weighted_same_weekday_4w,2025-03-20 06:00:00,36,72,False,402.27709333333337,0.0,0.0,0.0,1200.0,1200.0,,120.0
2025-03-20T06:00_rolling,2025-03-20 06:00:00,2025-03-20 06:10:00,2025-03-21 06:00:00,2025-03-20 06:00:00,2025-03-21 00:20:00,1100,0.0,0.0,attachment3_10min_interpolation,0.0,2025-03-20 06:00:00,observed_at_issue,416.7580283333334,2025-03-14 00:20:00,2025-03-14 00:20:00;2025-03-07 00:20:00;2025-02-28 00:20:00;2025-02-21 00:20:00,4,weighted_same_weekday_4w,2025-03-20 06:00:00,36,72,False,683.4246950000002,266.6666666666667,0.0,0.0,1200.0,1440.0,,120.0
2025-03-20T06:00_rolling,2025-03-20 06:00:00,2025-03-20 06:10:00,2025-03-21 06:00:00,2025-03-20 06:00:00,2025-03-21 00:30:00,1110,0.0,0.0,attachment3_10min_interpolation,0.0,2025-03-20 06:00:00,observed_at_issue,410.351,2025-03-14 00:30:00,2025-03-14 00:30:00;2025-03-07 00:30:00;2025-02-28 00:30:00;2025-02-21 00:30:00,4,weighted_same_weekday_4w,2025-03-20 06:00:00,36,72,False,410.351,0.0,0.0,0.0,1440.0,1440.0,,120.0
2025-03-20T06:00_rolling,2025-03-20 06:00:00,2025-03-20 06:10:00,2025-03-21 06:00:00,2025-03-20 06:00:00,2025-03-21 00:40:00,1120,0.0,0.0,attachment3_10min_interpolation,0.0,2025-03-20 06:00:00,observed_at_issue,403.41860500000007,2025-03-14 00:40:00,2025-03-14 00:40:00;2025-03-07 00:40:00;2025-02-28 00:40:00;2025-02-21 00:40:00,4,weighted_same_weekday_4w,2025-03-20 06:00:00,36,72,False,403.41860500000007,0.0,0.0,0.0,1440.0,1440.0,,120.0
2025-03-20T06:00_rolling,2025-03-20 06:00:00,2025-03-20 06:10:00,2025-03-21 06:00:00,2025-03-20 06:00:00,2025-03-21 00:50:00,1130,0.0,0.0,attachment3_10min_interpolation,0.0,2025-03-20 06:00:00,observed_at_issue,415.7439383333334,2025-03-14 00:50:00,2025-03-14 00:50:00;2025-03-07 00:50:00;2025-02-28 00:50:00;2025-02-21 00:50:00,4,weighted_same_weekday_4w,2025-03-20 06:00:00,36,72,False,415.7439383333334,0.0,0.0,0.0,1440.0,1440.0,,120.0
2025-03-20T06:00_rolling,2025-03-20 06:00:00,2025-03-20 06:10:00,2025-03-21 06:00:00,2025-03-20 06:00:00,2025-03-21 01:00:00,1140,0.0,0.0,attachment3_10min_interpolation,0.0,2025-03-20 06:00:00,observed_at_issue,432.6726666666667,2025-03-14 01:00:00,2025-03-14 01:00:00;2025-03-07 01:00:00;2025-02-28 01:00:00;2025-02-21 01:00:00,4,weighted_same_weekday_4w,2025-03-20 06:00:00,36,72,False,432.6726666666667,0.0,0.0,0.0,1440.0,1440.0,,120.0
2025-03-20T06:00_rolling,2025-03-20 06:00:00,2025-03-20 06:10:00,2025-03-21 06:00:00,2025-03-20 06:00:00,2025-03-21 01:10:00,1150,0.0,0.0,attachment3_10min_interpolation,0.0,2025-03-20 06:00:00,observed_at_issue,421.4918783333334,2025-03-14 01:10:00,2025-03-14 01:10:00;2025-03-07 01:10:00;2025-02-28 01:10:00;2025-02-21 01:10:00,4,weighted_same_weekday_4w,2025-03-20 06:00:00,36,72,False,421.4918783333334,0.0,0.0,0.0,1440.0,1440.0,,120.0
2025-03-20T06:00_rolling,2025-03-20 06:00:00,2025-03-20 06:10:00,2025-03-21 06:00:00,2025-03-20 06:00:00,2025-03-21 01:20:00,1160,0.0,0.0,attachment3_10min_interpolation,0.0,2025-03-20 06:00:00,observed_at_issue,410.3247966666667,2025-03-14 01:20:00,2025-03-14 01:20:00;2025-03-07 01:20:00;2025-02-28 01:20:00;2025-02-21 01:20:00,4,weighted_same_weekday_4w,2025-03-20 06:00:00,36,72,False,410.3247966666667,0.0,0.0,0.0,1440.0,1440.0,,120.0
2025-03-20T06:00_rolling,2025-03-20 06:00:00,2025-03-20 06:10:00,2025-03-21 06:00:00,2025-03-20 06:00:00,2025-03-21 01:30:00,1170,0.0,0.0,attachment3_10min_interpolation,0.0,2025-03-20 06:00:00,observed_at_issue,414.9380000000001,2025-03-14 01:30:00,2025-03-14 01:30:00;2025-03-07 01:30:00;2025-02-28 01:30:00;2025-02-21 01:30:00,4,weighted_same_weekday_4w,2025-03-20 06:00:00,36,72,False,414.9380000000001,0.0,0.0,0.0,1440.0,1440.0,,120.0
2025-03-20T06:00_rolling,2025-03-20 06:00:00,2025-03-20 06:10:00,2025-03-21 06:00:00,2025-03-20 06:00:00,2025-03-21 01:40:00,1180,0.0,0.0,attachment3_10min_interpolation,0.0,2025-03-20 06:00:00,observed_at_issue,424.9098300000001,2025-03-14 01:40:00,2025-03-14 01:40:00;2025-03-07 01:40:00;2025-02-28 01:40:00;2025-02-21 01:40:00,4,weighted_same_weekday_4w,2025-03-20 06:00:00,36,72,False,424.9098300000001,0.0,0.0,0.0,1440.0,1440.0,,120.0
2025-03-20T06:00_rolling,2025-03-20 06:00:00,2025-03-20 06:10:00,2025-03-21 06:00:00,2025-03-20 06:00:00,2025-03-21 01:50:00,1190,0.0,0.0,attachment3_10min_interpolation,0.0,2025-03-20 06:00:00,observed_at_issue,436.5707900000001,2025-03-14 01:50:00,2025-03-14 01:50:00;2025-03-07 01:50:00;2025-02-28 01:50:00;2025-02-21 01:50:00,4,weighted_same_weekday_4w,2025-03-20 06:00:00,36,72,False,436.5707900000001,0.0,0.0,0.0,1440.0,1440.0,,120.0
2025-03-20T06:00_rolling,2025-03-20 06:00:00,2025-03-20 06:10:00,2025-03-21 06:00:00,2025-03-20 06:00:00,2025-03-21 02:00:00,1200,0.0,0.0,attachment3_10min_interpolation,0.0,2025-03-20 06:00:00,observed_at_issue,442.9325,2025-03-14 02:00:00,2025-03-14 02:00:00;2025-03-07 02:00:00;2025-02-28 02:00:00;2025-02-21 02:00:00,4,weighted_same_weekday_4w,2025-03-20 06:00:00,36,72,False,442.9325,0.0,0.0,0.0,1440.0,1440.0,,120.0
2025-03-20T06:00_rolling,2025-03-20 06:00:00,2025-03-20 06:10:00,2025-03-21 06:00:00,2025-03-20 06:00:00,2025-03-21 02:10:00,1210,0.0,0.0,attachment3_10min_interpolation,0.0,2025-03-20 06:00:00,observed_at_issue,435.86525166666684,2025-03-14 02:10:00,2025-03-14 02:10:00;2025-03-07 02:10:00;2025-02-28 02:10:00;2025-02-21 02:10:00,4,weighted_same_weekday_4w,2025-03-20 06:00:00,36,72,False,435.86525166666684,0.0,0.0,0.0,1440.0,1440.0,,120.0
2025-03-20T06:00_rolling,2025-03-20 06:00:00,2025-03-20 06:10:00,2025-03-21 06:00:00,2025-03-20 06:00:00,2025-03-21 02:20:00,1220,0.0,0.0,attachment3_10min_interpolation,0.0,2025-03-20 06:00:00,observed_at_issue,423.8823333333334,2025-03-14 02:20:00,2025-03-14 02:20:00;2025-03-07 02:20:00;2025-02-28 02:20:00;2025-02-21 02:20:00,4,weighted_same_weekday_4w,2025-03-20 06:00:00,36,72,False,423.8823333333334,0.0,0.0,0.0,1440.0,1440.0,,120.0
2025-03-20T06:00_rolling,2025-03-20 06:00:00,2025-03-20 06:10:00,2025-03-21 06:00:00,2025-03-20 06:00:00,2025-03-21 02:30:00,1230,0.0,0.0,attachment3_10min_interpolation,0.0,2025-03-20 06:00:00,observed_at_issue,418.6411666666668,2025-03-14 02:30:00,2025-03-14 02:30:00;2025-03-07 02:30:00;2025-02-28 02:30:00;2025-02-21 02:30:00,4,weighted_same_weekday_4w,2025-03-20 06:00:00,36,72,False,418.6411666666668,0.0,0.0,0.0,1440.0,1440.0,,120.0
2025-03-20T06:00_rolling,2025-03-20 06:00:00,2025-03-20 06:10:00,2025-03-21 06:00:00,2025-03-20 06:00:00,2025-03-21 02:40:00,1240,0.0,0.0,attachment3_10min_interpolation,0.0,2025-03-20 06:00:00,observed_at_issue,426.03642833333345,2025-03-14 02:40:00,2025-03-14 02:40:00;2025-03-07 02:40:00;2025-02-28 02:40:00;2025-02-21 02:40:00,4,weighted_same_weekday_4w,2025-03-20 06:00:00,36,72,False,426.03642833333345,0.0,0.0,0.0,1440.0,1440.0,,120.0
2025-03-20T06:00_rolling,2025-03-20 06:00:00,2025-03-20 06:10:00,2025-03-21 06:00:00,2025-03-20 06:00:00,2025-03-21 02:50:00,1250,0.0,0.0,attachment3_10min_interpolation,0.0,2025-03-20 06:00:00,observed_at_issue,433.88072166666666,2025-03-14 02:50:00,2025-03-14 02:50:00;2025-03-07 02:50:00;2025-02-28 02:50:00;2025-02-21 02:50:00,4,weighted_same_weekday_4w,2025-03-20 06:00:00,36,72,False,433.88072166666666,0.0,0.0,0.0,1440.0,1440.0,,120.0
2025-03-20T06:00_rolling,2025-03-20 06:00:00,2025-03-20 06:10:00,2025-03-21 06:00:00,2025-03-20 06:00:00,2025-03-21 03:00:00,1260,0.0,0.0,attachment3_10min_interpolation,0.0,2025-03-20 06:00:00,observed_at_issue,440.69833333333344,2025-03-14 03:00:00,2025-03-14 03:00:00;2025-03-07 03:00:00;2025-02-28 03:00:00;2025-02-21 03:00:00,4,weighted_same_weekday_4w,2025-03-20 06:00:00,36,72,False,440.69833333333344,0.0,0.0,0.0,1440.0,1440.0,,120.0
2025-03-20T06:00_rolling,2025-03-20 06:00:00,2025-03-20 06:10:00,2025-03-21 06:00:00,2025-03-20 06:00:00,2025-03-21 03:10:00,1270,0.0,0.0,attachment3_10min_interpolation,0.0,2025-03-20 06:00:00,observed_at_issue,453.6141116666667,2025-03-14 03:10:00,2025-03-14 03:10:00;2025-03-07 03:10:00;2025-02-28 03:10:00;2025-02-21 03:10:00,4,weighted_same_weekday_4w,2025-03-20 06:00:00,36,72,False,453.6141116666667,0.0,0.0,0.0,1440.0,1440.0,,120.0
2025-03-20T06:00_rolling,2025-03-20 06:00:00,2025-03-20 06:10:00,2025-03-21 06:00:00,2025-03-20 06:00:00,2025-03-21 03:20:00,1280,0.0,0.0,attachment3_10min_interpolation,0.0,2025-03-20 06:00:00,observed_at_issue,454.3212783333334,2025-03-14 03:20:00,2025-03-14 03:20:00;2025-03-07 03:20:00;2025-02-28 03:20:00;2025-02-21 03:20:00,4,weighted_same_weekday_4w,2025-03-20 06:00:00,36,72,False,454.3212783333334,0.0,0.0,0.0,1440.0,1440.0,,120.0
2025-03-20T06:00_rolling,2025-03-20 06:00:00,2025-03-20 06:10:00,2025-03-21 06:00:00,2025-03-20 06:00:00,2025-03-21 03:30:00,1290,0.0,0.0,attachment3_10min_interpolation,0.0,2025-03-20 06:00:00,observed_at_issue,441.81566666666674,2025-03-14 03:30:00,2025-03-14 03:30:00;2025-03-07 03:30:00;2025-02-28 03:30:00;2025-02-21 03:30:00,4,weighted_same_weekday_4w,2025-03-20 06:00:00,36,72,False,441.81566666666674,0.0,0.0,0.0,1440.0,1440.0,,120.0
2025-03-20T06:00_rolling,2025-03-20 06:00:00,2025-03-20 06:10:00,2025-03-21 06:00:00,2025-03-20 06:00:00,2025-03-21 03:40:00,1300,0.0,0.0,attachment3_10min_interpolation,0.0,2025-03-20 06:00:00,observed_at_issue,436.3430216666667,2025-03-14 03:40:00,2025-03-14 03:40:00;2025-03-07 03:40:00;2025-02-28 03:40:00;2025-02-21 03:40:00,4,weighted_same_weekday_4w,2025-03-20 06:00:00,36,72,False,436.3430216666667,0.0,0.0,0.0,1440.0,1440.0,,120.0
2025-03-20T06:00_rolling,2025-03-20 06:00:00,2025-03-20 06:10:00,2025-03-21 06:00:00,2025-03-20 06:00:00,2025-03-21 03:50:00,1310,0.0,0.0,attachment3_10min_interpolation,0.0,2025-03-20 06:00:00,observed_at_issue,447.1559983333334,2025-03-14 03:50:00,2025-03-14 03:50:00;2025-03-07 03:50:00;2025-02-28 03:50:00;2025-02-21 03:50:00,4,weighted_same_weekday_4w,2025-03-20 06:00:00,36,72,False,447.1559983333334,0.0,0.0,0.0,1440.0,1440.0,,120.0
2025-03-20T06:00_rolling,2025-03-20 06:00:00,2025-03-20 06:10:00,2025-03-21 06:00:00,2025-03-20 06:00:00,2025-03-21 04:00:00,1320,0.0,0.0,attachment3_10min_interpolation,0.0,2025-03-20 06:00:00,observed_at_issue,465.00350000000003,2025-03-14 04:00:00,2025-03-14 04:00:00;2025-03-07 04:00:00;2025-02-28 04:00:00;2025-02-21 04:00:00,4,weighted_same_weekday_4w,2025-03-20 06:00:00,36,72,False,465.00350000000003,0.0,0.0,0.0,1440.0,1440.0,,120.0
2025-03-20T06:00_rolling,2025-03-20 06:00:00,2025-03-20 06:10:00,2025-03-21 06:00:00,2025-03-20 06:00:00,2025-03-21 04:10:00,1330,0.0,0.0,attachment3_10min_interpolation,0.0,2025-03-20 06:00:00,observed_at_issue,469.8229233333334,2025-03-14 04:10:00,2025-03-14 04:10:00;2025-03-07 04:10:00;2025-02-28 04:10:00;2025-02-21 04:10:00,4,weighted_same_weekday_4w,2025-03-20 06:00:00,36,72,False,469.8229233333334,0.0,0.0,0.0,1440.0,1440.0,,120.0
2025-03-20T06:00_rolling,2025-03-20 06:00:00,2025-03-20 06:10:00,2025-03-21 06:00:00,2025-03-20 06:00:00,2025-03-21 04:20:00,1340,0.0,0.0,attachment3_10min_interpolation,0.0,2025-03-20 06:00:00,observed_at_issue,460.86022,2025-03-14 04:20:00,2025-03-14 04:20:00;2025-03-07 04:20:00;2025-02-28 04:20:00;2025-02-21 04:20:00,4,weighted_same_weekday_4w,2025-03-20 06:00:00,36,72,False,460.86022,0.0,0.0,0.0,1440.0,1440.0,,120.0
2025-03-20T06:00_rolling,2025-03-20 06:00:00,2025-03-20 06:10:00,2025-03-21 06:00:00,2025-03-20 06:00:00,2025-03-21 04:30:00,1350,0.0,0.0,attachment3_10min_interpolation,0.0,2025-03-20 06:00:00,observed_at_issue,455.5621666666667,2025-03-14 04:30:00,2025-03-14 04:30:00;2025-03-07 04:30:00;2025-02-28 04:30:00;2025-02-21 04:30:00,4,weighted_same_weekday_4w,2025-03-20 06:00:00,36,72,False,455.5621666666667,0.0,0.0,0.0,1440.0,1440.0,,120.0
2025-03-20T06:00_rolling,2025-03-20 06:00:00,2025-03-20 06:10:00,2025-03-21 06:00:00,2025-03-20 06:00:00,2025-03-21 04:40:00,1360,0.0,0.0,attachment3_10min_interpolation,0.0,2025-03-20 06:00:00,observed_at_issue,472.28258666666676,2025-03-14 04:40:00,2025-03-14 04:40:00;2025-03-07 04:40:00;2025-02-28 04:40:00;2025-02-21 04:40:00,4,weighted_same_weekday_4w,2025-03-20 06:00:00,36,72,False,472.28258666666676,0.0,0.0,0.0,1440.0,1440.0,,120.0
2025-03-20T06:00_rolling,2025-03-20 06:00:00,2025-03-20 06:10:00,2025-03-21 06:00:00,2025-03-20 06:00:00,2025-03-21 04:50:00,1370,0.0,0.0,attachment3_10min_interpolation,0.0,2025-03-20 06:00:00,observed_at_issue,481.5689550000001,2025-03-14 04:50:00,2025-03-14 04:50:00;2025-03-07 04:50:00;2025-02-28 04:50:00;2025-02-21 04:50:00,4,weighted_same_weekday_4w,2025-03-20 06:00:00,36,72,False,481.5689550000001,0.0,0.0,0.0,1440.0,1440.0,,120.0
2025-03-20T06:00_rolling,2025-03-20 06:00:00,2025-03-20 06:10:00,2025-03-21 06:00:00,2025-03-20 06:00:00,2025-03-21 05:00:00,1380,0.0,0.0,attachment3_10min_interpolation,0.0,2025-03-20 06:00:00,observed_at_issue,473.2541666666667,2025-03-14 05:00:00,2025-03-14 05:00:00;2025-03-07 05:00:00;2025-02-28 05:00:00;2025-02-21 05:00:00,4,weighted_same_weekday_4w,2025-03-20 06:00:00,36,72,False,473.2541666666667,0.0,0.0,0.0,1440.0,1440.0,,120.0
2025-03-20T06:00_rolling,2025-03-20 06:00:00,2025-03-20 06:10:00,2025-03-21 06:00:00,2025-03-20 06:00:00,2025-03-21 05:10:00,1390,0.0,0.0,attachment3_10min_interpolation,0.0,2025-03-20 06:00:00,observed_at_issue,465.2881350000001,2025-03-14 05:10:00,2025-03-14 05:10:00;2025-03-07 05:10:00;2025-02-28 05:10:00;2025-02-21 05:10:00,4,weighted_same_weekday_4w,2025-03-20 06:00:00,36,72,False,465.2881350000001,0.0,0.0,0.0,1440.0,1440.0,,120.0
2025-03-20T06:00_rolling,2025-03-20 06:00:00,2025-03-20 06:10:00,2025-03-21 06:00:00,2025-03-20 06:00:00,2025-03-21 05:20:00,1400,0.0,0.0,attachment3_10min_interpolation,0.0,2025-03-20 06:00:00,observed_at_issue,462.4643166666667,2025-03-14 05:20:00,2025-03-14 05:20:00;2025-03-07 05:20:00;2025-02-28 05:20:00;2025-02-21 05:20:00,4,weighted_same_weekday_4w,2025-03-20 06:00:00,36,72,False,462.4643166666667,0.0,0.0,0.0,1440.0,1440.0,,120.0
2025-03-20T06:00_rolling,2025-03-20 06:00:00,2025-03-20 06:10:00,2025-03-21 06:00:00,2025-03-20 06:00:00,2025-03-21 05:30:00,1410,0.0,0.0,attachment3_10min_interpolation,0.0,2025-03-20 06:00:00,observed_at_issue,463.7566666666668,2025-03-14 05:30:00,2025-03-14 05:30:00;2025-03-07 05:30:00;2025-02-28 05:30:00;2025-02-21 05:30:00,4,weighted_same_weekday_4w,2025-03-20 06:00:00,36,72,False,463.7566666666668,0.0,0.0,0.0,1440.0,1440.0,,120.0
2025-03-20T06:00_rolling,2025-03-20 06:00:00,2025-03-20 06:10:00,2025-03-21 06:00:00,2025-03-20 06:00:00,2025-03-21 05:40:00,1420,0.0,0.0,attachment3_10min_interpolation,0.0,2025-03-20 06:00:00,observed_at_issue,467.4539666666667,2025-03-14 05:40:00,2025-03-14 05:40:00;2025-03-07 05:40:00;2025-02-28 05:40:00;2025-02-21 05:40:00,4,weighted_same_weekday_4w,2025-03-20 06:00:00,36,72,False,1267.4539666666667,800.0,0.0,0.0,1440.0,2160.0,,120.0
2025-03-20T06:00_rolling,2025-03-20 06:00:00,2025-03-20 06:10:00,2025-03-21 06:00:00,2025-03-20 06:00:00,2025-03-21 05:50:00,1430,0.0,0.0,attachment3_10min_interpolation,0.0,2025-03-20 06:00:00,observed_at_issue,477.1959983333335,2025-03-14 05:50:00,2025-03-14 05:50:00;2025-03-07 05:50:00;2025-02-28 05:50:00;2025-02-21 05:50:00,4,weighted_same_weekday_4w,2025-03-20 06:00:00,36,72,False,45.19599833333348,0.0,432.0,0.0,2160.0,1680.0,,120.0
2025-03-20T06:00_rolling,2025-03-20 06:00:00,2025-03-20 06:10:00,2025-03-21 06:00:00,2025-03-20 06:00:00,2025-03-21 06:00:00,1440,0.0,0.0,attachment3_10min_interpolation,0.0,2025-03-20 06:00:00,observed_at_issue,483.1788333333334,2025-03-14 06:00:00,2025-03-14 06:00:00;2025-03-07 06:00:00;2025-02-28 06:00:00;2025-02-21 06:00:00,4,weighted_same_weekday_4w,2025-03-20 06:00:00,36,72,False,51.17883333333339,0.0,432.0,0.0,1680.0,1200.0,,120.0
2025-03-20T12:00_rolling,2025-03-20 12:00:00,2025-03-20 12:10:00,2025-03-21 12:00:00,2025-03-20 12:00:00,2025-03-20 12:10:00,10,7785.682116666667,1297.613686111111,observed_anchor_linear_to_h1,7818.45,2025-03-20 12:00:00,observed_at_issue,1006.0320283333334,2025-03-13 12:10:00,2025-03-13 12:10:00;2025-03-06 12:10:00;2025-02-27 12:10:00;2025-02-20 12:10:00,4,weighted_same_weekday_4w,2025-03-20 12:00:00,72,108,True,508.41834222222235,800.0,0.0,0.0,5520.0,6240.0,539.9939088888892,120.0
2025-03-20T12:00_rolling,2025-03-20 12:00:00,2025-03-20 12:10:00,2025-03-21 12:00:00,2025-03-20 12:00:00,2025-03-20 12:20:00,20,7752.914233333333,1292.152372222222,observed_anchor_linear_to_h1,7818.45,2025-03-20 12:00:00,observed_at_issue,1011.4047150000001,2025-03-13 12:20:00,2025-03-13 12:20:00;2025-03-06 12:20:00;2025-02-27 12:20:00;2025-02-20 12:20:00,4,weighted_same_weekday_4w,2025-03-20 12:00:00,72,108,True,519.252342777778,800.0,0.0,0.0,6240.0,6960.0,587.1517761111111,120.0
2025-03-20T12:00_rolling,2025-03-20 12:00:00,2025-03-20 12:10:00,2025-03-21 12:00:00,2025-03-20 12:00:00,2025-03-20 12:30:00,30,7720.14635,1286.6910583333333,observed_anchor_linear_to_h1,7818.45,2025-03-20 12:00:00,observed_at_issue,1015.4656666666668,2025-03-13 12:30:00,2025-03-13 12:30:00;2025-03-06 12:30:00;2025-02-27 12:30:00;2025-02-20 12:30:00,4,weighted_same_weekday_4w,2025-03-20 12:00:00,72,108,True,528.7746083333335,800.0,0.0,0.0,6960.0,7680.0,632.9979083333334,120.0
2025-03-20T12:00_rolling,2025-03-20 12:00:00,2025-03-20 12:10:00,2025-03-21 12:00:00,2025-03-20 12:00:00,2025-03-20 12:40:00,40,7687.378466666667,1281.2297444444446,observed_anchor_linear_to_h1,7818.45,2025-03-20 12:00:00,observed_at_issue,998.4924833333334,2025-03-13 12:40:00,2025-03-13 12:40:00;2025-03-06 12:40:00;2025-02-27 12:40:00;2025-02-20 12:40:00,4,weighted_same_weekday_4w,2025-03-20 12:00:00,72,108,True,517.2627388888889,800.0,0.0,0.0,7680.0,8400.0,657.8099055555556,120.0
2025-03-20T12:00_rolling,2025-03-20 12:00:00,2025-03-20 12:10:00,2025-03-21 12:00:00,2025-03-20 12:00:00,2025-03-20 12:50:00,50,7654.610583333333,1275.7684305555556,observed_anchor_linear_to_h1,7818.45,2025-03-20 12:00:00,observed_at_issue,1006.8346083333336,2025-03-13 12:50:00,2025-03-13 12:50:00;2025-03-06 12:50:00;2025-02-27 12:50:00;2025-02-20 12:50:00,4,weighted_same_weekday_4w,2025-03-20 12:00:00,72,108,True,0.0,266.6666666666667,0.0,2.267155555555348,8400.0,8640.0,41.27054444444465,120.0
2025-03-20T12:00_rolling,2025-03-20 12:00:00,2025-03-20 12:10:00,2025-03-21 12:00:00,2025-03-20 12:00:00,2025-03-20 13:00:00,60,7621.8427,1270.3071166666666,attachment3_10min_interpolation,7818.45,2025-03-20 12:00:00,observed_at_issue,1045.6580000000001,2025-03-13 13:00:00,2025-03-13 13:00:00;2025-03-06 13:00:00;2025-02-27 13:00:00;2025-02-20 13:00:00,4,weighted_same_weekday_4w,2025-03-20 12:00:00,72,108,True,0.0,133.33333333333334,0.0,91.31578333333314,8640.0,8760.0,0.0,120.0
2025-03-20T12:00_rolling,2025-03-20 12:00:00,2025-03-20 12:10:00,2025-03-21 12:00:00,2025-03-20 12:00:00,2025-03-20 13:10:00,70,7499.5652,1249.9275333333333,attachment3_10min_interpolation,7818.45,2025-03-20 12:00:00,observed_at_issue,1070.3175416666668,2025-03-13 13:10:00,2025-03-13 13:10:00;2025-03-06 13:10:00;2025-02-27 13:10:00;2025-02-20 13:10:00,4,weighted_same_weekday_4w,2025-03-20 12:00:00,72,108,True,0.0,133.33333333333334,0.0,46.27665833333313,8760.0,8880.0,25.85646944444443,120.0
2025-03-20T12:00_rolling,2025-03-20 12:00:00,2025-03-20 12:10:00,2025-03-21 12:00:00,2025-03-20 12:00:00,2025-03-20 13:20:00,80,7377.2877,1229.54795,attachment3_10min_interpolation,7818.45,2025-03-20 12:00:00,observed_at_issue,1069.1540633333334,2025-03-13 13:20:00,2025-03-13 13:20:00;2025-03-06 13:20:00;2025-02-27 13:20:00;2025-02-20 13:20:00,4,weighted_same_weekday_4w,2025-03-20 12:00:00,72,108,True,0.0,133.33333333333334,0.0,27.06055333333316,8880.0,9000.0,37.34413555555557,120.0
2025-03-20T12:00_rolling,2025-03-20 12:00:00,2025-03-20 12:10:00,2025-03-21 12:00:00,2025-03-20 12:00:00,2025-03-20 13:30:00,90,7255.010200000001,1209.1683666666668,attachment3_10min_interpolation,7818.45,2025-03-20 12:00:00,observed_at_issue,1058.8096666666668,2025-03-13 13:30:00,2025-03-13 13:30:00;2025-03-06 13:30:00;2025-02-27 13:30:00;2025-02-20 13:30:00,4,weighted_same_weekday_4w,2025-03-20 12:00:00,72,108,True,0.0,133.33333333333334,0.0,17.025366666666656,9000.0,9120.0,39.650883333333354,120.0
2025-03-20T12:00_rolling,2025-03-20 12:00:00,2025-03-20 12:10:00,2025-03-21 12:00:00,2025-03-20 12:00:00,2025-03-20 13:40:00,100,7132.7327000000005,1188.7887833333334,attachment3_10min_interpolation,7818.45,2025-03-20 12:00:00,observed_at_issue,1061.685885,2025-03-13 13:40:00,2025-03-13 13:40:00;2025-03-06 13:40:00;2025-02-27 13:40:00;2025-02-20 13:40:00,4,weighted_same_weekday_4w,2025-03-20 12:00:00,72,108,True,6.230435000000028,133.33333333333334,0.0,0.0,9120.0,9240.0,55.17824611111121,120.0
2025-03-20T12:00_rolling,2025-03-20 12:00:00,2025-03-20 12:10:00,2025-03-21 12:00:00,2025-03-20 12:00:00,2025-03-20 13:50:00,110,7010.4552,1168.4092,attachment3_10min_interpolation,7818.45,2025-03-20 12:00:00,observed_at_issue,1047.9271283333337,2025-03-13 13:50:00,2025-03-13 13:50:00;2025-03-06 13:50:00;2025-02-27 13:50:00;2025-02-20 13:50:00,4,weighted_same_weekday_4w,2025-03-20 12:00:00,72,108,True,12.851261666667,133.33333333333334,0.0,0.0,9240.0,9360.0,54.07063388888912,120.0
2025-03-20T12:00_rolling,2025-03-20 12:00:00,2025-03-20 12:10:00,2025-03-21 12:00:00,2025-03-20 12:00:00,2025-03-20 14:00:00,120,6888.1777,1148.0296166666667,attachment3_10min_interpolation,7818.45,2025-03-20 12:00:00,observed_at_issue,1028.5821666666668,2025-03-13 14:00:00,2025-03-13 14:00:00;2025-03-06 14:00:00;2025-02-27 14:00:00;2025-02-20 14:00:00,4,weighted_same_weekday_4w,2025-03-20 12:00:00,72,108,True,13.885883333333453,133.33333333333334,0.0,0.0,9360.0,9480.0,47.37681666666674,120.0
2025-03-20T12:00_rolling,2025-03-20 12:00:00,2025-03-20 12:10:00,2025-03-21 12:00:00,2025-03-20 12:00:00,2025-03-20 14:10:00,130,6607.66825,1101.2780416666667,attachment3_10min_interpolation,7818.45,2025-03-20 12:00:00,observed_at_issue,1044.9794000000002,2025-03-13 14:10:00,2025-03-13 14:10:00;2025-03-06 14:10:00;2025-02-27 14:10:00;2025-02-20 14:10:00,4,weighted_same_weekday_4w,2025-03-20 12:00:00,72,108,True,0.0,0.0,0.0,56.298641666666526,9480.0,9480.0,10.970650000000205,120.0
2025-03-20T12:00_rolling,2025-03-20 12:00:00,2025-03-20 12:10:00,2025-03-21 12:00:00,2025-03-20 12:00:00,2025-03-20 14:20:00,140,6327.1588,1054.5264666666667,attachment3_10min_interpolation,7818.45,2025-03-20 12:00:00,observed_at_issue,1046.1356283333334,2025-03-13 14:20:00,2025-03-13 14:20:00;2025-03-06 14:20:00;2025-02-27 14:20:00;2025-02-20 14:20:00,4,weighted_same_weekday_4w,2025-03-20 12:00:00,72,108,True,0.0,0.0,0.0,8.39083833333325,9480.0,9480.0,67.32347833333336,120.0
2025-03-20T12:00_rolling,2025-03-20 12:00:00,2025-03-20 12:10:00,2025-03-21 12:00:00,2025-03-20 12:00:00,2025-03-20 14:30:00,150,6046.64935,1007.7748916666666,attachment3_10min_interpolation,7818.45,2025-03-20 12:00:00,observed_at_issue,1032.4298333333334,2025-03-13 14:30:00,2025-03-13 14:30:00;2025-03-06 14:30:00;2025-02-27 14:30:00;2025-02-20 14:30:00,4,weighted_same_weekday_4w,2025-03-20 12:00:00,72,108,True,24.654941666666787,0.0,0.0,0.0,9480.0,9480.0,0.8142833333333783,120.0
2025-03-20T12:00_rolling,2025-03-20 12:00:00,2025-03-20 12:10:00,2025-03-21 12:00:00,2025-03-20 12:00:00,2025-03-20 14:40:00,160,5766.1399,961.0233166666667,attachment3_10min_interpolation,7818.45,2025-03-20 12:00:00,observed_at_issue,1053.4400600000001,2025-03-13 14:40:00,2025-03-13 14:40:00;2025-03-06 14:40:00;2025-02-27 14:40:00;2025-02-20 14:40:00,4,weighted_same_weekday_4w,2025-03-20 12:00:00,72,108,True,0.0,0.0,108.0,15.583256666666557,9480.0,9360.0,77.02111000000002,120.0
2025-03-20T12:00_rolling,2025-03-20 12:00:00,2025-03-20 12:10:00,2025-03-21 12:00:00,2025-03-20 12:00:00,2025-03-20 14:50:00,170,5485.63045,914.2717416666666,attachment3_10min_interpolation,7818.45,2025-03-20 12:00:00,observed_at_issue,1058.295775,2025-03-13 14:50:00,2025-03-13 14:50:00;2025-03-06 14:50:00;2025-02-27 14:50:00;2025-02-20 14:50:00,4,weighted_same_weekday_4w,2025-03-20 12:00:00,72,108,True,36.02403333333348,0.0,108.0,0.0,9360.0,9240.0,29.073425000000043,120.0
2025-03-20T12:00_rolling,2025-03-20 12:00:00,2025-03-20 12:10:00,2025-03-21 12:00:00,2025-03-20 12:00:00,2025-03-20 15:00:00,180,5205.121,867.5201666666667,attachment3_10min_interpolation,7818.45,2025-03-20 12:00:00,observed_at_issue,1036.0940000000003,2025-03-13 15:00:00,2025-03-13 15:00:00;2025-03-06 15:00:00;2025-02-27 15:00:00;2025-02-20 15:00:00,4,weighted_same_weekday_4w,2025-03-20 12:00:00,72,108,True,701.907166666667,533.3333333333334,0.0,0.0,9240.0,9720.0,786.0682500000003,120.0
2025-03-20T12:00_rolling,2025-03-20 12:00:00,2025-03-20 12:10:00,2025-03-21 12:00:00,2025-03-20 12:00:00,2025-03-20 15:10:00,190,4880.425166666667,813.4041944444444,attachment3_10min_interpolation,7818.45,2025-03-20 12:00:00,observed_at_issue,1029.312926666667,2025-03-13 15:10:00,2025-03-13 15:10:00;2025-03-06 15:10:00;2025-02-27 15:10:00;2025-02-20 15:10:00,4,weighted_same_weekday_4w,2025-03-20 12:00:00,72,108,True,1015.9087322222225,800.0,0.0,0.0,9720.0,10440.0,1222.2528100000004,120.0
2025-03-20T12:00_rolling,2025-03-20 12:00:00,2025-03-20 12:10:00,2025-03-21 12:00:00,2025-03-20 12:00:00,2025-03-20 15:20:00,200,4555.729333333334,759.2882222222223,attachment3_10min_interpolation,7818.45,2025-03-20 12:00:00,observed_at_issue,1030.9410283333336,2025-03-13 15:20:00,2025-03-13 15:20:00;2025-03-06 15:20:00;2025-02-27 15:20:00;2025-02-20 15:20:00,4,weighted_same_weekday_4w,2025-03-20 12:00:00,72,108,True,404.9861394444447,133.33333333333334,0.0,0.0,10440.0,10560.0,466.8465450000002,120.0
2025-03-20T12:00_rolling,2025-03-20 12:00:00,2025-03-20 12:10:00,2025-03-21 12:00:00,2025-03-20 12:00:00,2025-03-20 15:30:00,210,4231.0335,705.17225,attachment3_10min_interpolation,7818.45,2025-03-20 12:00:00,observed_at_issue,1034.5815000000002,2025-03-13 15:30:00,2025-03-13 15:30:00;2025-03-06 15:30:00;2025-02-27 15:30:00;2025-02-20 15:30:00,4,weighted_same_weekday_4w,2025-03-20 12:00:00,72,108,True,462.74258333333364,133.33333333333334,0.0,0.0,10560.0,10680.0,513.4526500000003,120.0
2025-03-20T12:00_rolling,2025-03-20 12:00:00,2025-03-20 12:10:00,2025-03-21 12:00:00,2025-03-20 12:00:00,2025-03-20 15:40:00,220,3906.337666666667,651.0562777777778,attachment3_10min_interpolation,7818.45,2025-03-20 12:00:00,observed_at_issue,1041.0614850000002,2025-03-13 15:40:00,2025-03-13 15:40:00;2025-03-06 15:40:00;2025-02-27 15:40:00;2025-02-20 15:40:00,4,weighted_same_weekday_4w,2025-03-20 12:00:00,72,108,True,523.3385405555557,133.33333333333334,0.0,0.0,10680.0,10800.0,562.8982683333336,120.0
2025-03-20T12:00_rolling,2025-03-20 12:00:00,2025-03-20 12:10:00,2025-03-21 12:00:00,2025-03-20 12:00:00,2025-03-20 15:50:00,230,3581.641833333333,596.9403055555555,attachment3_10min_interpolation,7818.45,2025-03-20 12:00:00,observed_at_issue,1027.0395033333334,2025-03-13 15:50:00,2025-03-13 15:50:00;2025-03-06 15:50:00;2025-02-27 15:50:00;2025-02-20 15:50:00,4,weighted_same_weekday_4w,2025-03-20 12:00:00,72,108,True,430.09919777777793,0.0,0.0,0.0,10800.0,10800.0,591.8419200000001,120.0
2025-03-20T12:00_rolling,2025-03-20 12:00:00,2025-03-20 12:10:00,2025-03-21 12:00:00,2025-03-20 12:00:00,2025-03-20 16:00:00,240,3256.946,542.8243333333334,attachment3_10min_interpolation,7818.45,2025-03-20 12:00:00,observed_at_issue,1003.5038333333334,2025-03-13 16:00:00,2025-03-13 16:00:00;2025-03-06 16:00:00;2025-02-27 16:00:00;2025-02-20 16:00:00,4,weighted_same_weekday_4w,2025-03-20 12:00:00,72,108,True,460.6795000000001,0.0,0.0,0.0,10800.0,10800.0,611.2718833333333,120.0
2025-03-20T12:00_rolling,2025-03-20 12:00:00,2025-03-20 12:10:00,2025-03-21 12:00:00,2025-03-20 12:00:00,2025-03-20 16:10:00,250,2946.7262666666666,491.1210444444444,attachment3_10min_interpolation,7818.45,2025-03-20 12:00:00,observed_at_issue,1007.5825900000001,2025-03-13 16:10:00,2025-03-13 16:10:00;2025-03-06 16:10:00;2025-02-27 16:10:00;2025-02-20 16:10:00,4,weighted_same_weekday_4w,2025-03-20 12:00:00,72,108,True,516.4615455555556,0.0,0.0,0.0,10800.0,10800.0,646.0132538888889,120.0
2025-03-20T12:00_rolling,2025-03-20 12:00:00,2025-03-20 12:10:00,2025-03-21 12:00:00,2025-03-20 12:00:00,2025-03-20 16:20:00,260,2636.506533333333,439.4177555555555,attachment3_10min_interpolation,7818.45,2025-03-20 12:00:00,observed_at_issue,1019.5762816666667,2025-03-13 16:20:00,2025-03-13 16:20:00;2025-03-06 16:20:00;2025-02-27 16:20:00;2025-02-20 16:20:00,4,weighted_same_weekday_4w,2025-03-20 12:00:00,72,108,True,580.1585261111111,0.0,0.0,0.0,10800.0,10800.0,688.6695594444445,120.0
2025-03-20T12:00_rolling,2025-03-20 12:00:00,2025-03-20 12:10:00,2025-03-21 12:00:00,2025-03-20 12:00:00,2025-03-20 16:30:00,270,2326.2868,387.7144666666666,attachment3_10min_interpolation,7818.45,2025-03-20 12:00:00,observed_at_issue,1021.1275,2025-03-13 16:30:00,2025-03-13 16:30:00;2025-03-06 16:30:00;2025-02-27 16:30:00;2025-02-20 16:30:00,4,weighted_same_weekday_4w,2025-03-20 12:00:00,72,108,True,633.4130333333335,0.0,0.0,0.0,10800.0,10800.0,720.8833916666667,120.0
2025-03-20T12:00_rolling,2025-03-20 12:00:00,2025-03-20 12:10:00,2025-03-21 12:00:00,2025-03-20 12:00:00,2025-03-20 16:40:00,280,2016.0670666666665,336.01117777777773,attachment3_10min_interpolation,7818.45,2025-03-20 12:00:00,observed_at_issue,1013.516906666667,2025-03-13 16:40:00,2025-03-13 16:40:00;2025-03-06 16:40:00;2025-02-27 16:40:00;2025-02-20 16:40:00,4,weighted_same_weekday_4w,2025-03-20 12:00:00,72,108,True,677.5057288888893,0.0,0.0,0.0,10800.0,10800.0,743.9354122222226,120.0
2025-03-20T12:00_rolling,2025-03-20 12:00:00,2025-03-20 12:10:00,2025-03-21 12:00:00,2025-03-20 12:00:00,2025-03-20 16:50:00,290,1705.8473333333332,284.30788888888884,attachment3_10min_interpolation,7818.45,2025-03-20 12:00:00,observed_at_issue,1011.9316250000002,2025-03-13 16:50:00,2025-03-13 16:50:00;2025-03-06 16:50:00;2025-02-27 16:50:00;2025-02-20 16:50:00,4,weighted_same_weekday_4w,2025-03-20 12:00:00,72,108,True,727.6237361111114,0.0,0.0,0.0,10800.0,10800.0,773.0127444444446,120.0
2025-03-20T12:00_rolling,2025-03-20 12:00:00,2025-03-20 12:10:00,2025-03-21 12:00:00,2025-03-20 12:00:00,2025-03-20 17:00:00,300,1395.6276,232.6046,attachment3_10min_interpolation,7818.45,2025-03-20 12:00:00,observed_at_issue,1019.6433333333335,2025-03-13 17:00:00,2025-03-13 17:00:00;2025-03-06 17:00:00;2025-02-27 17:00:00;2025-02-20 17:00:00,4,weighted_same_weekday_4w,2025-03-20 12:00:00,72,108,True,787.0387333333335,0.0,0.0,0.0,10800.0,10800.0,811.3870666666669,120.0
2025-03-20T12:00_rolling,2025-03-20 12:00:00,2025-03-20 12:10:00,2025-03-21 12:00:00,2025-03-20 12:00:00,2025-03-20 17:10:00,310,1163.023,193.83716666666666,attachment3_10min_interpolation,7818.45,2025-03-20 12:00:00,observed_at_issue,1023.9485200000003,2025-03-13 17:10:00,2025-03-13 17:10:00;2025-03-06 17:10:00;2025-02-27 17:10:00;2025-02-20 17:10:00,4,weighted_same_weekday_4w,2025-03-20 12:00:00,72,108,True,830.1113533333336,0.0,0.0,0.0,10800.0,10800.0,850.4016311111113,120.0
2025-03-20T12:00_rolling,2025-03-20 12:00:00,2025-03-20 12:10:00,2025-03-21 12:00:00,2025-03-20 12:00:00,2025-03-20 17:20:00,320,930.4184,155.06973333333335,attachment3_10min_interpolation,7818.45,2025-03-20 12:00:00,observed_at_issue,1011.1942250000002,2025-03-13 17:20:00,2025-03-13 17:20:00;2025-03-06 17:20:00;2025-02-27 17:20:00;2025-02-20 17:20:00,4,weighted_same_weekday_4w,2025-03-20 12:00:00,72,108,True,856.1244916666668,0.0,0.0,0.0,10800.0,10800.0,872.3567138888891,120.0
2025-03-20T12:00_rolling,2025-03-20 12:00:00,2025-03-20 12:10:00,2025-03-21 12:00:00,2025-03-20 12:00:00,2025-03-20 17:30:00,330,697.8138,116.3023,attachment3_10min_interpolation,7818.45,2025-03-20 12:00:00,observed_at_issue,1015.1181666666668,2025-03-13 17:30:00,2025-03-13 17:30:00;2025-03-06 17:30:00;2025-02-27 17:30:00;2025-02-20 17:30:00,4,weighted_same_weekday_4w,2025-03-20 12:00:00,72,108,True,898.8158666666668,0.0,0.0,0.0,10800.0,10800.0,910.9900333333334,120.0
2025-03-20T12:00_rolling,2025-03-20 12:00:00,2025-03-20 12:10:00,2025-03-21 12:00:00,2025-03-20 12:00:00,2025-03-20 17:40:00,340,465.20920000000007,77.53486666666667,attachment3_10min_interpolation,7818.45,2025-03-20 12:00:00,observed_at_issue,1057.5169216666668,2025-03-13 17:40:00,2025-03-13 17:40:00;2025-03-06 17:40:00;2025-02-27 17:40:00;2025-02-20 17:40:00,4,weighted_same_weekday_4w,2025-03-20 12:00:00,72,108,True,979.9820550000002,0.0,0.0,0.0,10800.0,10800.0,988.0981661111113,120.0
2025-03-20T12:00_rolling,2025-03-20 12:00:00,2025-03-20 12:10:00,2025-03-21 12:00:00,2025-03-20 12:00:00,2025-03-20 17:50:00,350,232.6046000000001,38.76743333333335,attachment3_10min_interpolation,7818.45,2025-03-20 12:00:00,observed_at_issue,936.8590083333333,2025-03-13 17:50:00,2025-03-13 17:50:00;2025-03-06 17:50:00;2025-02-27 17:50:00;2025-02-20 17:50:00,4,weighted_same_weekday_4w,2025-03-20 12:00:00,72,108,True,898.091575,0.0,0.0,0.0,10800.0,10800.0,902.1496305555555,120.0
2025-03-20T12:00_rolling,2025-03-20 12:00:00,2025-03-20 12:10:00,2025-03-21 12:00:00,2025-03-20 12:00:00,2025-03-20 18:00:00,360,0.0,0.0,attachment3_10min_interpolation,7818.45,2025-03-20 12:00:00,observed_at_issue,720.1283333333334,2025-03-13 18:00:00,2025-03-13 18:00:00;2025-03-06 18:00:00;2025-02-27 18:00:00;2025-02-20 18:00:00,4,weighted_same_weekday_4w,2025-03-20 12:00:00,72,108,True,720.1283333333334,0.0,0.0,0.0,10800.0,10800.0,720.1283333333334,120.0
2025-03-20T12:00_rolling,2025-03-20 12:00:00,2025-03-20 12:10:00,2025-03-21 12:00:00,2025-03-20 12:00:00,2025-03-20 18:10:00,370,0.0,0.0,attachment3_10min_interpolation,7818.45,2025-03-20 12:00:00,observed_at_issue,693.6506666666668,2025-03-13 18:10:00,2025-03-13 18:10:00;2025-03-06 18:10:00;2025-02-27 18:10:00;2025-02-20 18:10:00,4,weighted_same_weekday_4w,2025-03-20 12:00:00,72,108,False,45.65066666666678,0.0,648.0,0.0,10800.0,10080.0,45.65066666666678,120.0
2025-03-20T12:00_rolling,2025-03-20 12:00:00,2025-03-20 12:10:00,2025-03-21 12:00:00,2025-03-20 12:00:00,2025-03-20 18:20:00,380,0.0,0.0,attachment3_10min_interpolation,7818.45,2025-03-20 12:00:00,observed_at_issue,727.8775883333335,2025-03-13 18:20:00,2025-03-13 18:20:00;2025-03-06 18:20:00;2025-02-27 18:20:00;2025-02-20 18:20:00,4,weighted_same_weekday_4w,2025-03-20 12:00:00,72,108,False,727.8775883333335,0.0,0.0,0.0,10080.0,10080.0,727.8775883333335,120.0
2025-03-20T12:00_rolling,2025-03-20 12:00:00,2025-03-20 12:10:00,2025-03-21 12:00:00,2025-03-20 12:00:00,2025-03-20 18:30:00,390,0.0,0.0,attachment3_10min_interpolation,7818.45,2025-03-20 12:00:00,observed_at_issue,727.5531666666668,2025-03-13 18:30:00,2025-03-13 18:30:00;2025-03-06 18:30:00;2025-02-27 18:30:00;2025-02-20 18:30:00,4,weighted_same_weekday_4w,2025-03-20 12:00:00,72,108,False,511.5531666666668,0.0,216.0,0.0,10080.0,9840.0,511.5531666666668,120.0
2025-03-20T12:00_rolling,2025-03-20 12:00:00,2025-03-20 12:10:00,2025-03-21 12:00:00,2025-03-20 12:00:00,2025-03-20 18:40:00,400,0.0,0.0,attachment3_10min_interpolation,7818.45,2025-03-20 12:00:00,observed_at_issue,728.0419133333335,2025-03-13 18:40:00,2025-03-13 18:40:00;2025-03-06 18:40:00;2025-02-27 18:40:00;2025-02-20 18:40:00,4,weighted_same_weekday_4w,2025-03-20 12:00:00,72,108,False,728.0419133333335,0.0,0.0,0.0,9840.0,9840.0,728.0419133333335,120.0
2025-03-20T12:00_rolling,2025-03-20 12:00:00,2025-03-20 12:10:00,2025-03-21 12:00:00,2025-03-20 12:00:00,2025-03-20 18:50:00,410,0.0,0.0,attachment3_10min_interpolation,7818.45,2025-03-20 12:00:00,observed_at_issue,720.9485866666668,2025-03-13 18:50:00,2025-03-13 18:50:00;2025-03-06 18:50:00;2025-02-27 18:50:00;2025-02-20 18:50:00,4,weighted_same_weekday_4w,2025-03-20 12:00:00,72,108,False,72.94858666666676,0.0,648.0,0.0,9840.0,9120.0,72.94858666666676,120.0
2025-03-20T12:00_rolling,2025-03-20 12:00:00,2025-03-20 12:10:00,2025-03-21 12:00:00,2025-03-20 12:00:00,2025-03-20 19:00:00,420,0.0,0.0,attachment3_10min_interpolation,7818.45,2025-03-20 12:00:00,observed_at_issue,710.0066666666669,2025-03-13 19:00:00,2025-03-13 19:00:00;2025-03-06 19:00:00;2025-02-27 19:00:00;2025-02-20 19:00:00,4,weighted_same_weekday_4w,2025-03-20 12:00:00,72,108,False,62.00666666666689,0.0,648.0,0.0,9120.0,8400.0,62.00666666666689,120.0
2025-03-20T12:00_rolling,2025-03-20 12:00:00,2025-03-20 12:10:00,2025-03-21 12:00:00,2025-03-20 12:00:00,2025-03-20 19:10:00,430,0.0,0.0,attachment3_10min_interpolation,7818.45,2025-03-20 12:00:00,observed_at_issue,714.5672616666668,2025-03-13 19:10:00,2025-03-13 19:10:00;2025-03-06 19:10:00;2025-02-27 19:10:00;2025-02-20 19:10:00,4,weighted_same_weekday_4w,2025-03-20 12:00:00,72,108,False,66.56726166666681,0.0,648.0,0.0,8400.0,7680.0,66.56726166666681,120.0
2025-03-20T12:00_rolling,2025-03-20 12:00:00,2025-03-20 12:10:00,2025-03-21 12:00:00,2025-03-20 12:00:00,2025-03-20 19:20:00,440,0.0,0.0,attachment3_10min_interpolation,7818.45,2025-03-20 12:00:00,observed_at_issue,719.0743433333334,2025-03-13 19:20:00,2025-03-13 19:20:00;2025-03-06 19:20:00;2025-02-27 19:20:00;2025-02-20 19:20:00,4,weighted_same_weekday_4w,2025-03-20 12:00:00,72,108,False,71.07434333333345,0.0,648.0,0.0,7680.0,6960.0,71.07434333333345,120.0
2025-03-20T12:00_rolling,2025-03-20 12:00:00,2025-03-20 12:10:00,2025-03-21 12:00:00,2025-03-20 12:00:00,2025-03-20 19:30:00,450,0.0,0.0,attachment3_10min_interpolation,7818.45,2025-03-20 12:00:00,observed_at_issue,724.7158333333334,2025-03-13 19:30:00,2025-03-13 19:30:00;2025-03-06 19:30:00;2025-02-27 19:30:00;2025-02-20 19:30:00,4,weighted_same_weekday_4w,2025-03-20 12:00:00,72,108,False,76.71583333333342,0.0,648.0,0.0,6960.0,6240.0,76.71583333333342,120.0
2025-03-20T12:00_rolling,2025-03-20 12:00:00,2025-03-20 12:10:00,2025-03-21 12:00:00,2025-03-20 12:00:00,2025-03-20 19:40:00,460,0.0,0.0,attachment3_10min_interpolation,7818.45,2025-03-20 12:00:00,observed_at_issue,744.2391550000002,2025-03-13 19:40:00,2025-03-13 19:40:00;2025-03-06 19:40:00;2025-02-27 19:40:00;2025-02-20 19:40:00,4,weighted_same_weekday_4w,2025-03-20 12:00:00,72,108,False,96.23915500000021,0.0,648.0,0.0,6240.0,5520.0,96.23915500000021,120.0
2025-03-20T12:00_rolling,2025-03-20 12:00:00,2025-03-20 12:10:00,2025-03-21 12:00:00,2025-03-20 12:00:00,2025-03-20 19:50:00,470,0.0,0.0,attachment3_10min_interpolation,7818.45,2025-03-20 12:00:00,observed_at_issue,736.6207733333334,2025-03-13 19:50:00,2025-03-13 19:50:00;2025-03-06 19:50:00;2025-02-27 19:50:00;2025-02-20 19:50:00,4,weighted_same_weekday_4w,2025-03-20 12:00:00,72,108,False,88.62077333333343,0.0,648.0,0.0,5520.0,4800.0,88.62077333333343,120.0
2025-03-20T12:00_rolling,2025-03-20 12:00:00,2025-03-20 12:10:00,2025-03-21 12:00:00,2025-03-20 12:00:00,2025-03-20 20:00:00,480,0.0,0.0,attachment3_10min_interpolation,7818.45,2025-03-20 12:00:00,observed_at_issue,714.3686666666667,2025-03-13 20:00:00,2025-03-13 20:00:00;2025-03-06 20:00:00;2025-02-27 20:00:00;2025-02-20 20:00:00,4,weighted_same_weekday_4w,2025-03-20 12:00:00,72,108,False,66.36866666666674,0.0,648.0,0.0,4800.0,4080.0,66.36866666666674,120.0
2025-03-20T12:00_rolling,2025-03-20 12:00:00,2025-03-20 12:10:00,2025-03-21 12:00:00,2025-03-20 12:00:00,2025-03-20 20:10:00,490,0.0,0.0,attachment3_10min_interpolation,7818.45,2025-03-20 12:00:00,observed_at_issue,730.3801966666668,2025-03-13 20:10:00,2025-03-13 20:10:00;2025-03-06 20:10:00;2025-02-27 20:10:00;2025-02-20 20:10:00,4,weighted_same_weekday_4w,2025-03-20 12:00:00,72,108,False,82.38019666666685,0.0,648.0,0.0,4080.0,3360.0,82.38019666666685,120.0
2025-03-20T12:00_rolling,2025-03-20 12:00:00,2025-03-20 12:10:00,2025-03-21 12:00:00,2025-03-20 12:00:00,2025-03-20 20:20:00,500,0.0,0.0,attachment3_10min_interpolation,7818.45,2025-03-20 12:00:00,observed_at_issue,733.1875933333334,2025-03-13 20:20:00,2025-03-13 20:20:00;2025-03-06 20:20:00;2025-02-27 20:20:00;2025-02-20 20:20:00,4,weighted_same_weekday_4w,2025-03-20 12:00:00,72,108,False,85.18759333333344,0.0,648.0,0.0,3360.0,2640.0,85.18759333333344,120.0
2025-03-20T12:00_rolling,2025-03-20 12:00:00,2025-03-20 12:10:00,2025-03-21 12:00:00,2025-03-20 12:00:00,2025-03-20 20:30:00,510,0.0,0.0,attachment3_10min_interpolation,7818.45,2025-03-20 12:00:00,observed_at_issue,715.1503333333335,2025-03-13 20:30:00,2025-03-13 20:30:00;2025-03-06 20:30:00;2025-02-27 20:30:00;2025-02-20 20:30:00,4,weighted_same_weekday_4w,2025-03-20 12:00:00,72,108,False,67.15033333333349,0.0,648.0,0.0,2640.0,1920.0,67.15033333333349,120.0
2025-03-20T12:00_rolling,2025-03-20 12:00:00,2025-03-20 12:10:00,2025-03-21 12:00:00,2025-03-20 12:00:00,2025-03-20 20:40:00,520,0.0,0.0,attachment3_10min_interpolation,7818.45,2025-03-20 12:00:00,observed_at_issue,723.2816450000001,2025-03-13 20:40:00,2025-03-13 20:40:00;2025-03-06 20:40:00;2025-02-27 20:40:00;2025-02-20 20:40:00,4,weighted_same_weekday_4w,2025-03-20 12:00:00,72,108,False,75.28164500000014,0.0,648.0,0.0,1920.0,1200.0,75.28164500000014,120.0
2025-03-20T12:00_rolling,2025-03-20 12:00:00,2025-03-20 12:10:00,2025-03-21 12:00:00,2025-03-20 12:00:00,2025-03-20 20:50:00,530,0.0,0.0,attachment3_10min_interpolation,7818.45,2025-03-20 12:00:00,observed_at_issue,741.0302983333335,2025-03-13 20:50:00,2025-03-13 20:50:00;2025-03-06 20:50:00;2025-02-27 20:50:00;2025-02-20 20:50:00,4,weighted_same_weekday_4w,2025-03-20 12:00:00,72,108,False,741.0302983333335,0.0,0.0,0.0,1200.0,1200.0,741.0302983333335,120.0
2025-03-20T12:00_rolling,2025-03-20 12:00:00,2025-03-20 12:10:00,2025-03-21 12:00:00,2025-03-20 12:00:00,2025-03-20 21:00:00,540,0.0,0.0,attachment3_10min_interpolation,7818.45,2025-03-20 12:00:00,observed_at_issue,745.4441666666668,2025-03-13 21:00:00,2025-03-13 21:00:00;2025-03-06 21:00:00;2025-02-27 21:00:00;2025-02-20 21:00:00,4,weighted_same_weekday_4w,2025-03-20 12:00:00,72,108,False,745.4441666666668,0.0,0.0,0.0,1200.0,1200.0,745.4441666666668,120.0
2025-03-20T12:00_rolling,2025-03-20 12:00:00,2025-03-20 12:10:00,2025-03-21 12:00:00,2025-03-20 12:00:00,2025-03-20 21:10:00,550,0.0,0.0,attachment3_10min_interpolation,7818.45,2025-03-20 12:00:00,observed_at_issue,731.2269533333334,2025-03-13 21:10:00,2025-03-13 21:10:00;2025-03-06 21:10:00;2025-02-27 21:10:00;2025-02-20 21:10:00,4,weighted_same_weekday_4w,2025-03-20 12:00:00,72,108,False,731.2269533333334,0.0,0.0,0.0,1200.0,1200.0,731.2269533333334,120.0
2025-03-20T12:00_rolling,2025-03-20 12:00:00,2025-03-20 12:10:00,2025-03-21 12:00:00,2025-03-20 12:00:00,2025-03-20 21:20:00,560,0.0,0.0,attachment3_10min_interpolation,7818.45,2025-03-20 12:00:00,observed_at_issue,721.8685050000001,2025-03-13 21:20:00,2025-03-13 21:20:00;2025-03-06 21:20:00;2025-02-27 21:20:00;2025-02-20 21:20:00,4,weighted_same_weekday_4w,2025-03-20 12:00:00,72,108,False,721.8685050000001,0.0,0.0,0.0,1200.0,1200.0,721.8685050000001,120.0
2025-03-20T12:00_rolling,2025-03-20 12:00:00,2025-03-20 12:10:00,2025-03-21 12:00:00,2025-03-20 12:00:00,2025-03-20 21:30:00,570,0.0,0.0,attachment3_10min_interpolation,7818.45,2025-03-20 12:00:00,observed_at_issue,730.4093333333335,2025-03-13 21:30:00,2025-03-13 21:30:00;2025-03-06 21:30:00;2025-02-27 21:30:00;2025-02-20 21:30:00,4,weighted_same_weekday_4w,2025-03-20 12:00:00,72,108,False,730.4093333333335,0.0,0.0,0.0,1200.0,1200.0,730.4093333333335,120.0
2025-03-20T12:00_rolling,2025-03-20 12:00:00,2025-03-20 12:10:00,2025-03-21 12:00:00,2025-03-20 12:00:00,2025-03-20 21:40:00,580,0.0,0.0,attachment3_10min_interpolation,7818.45,2025-03-20 12:00:00,observed_at_issue,735.6705766666669,2025-03-13 21:40:00,2025-03-13 21:40:00;2025-03-06 21:40:00;2025-02-27 21:40:00;2025-02-20 21:40:00,4,weighted_same_weekday_4w,2025-03-20 12:00:00,72,108,False,735.6705766666669,0.0,0.0,0.0,1200.0,1200.0,735.6705766666669,120.0
2025-03-20T12:00_rolling,2025-03-20 12:00:00,2025-03-20 12:10:00,2025-03-21 12:00:00,2025-03-20 12:00:00,2025-03-20 21:50:00,590,0.0,0.0,attachment3_10min_interpolation,7818.45,2025-03-20 12:00:00,observed_at_issue,656.2605316666668,2025-03-13 21:50:00,2025-03-13 21:50:00;2025-03-06 21:50:00;2025-02-27 21:50:00;2025-02-20 21:50:00,4,weighted_same_weekday_4w,2025-03-20 12:00:00,72,108,False,656.2605316666668,0.0,0.0,0.0,1200.0,1200.0,656.2605316666668,120.0
2025-03-20T12:00_rolling,2025-03-20 12:00:00,2025-03-20 12:10:00,2025-03-21 12:00:00,2025-03-20 12:00:00,2025-03-20 22:00:00,600,0.0,0.0,attachment3_10min_interpolation,7818.45,2025-03-20 12:00:00,observed_at_issue,544.546,2025-03-13 22:00:00,2025-03-13 22:00:00;2025-03-06 22:00:00;2025-02-27 22:00:00;2025-02-20 22:00:00,4,weighted_same_weekday_4w,2025-03-20 12:00:00,72,108,False,544.546,0.0,0.0,0.0,1200.0,1200.0,544.546,120.0
2025-03-20T12:00_rolling,2025-03-20 12:00:00,2025-03-20 12:10:00,2025-03-21 12:00:00,2025-03-20 12:00:00,2025-03-20 22:10:00,610,0.0,0.0,attachment3_10min_interpolation,7818.45,2025-03-20 12:00:00,observed_at_issue,542.7267066666668,2025-03-13 22:10:00,2025-03-13 22:10:00;2025-03-06 22:10:00;2025-02-27 22:10:00;2025-02-20 22:10:00,4,weighted_same_weekday_4w,2025-03-20 12:00:00,72,108,False,542.7267066666668,0.0,0.0,0.0,1200.0,1200.0,542.7267066666668,120.0
2025-03-20T12:00_rolling,2025-03-20 12:00:00,2025-03-20 12:10:00,2025-03-21 12:00:00,2025-03-20 12:00:00,2025-03-20 22:20:00,620,0.0,0.0,attachment3_10min_interpolation,7818.45,2025-03-20 12:00:00,observed_at_issue,562.2563383333335,2025-03-13 22:20:00,2025-03-13 22:20:00;2025-03-06 22:20:00;2025-02-27 22:20:00;2025-02-20 22:20:00,4,weighted_same_weekday_4w,2025-03-20 12:00:00,72,108,False,562.2563383333335,0.0,0.0,0.0,1200.0,1200.0,562.2563383333335,120.0
2025-03-20T12:00_rolling,2025-03-20 12:00:00,2025-03-20 12:10:00,2025-03-21 12:00:00,2025-03-20 12:00:00,2025-03-20 22:30:00,630,0.0,0.0,attachment3_10min_interpolation,7818.45,2025-03-20 12:00:00,observed_at_issue,555.3395,2025-03-13 22:30:00,2025-03-13 22:30:00;2025-03-06 22:30:00;2025-02-27 22:30:00;2025-02-20 22:30:00,4,weighted_same_weekday_4w,2025-03-20 12:00:00,72,108,False,555.3395,0.0,0.0,0.0,1200.0,1200.0,555.3395,120.0
2025-03-20T12:00_rolling,2025-03-20 12:00:00,2025-03-20 12:10:00,2025-03-21 12:00:00,2025-03-20 12:00:00,2025-03-20 22:40:00,640,0.0,0.0,attachment3_10min_interpolation,7818.45,2025-03-20 12:00:00,observed_at_issue,560.4827366666667,2025-03-13 22:40:00,2025-03-13 22:40:00;2025-03-06 22:40:00;2025-02-27 22:40:00;2025-02-20 22:40:00,4,weighted_same_weekday_4w,2025-03-20 12:00:00,72,108,False,560.4827366666667,0.0,0.0,0.0,1200.0,1200.0,560.4827366666667,120.0
2025-03-20T12:00_rolling,2025-03-20 12:00:00,2025-03-20 12:10:00,2025-03-21 12:00:00,2025-03-20 12:00:00,2025-03-20 22:50:00,650,0.0,0.0,attachment3_10min_interpolation,7818.45,2025-03-20 12:00:00,observed_at_issue,562.5004500000001,2025-03-13 22:50:00,2025-03-13 22:50:00;2025-03-06 22:50:00;2025-02-27 22:50:00;2025-02-20 22:50:00,4,weighted_same_weekday_4w,2025-03-20 12:00:00,72,108,False,562.5004500000001,0.0,0.0,0.0,1200.0,1200.0,562.5004500000001,120.0
2025-03-20T12:00_rolling,2025-03-20 12:00:00,2025-03-20 12:10:00,2025-03-21 12:00:00,2025-03-20 12:00:00,2025-03-20 23:00:00,660,0.0,0.0,attachment3_10min_interpolation,7818.45,2025-03-20 12:00:00,observed_at_issue,563.133,2025-03-13 23:00:00,2025-03-13 23:00:00;2025-03-06 23:00:00;2025-02-27 23:00:00;2025-02-20 23:00:00,4,weighted_same_weekday_4w,2025-03-20 12:00:00,72,108,False,563.133,0.0,0.0,0.0,1200.0,1200.0,563.133,120.0
2025-03-20T12:00_rolling,2025-03-20 12:00:00,2025-03-20 12:10:00,2025-03-21 12:00:00,2025-03-20 12:00:00,2025-03-20 23:10:00,670,0.0,0.0,attachment3_10min_interpolation,7818.45,2025-03-20 12:00:00,observed_at_issue,580.4857116666668,2025-03-13 23:10:00,2025-03-13 23:10:00;2025-03-06 23:10:00;2025-02-27 23:10:00;2025-02-20 23:10:00,4,weighted_same_weekday_4w,2025-03-20 12:00:00,72,108,False,580.4857116666668,0.0,0.0,0.0,1200.0,1200.0,580.4857116666668,120.0
2025-03-20T12:00_rolling,2025-03-20 12:00:00,2025-03-20 12:10:00,2025-03-21 12:00:00,2025-03-20 12:00:00,2025-03-20 23:20:00,680,0.0,0.0,attachment3_10min_interpolation,7818.45,2025-03-20 12:00:00,observed_at_issue,575.1340683333335,2025-03-13 23:20:00,2025-03-13 23:20:00;2025-03-06 23:20:00;2025-02-27 23:20:00;2025-02-20 23:20:00,4,weighted_same_weekday_4w,2025-03-20 12:00:00,72,108,False,575.1340683333335,0.0,0.0,0.0,1200.0,1200.0,575.1340683333335,120.0
2025-03-20T12:00_rolling,2025-03-20 12:00:00,2025-03-20 12:10:00,2025-03-21 12:00:00,2025-03-20 12:00:00,2025-03-20 23:30:00,690,0.0,0.0,attachment3_10min_interpolation,7818.45,2025-03-20 12:00:00,observed_at_issue,556.7441666666668,2025-03-13 23:30:00,2025-03-13 23:30:00;2025-03-06 23:30:00;2025-02-27 23:30:00;2025-02-20 23:30:00,4,weighted_same_weekday_4w,2025-03-20 12:00:00,72,108,False,556.7441666666668,0.0,0.0,0.0,1200.0,1200.0,556.7441666666668,120.0
2025-03-20T12:00_rolling,2025-03-20 12:00:00,2025-03-20 12:10:00,2025-03-21 12:00:00,2025-03-20 12:00:00,2025-03-20 23:40:00,700,0.0,0.0,attachment3_10min_interpolation,7818.45,2025-03-20 12:00:00,observed_at_issue,564.6570833333334,2025-03-13 23:40:00,2025-03-13 23:40:00;2025-03-06 23:40:00;2025-02-27 23:40:00;2025-02-20 23:40:00,4,weighted_same_weekday_4w,2025-03-20 12:00:00,72,108,False,564.6570833333334,0.0,0.0,0.0,1200.0,1200.0,564.6570833333334,120.0
2025-03-20T12:00_rolling,2025-03-20 12:00:00,2025-03-20 12:10:00,2025-03-21 12:00:00,2025-03-20 12:00:00,2025-03-20 23:50:00,710,0.0,0.0,attachment3_10min_interpolation,7818.45,2025-03-20 12:00:00,observed_at_issue,508.17612166666675,2025-03-13 23:50:00,2025-03-13 23:50:00;2025-03-06 23:50:00;2025-02-27 23:50:00;2025-02-20 23:50:00,4,weighted_same_weekday_4w,2025-03-20 12:00:00,72,108,False,508.17612166666675,0.0,0.0,0.0,1200.0,1200.0,508.17612166666675,120.0
2025-03-20T12:00_rolling,2025-03-20 12:00:00,2025-03-20 12:10:00,2025-03-21 12:00:00,2025-03-20 12:00:00,2025-03-21 00:00:00,720,0.0,0.0,attachment3_10min_interpolation,7818.45,2025-03-20 12:00:00,observed_at_issue,412.1016666666667,2025-03-14 00:00:00,2025-03-14 00:00:00;2025-03-07 00:00:00;2025-02-28 00:00:00;2025-02-21 00:00:00,4,weighted_same_weekday_4w,2025-03-20 12:00:00,72,108,False,412.1016666666667,0.0,0.0,0.0,1200.0,1200.0,412.1016666666667,120.0
2025-03-20T12:00_rolling,2025-03-20 12:00:00,2025-03-20 12:10:00,2025-03-21 12:00:00,2025-03-20 12:00:00,2025-03-21 00:10:00,730,0.0,0.0,attachment3_10min_interpolation,7818.45,2025-03-20 12:00:00,observed_at_issue,402.27709333333337,2025-03-14 00:10:00,2025-03-14 00:10:00;2025-03-07 00:10:00;2025-02-28 00:10:00;2025-02-21 00:10:00,4,weighted_same_weekday_4w,2025-03-20 12:00:00,72,108,False,1202.2770933333334,800.0,0.0,0.0,1200.0,1920.0,,120.0
2025-03-20T12:00_rolling,2025-03-20 12:00:00,2025-03-20 12:10:00,2025-03-21 12:00:00,2025-03-20 12:00:00,2025-03-21 00:20:00,740,0.0,0.0,attachment3_10min_interpolation,7818.45,2025-03-20 12:00:00,observed_at_issue,416.7580283333334,2025-03-14 00:20:00,2025-03-14 00:20:00;2025-03-07 00:20:00;2025-02-28 00:20:00;2025-02-21 00:20:00,4,weighted_same_weekday_4w,2025-03-20 12:00:00,72,108,False,1216.7580283333334,800.0,0.0,0.0,1920.0,2640.0,,120.0
2025-03-20T12:00_rolling,2025-03-20 12:00:00,2025-03-20 12:10:00,2025-03-21 12:00:00,2025-03-20 12:00:00,2025-03-21 00:30:00,750,0.0,0.0,attachment3_10min_interpolation,7818.45,2025-03-20 12:00:00,observed_at_issue,410.351,2025-03-14 00:30:00,2025-03-14 00:30:00;2025-03-07 00:30:00;2025-02-28 00:30:00;2025-02-21 00:30:00,4,weighted_same_weekday_4w,2025-03-20 12:00:00,72,108,False,1210.351,800.0,0.0,0.0,2640.0,3360.0,,120.0
2025-03-20T12:00_rolling,2025-03-20 12:00:00,2025-03-20 12:10:00,2025-03-21 12:00:00,2025-03-20 12:00:00,2025-03-21 00:40:00,760,0.0,0.0,attachment3_10min_interpolation,7818.45,2025-03-20 12:00:00,observed_at_issue,403.41860500000007,2025-03-14 00:40:00,2025-03-14 00:40:00;2025-03-07 00:40:00;2025-02-28 00:40:00;2025-02-21 00:40:00,4,weighted_same_weekday_4w,2025-03-20 12:00:00,72,108,False,536.7519383333334,133.33333333333334,0.0,0.0,3360.0,3480.0,,120.0
2025-03-20T12:00_rolling,2025-03-20 12:00:00,2025-03-20 12:10:00,2025-03-21 12:00:00,2025-03-20 12:00:00,2025-03-21 00:50:00,770,0.0,0.0,attachment3_10min_interpolation,7818.45,2025-03-20 12:00:00,observed_at_issue,415.7439383333334,2025-03-14 00:50:00,2025-03-14 00:50:00;2025-03-07 00:50:00;2025-02-28 00:50:00;2025-02-21 00:50:00,4,weighted_same_weekday_4w,2025-03-20 12:00:00,72,108,False,1215.7439383333335,800.0,0.0,0.0,3480.0,4200.0,,120.0
2025-03-20T12:00_rolling,2025-03-20 12:00:00,2025-03-20 12:10:00,2025-03-21 12:00:00,2025-03-20 12:00:00,2025-03-21 01:00:00,780,0.0,0.0,attachment3_10min_interpolation,7818.45,2025-03-20 12:00:00,observed_at_issue,432.6726666666667,2025-03-14 01:00:00,2025-03-14 01:00:00;2025-03-07 01:00:00;2025-02-28 01:00:00;2025-02-21 01:00:00,4,weighted_same_weekday_4w,2025-03-20 12:00:00,72,108,False,432.6726666666667,0.0,0.0,0.0,4200.0,4200.0,,120.0
2025-03-20T12:00_rolling,2025-03-20 12:00:00,2025-03-20 12:10:00,2025-03-21 12:00:00,2025-03-20 12:00:00,2025-03-21 01:10:00,790,0.0,0.0,attachment3_10min_interpolation,7818.45,2025-03-20 12:00:00,observed_at_issue,421.4918783333334,2025-03-14 01:10:00,2025-03-14 01:10:00;2025-03-07 01:10:00;2025-02-28 01:10:00;2025-02-21 01:10:00,4,weighted_same_weekday_4w,2025-03-20 12:00:00,72,108,False,421.4918783333334,0.0,0.0,0.0,4200.0,4200.0,,120.0
2025-03-20T12:00_rolling,2025-03-20 12:00:00,2025-03-20 12:10:00,2025-03-21 12:00:00,2025-03-20 12:00:00,2025-03-21 01:20:00,800,0.0,0.0,attachment3_10min_interpolation,7818.45,2025-03-20 12:00:00,observed_at_issue,410.3247966666667,2025-03-14 01:20:00,2025-03-14 01:20:00;2025-03-07 01:20:00;2025-02-28 01:20:00;2025-02-21 01:20:00,4,weighted_same_weekday_4w,2025-03-20 12:00:00,72,108,False,410.3247966666667,0.0,0.0,0.0,4200.0,4200.0,,120.0
2025-03-20T12:00_rolling,2025-03-20 12:00:00,2025-03-20 12:10:00,2025-03-21 12:00:00,2025-03-20 12:00:00,2025-03-21 01:30:00,810,0.0,0.0,attachment3_10min_interpolation,7818.45,2025-03-20 12:00:00,observed_at_issue,414.9380000000001,2025-03-14 01:30:00,2025-03-14 01:30:00;2025-03-07 01:30:00;2025-02-28 01:30:00;2025-02-21 01:30:00,4,weighted_same_weekday_4w,2025-03-20 12:00:00,72,108,False,414.9380000000001,0.0,0.0,0.0,4200.0,4200.0,,120.0
2025-03-20T12:00_rolling,2025-03-20 12:00:00,2025-03-20 12:10:00,2025-03-21 12:00:00,2025-03-20 12:00:00,2025-03-21 01:40:00,820,0.0,0.0,attachment3_10min_interpolation,7818.45,2025-03-20 12:00:00,observed_at_issue,424.9098300000001,2025-03-14 01:40:00,2025-03-14 01:40:00;2025-03-07 01:40:00;2025-02-28 01:40:00;2025-02-21 01:40:00,4,weighted_same_weekday_4w,2025-03-20 12:00:00,72,108,False,424.9098300000001,0.0,0.0,0.0,4200.0,4200.0,,120.0
2025-03-20T12:00_rolling,2025-03-20 12:00:00,2025-03-20 12:10:00,2025-03-21 12:00:00,2025-03-20 12:00:00,2025-03-21 01:50:00,830,0.0,0.0,attachment3_10min_interpolation,7818.45,2025-03-20 12:00:00,observed_at_issue,436.5707900000001,2025-03-14 01:50:00,2025-03-14 01:50:00;2025-03-07 01:50:00;2025-02-28 01:50:00;2025-02-21 01:50:00,4,weighted_same_weekday_4w,2025-03-20 12:00:00,72,108,False,436.5707900000001,0.0,0.0,0.0,4200.0,4200.0,,120.0
2025-03-20T12:00_rolling,2025-03-20 12:00:00,2025-03-20 12:10:00,2025-03-21 12:00:00,2025-03-20 12:00:00,2025-03-21 02:00:00,840,0.0,0.0,attachment3_10min_interpolation,7818.45,2025-03-20 12:00:00,observed_at_issue,442.9325,2025-03-14 02:00:00,2025-03-14 02:00:00;2025-03-07 02:00:00;2025-02-28 02:00:00;2025-02-21 02:00:00,4,weighted_same_weekday_4w,2025-03-20 12:00:00,72,108,False,442.9325,0.0,0.0,0.0,4200.0,4200.0,,120.0
2025-03-20T12:00_rolling,2025-03-20 12:00:00,2025-03-20 12:10:00,2025-03-21 12:00:00,2025-03-20 12:00:00,2025-03-21 02:10:00,850,0.0,0.0,attachment3_10min_interpolation,7818.45,2025-03-20 12:00:00,observed_at_issue,435.86525166666684,2025-03-14 02:10:00,2025-03-14 02:10:00;2025-03-07 02:10:00;2025-02-28 02:10:00;2025-02-21 02:10:00,4,weighted_same_weekday_4w,2025-03-20 12:00:00,72,108,False,435.86525166666684,0.0,0.0,0.0,4200.0,4200.0,,120.0
2025-03-20T12:00_rolling,2025-03-20 12:00:00,2025-03-20 12:10:00,2025-03-21 12:00:00,2025-03-20 12:00:00,2025-03-21 02:20:00,860,0.0,0.0,attachment3_10min_interpolation,7818.45,2025-03-20 12:00:00,observed_at_issue,423.8823333333334,2025-03-14 02:20:00,2025-03-14 02:20:00;2025-03-07 02:20:00;2025-02-28 02:20:00;2025-02-21 02:20:00,4,weighted_same_weekday_4w,2025-03-20 12:00:00,72,108,False,423.8823333333334,0.0,0.0,0.0,4200.0,4200.0,,120.0
2025-03-20T12:00_rolling,2025-03-20 12:00:00,2025-03-20 12:10:00,2025-03-21 12:00:00,2025-03-20 12:00:00,2025-03-21 02:30:00,870,0.0,0.0,attachment3_10min_interpolation,7818.45,2025-03-20 12:00:00,observed_at_issue,418.6411666666668,2025-03-14 02:30:00,2025-03-14 02:30:00;2025-03-07 02:30:00;2025-02-28 02:30:00;2025-02-21 02:30:00,4,weighted_same_weekday_4w,2025-03-20 12:00:00,72,108,False,418.6411666666668,0.0,0.0,0.0,4200.0,4200.0,,120.0
2025-03-20T12:00_rolling,2025-03-20 12:00:00,2025-03-20 12:10:00,2025-03-21 12:00:00,2025-03-20 12:00:00,2025-03-21 02:40:00,880,0.0,0.0,attachment3_10min_interpolation,7818.45,2025-03-20 12:00:00,observed_at_issue,426.03642833333345,2025-03-14 02:40:00,2025-03-14 02:40:00;2025-03-07 02:40:00;2025-02-28 02:40:00;2025-02-21 02:40:00,4,weighted_same_weekday_4w,2025-03-20 12:00:00,72,108,False,426.03642833333345,0.0,0.0,0.0,4200.0,4200.0,,120.0
2025-03-20T12:00_rolling,2025-03-20 12:00:00,2025-03-20 12:10:00,2025-03-21 12:00:00,2025-03-20 12:00:00,2025-03-21 02:50:00,890,0.0,0.0,attachment3_10min_interpolation,7818.45,2025-03-20 12:00:00,observed_at_issue,433.88072166666666,2025-03-14 02:50:00,2025-03-14 02:50:00;2025-03-07 02:50:00;2025-02-28 02:50:00;2025-02-21 02:50:00,4,weighted_same_weekday_4w,2025-03-20 12:00:00,72,108,False,433.88072166666666,0.0,0.0,0.0,4200.0,4200.0,,120.0
2025-03-20T12:00_rolling,2025-03-20 12:00:00,2025-03-20 12:10:00,2025-03-21 12:00:00,2025-03-20 12:00:00,2025-03-21 03:00:00,900,0.0,0.0,attachment3_10min_interpolation,7818.45,2025-03-20 12:00:00,observed_at_issue,440.69833333333344,2025-03-14 03:00:00,2025-03-14 03:00:00;2025-03-07 03:00:00;2025-02-28 03:00:00;2025-02-21 03:00:00,4,weighted_same_weekday_4w,2025-03-20 12:00:00,72,108,False,440.69833333333344,0.0,0.0,0.0,4200.0,4200.0,,120.0
2025-03-20T12:00_rolling,2025-03-20 12:00:00,2025-03-20 12:10:00,2025-03-21 12:00:00,2025-03-20 12:00:00,2025-03-21 03:10:00,910,0.0,0.0,attachment3_10min_interpolation,7818.45,2025-03-20 12:00:00,observed_at_issue,453.6141116666667,2025-03-14 03:10:00,2025-03-14 03:10:00;2025-03-07 03:10:00;2025-02-28 03:10:00;2025-02-21 03:10:00,4,weighted_same_weekday_4w,2025-03-20 12:00:00,72,108,False,453.6141116666667,0.0,0.0,0.0,4200.0,4200.0,,120.0
2025-03-20T12:00_rolling,2025-03-20 12:00:00,2025-03-20 12:10:00,2025-03-21 12:00:00,2025-03-20 12:00:00,2025-03-21 03:20:00,920,0.0,0.0,attachment3_10min_interpolation,7818.45,2025-03-20 12:00:00,observed_at_issue,454.3212783333334,2025-03-14 03:20:00,2025-03-14 03:20:00;2025-03-07 03:20:00;2025-02-28 03:20:00;2025-02-21 03:20:00,4,weighted_same_weekday_4w,2025-03-20 12:00:00,72,108,False,454.3212783333334,0.0,0.0,0.0,4200.0,4200.0,,120.0
2025-03-20T12:00_rolling,2025-03-20 12:00:00,2025-03-20 12:10:00,2025-03-21 12:00:00,2025-03-20 12:00:00,2025-03-21 03:30:00,930,0.0,0.0,attachment3_10min_interpolation,7818.45,2025-03-20 12:00:00,observed_at_issue,441.81566666666674,2025-03-14 03:30:00,2025-03-14 03:30:00;2025-03-07 03:30:00;2025-02-28 03:30:00;2025-02-21 03:30:00,4,weighted_same_weekday_4w,2025-03-20 12:00:00,72,108,False,441.81566666666674,0.0,0.0,0.0,4200.0,4200.0,,120.0
2025-03-20T12:00_rolling,2025-03-20 12:00:00,2025-03-20 12:10:00,2025-03-21 12:00:00,2025-03-20 12:00:00,2025-03-21 03:40:00,940,0.0,0.0,attachment3_10min_interpolation,7818.45,2025-03-20 12:00:00,observed_at_issue,436.3430216666667,2025-03-14 03:40:00,2025-03-14 03:40:00;2025-03-07 03:40:00;2025-02-28 03:40:00;2025-02-21 03:40:00,4,weighted_same_weekday_4w,2025-03-20 12:00:00,72,108,False,436.3430216666667,0.0,0.0,0.0,4200.0,4200.0,,120.0
2025-03-20T12:00_rolling,2025-03-20 12:00:00,2025-03-20 12:10:00,2025-03-21 12:00:00,2025-03-20 12:00:00,2025-03-21 03:50:00,950,0.0,0.0,attachment3_10min_interpolation,7818.45,2025-03-20 12:00:00,observed_at_issue,447.1559983333334,2025-03-14 03:50:00,2025-03-14 03:50:00;2025-03-07 03:50:00;2025-02-28 03:50:00;2025-02-21 03:50:00,4,weighted_same_weekday_4w,2025-03-20 12:00:00,72,108,False,447.1559983333334,0.0,0.0,0.0,4200.0,4200.0,,120.0
2025-03-20T12:00_rolling,2025-03-20 12:00:00,2025-03-20 12:10:00,2025-03-21 12:00:00,2025-03-20 12:00:00,2025-03-21 04:00:00,960,0.0,0.0,attachment3_10min_interpolation,7818.45,2025-03-20 12:00:00,observed_at_issue,465.00350000000003,2025-03-14 04:00:00,2025-03-14 04:00:00;2025-03-07 04:00:00;2025-02-28 04:00:00;2025-02-21 04:00:00,4,weighted_same_weekday_4w,2025-03-20 12:00:00,72,108,False,465.00350000000003,0.0,0.0,0.0,4200.0,4200.0,,120.0
2025-03-20T12:00_rolling,2025-03-20 12:00:00,2025-03-20 12:10:00,2025-03-21 12:00:00,2025-03-20 12:00:00,2025-03-21 04:10:00,970,0.0,0.0,attachment3_10min_interpolation,7818.45,2025-03-20 12:00:00,observed_at_issue,469.8229233333334,2025-03-14 04:10:00,2025-03-14 04:10:00;2025-03-07 04:10:00;2025-02-28 04:10:00;2025-02-21 04:10:00,4,weighted_same_weekday_4w,2025-03-20 12:00:00,72,108,False,469.8229233333334,0.0,0.0,0.0,4200.0,4200.0,,120.0
2025-03-20T12:00_rolling,2025-03-20 12:00:00,2025-03-20 12:10:00,2025-03-21 12:00:00,2025-03-20 12:00:00,2025-03-21 04:20:00,980,0.0,0.0,attachment3_10min_interpolation,7818.45,2025-03-20 12:00:00,observed_at_issue,460.86022,2025-03-14 04:20:00,2025-03-14 04:20:00;2025-03-07 04:20:00;2025-02-28 04:20:00;2025-02-21 04:20:00,4,weighted_same_weekday_4w,2025-03-20 12:00:00,72,108,False,460.86022,0.0,0.0,0.0,4200.0,4200.0,,120.0
2025-03-20T12:00_rolling,2025-03-20 12:00:00,2025-03-20 12:10:00,2025-03-21 12:00:00,2025-03-20 12:00:00,2025-03-21 04:30:00,990,0.0,0.0,attachment3_10min_interpolation,7818.45,2025-03-20 12:00:00,observed_at_issue,455.5621666666667,2025-03-14 04:30:00,2025-03-14 04:30:00;2025-03-07 04:30:00;2025-02-28 04:30:00;2025-02-21 04:30:00,4,weighted_same_weekday_4w,2025-03-20 12:00:00,72,108,False,455.5621666666667,0.0,0.0,0.0,4200.0,4200.0,,120.0
2025-03-20T12:00_rolling,2025-03-20 12:00:00,2025-03-20 12:10:00,2025-03-21 12:00:00,2025-03-20 12:00:00,2025-03-21 04:40:00,1000,0.0,0.0,attachment3_10min_interpolation,7818.45,2025-03-20 12:00:00,observed_at_issue,472.28258666666676,2025-03-14 04:40:00,2025-03-14 04:40:00;2025-03-07 04:40:00;2025-02-28 04:40:00;2025-02-21 04:40:00,4,weighted_same_weekday_4w,2025-03-20 12:00:00,72,108,False,472.28258666666676,0.0,0.0,0.0,4200.0,4200.0,,120.0
2025-03-20T12:00_rolling,2025-03-20 12:00:00,2025-03-20 12:10:00,2025-03-21 12:00:00,2025-03-20 12:00:00,2025-03-21 04:50:00,1010,0.0,0.0,attachment3_10min_interpolation,7818.45,2025-03-20 12:00:00,observed_at_issue,481.5689550000001,2025-03-14 04:50:00,2025-03-14 04:50:00;2025-03-07 04:50:00;2025-02-28 04:50:00;2025-02-21 04:50:00,4,weighted_same_weekday_4w,2025-03-20 12:00:00,72,108,False,481.5689550000001,0.0,0.0,0.0,4200.0,4200.0,,120.0
2025-03-20T12:00_rolling,2025-03-20 12:00:00,2025-03-20 12:10:00,2025-03-21 12:00:00,2025-03-20 12:00:00,2025-03-21 05:00:00,1020,0.0,0.0,attachment3_10min_interpolation,7818.45,2025-03-20 12:00:00,observed_at_issue,473.2541666666667,2025-03-14 05:00:00,2025-03-14 05:00:00;2025-03-07 05:00:00;2025-02-28 05:00:00;2025-02-21 05:00:00,4,weighted_same_weekday_4w,2025-03-20 12:00:00,72,108,False,473.2541666666667,0.0,0.0,0.0,4200.0,4200.0,,120.0
2025-03-20T12:00_rolling,2025-03-20 12:00:00,2025-03-20 12:10:00,2025-03-21 12:00:00,2025-03-20 12:00:00,2025-03-21 05:10:00,1030,0.0,0.0,attachment3_10min_interpolation,7818.45,2025-03-20 12:00:00,observed_at_issue,465.2881350000001,2025-03-14 05:10:00,2025-03-14 05:10:00;2025-03-07 05:10:00;2025-02-28 05:10:00;2025-02-21 05:10:00,4,weighted_same_weekday_4w,2025-03-20 12:00:00,72,108,False,465.2881350000001,0.0,0.0,0.0,4200.0,4200.0,,120.0
2025-03-20T12:00_rolling,2025-03-20 12:00:00,2025-03-20 12:10:00,2025-03-21 12:00:00,2025-03-20 12:00:00,2025-03-21 05:20:00,1040,0.0,0.0,attachment3_10min_interpolation,7818.45,2025-03-20 12:00:00,observed_at_issue,462.4643166666667,2025-03-14 05:20:00,2025-03-14 05:20:00;2025-03-07 05:20:00;2025-02-28 05:20:00;2025-02-21 05:20:00,4,weighted_same_weekday_4w,2025-03-20 12:00:00,72,108,False,462.4643166666667,0.0,0.0,0.0,4200.0,4200.0,,120.0
2025-03-20T12:00_rolling,2025-03-20 12:00:00,2025-03-20 12:10:00,2025-03-21 12:00:00,2025-03-20 12:00:00,2025-03-21 05:30:00,1050,0.0,0.0,attachment3_10min_interpolation,7818.45,2025-03-20 12:00:00,observed_at_issue,463.7566666666668,2025-03-14 05:30:00,2025-03-14 05:30:00;2025-03-07 05:30:00;2025-02-28 05:30:00;2025-02-21 05:30:00,4,weighted_same_weekday_4w,2025-03-20 12:00:00,72,108,False,463.7566666666668,0.0,0.0,0.0,4200.0,4200.0,,120.0
2025-03-20T12:00_rolling,2025-03-20 12:00:00,2025-03-20 12:10:00,2025-03-21 12:00:00,2025-03-20 12:00:00,2025-03-21 05:40:00,1060,0.0,0.0,attachment3_10min_interpolation,7818.45,2025-03-20 12:00:00,observed_at_issue,467.4539666666667,2025-03-14 05:40:00,2025-03-14 05:40:00;2025-03-07 05:40:00;2025-02-28 05:40:00;2025-02-21 05:40:00,4,weighted_same_weekday_4w,2025-03-20 12:00:00,72,108,False,1267.4539666666667,800.0,0.0,0.0,4200.0,4920.0,,120.0
2025-03-20T12:00_rolling,2025-03-20 12:00:00,2025-03-20 12:10:00,2025-03-21 12:00:00,2025-03-20 12:00:00,2025-03-21 05:50:00,1070,0.0,0.0,attachment3_10min_interpolation,7818.45,2025-03-20 12:00:00,observed_at_issue,477.1959983333335,2025-03-14 05:50:00,2025-03-14 05:50:00;2025-03-07 05:50:00;2025-02-28 05:50:00;2025-02-21 05:50:00,4,weighted_same_weekday_4w,2025-03-20 12:00:00,72,108,False,45.19599833333348,0.0,432.0,0.0,4920.0,4440.0,,120.0
2025-03-20T12:00_rolling,2025-03-20 12:00:00,2025-03-20 12:10:00,2025-03-21 12:00:00,2025-03-20 12:00:00,2025-03-21 06:00:00,1080,0.0,0.0,attachment3_10min_interpolation,7818.45,2025-03-20 12:00:00,observed_at_issue,483.1788333333334,2025-03-14 06:00:00,2025-03-14 06:00:00;2025-03-07 06:00:00;2025-02-28 06:00:00;2025-02-21 06:00:00,4,weighted_same_weekday_4w,2025-03-20 12:00:00,72,108,False,51.17883333333339,0.0,432.0,0.0,4440.0,3960.0,,120.0
2025-03-20T12:00_rolling,2025-03-20 12:00:00,2025-03-20 12:10:00,2025-03-21 12:00:00,2025-03-20 12:00:00,2025-03-21 06:10:00,1090,239.60603333333333,39.93433888888889,attachment3_10min_interpolation,7818.45,2025-03-20 12:00:00,observed_at_issue,470.8511983333334,2025-03-14 06:10:00,2025-03-14 06:10:00;2025-03-07 06:10:00;2025-02-28 06:10:00;2025-02-21 06:10:00,4,weighted_same_weekday_4w,2025-03-20 12:00:00,72,108,False,0.0,0.0,432.0,1.0831405555554738,3960.0,3480.0,,120.0
2025-03-20T12:00_rolling,2025-03-20 12:00:00,2025-03-20 12:10:00,2025-03-21 12:00:00,2025-03-20 12:00:00,2025-03-21 06:20:00,1100,479.21206666666666,79.86867777777778,attachment3_10min_interpolation,7818.45,2025-03-20 12:00:00,observed_at_issue,464.41132500000003,2025-03-14 06:20:00,2025-03-14 06:20:00;2025-03-07 06:20:00;2025-02-28 06:20:00;2025-02-21 06:20:00,4,weighted_same_weekday_4w,2025-03-20 12:00:00,72,108,False,60.542647222222286,0.0,324.0,0.0,3480.0,3120.0,,120.0
2025-03-20T12:00_rolling,2025-03-20 12:00:00,2025-03-20 12:10:00,2025-03-21 12:00:00,2025-03-20 12:00:00,2025-03-21 06:30:00,1110,718.8181,119.80301666666666,attachment3_10min_interpolation,7818.45,2025-03-20 12:00:00,observed_at_issue,464.17233333333337,2025-03-14 06:30:00,2025-03-14 06:30:00;2025-03-07 06:30:00;2025-02-28 06:30:00;2025-02-21 06:30:00,4,weighted_same_weekday_4w,2025-03-20 12:00:00,72,108,False,20.36931666666669,0.0,324.0,0.0,3120.0,2760.0,,120.0
2025-03-20T12:00_rolling,2025-03-20 12:00:00,2025-03-20 12:10:00,2025-03-21 12:00:00,2025-03-20 12:00:00,2025-03-21 06:40:00,1120,958.4241333333332,159.73735555555552,attachment3_10min_interpolation,7818.45,2025-03-20 12:00:00,observed_at_issue,455.59000833333334,2025-03-14 06:40:00,2025-03-14 06:40:00;2025-03-07 06:40:00;2025-02-28 06:40:00;2025-02-21 06:40:00,4,weighted_same_weekday_4w,2025-03-20 12:00:00,72,108,False,0.0,0.0,324.0,28.14734722222215,2760.0,2400.0,,120.0
2025-03-20T12:00_rolling,2025-03-20 12:00:00,2025-03-20 12:10:00,2025-03-21 12:00:00,2025-03-20 12:00:00,2025-03-21 06:50:00,1130,1198.030166666667,199.67169444444448,attachment3_10min_interpolation,7818.45,2025-03-20 12:00:00,observed_at_issue,495.3915716666667,2025-03-14 06:50:00,2025-03-14 06:50:00;2025-03-07 06:50:00;2025-02-28 06:50:00;2025-02-21 06:50:00,4,weighted_same_weekday_4w,2025-03-20 12:00:00,72,108,False,0.0,0.0,324.0,28.280122777777763,2400.0,2040.0,,120.0
2025-03-20T12:00_rolling,2025-03-20 12:00:00,2025-03-20 12:10:00,2025-03-21 12:00:00,2025-03-20 12:00:00,2025-03-21 07:00:00,1140,1437.6362,239.60603333333333,attachment3_10min_interpolation,7818.45,2025-03-20 12:00:00,observed_at_issue,562.0318333333335,2025-03-14 07:00:00,2025-03-14 07:00:00;2025-03-07 07:00:00;2025-02-28 07:00:00;2025-02-21 07:00:00,4,weighted_same_weekday_4w,2025-03-20 12:00:00,72,108,False,0.0,0.0,324.0,1.5741999999999052,2040.0,1680.0,,120.0
2025-03-20T12:00_rolling,2025-03-20 12:00:00,2025-03-20 12:10:00,2025-03-21 12:00:00,2025-03-20 12:00:00,2025-03-21 07:10:00,1150,1880.2686833333328,313.3781138888888,attachment3_10min_interpolation,7818.45,2025-03-20 12:00:00,observed_at_issue,569.7804733333335,2025-03-14 07:10:00,2025-03-14 07:10:00;2025-03-07 07:10:00;2025-02-28 07:10:00;2025-02-21 07:10:00,4,weighted_same_weekday_4w,2025-03-20 12:00:00,72,108,False,40.4023594444447,0.0,216.0,0.0,1680.0,1440.0,,120.0
2025-03-20T12:00_rolling,2025-03-20 12:00:00,2025-03-20 12:10:00,2025-03-21 12:00:00,2025-03-20 12:00:00,2025-03-21 07:20:00,1160,2322.9011666666665,387.1501944444444,attachment3_10min_interpolation,7818.45,2025-03-20 12:00:00,observed_at_issue,559.9508366666668,2025-03-14 07:20:00,2025-03-14 07:20:00;2025-03-07 07:20:00;2025-02-28 07:20:00;2025-02-21 07:20:00,4,weighted_same_weekday_4w,2025-03-20 12:00:00,72,108,False,64.80064222222234,0.0,108.0,0.0,1440.0,1320.0,,120.0
2025-03-20T12:00_rolling,2025-03-20 12:00:00,2025-03-20 12:10:00,2025-03-21 12:00:00,2025-03-20 12:00:00,2025-03-21 07:30:00,1170,2765.53365,460.92227499999996,attachment3_10min_interpolation,7818.45,2025-03-20 12:00:00,observed_at_issue,559.8210000000001,2025-03-14 07:30:00,2025-03-14 07:30:00;2025-03-07 07:30:00;2025-02-28 07:30:00;2025-02-21 07:30:00,4,weighted_same_weekday_4w,2025-03-20 12:00:00,72,108,False,0.0,0.0,108.0,9.101274999999816,1320.0,1200.0,,120.0
2025-03-20T12:00_rolling,2025-03-20 12:00:00,2025-03-20 12:10:00,2025-03-21 12:00:00,2025-03-20 12:00:00,2025-03-21 07:40:00,1180,3208.166133333333,534.6943555555555,attachment3_10min_interpolation,7818.45,2025-03-20 12:00:00,observed_at_issue,554.3389933333335,2025-03-14 07:40:00,2025-03-14 07:40:00;2025-03-07 07:40:00;2025-02-28 07:40:00;2025-02-21 07:40:00,4,weighted_same_weekday_4w,2025-03-20 12:00:00,72,108,False,19.64463777777803,0.0,0.0,0.0,1200.0,1200.0,,120.0
2025-03-20T12:00_rolling,2025-03-20 12:00:00,2025-03-20 12:10:00,2025-03-21 12:00:00,2025-03-20 12:00:00,2025-03-21 07:50:00,1190,3650.7986166666665,608.4664361111111,attachment3_10min_interpolation,7818.45,2025-03-20 12:00:00,observed_at_issue,546.4294133333334,2025-03-14 07:50:00,2025-03-14 07:50:00;2025-03-07 07:50:00;2025-02-28 07:50:00;2025-02-21 07:50:00,4,weighted_same_weekday_4w,2025-03-20 12:00:00,72,108,False,0.0,0.0,0.0,62.03702277777768,1200.0,1200.0,,120.0
2025-03-20T12:00_rolling,2025-03-20 12:00:00,2025-03-20 12:10:00,2025-03-21 12:00:00,2025-03-20 12:00:00,2025-03-21 08:00:00,1200,4093.4311,682.2385166666667,attachment3_10min_interpolation,7818.45,2025-03-20 12:00:00,observed_at_issue,541.1238333333336,2025-03-14 08:00:00,2025-03-14 08:00:00;2025-03-07 08:00:00;2025-02-28 08:00:00;2025-02-21 08:00:00,4,weighted_same_weekday_4w,2025-03-20 12:00:00,72,108,False,0.0,0.0,0.0,141.11468333333312,1200.0,1200.0,,120.0
2025-03-20T12:00_rolling,2025-03-20 12:00:00,2025-03-20 12:10:00,2025-03-21 12:00:00,2025-03-20 12:00:00,2025-03-21 08:10:00,1210,4196.8618,699.4769666666666,attachment3_10min_interpolation,7818.45,2025-03-20 12:00:00,observed_at_issue,540.4619666666667,2025-03-14 08:10:00,2025-03-14 08:10:00;2025-03-07 08:10:00;2025-02-28 08:10:00;2025-02-21 08:10:00,4,weighted_same_weekday_4w,2025-03-20 12:00:00,72,108,False,0.0,0.0,0.0,159.01499999999987,1200.0,1200.0,,120.0
2025-03-20T12:00_rolling,2025-03-20 12:00:00,2025-03-20 12:10:00,2025-03-21 12:00:00,2025-03-20 12:00:00,2025-03-21 08:20:00,1220,4300.2925,716.7154166666666,attachment3_10min_interpolation,7818.45,2025-03-20 12:00:00,observed_at_issue,545.6708050000001,2025-03-14 08:20:00,2025-03-14 08:20:00;2025-03-07 08:20:00;2025-02-28 08:20:00;2025-02-21 08:20:00,4,weighted_same_weekday_4w,2025-03-20 12:00:00,72,108,False,0.0,0.0,0.0,171.04461166666647,1200.0,1200.0,,120.0
2025-03-20T12:00_rolling,2025-03-20 12:00:00,2025-03-20 12:10:00,2025-03-21 12:00:00,2025-03-20 12:00:00,2025-03-21 08:30:00,1230,4403.7232,733.9538666666667,attachment3_10min_interpolation,7818.45,2025-03-20 12:00:00,observed_at_issue,547.4785000000002,2025-03-14 08:30:00,2025-03-14 08:30:00;2025-03-07 08:30:00;2025-02-28 08:30:00;2025-02-21 08:30:00,4,weighted_same_weekday_4w,2025-03-20 12:00:00,72,108,False,0.0,0.0,0.0,186.47536666666656,1200.0,1200.0,,120.0
2025-03-20T12:00_rolling,2025-03-20 12:00:00,2025-03-20 12:10:00,2025-03-21 12:00:00,2025-03-20 12:00:00,2025-03-21 08:40:00,1240,4507.1539,751.1923166666667,attachment3_10min_interpolation,7818.45,2025-03-20 12:00:00,observed_at_issue,542.7246266666667,2025-03-14 08:40:00,2025-03-14 08:40:00;2025-03-07 08:40:00;2025-02-28 08:40:00;2025-02-21 08:40:00,4,weighted_same_weekday_4w,2025-03-20 12:00:00,72,108,False,0.0,0.0,0.0,208.46768999999995,1200.0,1200.0,,120.0
2025-03-20T12:00_rolling,2025-03-20 12:00:00,2025-03-20 12:10:00,2025-03-21 12:00:00,2025-03-20 12:00:00,2025-03-21 08:50:00,1250,4610.5846,768.4307666666667,attachment3_10min_interpolation,7818.45,2025-03-20 12:00:00,observed_at_issue,589.7474683333335,2025-03-14 08:50:00,2025-03-14 08:50:00;2025-03-07 08:50:00;2025-02-28 08:50:00;2025-02-21 08:50:00,4,weighted_same_weekday_4w,2025-03-20 12:00:00,72,108,False,0.0,0.0,0.0,178.68329833333325,1200.0,1200.0,,120.0
2025-03-20T12:00_rolling,2025-03-20 12:00:00,2025-03-20 12:10:00,2025-03-21 12:00:00,2025-03-20 12:00:00,2025-03-21 09:00:00,1260,4714.0153,785.6692166666667,attachment3_10min_interpolation,7818.45,2025-03-20 12:00:00,observed_at_issue,665.5216666666668,2025-03-14 09:00:00,2025-03-14 09:00:00;2025-03-07 09:00:00;2025-02-28 09:00:00;2025-02-21 09:00:00,4,weighted_same_weekday_4w,2025-03-20 12:00:00,72,108,False,0.0,0.0,0.0,120.14754999999991,1200.0,1200.0,,120.0
2025-03-20T12:00_rolling,2025-03-20 12:00:00,2025-03-20 12:10:00,2025-03-21 12:00:00,2025-03-20 12:00:00,2025-03-21 09:10:00,1270,4811.3814,801.8969000000001,attachment3_10min_interpolation,7818.45,2025-03-20 12:00:00,observed_at_issue,681.0275533333333,2025-03-14 09:10:00,2025-03-14 09:10:00;2025-03-07 09:10:00;2025-02-28 09:10:00;2025-02-21 09:10:00,4,weighted_same_weekday_4w,2025-03-20 12:00:00,72,108,False,0.0,0.0,0.0,120.86934666666673,1200.0,1200.0,,120.0
2025-03-20T12:00_rolling,2025-03-20 12:00:00,2025-03-20 12:10:00,2025-03-21 12:00:00,2025-03-20 12:00:00,2025-03-21 09:20:00,1280,4908.7475,818.1245833333334,attachment3_10min_interpolation,7818.45,2025-03-20 12:00:00,observed_at_issue,669.1814550000001,2025-03-14 09:20:00,2025-03-14 09:20:00;2025-03-07 09:20:00;2025-02-28 09:20:00;2025-02-21 09:20:00,4,weighted_same_weekday_4w,2025-03-20 12:00:00,72,108,False,0.0,0.0,0.0,148.94312833333322,1200.0,1200.0,,120.0
2025-03-20T12:00_rolling,2025-03-20 12:00:00,2025-03-20 12:10:00,2025-03-21 12:00:00,2025-03-20 12:00:00,2025-03-21 09:30:00,1290,5006.113600000001,834.3522666666668,attachment3_10min_interpolation,7818.45,2025-03-20 12:00:00,observed_at_issue,660.4590000000002,2025-03-14 09:30:00,2025-03-14 09:30:00;2025-03-07 09:30:00;2025-02-28 09:30:00;2025-02-21 09:30:00,4,weighted_same_weekday_4w,2025-03-20 12:00:00,72,108,False,0.0,0.0,0.0,173.8932666666666,1200.0,1200.0,,120.0
2025-03-20T12:00_rolling,2025-03-20 12:00:00,2025-03-20 12:10:00,2025-03-21 12:00:00,2025-03-20 12:00:00,2025-03-21 09:40:00,1300,5103.4797,850.5799499999999,attachment3_10min_interpolation,7818.45,2025-03-20 12:00:00,observed_at_issue,651.0484683333334,2025-03-14 09:40:00,2025-03-14 09:40:00;2025-03-07 09:40:00;2025-02-28 09:40:00;2025-02-21 09:40:00,4,weighted_same_weekday_4w,2025-03-20 12:00:00,72,108,False,0.0,0.0,0.0,199.53148166666654,1200.0,1200.0,,120.0
2025-03-20T12:00_rolling,2025-03-20 12:00:00,2025-03-20 12:10:00,2025-03-21 12:00:00,2025-03-20 12:00:00,2025-03-21 09:50:00,1310,5200.8458,866.8076333333333,attachment3_10min_interpolation,7818.45,2025-03-20 12:00:00,observed_at_issue,636.6577966666669,2025-03-14 09:50:00,2025-03-14 09:50:00;2025-03-07 09:50:00;2025-02-28 09:50:00;2025-02-21 09:50:00,4,weighted_same_weekday_4w,2025-03-20 12:00:00,72,108,False,0.0,0.0,0.0,230.1498366666665,1200.0,1200.0,,120.0
2025-03-20T12:00_rolling,2025-03-20 12:00:00,2025-03-20 12:10:00,2025-03-21 12:00:00,2025-03-20 12:00:00,2025-03-21 10:00:00,1320,5298.2119,883.0353166666667,attachment3_10min_interpolation,7818.45,2025-03-20 12:00:00,observed_at_issue,629.4735000000002,2025-03-14 10:00:00,2025-03-14 10:00:00;2025-03-07 10:00:00;2025-02-28 10:00:00;2025-02-21 10:00:00,4,weighted_same_weekday_4w,2025-03-20 12:00:00,72,108,False,0.0,0.0,0.0,253.56181666666657,1200.0,1200.0,,120.0
2025-03-20T12:00_rolling,2025-03-20 12:00:00,2025-03-20 12:10:00,2025-03-21 12:00:00,2025-03-20 12:00:00,2025-03-21 10:10:00,1330,5397.749633333334,899.624938888889,attachment3_10min_interpolation,7818.45,2025-03-20 12:00:00,observed_at_issue,645.6037616666669,2025-03-14 10:10:00,2025-03-14 10:10:00;2025-03-07 10:10:00;2025-02-28 10:10:00;2025-02-21 10:10:00,4,weighted_same_weekday_4w,2025-03-20 12:00:00,72,108,False,0.0,0.0,0.0,254.02117722222215,1200.0,1200.0,,120.0
2025-03-20T12:00_rolling,2025-03-20 12:00:00,2025-03-20 12:10:00,2025-03-21 12:00:00,2025-03-20 12:00:00,2025-03-21 10:20:00,1340,5497.2873666666665,916.214561111111,attachment3_10min_interpolation,7818.45,2025-03-20 12:00:00,observed_at_issue,653.5362983333334,2025-03-14 10:20:00,2025-03-14 10:20:00;2025-03-07 10:20:00;2025-02-28 10:20:00;2025-02-21 10:20:00,4,weighted_same_weekday_4w,2025-03-20 12:00:00,72,108,False,0.0,0.0,0.0,262.6782627777776,1200.0,1200.0,,120.0
2025-03-20T12:00_rolling,2025-03-20 12:00:00,2025-03-20 12:10:00,2025-03-21 12:00:00,2025-03-20 12:00:00,2025-03-21 10:30:00,1350,5596.8251,932.8041833333333,attachment3_10min_interpolation,7818.45,2025-03-20 12:00:00,observed_at_issue,645.9203333333335,2025-03-14 10:30:00,2025-03-14 10:30:00;2025-03-07 10:30:00;2025-02-28 10:30:00;2025-02-21 10:30:00,4,weighted_same_weekday_4w,2025-03-20 12:00:00,72,108,False,0.0,0.0,0.0,286.8838499999998,1200.0,1200.0,,120.0
2025-03-20T12:00_rolling,2025-03-20 12:00:00,2025-03-20 12:10:00,2025-03-21 12:00:00,2025-03-20 12:00:00,2025-03-21 10:40:00,1360,5696.362833333334,949.3938055555556,attachment3_10min_interpolation,7818.45,2025-03-20 12:00:00,observed_at_issue,643.2048950000001,2025-03-14 10:40:00,2025-03-14 10:40:00;2025-03-07 10:40:00;2025-02-28 10:40:00;2025-02-21 10:40:00,4,weighted_same_weekday_4w,2025-03-20 12:00:00,72,108,False,0.0,0.0,0.0,306.1889105555555,1200.0,1200.0,,120.0
2025-03-20T12:00_rolling,2025-03-20 12:00:00,2025-03-20 12:10:00,2025-03-21 12:00:00,2025-03-20 12:00:00,2025-03-21 10:50:00,1370,5795.900566666666,965.9834277777777,attachment3_10min_interpolation,7818.45,2025-03-20 12:00:00,observed_at_issue,633.2843433333334,2025-03-14 10:50:00,2025-03-14 10:50:00;2025-03-07 10:50:00;2025-02-28 10:50:00;2025-02-21 10:50:00,4,weighted_same_weekday_4w,2025-03-20 12:00:00,72,108,False,0.0,0.0,0.0,332.69908444444434,1200.0,1200.0,,120.0
2025-03-20T12:00_rolling,2025-03-20 12:00:00,2025-03-20 12:10:00,2025-03-21 12:00:00,2025-03-20 12:00:00,2025-03-21 11:00:00,1380,5895.4383,982.57305,attachment3_10min_interpolation,7818.45,2025-03-20 12:00:00,observed_at_issue,623.4040000000001,2025-03-14 11:00:00,2025-03-14 11:00:00;2025-03-07 11:00:00;2025-02-28 11:00:00;2025-02-21 11:00:00,4,weighted_same_weekday_4w,2025-03-20 12:00:00,72,108,False,0.0,0.0,0.0,359.16904999999986,1200.0,1200.0,,120.0
2025-03-20T12:00_rolling,2025-03-20 12:00:00,2025-03-20 12:10:00,2025-03-21 12:00:00,2025-03-20 12:00:00,2025-03-21 11:10:00,1390,5763.684266666666,960.6140444444444,attachment3_10min_interpolation,7818.45,2025-03-20 12:00:00,observed_at_issue,635.5508283333335,2025-03-14 11:10:00,2025-03-14 11:10:00;2025-03-07 11:10:00;2025-02-28 11:10:00;2025-02-21 11:10:00,4,weighted_same_weekday_4w,2025-03-20 12:00:00,72,108,False,0.0,0.0,0.0,325.06321611111093,1200.0,1200.0,,120.0
2025-03-20T12:00_rolling,2025-03-20 12:00:00,2025-03-20 12:10:00,2025-03-21 12:00:00,2025-03-20 12:00:00,2025-03-21 11:20:00,1400,5631.9302333333335,938.655038888889,attachment3_10min_interpolation,7818.45,2025-03-20 12:00:00,observed_at_issue,640.7082016666668,2025-03-14 11:20:00,2025-03-14 11:20:00;2025-03-07 11:20:00;2025-02-28 11:20:00;2025-02-21 11:20:00,4,weighted_same_weekday_4w,2025-03-20 12:00:00,72,108,False,0.0,0.0,0.0,297.94683722222214,1200.0,1200.0,,120.0
2025-03-20T12:00_rolling,2025-03-20 12:00:00,2025-03-20 12:10:00,2025-03-21 12:00:00,2025-03-20 12:00:00,2025-03-21 11:30:00,1410,5500.1762,916.6960333333333,attachment3_10min_interpolation,7818.45,2025-03-20 12:00:00,observed_at_issue,632.7798333333335,2025-03-14 11:30:00,2025-03-14 11:30:00;2025-03-07 11:30:00;2025-02-28 11:30:00;2025-02-21 11:30:00,4,weighted_same_weekday_4w,2025-03-20 12:00:00,72,108,False,0.0,0.0,0.0,283.9161999999998,1200.0,1200.0,,120.0
2025-03-20T12:00_rolling,2025-03-20 12:00:00,2025-03-20 12:10:00,2025-03-21 12:00:00,2025-03-20 12:00:00,2025-03-21 11:40:00,1420,5368.422166666666,894.7370277777777,attachment3_10min_interpolation,7818.45,2025-03-20 12:00:00,observed_at_issue,633.2797816666668,2025-03-14 11:40:00,2025-03-14 11:40:00;2025-03-07 11:40:00;2025-02-28 11:40:00;2025-02-21 11:40:00,4,weighted_same_weekday_4w,2025-03-20 12:00:00,72,108,False,0.0,0.0,0.0,261.45724611111086,1200.0,1200.0,,120.0
2025-03-20T12:00_rolling,2025-03-20 12:00:00,2025-03-20 12:10:00,2025-03-21 12:00:00,2025-03-20 12:00:00,2025-03-21 11:50:00,1430,5236.668133333334,872.7780222222223,attachment3_10min_interpolation,7818.45,2025-03-20 12:00:00,observed_at_issue,631.0382583333335,2025-03-14 11:50:00,2025-03-14 11:50:00;2025-03-07 11:50:00;2025-02-28 11:50:00;2025-02-21 11:50:00,4,weighted_same_weekday_4w,2025-03-20 12:00:00,72,108,False,0.0,0.0,0.0,241.73976388888877,1200.0,1200.0,,120.0
2025-03-20T12:00_rolling,2025-03-20 12:00:00,2025-03-20 12:10:00,2025-03-21 12:00:00,2025-03-20 12:00:00,2025-03-21 12:00:00,1440,5104.9141,850.8190166666667,attachment3_10min_interpolation,7818.45,2025-03-20 12:00:00,observed_at_issue,624.1906666666667,2025-03-14 12:00:00,2025-03-14 12:00:00;2025-03-07 12:00:00;2025-02-28 12:00:00;2025-02-21 12:00:00,4,weighted_same_weekday_4w,2025-03-20 12:00:00,72,108,False,0.0,0.0,0.0,226.62834999999995,1200.0,1200.0,,120.0
2025-03-20T18:00_rolling,2025-03-20 18:00:00,2025-03-20 18:10:00,2025-03-21 18:00:00,2025-03-20 18:00:00,2025-03-20 18:10:00,10,0.0,0.0,observed_anchor_linear_to_h1,0.0,2025-03-20 18:00:00,observed_at_issue,693.6506666666668,2025-03-13 18:10:00,2025-03-13 18:10:00;2025-03-06 18:10:00;2025-02-27 18:10:00;2025-02-20 18:10:00,4,weighted_same_weekday_4w,2025-03-20 18:00:00,108,144,True,45.65066666666678,0.0,648.0,0.0,10800.0,10080.0,45.65066666666678,120.0
2025-03-20T18:00_rolling,2025-03-20 18:00:00,2025-03-20 18:10:00,2025-03-21 18:00:00,2025-03-20 18:00:00,2025-03-20 18:20:00,20,0.0,0.0,observed_anchor_linear_to_h1,0.0,2025-03-20 18:00:00,observed_at_issue,727.8775883333335,2025-03-13 18:20:00,2025-03-13 18:20:00;2025-03-06 18:20:00;2025-02-27 18:20:00;2025-02-20 18:20:00,4,weighted_same_weekday_4w,2025-03-20 18:00:00,108,144,True,727.8775883333335,0.0,0.0,0.0,10080.0,10080.0,727.8775883333335,120.0
2025-03-20T18:00_rolling,2025-03-20 18:00:00,2025-03-20 18:10:00,2025-03-21 18:00:00,2025-03-20 18:00:00,2025-03-20 18:30:00,30,0.0,0.0,observed_anchor_linear_to_h1,0.0,2025-03-20 18:00:00,observed_at_issue,727.5531666666668,2025-03-13 18:30:00,2025-03-13 18:30:00;2025-03-06 18:30:00;2025-02-27 18:30:00;2025-02-20 18:30:00,4,weighted_same_weekday_4w,2025-03-20 18:00:00,108,144,True,511.5531666666668,0.0,216.0,0.0,10080.0,9840.0,511.5531666666668,120.0
2025-03-20T18:00_rolling,2025-03-20 18:00:00,2025-03-20 18:10:00,2025-03-21 18:00:00,2025-03-20 18:00:00,2025-03-20 18:40:00,40,0.0,0.0,observed_anchor_linear_to_h1,0.0,2025-03-20 18:00:00,observed_at_issue,728.0419133333335,2025-03-13 18:40:00,2025-03-13 18:40:00;2025-03-06 18:40:00;2025-02-27 18:40:00;2025-02-20 18:40:00,4,weighted_same_weekday_4w,2025-03-20 18:00:00,108,144,True,728.0419133333335,0.0,0.0,0.0,9840.0,9840.0,728.0419133333335,120.0
2025-03-20T18:00_rolling,2025-03-20 18:00:00,2025-03-20 18:10:00,2025-03-21 18:00:00,2025-03-20 18:00:00,2025-03-20 18:50:00,50,0.0,0.0,observed_anchor_linear_to_h1,0.0,2025-03-20 18:00:00,observed_at_issue,720.9485866666668,2025-03-13 18:50:00,2025-03-13 18:50:00;2025-03-06 18:50:00;2025-02-27 18:50:00;2025-02-20 18:50:00,4,weighted_same_weekday_4w,2025-03-20 18:00:00,108,144,True,72.94858666666676,0.0,648.0,0.0,9840.0,9120.0,72.94858666666676,120.0
2025-03-20T18:00_rolling,2025-03-20 18:00:00,2025-03-20 18:10:00,2025-03-21 18:00:00,2025-03-20 18:00:00,2025-03-20 19:00:00,60,0.0,0.0,attachment3_10min_interpolation,0.0,2025-03-20 18:00:00,observed_at_issue,710.0066666666669,2025-03-13 19:00:00,2025-03-13 19:00:00;2025-03-06 19:00:00;2025-02-27 19:00:00;2025-02-20 19:00:00,4,weighted_same_weekday_4w,2025-03-20 18:00:00,108,144,True,62.00666666666689,0.0,648.0,0.0,9120.0,8400.0,62.00666666666689,120.0
2025-03-20T18:00_rolling,2025-03-20 18:00:00,2025-03-20 18:10:00,2025-03-21 18:00:00,2025-03-20 18:00:00,2025-03-20 19:10:00,70,0.0,0.0,attachment3_10min_interpolation,0.0,2025-03-20 18:00:00,observed_at_issue,714.5672616666668,2025-03-13 19:10:00,2025-03-13 19:10:00;2025-03-06 19:10:00;2025-02-27 19:10:00;2025-02-20 19:10:00,4,weighted_same_weekday_4w,2025-03-20 18:00:00,108,144,True,66.56726166666681,0.0,648.0,0.0,8400.0,7680.0,66.56726166666681,120.0
2025-03-20T18:00_rolling,2025-03-20 18:00:00,2025-03-20 18:10:00,2025-03-21 18:00:00,2025-03-20 18:00:00,2025-03-20 19:20:00,80,0.0,0.0,attachment3_10min_interpolation,0.0,2025-03-20 18:00:00,observed_at_issue,719.0743433333334,2025-03-13 19:20:00,2025-03-13 19:20:00;2025-03-06 19:20:00;2025-02-27 19:20:00;2025-02-20 19:20:00,4,weighted_same_weekday_4w,2025-03-20 18:00:00,108,144,True,71.07434333333345,0.0,648.0,0.0,7680.0,6960.0,71.07434333333345,120.0
2025-03-20T18:00_rolling,2025-03-20 18:00:00,2025-03-20 18:10:00,2025-03-21 18:00:00,2025-03-20 18:00:00,2025-03-20 19:30:00,90,0.0,0.0,attachment3_10min_interpolation,0.0,2025-03-20 18:00:00,observed_at_issue,724.7158333333334,2025-03-13 19:30:00,2025-03-13 19:30:00;2025-03-06 19:30:00;2025-02-27 19:30:00;2025-02-20 19:30:00,4,weighted_same_weekday_4w,2025-03-20 18:00:00,108,144,True,76.71583333333342,0.0,648.0,0.0,6960.0,6240.0,76.71583333333342,120.0
2025-03-20T18:00_rolling,2025-03-20 18:00:00,2025-03-20 18:10:00,2025-03-21 18:00:00,2025-03-20 18:00:00,2025-03-20 19:40:00,100,0.0,0.0,attachment3_10min_interpolation,0.0,2025-03-20 18:00:00,observed_at_issue,744.2391550000002,2025-03-13 19:40:00,2025-03-13 19:40:00;2025-03-06 19:40:00;2025-02-27 19:40:00;2025-02-20 19:40:00,4,weighted_same_weekday_4w,2025-03-20 18:00:00,108,144,True,96.23915500000021,0.0,648.0,0.0,6240.0,5520.0,96.23915500000021,120.0
2025-03-20T18:00_rolling,2025-03-20 18:00:00,2025-03-20 18:10:00,2025-03-21 18:00:00,2025-03-20 18:00:00,2025-03-20 19:50:00,110,0.0,0.0,attachment3_10min_interpolation,0.0,2025-03-20 18:00:00,observed_at_issue,736.6207733333334,2025-03-13 19:50:00,2025-03-13 19:50:00;2025-03-06 19:50:00;2025-02-27 19:50:00;2025-02-20 19:50:00,4,weighted_same_weekday_4w,2025-03-20 18:00:00,108,144,True,88.62077333333343,0.0,648.0,0.0,5520.0,4800.0,88.62077333333343,120.0
2025-03-20T18:00_rolling,2025-03-20 18:00:00,2025-03-20 18:10:00,2025-03-21 18:00:00,2025-03-20 18:00:00,2025-03-20 20:00:00,120,0.0,0.0,attachment3_10min_interpolation,0.0,2025-03-20 18:00:00,observed_at_issue,714.3686666666667,2025-03-13 20:00:00,2025-03-13 20:00:00;2025-03-06 20:00:00;2025-02-27 20:00:00;2025-02-20 20:00:00,4,weighted_same_weekday_4w,2025-03-20 18:00:00,108,144,True,66.36866666666674,0.0,648.0,0.0,4800.0,4080.0,66.36866666666674,120.0
2025-03-20T18:00_rolling,2025-03-20 18:00:00,2025-03-20 18:10:00,2025-03-21 18:00:00,2025-03-20 18:00:00,2025-03-20 20:10:00,130,0.0,0.0,attachment3_10min_interpolation,0.0,2025-03-20 18:00:00,observed_at_issue,730.3801966666668,2025-03-13 20:10:00,2025-03-13 20:10:00;2025-03-06 20:10:00;2025-02-27 20:10:00;2025-02-20 20:10:00,4,weighted_same_weekday_4w,2025-03-20 18:00:00,108,144,True,82.38019666666685,0.0,648.0,0.0,4080.0,3360.0,82.38019666666685,120.0
2025-03-20T18:00_rolling,2025-03-20 18:00:00,2025-03-20 18:10:00,2025-03-21 18:00:00,2025-03-20 18:00:00,2025-03-20 20:20:00,140,0.0,0.0,attachment3_10min_interpolation,0.0,2025-03-20 18:00:00,observed_at_issue,733.1875933333334,2025-03-13 20:20:00,2025-03-13 20:20:00;2025-03-06 20:20:00;2025-02-27 20:20:00;2025-02-20 20:20:00,4,weighted_same_weekday_4w,2025-03-20 18:00:00,108,144,True,85.18759333333344,0.0,648.0,0.0,3360.0,2640.0,85.18759333333344,120.0
2025-03-20T18:00_rolling,2025-03-20 18:00:00,2025-03-20 18:10:00,2025-03-21 18:00:00,2025-03-20 18:00:00,2025-03-20 20:30:00,150,0.0,0.0,attachment3_10min_interpolation,0.0,2025-03-20 18:00:00,observed_at_issue,715.1503333333335,2025-03-13 20:30:00,2025-03-13 20:30:00;2025-03-06 20:30:00;2025-02-27 20:30:00;2025-02-20 20:30:00,4,weighted_same_weekday_4w,2025-03-20 18:00:00,108,144,True,67.15033333333349,0.0,648.0,0.0,2640.0,1920.0,67.15033333333349,120.0
2025-03-20T18:00_rolling,2025-03-20 18:00:00,2025-03-20 18:10:00,2025-03-21 18:00:00,2025-03-20 18:00:00,2025-03-20 20:40:00,160,0.0,0.0,attachment3_10min_interpolation,0.0,2025-03-20 18:00:00,observed_at_issue,723.2816450000001,2025-03-13 20:40:00,2025-03-13 20:40:00;2025-03-06 20:40:00;2025-02-27 20:40:00;2025-02-20 20:40:00,4,weighted_same_weekday_4w,2025-03-20 18:00:00,108,144,True,75.28164500000014,0.0,648.0,0.0,1920.0,1200.0,75.28164500000014,120.0
2025-03-20T18:00_rolling,2025-03-20 18:00:00,2025-03-20 18:10:00,2025-03-21 18:00:00,2025-03-20 18:00:00,2025-03-20 20:50:00,170,0.0,0.0,attachment3_10min_interpolation,0.0,2025-03-20 18:00:00,observed_at_issue,741.0302983333335,2025-03-13 20:50:00,2025-03-13 20:50:00;2025-03-06 20:50:00;2025-02-27 20:50:00;2025-02-20 20:50:00,4,weighted_same_weekday_4w,2025-03-20 18:00:00,108,144,True,741.0302983333335,0.0,0.0,0.0,1200.0,1200.0,741.0302983333335,120.0
2025-03-20T18:00_rolling,2025-03-20 18:00:00,2025-03-20 18:10:00,2025-03-21 18:00:00,2025-03-20 18:00:00,2025-03-20 21:00:00,180,0.0,0.0,attachment3_10min_interpolation,0.0,2025-03-20 18:00:00,observed_at_issue,745.4441666666668,2025-03-13 21:00:00,2025-03-13 21:00:00;2025-03-06 21:00:00;2025-02-27 21:00:00;2025-02-20 21:00:00,4,weighted_same_weekday_4w,2025-03-20 18:00:00,108,144,True,745.4441666666668,0.0,0.0,0.0,1200.0,1200.0,745.4441666666668,120.0
2025-03-20T18:00_rolling,2025-03-20 18:00:00,2025-03-20 18:10:00,2025-03-21 18:00:00,2025-03-20 18:00:00,2025-03-20 21:10:00,190,0.0,0.0,attachment3_10min_interpolation,0.0,2025-03-20 18:00:00,observed_at_issue,731.2269533333334,2025-03-13 21:10:00,2025-03-13 21:10:00;2025-03-06 21:10:00;2025-02-27 21:10:00;2025-02-20 21:10:00,4,weighted_same_weekday_4w,2025-03-20 18:00:00,108,144,True,731.2269533333334,0.0,0.0,0.0,1200.0,1200.0,731.2269533333334,120.0
2025-03-20T18:00_rolling,2025-03-20 18:00:00,2025-03-20 18:10:00,2025-03-21 18:00:00,2025-03-20 18:00:00,2025-03-20 21:20:00,200,0.0,0.0,attachment3_10min_interpolation,0.0,2025-03-20 18:00:00,observed_at_issue,721.8685050000001,2025-03-13 21:20:00,2025-03-13 21:20:00;2025-03-06 21:20:00;2025-02-27 21:20:00;2025-02-20 21:20:00,4,weighted_same_weekday_4w,2025-03-20 18:00:00,108,144,True,721.8685050000001,0.0,0.0,0.0,1200.0,1200.0,721.8685050000001,120.0
2025-03-20T18:00_rolling,2025-03-20 18:00:00,2025-03-20 18:10:00,2025-03-21 18:00:00,2025-03-20 18:00:00,2025-03-20 21:30:00,210,0.0,0.0,attachment3_10min_interpolation,0.0,2025-03-20 18:00:00,observed_at_issue,730.4093333333335,2025-03-13 21:30:00,2025-03-13 21:30:00;2025-03-06 21:30:00;2025-02-27 21:30:00;2025-02-20 21:30:00,4,weighted_same_weekday_4w,2025-03-20 18:00:00,108,144,True,730.4093333333335,0.0,0.0,0.0,1200.0,1200.0,730.4093333333335,120.0
2025-03-20T18:00_rolling,2025-03-20 18:00:00,2025-03-20 18:10:00,2025-03-21 18:00:00,2025-03-20 18:00:00,2025-03-20 21:40:00,220,0.0,0.0,attachment3_10min_interpolation,0.0,2025-03-20 18:00:00,observed_at_issue,735.6705766666669,2025-03-13 21:40:00,2025-03-13 21:40:00;2025-03-06 21:40:00;2025-02-27 21:40:00;2025-02-20 21:40:00,4,weighted_same_weekday_4w,2025-03-20 18:00:00,108,144,True,735.6705766666669,0.0,0.0,0.0,1200.0,1200.0,735.6705766666669,120.0
2025-03-20T18:00_rolling,2025-03-20 18:00:00,2025-03-20 18:10:00,2025-03-21 18:00:00,2025-03-20 18:00:00,2025-03-20 21:50:00,230,0.0,0.0,attachment3_10min_interpolation,0.0,2025-03-20 18:00:00,observed_at_issue,656.2605316666668,2025-03-13 21:50:00,2025-03-13 21:50:00;2025-03-06 21:50:00;2025-02-27 21:50:00;2025-02-20 21:50:00,4,weighted_same_weekday_4w,2025-03-20 18:00:00,108,144,True,656.2605316666668,0.0,0.0,0.0,1200.0,1200.0,656.2605316666668,120.0
2025-03-20T18:00_rolling,2025-03-20 18:00:00,2025-03-20 18:10:00,2025-03-21 18:00:00,2025-03-20 18:00:00,2025-03-20 22:00:00,240,0.0,0.0,attachment3_10min_interpolation,0.0,2025-03-20 18:00:00,observed_at_issue,544.546,2025-03-13 22:00:00,2025-03-13 22:00:00;2025-03-06 22:00:00;2025-02-27 22:00:00;2025-02-20 22:00:00,4,weighted_same_weekday_4w,2025-03-20 18:00:00,108,144,True,544.546,0.0,0.0,0.0,1200.0,1200.0,544.546,120.0
2025-03-20T18:00_rolling,2025-03-20 18:00:00,2025-03-20 18:10:00,2025-03-21 18:00:00,2025-03-20 18:00:00,2025-03-20 22:10:00,250,0.0,0.0,attachment3_10min_interpolation,0.0,2025-03-20 18:00:00,observed_at_issue,542.7267066666668,2025-03-13 22:10:00,2025-03-13 22:10:00;2025-03-06 22:10:00;2025-02-27 22:10:00;2025-02-20 22:10:00,4,weighted_same_weekday_4w,2025-03-20 18:00:00,108,144,True,542.7267066666668,0.0,0.0,0.0,1200.0,1200.0,542.7267066666668,120.0
2025-03-20T18:00_rolling,2025-03-20 18:00:00,2025-03-20 18:10:00,2025-03-21 18:00:00,2025-03-20 18:00:00,2025-03-20 22:20:00,260,0.0,0.0,attachment3_10min_interpolation,0.0,2025-03-20 18:00:00,observed_at_issue,562.2563383333335,2025-03-13 22:20:00,2025-03-13 22:20:00;2025-03-06 22:20:00;2025-02-27 22:20:00;2025-02-20 22:20:00,4,weighted_same_weekday_4w,2025-03-20 18:00:00,108,144,True,562.2563383333335,0.0,0.0,0.0,1200.0,1200.0,562.2563383333335,120.0
2025-03-20T18:00_rolling,2025-03-20 18:00:00,2025-03-20 18:10:00,2025-03-21 18:00:00,2025-03-20 18:00:00,2025-03-20 22:30:00,270,0.0,0.0,attachment3_10min_interpolation,0.0,2025-03-20 18:00:00,observed_at_issue,555.3395,2025-03-13 22:30:00,2025-03-13 22:30:00;2025-03-06 22:30:00;2025-02-27 22:30:00;2025-02-20 22:30:00,4,weighted_same_weekday_4w,2025-03-20 18:00:00,108,144,True,555.3395,0.0,0.0,0.0,1200.0,1200.0,555.3395,120.0
2025-03-20T18:00_rolling,2025-03-20 18:00:00,2025-03-20 18:10:00,2025-03-21 18:00:00,2025-03-20 18:00:00,2025-03-20 22:40:00,280,0.0,0.0,attachment3_10min_interpolation,0.0,2025-03-20 18:00:00,observed_at_issue,560.4827366666667,2025-03-13 22:40:00,2025-03-13 22:40:00;2025-03-06 22:40:00;2025-02-27 22:40:00;2025-02-20 22:40:00,4,weighted_same_weekday_4w,2025-03-20 18:00:00,108,144,True,560.4827366666667,0.0,0.0,0.0,1200.0,1200.0,560.4827366666667,120.0
2025-03-20T18:00_rolling,2025-03-20 18:00:00,2025-03-20 18:10:00,2025-03-21 18:00:00,2025-03-20 18:00:00,2025-03-20 22:50:00,290,0.0,0.0,attachment3_10min_interpolation,0.0,2025-03-20 18:00:00,observed_at_issue,562.5004500000001,2025-03-13 22:50:00,2025-03-13 22:50:00;2025-03-06 22:50:00;2025-02-27 22:50:00;2025-02-20 22:50:00,4,weighted_same_weekday_4w,2025-03-20 18:00:00,108,144,True,562.5004500000001,0.0,0.0,0.0,1200.0,1200.0,562.5004500000001,120.0
2025-03-20T18:00_rolling,2025-03-20 18:00:00,2025-03-20 18:10:00,2025-03-21 18:00:00,2025-03-20 18:00:00,2025-03-20 23:00:00,300,0.0,0.0,attachment3_10min_interpolation,0.0,2025-03-20 18:00:00,observed_at_issue,563.133,2025-03-13 23:00:00,2025-03-13 23:00:00;2025-03-06 23:00:00;2025-02-27 23:00:00;2025-02-20 23:00:00,4,weighted_same_weekday_4w,2025-03-20 18:00:00,108,144,True,563.133,0.0,0.0,0.0,1200.0,1200.0,563.133,120.0
2025-03-20T18:00_rolling,2025-03-20 18:00:00,2025-03-20 18:10:00,2025-03-21 18:00:00,2025-03-20 18:00:00,2025-03-20 23:10:00,310,0.0,0.0,attachment3_10min_interpolation,0.0,2025-03-20 18:00:00,observed_at_issue,580.4857116666668,2025-03-13 23:10:00,2025-03-13 23:10:00;2025-03-06 23:10:00;2025-02-27 23:10:00;2025-02-20 23:10:00,4,weighted_same_weekday_4w,2025-03-20 18:00:00,108,144,True,580.4857116666668,0.0,0.0,0.0,1200.0,1200.0,580.4857116666668,120.0
2025-03-20T18:00_rolling,2025-03-20 18:00:00,2025-03-20 18:10:00,2025-03-21 18:00:00,2025-03-20 18:00:00,2025-03-20 23:20:00,320,0.0,0.0,attachment3_10min_interpolation,0.0,2025-03-20 18:00:00,observed_at_issue,575.1340683333335,2025-03-13 23:20:00,2025-03-13 23:20:00;2025-03-06 23:20:00;2025-02-27 23:20:00;2025-02-20 23:20:00,4,weighted_same_weekday_4w,2025-03-20 18:00:00,108,144,True,575.1340683333335,0.0,0.0,0.0,1200.0,1200.0,575.1340683333335,120.0
2025-03-20T18:00_rolling,2025-03-20 18:00:00,2025-03-20 18:10:00,2025-03-21 18:00:00,2025-03-20 18:00:00,2025-03-20 23:30:00,330,0.0,0.0,attachment3_10min_interpolation,0.0,2025-03-20 18:00:00,observed_at_issue,556.7441666666668,2025-03-13 23:30:00,2025-03-13 23:30:00;2025-03-06 23:30:00;2025-02-27 23:30:00;2025-02-20 23:30:00,4,weighted_same_weekday_4w,2025-03-20 18:00:00,108,144,True,556.7441666666668,0.0,0.0,0.0,1200.0,1200.0,556.7441666666668,120.0
2025-03-20T18:00_rolling,2025-03-20 18:00:00,2025-03-20 18:10:00,2025-03-21 18:00:00,2025-03-20 18:00:00,2025-03-20 23:40:00,340,0.0,0.0,attachment3_10min_interpolation,0.0,2025-03-20 18:00:00,observed_at_issue,564.6570833333334,2025-03-13 23:40:00,2025-03-13 23:40:00;2025-03-06 23:40:00;2025-02-27 23:40:00;2025-02-20 23:40:00,4,weighted_same_weekday_4w,2025-03-20 18:00:00,108,144,True,564.6570833333334,0.0,0.0,0.0,1200.0,1200.0,564.6570833333334,120.0
2025-03-20T18:00_rolling,2025-03-20 18:00:00,2025-03-20 18:10:00,2025-03-21 18:00:00,2025-03-20 18:00:00,2025-03-20 23:50:00,350,0.0,0.0,attachment3_10min_interpolation,0.0,2025-03-20 18:00:00,observed_at_issue,508.17612166666675,2025-03-13 23:50:00,2025-03-13 23:50:00;2025-03-06 23:50:00;2025-02-27 23:50:00;2025-02-20 23:50:00,4,weighted_same_weekday_4w,2025-03-20 18:00:00,108,144,True,508.17612166666675,0.0,0.0,0.0,1200.0,1200.0,508.17612166666675,120.0
2025-03-20T18:00_rolling,2025-03-20 18:00:00,2025-03-20 18:10:00,2025-03-21 18:00:00,2025-03-20 18:00:00,2025-03-21 00:00:00,360,0.0,0.0,attachment3_10min_interpolation,0.0,2025-03-20 18:00:00,observed_at_issue,412.1016666666667,2025-03-14 00:00:00,2025-03-14 00:00:00;2025-03-07 00:00:00;2025-02-28 00:00:00;2025-02-21 00:00:00,4,weighted_same_weekday_4w,2025-03-20 18:00:00,108,144,True,412.1016666666667,0.0,0.0,0.0,1200.0,1200.0,412.1016666666667,120.0
2025-03-20T18:00_rolling,2025-03-20 18:00:00,2025-03-20 18:10:00,2025-03-21 18:00:00,2025-03-20 18:00:00,2025-03-21 00:10:00,370,0.0,0.0,attachment3_10min_interpolation,0.0,2025-03-20 18:00:00,observed_at_issue,402.27709333333337,2025-03-14 00:10:00,2025-03-14 00:10:00;2025-03-07 00:10:00;2025-02-28 00:10:00;2025-02-21 00:10:00,4,weighted_same_weekday_4w,2025-03-20 18:00:00,108,144,False,1202.2770933333334,800.0,0.0,0.0,1200.0,1920.0,,120.0
2025-03-20T18:00_rolling,2025-03-20 18:00:00,2025-03-20 18:10:00,2025-03-21 18:00:00,2025-03-20 18:00:00,2025-03-21 00:20:00,380,0.0,0.0,attachment3_10min_interpolation,0.0,2025-03-20 18:00:00,observed_at_issue,416.7580283333334,2025-03-14 00:20:00,2025-03-14 00:20:00;2025-03-07 00:20:00;2025-02-28 00:20:00;2025-02-21 00:20:00,4,weighted_same_weekday_4w,2025-03-20 18:00:00,108,144,False,1216.7580283333334,800.0,0.0,0.0,1920.0,2640.0,,120.0
2025-03-20T18:00_rolling,2025-03-20 18:00:00,2025-03-20 18:10:00,2025-03-21 18:00:00,2025-03-20 18:00:00,2025-03-21 00:30:00,390,0.0,0.0,attachment3_10min_interpolation,0.0,2025-03-20 18:00:00,observed_at_issue,410.351,2025-03-14 00:30:00,2025-03-14 00:30:00;2025-03-07 00:30:00;2025-02-28 00:30:00;2025-02-21 00:30:00,4,weighted_same_weekday_4w,2025-03-20 18:00:00,108,144,False,1210.351,800.0,0.0,0.0,2640.0,3360.0,,120.0
2025-03-20T18:00_rolling,2025-03-20 18:00:00,2025-03-20 18:10:00,2025-03-21 18:00:00,2025-03-20 18:00:00,2025-03-21 00:40:00,400,0.0,0.0,attachment3_10min_interpolation,0.0,2025-03-20 18:00:00,observed_at_issue,403.41860500000007,2025-03-14 00:40:00,2025-03-14 00:40:00;2025-03-07 00:40:00;2025-02-28 00:40:00;2025-02-21 00:40:00,4,weighted_same_weekday_4w,2025-03-20 18:00:00,108,144,False,803.4186050000001,400.0,0.0,0.0,3360.0,3720.0,,120.0
2025-03-20T18:00_rolling,2025-03-20 18:00:00,2025-03-20 18:10:00,2025-03-21 18:00:00,2025-03-20 18:00:00,2025-03-21 00:50:00,410,0.0,0.0,attachment3_10min_interpolation,0.0,2025-03-20 18:00:00,observed_at_issue,415.7439383333334,2025-03-14 00:50:00,2025-03-14 00:50:00;2025-03-07 00:50:00;2025-02-28 00:50:00;2025-02-21 00:50:00,4,weighted_same_weekday_4w,2025-03-20 18:00:00,108,144,False,1215.7439383333335,800.0,0.0,0.0,3720.0,4440.0,,120.0
2025-03-20T18:00_rolling,2025-03-20 18:00:00,2025-03-20 18:10:00,2025-03-21 18:00:00,2025-03-20 18:00:00,2025-03-21 01:00:00,420,0.0,0.0,attachment3_10min_interpolation,0.0,2025-03-20 18:00:00,observed_at_issue,432.6726666666667,2025-03-14 01:00:00,2025-03-14 01:00:00;2025-03-07 01:00:00;2025-02-28 01:00:00;2025-02-21 01:00:00,4,weighted_same_weekday_4w,2025-03-20 18:00:00,108,144,False,432.6726666666667,0.0,0.0,0.0,4440.0,4440.0,,120.0
2025-03-20T18:00_rolling,2025-03-20 18:00:00,2025-03-20 18:10:00,2025-03-21 18:00:00,2025-03-20 18:00:00,2025-03-21 01:10:00,430,0.0,0.0,attachment3_10min_interpolation,0.0,2025-03-20 18:00:00,observed_at_issue,421.4918783333334,2025-03-14 01:10:00,2025-03-14 01:10:00;2025-03-07 01:10:00;2025-02-28 01:10:00;2025-02-21 01:10:00,4,weighted_same_weekday_4w,2025-03-20 18:00:00,108,144,False,421.4918783333334,0.0,0.0,0.0,4440.0,4440.0,,120.0
2025-03-20T18:00_rolling,2025-03-20 18:00:00,2025-03-20 18:10:00,2025-03-21 18:00:00,2025-03-20 18:00:00,2025-03-21 01:20:00,440,0.0,0.0,attachment3_10min_interpolation,0.0,2025-03-20 18:00:00,observed_at_issue,410.3247966666667,2025-03-14 01:20:00,2025-03-14 01:20:00;2025-03-07 01:20:00;2025-02-28 01:20:00;2025-02-21 01:20:00,4,weighted_same_weekday_4w,2025-03-20 18:00:00,108,144,False,410.3247966666667,0.0,0.0,0.0,4440.0,4440.0,,120.0
2025-03-20T18:00_rolling,2025-03-20 18:00:00,2025-03-20 18:10:00,2025-03-21 18:00:00,2025-03-20 18:00:00,2025-03-21 01:30:00,450,0.0,0.0,attachment3_10min_interpolation,0.0,2025-03-20 18:00:00,observed_at_issue,414.9380000000001,2025-03-14 01:30:00,2025-03-14 01:30:00;2025-03-07 01:30:00;2025-02-28 01:30:00;2025-02-21 01:30:00,4,weighted_same_weekday_4w,2025-03-20 18:00:00,108,144,False,414.9380000000001,0.0,0.0,0.0,4440.0,4440.0,,120.0
2025-03-20T18:00_rolling,2025-03-20 18:00:00,2025-03-20 18:10:00,2025-03-21 18:00:00,2025-03-20 18:00:00,2025-03-21 01:40:00,460,0.0,0.0,attachment3_10min_interpolation,0.0,2025-03-20 18:00:00,observed_at_issue,424.9098300000001,2025-03-14 01:40:00,2025-03-14 01:40:00;2025-03-07 01:40:00;2025-02-28 01:40:00;2025-02-21 01:40:00,4,weighted_same_weekday_4w,2025-03-20 18:00:00,108,144,False,424.9098300000001,0.0,0.0,0.0,4440.0,4440.0,,120.0
2025-03-20T18:00_rolling,2025-03-20 18:00:00,2025-03-20 18:10:00,2025-03-21 18:00:00,2025-03-20 18:00:00,2025-03-21 01:50:00,470,0.0,0.0,attachment3_10min_interpolation,0.0,2025-03-20 18:00:00,observed_at_issue,436.5707900000001,2025-03-14 01:50:00,2025-03-14 01:50:00;2025-03-07 01:50:00;2025-02-28 01:50:00;2025-02-21 01:50:00,4,weighted_same_weekday_4w,2025-03-20 18:00:00,108,144,False,436.5707900000001,0.0,0.0,0.0,4440.0,4440.0,,120.0
2025-03-20T18:00_rolling,2025-03-20 18:00:00,2025-03-20 18:10:00,2025-03-21 18:00:00,2025-03-20 18:00:00,2025-03-21 02:00:00,480,0.0,0.0,attachment3_10min_interpolation,0.0,2025-03-20 18:00:00,observed_at_issue,442.9325,2025-03-14 02:00:00,2025-03-14 02:00:00;2025-03-07 02:00:00;2025-02-28 02:00:00;2025-02-21 02:00:00,4,weighted_same_weekday_4w,2025-03-20 18:00:00,108,144,False,442.9325,0.0,0.0,0.0,4440.0,4440.0,,120.0
2025-03-20T18:00_rolling,2025-03-20 18:00:00,2025-03-20 18:10:00,2025-03-21 18:00:00,2025-03-20 18:00:00,2025-03-21 02:10:00,490,0.0,0.0,attachment3_10min_interpolation,0.0,2025-03-20 18:00:00,observed_at_issue,435.86525166666684,2025-03-14 02:10:00,2025-03-14 02:10:00;2025-03-07 02:10:00;2025-02-28 02:10:00;2025-02-21 02:10:00,4,weighted_same_weekday_4w,2025-03-20 18:00:00,108,144,False,435.86525166666684,0.0,0.0,0.0,4440.0,4440.0,,120.0
2025-03-20T18:00_rolling,2025-03-20 18:00:00,2025-03-20 18:10:00,2025-03-21 18:00:00,2025-03-20 18:00:00,2025-03-21 02:20:00,500,0.0,0.0,attachment3_10min_interpolation,0.0,2025-03-20 18:00:00,observed_at_issue,423.8823333333334,2025-03-14 02:20:00,2025-03-14 02:20:00;2025-03-07 02:20:00;2025-02-28 02:20:00;2025-02-21 02:20:00,4,weighted_same_weekday_4w,2025-03-20 18:00:00,108,144,False,423.8823333333334,0.0,0.0,0.0,4440.0,4440.0,,120.0
2025-03-20T18:00_rolling,2025-03-20 18:00:00,2025-03-20 18:10:00,2025-03-21 18:00:00,2025-03-20 18:00:00,2025-03-21 02:30:00,510,0.0,0.0,attachment3_10min_interpolation,0.0,2025-03-20 18:00:00,observed_at_issue,418.6411666666668,2025-03-14 02:30:00,2025-03-14 02:30:00;2025-03-07 02:30:00;2025-02-28 02:30:00;2025-02-21 02:30:00,4,weighted_same_weekday_4w,2025-03-20 18:00:00,108,144,False,418.6411666666668,0.0,0.0,0.0,4440.0,4440.0,,120.0
2025-03-20T18:00_rolling,2025-03-20 18:00:00,2025-03-20 18:10:00,2025-03-21 18:00:00,2025-03-20 18:00:00,2025-03-21 02:40:00,520,0.0,0.0,attachment3_10min_interpolation,0.0,2025-03-20 18:00:00,observed_at_issue,426.03642833333345,2025-03-14 02:40:00,2025-03-14 02:40:00;2025-03-07 02:40:00;2025-02-28 02:40:00;2025-02-21 02:40:00,4,weighted_same_weekday_4w,2025-03-20 18:00:00,108,144,False,426.03642833333345,0.0,0.0,0.0,4440.0,4440.0,,120.0
2025-03-20T18:00_rolling,2025-03-20 18:00:00,2025-03-20 18:10:00,2025-03-21 18:00:00,2025-03-20 18:00:00,2025-03-21 02:50:00,530,0.0,0.0,attachment3_10min_interpolation,0.0,2025-03-20 18:00:00,observed_at_issue,433.88072166666666,2025-03-14 02:50:00,2025-03-14 02:50:00;2025-03-07 02:50:00;2025-02-28 02:50:00;2025-02-21 02:50:00,4,weighted_same_weekday_4w,2025-03-20 18:00:00,108,144,False,433.88072166666666,0.0,0.0,0.0,4440.0,4440.0,,120.0
2025-03-20T18:00_rolling,2025-03-20 18:00:00,2025-03-20 18:10:00,2025-03-21 18:00:00,2025-03-20 18:00:00,2025-03-21 03:00:00,540,0.0,0.0,attachment3_10min_interpolation,0.0,2025-03-20 18:00:00,observed_at_issue,440.69833333333344,2025-03-14 03:00:00,2025-03-14 03:00:00;2025-03-07 03:00:00;2025-02-28 03:00:00;2025-02-21 03:00:00,4,weighted_same_weekday_4w,2025-03-20 18:00:00,108,144,False,440.69833333333344,0.0,0.0,0.0,4440.0,4440.0,,120.0
2025-03-20T18:00_rolling,2025-03-20 18:00:00,2025-03-20 18:10:00,2025-03-21 18:00:00,2025-03-20 18:00:00,2025-03-21 03:10:00,550,0.0,0.0,attachment3_10min_interpolation,0.0,2025-03-20 18:00:00,observed_at_issue,453.6141116666667,2025-03-14 03:10:00,2025-03-14 03:10:00;2025-03-07 03:10:00;2025-02-28 03:10:00;2025-02-21 03:10:00,4,weighted_same_weekday_4w,2025-03-20 18:00:00,108,144,False,453.6141116666667,0.0,0.0,0.0,4440.0,4440.0,,120.0
2025-03-20T18:00_rolling,2025-03-20 18:00:00,2025-03-20 18:10:00,2025-03-21 18:00:00,2025-03-20 18:00:00,2025-03-21 03:20:00,560,0.0,0.0,attachment3_10min_interpolation,0.0,2025-03-20 18:00:00,observed_at_issue,454.3212783333334,2025-03-14 03:20:00,2025-03-14 03:20:00;2025-03-07 03:20:00;2025-02-28 03:20:00;2025-02-21 03:20:00,4,weighted_same_weekday_4w,2025-03-20 18:00:00,108,144,False,454.3212783333334,0.0,0.0,0.0,4440.0,4440.0,,120.0
2025-03-20T18:00_rolling,2025-03-20 18:00:00,2025-03-20 18:10:00,2025-03-21 18:00:00,2025-03-20 18:00:00,2025-03-21 03:30:00,570,0.0,0.0,attachment3_10min_interpolation,0.0,2025-03-20 18:00:00,observed_at_issue,441.81566666666674,2025-03-14 03:30:00,2025-03-14 03:30:00;2025-03-07 03:30:00;2025-02-28 03:30:00;2025-02-21 03:30:00,4,weighted_same_weekday_4w,2025-03-20 18:00:00,108,144,False,441.81566666666674,0.0,0.0,0.0,4440.0,4440.0,,120.0
2025-03-20T18:00_rolling,2025-03-20 18:00:00,2025-03-20 18:10:00,2025-03-21 18:00:00,2025-03-20 18:00:00,2025-03-21 03:40:00,580,0.0,0.0,attachment3_10min_interpolation,0.0,2025-03-20 18:00:00,observed_at_issue,436.3430216666667,2025-03-14 03:40:00,2025-03-14 03:40:00;2025-03-07 03:40:00;2025-02-28 03:40:00;2025-02-21 03:40:00,4,weighted_same_weekday_4w,2025-03-20 18:00:00,108,144,False,436.3430216666667,0.0,0.0,0.0,4440.0,4440.0,,120.0
2025-03-20T18:00_rolling,2025-03-20 18:00:00,2025-03-20 18:10:00,2025-03-21 18:00:00,2025-03-20 18:00:00,2025-03-21 03:50:00,590,0.0,0.0,attachment3_10min_interpolation,0.0,2025-03-20 18:00:00,observed_at_issue,447.1559983333334,2025-03-14 03:50:00,2025-03-14 03:50:00;2025-03-07 03:50:00;2025-02-28 03:50:00;2025-02-21 03:50:00,4,weighted_same_weekday_4w,2025-03-20 18:00:00,108,144,False,447.1559983333334,0.0,0.0,0.0,4440.0,4440.0,,120.0
2025-03-20T18:00_rolling,2025-03-20 18:00:00,2025-03-20 18:10:00,2025-03-21 18:00:00,2025-03-20 18:00:00,2025-03-21 04:00:00,600,0.0,0.0,attachment3_10min_interpolation,0.0,2025-03-20 18:00:00,observed_at_issue,465.00350000000003,2025-03-14 04:00:00,2025-03-14 04:00:00;2025-03-07 04:00:00;2025-02-28 04:00:00;2025-02-21 04:00:00,4,weighted_same_weekday_4w,2025-03-20 18:00:00,108,144,False,465.00350000000003,0.0,0.0,0.0,4440.0,4440.0,,120.0
2025-03-20T18:00_rolling,2025-03-20 18:00:00,2025-03-20 18:10:00,2025-03-21 18:00:00,2025-03-20 18:00:00,2025-03-21 04:10:00,610,0.0,0.0,attachment3_10min_interpolation,0.0,2025-03-20 18:00:00,observed_at_issue,469.8229233333334,2025-03-14 04:10:00,2025-03-14 04:10:00;2025-03-07 04:10:00;2025-02-28 04:10:00;2025-02-21 04:10:00,4,weighted_same_weekday_4w,2025-03-20 18:00:00,108,144,False,469.8229233333334,0.0,0.0,0.0,4440.0,4440.0,,120.0
2025-03-20T18:00_rolling,2025-03-20 18:00:00,2025-03-20 18:10:00,2025-03-21 18:00:00,2025-03-20 18:00:00,2025-03-21 04:20:00,620,0.0,0.0,attachment3_10min_interpolation,0.0,2025-03-20 18:00:00,observed_at_issue,460.86022,2025-03-14 04:20:00,2025-03-14 04:20:00;2025-03-07 04:20:00;2025-02-28 04:20:00;2025-02-21 04:20:00,4,weighted_same_weekday_4w,2025-03-20 18:00:00,108,144,False,460.86022,0.0,0.0,0.0,4440.0,4440.0,,120.0
2025-03-20T18:00_rolling,2025-03-20 18:00:00,2025-03-20 18:10:00,2025-03-21 18:00:00,2025-03-20 18:00:00,2025-03-21 04:30:00,630,0.0,0.0,attachment3_10min_interpolation,0.0,2025-03-20 18:00:00,observed_at_issue,455.5621666666667,2025-03-14 04:30:00,2025-03-14 04:30:00;2025-03-07 04:30:00;2025-02-28 04:30:00;2025-02-21 04:30:00,4,weighted_same_weekday_4w,2025-03-20 18:00:00,108,144,False,455.5621666666667,0.0,0.0,0.0,4440.0,4440.0,,120.0
2025-03-20T18:00_rolling,2025-03-20 18:00:00,2025-03-20 18:10:00,2025-03-21 18:00:00,2025-03-20 18:00:00,2025-03-21 04:40:00,640,0.0,0.0,attachment3_10min_interpolation,0.0,2025-03-20 18:00:00,observed_at_issue,472.28258666666676,2025-03-14 04:40:00,2025-03-14 04:40:00;2025-03-07 04:40:00;2025-02-28 04:40:00;2025-02-21 04:40:00,4,weighted_same_weekday_4w,2025-03-20 18:00:00,108,144,False,472.28258666666676,0.0,0.0,0.0,4440.0,4440.0,,120.0
2025-03-20T18:00_rolling,2025-03-20 18:00:00,2025-03-20 18:10:00,2025-03-21 18:00:00,2025-03-20 18:00:00,2025-03-21 04:50:00,650,0.0,0.0,attachment3_10min_interpolation,0.0,2025-03-20 18:00:00,observed_at_issue,481.5689550000001,2025-03-14 04:50:00,2025-03-14 04:50:00;2025-03-07 04:50:00;2025-02-28 04:50:00;2025-02-21 04:50:00,4,weighted_same_weekday_4w,2025-03-20 18:00:00,108,144,False,481.5689550000001,0.0,0.0,0.0,4440.0,4440.0,,120.0
2025-03-20T18:00_rolling,2025-03-20 18:00:00,2025-03-20 18:10:00,2025-03-21 18:00:00,2025-03-20 18:00:00,2025-03-21 05:00:00,660,0.0,0.0,attachment3_10min_interpolation,0.0,2025-03-20 18:00:00,observed_at_issue,473.2541666666667,2025-03-14 05:00:00,2025-03-14 05:00:00;2025-03-07 05:00:00;2025-02-28 05:00:00;2025-02-21 05:00:00,4,weighted_same_weekday_4w,2025-03-20 18:00:00,108,144,False,473.2541666666667,0.0,0.0,0.0,4440.0,4440.0,,120.0
2025-03-20T18:00_rolling,2025-03-20 18:00:00,2025-03-20 18:10:00,2025-03-21 18:00:00,2025-03-20 18:00:00,2025-03-21 05:10:00,670,0.0,0.0,attachment3_10min_interpolation,0.0,2025-03-20 18:00:00,observed_at_issue,465.2881350000001,2025-03-14 05:10:00,2025-03-14 05:10:00;2025-03-07 05:10:00;2025-02-28 05:10:00;2025-02-21 05:10:00,4,weighted_same_weekday_4w,2025-03-20 18:00:00,108,144,False,465.2881350000001,0.0,0.0,0.0,4440.0,4440.0,,120.0
2025-03-20T18:00_rolling,2025-03-20 18:00:00,2025-03-20 18:10:00,2025-03-21 18:00:00,2025-03-20 18:00:00,2025-03-21 05:20:00,680,0.0,0.0,attachment3_10min_interpolation,0.0,2025-03-20 18:00:00,observed_at_issue,462.4643166666667,2025-03-14 05:20:00,2025-03-14 05:20:00;2025-03-07 05:20:00;2025-02-28 05:20:00;2025-02-21 05:20:00,4,weighted_same_weekday_4w,2025-03-20 18:00:00,108,144,False,462.4643166666667,0.0,0.0,0.0,4440.0,4440.0,,120.0
2025-03-20T18:00_rolling,2025-03-20 18:00:00,2025-03-20 18:10:00,2025-03-21 18:00:00,2025-03-20 18:00:00,2025-03-21 05:30:00,690,0.0,0.0,attachment3_10min_interpolation,0.0,2025-03-20 18:00:00,observed_at_issue,463.7566666666668,2025-03-14 05:30:00,2025-03-14 05:30:00;2025-03-07 05:30:00;2025-02-28 05:30:00;2025-02-21 05:30:00,4,weighted_same_weekday_4w,2025-03-20 18:00:00,108,144,False,463.7566666666668,0.0,0.0,0.0,4440.0,4440.0,,120.0
2025-03-20T18:00_rolling,2025-03-20 18:00:00,2025-03-20 18:10:00,2025-03-21 18:00:00,2025-03-20 18:00:00,2025-03-21 05:40:00,700,0.0,0.0,attachment3_10min_interpolation,0.0,2025-03-20 18:00:00,observed_at_issue,467.4539666666667,2025-03-14 05:40:00,2025-03-14 05:40:00;2025-03-07 05:40:00;2025-02-28 05:40:00;2025-02-21 05:40:00,4,weighted_same_weekday_4w,2025-03-20 18:00:00,108,144,False,1267.4539666666667,800.0,0.0,0.0,4440.0,5160.0,,120.0
2025-03-20T18:00_rolling,2025-03-20 18:00:00,2025-03-20 18:10:00,2025-03-21 18:00:00,2025-03-20 18:00:00,2025-03-21 05:50:00,710,0.0,0.0,attachment3_10min_interpolation,0.0,2025-03-20 18:00:00,observed_at_issue,477.1959983333335,2025-03-14 05:50:00,2025-03-14 05:50:00;2025-03-07 05:50:00;2025-02-28 05:50:00;2025-02-21 05:50:00,4,weighted_same_weekday_4w,2025-03-20 18:00:00,108,144,False,45.19599833333348,0.0,432.0,0.0,5160.0,4680.0,,120.0
2025-03-20T18:00_rolling,2025-03-20 18:00:00,2025-03-20 18:10:00,2025-03-21 18:00:00,2025-03-20 18:00:00,2025-03-21 06:00:00,720,0.0,0.0,attachment3_10min_interpolation,0.0,2025-03-20 18:00:00,observed_at_issue,483.1788333333334,2025-03-14 06:00:00,2025-03-14 06:00:00;2025-03-07 06:00:00;2025-02-28 06:00:00;2025-02-21 06:00:00,4,weighted_same_weekday_4w,2025-03-20 18:00:00,108,144,False,51.17883333333339,0.0,432.0,0.0,4680.0,4200.0,,120.0
2025-03-20T18:00_rolling,2025-03-20 18:00:00,2025-03-20 18:10:00,2025-03-21 18:00:00,2025-03-20 18:00:00,2025-03-21 06:10:00,730,225.73536666666664,37.622561111111104,attachment3_10min_interpolation,0.0,2025-03-20 18:00:00,observed_at_issue,470.8511983333334,2025-03-14 06:10:00,2025-03-14 06:10:00;2025-03-07 06:10:00;2025-02-28 06:10:00;2025-02-21 06:10:00,4,weighted_same_weekday_4w,2025-03-20 18:00:00,108,144,False,1.2286372222222894,0.0,432.0,0.0,4200.0,3720.0,,120.0
2025-03-20T18:00_rolling,2025-03-20 18:00:00,2025-03-20 18:10:00,2025-03-21 18:00:00,2025-03-20 18:00:00,2025-03-21 06:20:00,740,451.4707333333333,75.24512222222222,attachment3_10min_interpolation,0.0,2025-03-20 18:00:00,observed_at_issue,464.41132500000003,2025-03-14 06:20:00,2025-03-14 06:20:00;2025-03-07 06:20:00;2025-02-28 06:20:00;2025-02-21 06:20:00,4,weighted_same_weekday_4w,2025-03-20 18:00:00,108,144,False,0.0,0.0,432.0,42.83379722222219,3720.0,3240.0,,120.0
2025-03-20T18:00_rolling,2025-03-20 18:00:00,2025-03-20 18:10:00,2025-03-21 18:00:00,2025-03-20 18:00:00,2025-03-21 06:30:00,750,677.2061,112.86768333333333,attachment3_10min_interpolation,0.0,2025-03-20 18:00:00,observed_at_issue,464.17233333333337,2025-03-14 06:30:00,2025-03-14 06:30:00;2025-03-07 06:30:00;2025-02-28 06:30:00;2025-02-21 06:30:00,4,weighted_same_weekday_4w,2025-03-20 18:00:00,108,144,False,27.304650000000038,0.0,324.0,0.0,3240.0,2880.0,,120.0
2025-03-20T18:00_rolling,2025-03-20 18:00:00,2025-03-20 18:10:00,2025-03-21 18:00:00,2025-03-20 18:00:00,2025-03-21 06:40:00,760,902.9414666666668,150.49024444444447,attachment3_10min_interpolation,0.0,2025-03-20 18:00:00,observed_at_issue,455.59000833333334,2025-03-14 06:40:00,2025-03-14 06:40:00;2025-03-07 06:40:00;2025-02-28 06:40:00;2025-02-21 06:40:00,4,weighted_same_weekday_4w,2025-03-20 18:00:00,108,144,False,0.0,0.0,324.0,18.9002361111111,2880.0,2520.0,,120.0
2025-03-20T18:00_rolling,2025-03-20 18:00:00,2025-03-20 18:10:00,2025-03-21 18:00:00,2025-03-20 18:00:00,2025-03-21 06:50:00,770,1128.6768333333334,188.11280555555558,attachment3_10min_interpolation,0.0,2025-03-20 18:00:00,observed_at_issue,495.3915716666667,2025-03-14 06:50:00,2025-03-14 06:50:00;2025-03-07 06:50:00;2025-02-28 06:50:00;2025-02-21 06:50:00,4,weighted_same_weekday_4w,2025-03-20 18:00:00,108,144,False,0.0,0.0,324.0,16.721233888888833,2520.0,2160.0,,120.0
2025-03-20T18:00_rolling,2025-03-20 18:00:00,2025-03-20 18:10:00,2025-03-21 18:00:00,2025-03-20 18:00:00,2025-03-21 07:00:00,780,1354.4122,225.73536666666666,attachment3_10min_interpolation,0.0,2025-03-20 18:00:00,observed_at_issue,562.0318333333335,2025-03-14 07:00:00,2025-03-14 07:00:00;2025-03-07 07:00:00;2025-02-28 07:00:00;2025-02-21 07:00:00,4,weighted_same_weekday_4w,2025-03-20 18:00:00,108,144,False,12.296466666666788,0.0,324.0,0.0,2160.0,1800.0,,120.0
2025-03-20T18:00_rolling,2025-03-20 18:00:00,2025-03-20 18:10:00,2025-03-21 18:00:00,2025-03-20 18:00:00,2025-03-21 07:10:00,790,1763.3718,293.89529999999996,attachment3_10min_interpolation,0.0,2025-03-20 18:00:00,observed_at_issue,569.7804733333335,2025-03-14 07:10:00,2025-03-14 07:10:00;2025-03-07 07:10:00;2025-02-28 07:10:00;2025-02-21 07:10:00,4,weighted_same_weekday_4w,2025-03-20 18:00:00,108,144,False,59.88517333333351,0.0,216.0,0.0,1800.0,1560.0,,120.0
2025-03-20T18:00_rolling,2025-03-20 18:00:00,2025-03-20 18:10:00,2025-03-21 18:00:00,2025-03-20 18:00:00,2025-03-21 07:20:00,800,2172.3314,362.0552333333333,attachment3_10min_interpolation,0.0,2025-03-20 18:00:00,observed_at_issue,559.9508366666668,2025-03-14 07:20:00,2025-03-14 07:20:00;2025-03-07 07:20:00;2025-02-28 07:20:00;2025-02-21 07:20:00,4,weighted_same_weekday_4w,2025-03-20 18:00:00,108,144,False,0.0,0.0,216.0,18.10439666666656,1560.0,1320.0,,120.0
2025-03-20T18:00_rolling,2025-03-20 18:00:00,2025-03-20 18:10:00,2025-03-21 18:00:00,2025-03-20 18:00:00,2025-03-21 07:30:00,810,2581.291,430.2151666666667,attachment3_10min_interpolation,0.0,2025-03-20 18:00:00,observed_at_issue,559.8210000000001,2025-03-14 07:30:00,2025-03-14 07:30:00;2025-03-07 07:30:00;2025-02-28 07:30:00;2025-02-21 07:30:00,4,weighted_same_weekday_4w,2025-03-20 18:00:00,108,144,False,21.605833333333464,0.0,108.0,0.0,1320.0,1200.0,,120.0
2025-03-20T18:00_rolling,2025-03-20 18:00:00,2025-03-20 18:10:00,2025-03-21 18:00:00,2025-03-20 18:00:00,2025-03-21 07:40:00,820,2990.2506,498.3751,attachment3_10min_interpolation,0.0,2025-03-20 18:00:00,observed_at_issue,554.3389933333335,2025-03-14 07:40:00,2025-03-14 07:40:00;2025-03-07 07:40:00;2025-02-28 07:40:00;2025-02-21 07:40:00,4,weighted_same_weekday_4w,2025-03-20 18:00:00,108,144,False,55.963893333333544,0.0,0.0,0.0,1200.0,1200.0,,120.0
2025-03-20T18:00_rolling,2025-03-20 18:00:00,2025-03-20 18:10:00,2025-03-21 18:00:00,2025-03-20 18:00:00,2025-03-21 07:50:00,830,3399.2102,566.5350333333333,attachment3_10min_interpolation,0.0,2025-03-20 18:00:00,observed_at_issue,546.4294133333334,2025-03-14 07:50:00,2025-03-14 07:50:00;2025-03-07 07:50:00;2025-02-28 07:50:00;2025-02-21 07:50:00,4,weighted_same_weekday_4w,2025-03-20 18:00:00,108,144,False,0.0,0.0,0.0,20.10561999999993,1200.0,1200.0,,120.0
2025-03-20T18:00_rolling,2025-03-20 18:00:00,2025-03-20 18:10:00,2025-03-21 18:00:00,2025-03-20 18:00:00,2025-03-21 08:00:00,840,3808.1698,634.6949666666667,attachment3_10min_interpolation,0.0,2025-03-20 18:00:00,observed_at_issue,541.1238333333336,2025-03-14 08:00:00,2025-03-14 08:00:00;2025-03-07 08:00:00;2025-02-28 08:00:00;2025-02-21 08:00:00,4,weighted_same_weekday_4w,2025-03-20 18:00:00,108,144,False,0.0,0.0,0.0,93.57113333333314,1200.0,1200.0,,120.0
2025-03-20T18:00_rolling,2025-03-20 18:00:00,2025-03-20 18:10:00,2025-03-21 18:00:00,2025-03-20 18:00:00,2025-03-21 08:10:00,850,4071.3082,678.5513666666667,attachment3_10min_interpolation,0.0,2025-03-20 18:00:00,observed_at_issue,540.4619666666667,2025-03-14 08:10:00,2025-03-14 08:10:00;2025-03-07 08:10:00;2025-02-28 08:10:00;2025-02-21 08:10:00,4,weighted_same_weekday_4w,2025-03-20 18:00:00,108,144,False,0.0,0.0,0.0,138.08939999999996,1200.0,1200.0,,120.0
2025-03-20T18:00_rolling,2025-03-20 18:00:00,2025-03-20 18:10:00,2025-03-21 18:00:00,2025-03-20 18:00:00,2025-03-21 08:20:00,860,4334.4466,722.4077666666667,attachment3_10min_interpolation,0.0,2025-03-20 18:00:00,observed_at_issue,545.6708050000001,2025-03-14 08:20:00,2025-03-14 08:20:00;2025-03-07 08:20:00;2025-02-28 08:20:00;2025-02-21 08:20:00,4,weighted_same_weekday_4w,2025-03-20 18:00:00,108,144,False,0.0,0.0,0.0,176.73696166666662,1200.0,1200.0,,120.0
2025-03-20T18:00_rolling,2025-03-20 18:00:00,2025-03-20 18:10:00,2025-03-21 18:00:00,2025-03-20 18:00:00,2025-03-21 08:30:00,870,4597.585,766.2641666666667,attachment3_10min_interpolation,0.0,2025-03-20 18:00:00,observed_at_issue,547.4785000000002,2025-03-14 08:30:00,2025-03-14 08:30:00;2025-03-07 08:30:00;2025-02-28 08:30:00;2025-02-21 08:30:00,4,weighted_same_weekday_4w,2025-03-20 18:00:00,108,144,False,0.0,0.0,0.0,218.78566666666654,1200.0,1200.0,,120.0
2025-03-20T18:00_rolling,2025-03-20 18:00:00,2025-03-20 18:10:00,2025-03-21 18:00:00,2025-03-20 18:00:00,2025-03-21 08:40:00,880,4860.7234,810.1205666666666,attachment3_10min_interpolation,0.0,2025-03-20 18:00:00,observed_at_issue,542.7246266666667,2025-03-14 08:40:00,2025-03-14 08:40:00;2025-03-07 08:40:00;2025-02-28 08:40:00;2025-02-21 08:40:00,4,weighted_same_weekday_4w,2025-03-20 18:00:00,108,144,False,0.0,0.0,0.0,267.3959399999999,1200.0,1200.0,,120.0
2025-03-20T18:00_rolling,2025-03-20 18:00:00,2025-03-20 18:10:00,2025-03-21 18:00:00,2025-03-20 18:00:00,2025-03-21 08:50:00,890,5123.861800000001,853.9769666666667,attachment3_10min_interpolation,0.0,2025-03-20 18:00:00,observed_at_issue,589.7474683333335,2025-03-14 08:50:00,2025-03-14 08:50:00;2025-03-07 08:50:00;2025-02-28 08:50:00;2025-02-21 08:50:00,4,weighted_same_weekday_4w,2025-03-20 18:00:00,108,144,False,0.0,0.0,0.0,264.22949833333325,1200.0,1200.0,,120.0
2025-03-20T18:00_rolling,2025-03-20 18:00:00,2025-03-20 18:10:00,2025-03-21 18:00:00,2025-03-20 18:00:00,2025-03-21 09:00:00,900,5387.0002,897.8333666666667,attachment3_10min_interpolation,0.0,2025-03-20 18:00:00,observed_at_issue,665.5216666666668,2025-03-14 09:00:00,2025-03-14 09:00:00;2025-03-07 09:00:00;2025-02-28 09:00:00;2025-02-21 09:00:00,4,weighted_same_weekday_4w,2025-03-20 18:00:00,108,144,False,0.0,0.0,0.0,232.31169999999997,1200.0,1200.0,,120.0
2025-03-20T18:00_rolling,2025-03-20 18:00:00,2025-03-20 18:10:00,2025-03-21 18:00:00,2025-03-20 18:00:00,2025-03-21 09:10:00,910,5561.8643833333335,926.9773972222223,attachment3_10min_interpolation,0.0,2025-03-20 18:00:00,observed_at_issue,681.0275533333333,2025-03-14 09:10:00,2025-03-14 09:10:00;2025-03-07 09:10:00;2025-02-28 09:10:00;2025-02-21 09:10:00,4,weighted_same_weekday_4w,2025-03-20 18:00:00,108,144,False,0.0,0.0,0.0,245.94984388888895,1200.0,1200.0,,120.0
2025-03-20T18:00_rolling,2025-03-20 18:00:00,2025-03-20 18:10:00,2025-03-21 18:00:00,2025-03-20 18:00:00,2025-03-21 09:20:00,920,5736.728566666667,956.1214277777777,attachment3_10min_interpolation,0.0,2025-03-20 18:00:00,observed_at_issue,669.1814550000001,2025-03-14 09:20:00,2025-03-14 09:20:00;2025-03-07 09:20:00;2025-02-28 09:20:00;2025-02-21 09:20:00,4,weighted_same_weekday_4w,2025-03-20 18:00:00,108,144,False,0.0,0.0,0.0,286.9399727777776,1200.0,1200.0,,120.0
2025-03-20T18:00_rolling,2025-03-20 18:00:00,2025-03-20 18:10:00,2025-03-21 18:00:00,2025-03-20 18:00:00,2025-03-21 09:30:00,930,5911.592750000001,985.2654583333334,attachment3_10min_interpolation,0.0,2025-03-20 18:00:00,observed_at_issue,660.4590000000002,2025-03-14 09:30:00,2025-03-14 09:30:00;2025-03-07 09:30:00;2025-02-28 09:30:00;2025-02-21 09:30:00,4,weighted_same_weekday_4w,2025-03-20 18:00:00,108,144,False,0.0,0.0,0.0,324.80645833333324,1200.0,1200.0,,120.0
2025-03-20T18:00_rolling,2025-03-20 18:00:00,2025-03-20 18:10:00,2025-03-21 18:00:00,2025-03-20 18:00:00,2025-03-21 09:40:00,940,6086.456933333334,1014.409488888889,attachment3_10min_interpolation,0.0,2025-03-20 18:00:00,observed_at_issue,651.0484683333334,2025-03-14 09:40:00,2025-03-14 09:40:00;2025-03-07 09:40:00;2025-02-28 09:40:00;2025-02-21 09:40:00,4,weighted_same_weekday_4w,2025-03-20 18:00:00,108,144,False,0.0,0.0,0.0,363.36102055555557,1200.0,1200.0,,120.0
2025-03-20T18:00_rolling,2025-03-20 18:00:00,2025-03-20 18:10:00,2025-03-21 18:00:00,2025-03-20 18:00:00,2025-03-21 09:50:00,950,6261.321116666667,1043.5535194444444,attachment3_10min_interpolation,0.0,2025-03-20 18:00:00,observed_at_issue,636.6577966666669,2025-03-14 09:50:00,2025-03-14 09:50:00;2025-03-07 09:50:00;2025-02-28 09:50:00;2025-02-21 09:50:00,4,weighted_same_weekday_4w,2025-03-20 18:00:00,108,144,False,0.0,0.0,0.0,406.89572277777756,1200.0,1200.0,,120.0
2025-03-20T18:00_rolling,2025-03-20 18:00:00,2025-03-20 18:10:00,2025-03-21 18:00:00,2025-03-20 18:00:00,2025-03-21 10:00:00,960,6436.1853,1072.69755,attachment3_10min_interpolation,0.0,2025-03-20 18:00:00,observed_at_issue,629.4735000000002,2025-03-14 10:00:00,2025-03-14 10:00:00;2025-03-07 10:00:00;2025-02-28 10:00:00;2025-02-21 10:00:00,4,weighted_same_weekday_4w,2025-03-20 18:00:00,108,144,False,0.0,0.0,0.0,443.2240499999999,1200.0,1200.0,,120.0
2025-03-20T18:00_rolling,2025-03-20 18:00:00,2025-03-20 18:10:00,2025-03-21 18:00:00,2025-03-20 18:00:00,2025-03-21 10:10:00,970,6626.4847,1104.4141166666666,attachment3_10min_interpolation,0.0,2025-03-20 18:00:00,observed_at_issue,645.6037616666669,2025-03-14 10:10:00,2025-03-14 10:10:00;2025-03-07 10:10:00;2025-02-28 10:10:00;2025-02-21 10:10:00,4,weighted_same_weekday_4w,2025-03-20 18:00:00,108,144,False,0.0,0.0,0.0,458.81035499999973,1200.0,1200.0,,120.0
2025-03-20T18:00_rolling,2025-03-20 18:00:00,2025-03-20 18:10:00,2025-03-21 18:00:00,2025-03-20 18:00:00,2025-03-21 10:20:00,980,6816.7841,1136.1306833333333,attachment3_10min_interpolation,0.0,2025-03-20 18:00:00,observed_at_issue,653.5362983333334,2025-03-14 10:20:00,2025-03-14 10:20:00;2025-03-07 10:20:00;2025-02-28 10:20:00;2025-02-21 10:20:00,4,weighted_same_weekday_4w,2025-03-20 18:00:00,108,144,False,0.0,0.0,0.0,482.5943849999999,1200.0,1200.0,,120.0
2025-03-20T18:00_rolling,2025-03-20 18:00:00,2025-03-20 18:10:00,2025-03-21 18:00:00,2025-03-20 18:00:00,2025-03-21 10:30:00,990,7007.0835,1167.84725,attachment3_10min_interpolation,0.0,2025-03-20 18:00:00,observed_at_issue,645.9203333333335,2025-03-14 10:30:00,2025-03-14 10:30:00;2025-03-07 10:30:00;2025-02-28 10:30:00;2025-02-21 10:30:00,4,weighted_same_weekday_4w,2025-03-20 18:00:00,108,144,False,0.0,133.33333333333334,0.0,388.5935833333332,1200.0,1320.0,,120.0
2025-03-20T18:00_rolling,2025-03-20 18:00:00,2025-03-20 18:10:00,2025-03-21 18:00:00,2025-03-20 18:00:00,2025-03-21 10:40:00,1000,7197.3829000000005,1199.5638166666668,attachment3_10min_interpolation,0.0,2025-03-20 18:00:00,observed_at_issue,643.2048950000001,2025-03-14 10:40:00,2025-03-14 10:40:00;2025-03-07 10:40:00;2025-02-28 10:40:00;2025-02-21 10:40:00,4,weighted_same_weekday_4w,2025-03-20 18:00:00,108,144,False,0.0,133.33333333333334,0.0,423.0255883333333,1320.0,1440.0,,120.0
2025-03-20T18:00_rolling,2025-03-20 18:00:00,2025-03-20 18:10:00,2025-03-21 18:00:00,2025-03-20 18:00:00,2025-03-21 10:50:00,1010,7387.6823,1231.2803833333335,attachment3_10min_interpolation,0.0,2025-03-20 18:00:00,observed_at_issue,633.2843433333334,2025-03-14 10:50:00,2025-03-14 10:50:00;2025-03-07 10:50:00;2025-02-28 10:50:00;2025-02-21 10:50:00,4,weighted_same_weekday_4w,2025-03-20 18:00:00,108,144,False,0.0,133.33333333333334,0.0,464.66270666666674,1440.0,1560.0,,120.0
2025-03-20T18:00_rolling,2025-03-20 18:00:00,2025-03-20 18:10:00,2025-03-21 18:00:00,2025-03-20 18:00:00,2025-03-21 11:00:00,1020,7577.9817,1262.99695,attachment3_10min_interpolation,0.0,2025-03-20 18:00:00,observed_at_issue,623.4040000000001,2025-03-14 11:00:00,2025-03-14 11:00:00;2025-03-07 11:00:00;2025-02-28 11:00:00;2025-02-21 11:00:00,4,weighted_same_weekday_4w,2025-03-20 18:00:00,108,144,False,0.0,133.33333333333334,0.0,506.2596166666665,1560.0,1680.0,,120.0
2025-03-20T18:00_rolling,2025-03-20 18:00:00,2025-03-20 18:10:00,2025-03-21 18:00:00,2025-03-20 18:00:00,2025-03-21 11:10:00,1030,7786.200233333334,1297.700038888889,attachment3_10min_interpolation,0.0,2025-03-20 18:00:00,observed_at_issue,635.5508283333335,2025-03-14 11:10:00,2025-03-14 11:10:00;2025-03-07 11:10:00;2025-02-28 11:10:00;2025-02-21 11:10:00,4,weighted_same_weekday_4w,2025-03-20 18:00:00,108,144,False,0.0,133.33333333333334,0.0,528.8158772222221,1680.0,1800.0,,120.0
2025-03-20T18:00_rolling,2025-03-20 18:00:00,2025-03-20 18:10:00,2025-03-21 18:00:00,2025-03-20 18:00:00,2025-03-21 11:20:00,1040,7994.418766666667,1332.4031277777779,attachment3_10min_interpolation,0.0,2025-03-20 18:00:00,observed_at_issue,640.7082016666668,2025-03-14 11:20:00,2025-03-14 11:20:00;2025-03-07 11:20:00;2025-02-28 11:20:00;2025-02-21 11:20:00,4,weighted_same_weekday_4w,2025-03-20 18:00:00,108,144,False,0.0,133.33333333333334,0.0,558.3615927777777,1800.0,1920.0,,120.0
2025-03-20T18:00_rolling,2025-03-20 18:00:00,2025-03-20 18:10:00,2025-03-21 18:00:00,2025-03-20 18:00:00,2025-03-21 11:30:00,1050,8202.6373,1367.1062166666668,attachment3_10min_interpolation,0.0,2025-03-20 18:00:00,observed_at_issue,632.7798333333335,2025-03-14 11:30:00,2025-03-14 11:30:00;2025-03-07 11:30:00;2025-02-28 11:30:00;2025-02-21 11:30:00,4,weighted_same_weekday_4w,2025-03-20 18:00:00,108,144,False,0.0,133.33333333333334,0.0,600.9930499999999,1920.0,2040.0,,120.0
2025-03-20T18:00_rolling,2025-03-20 18:00:00,2025-03-20 18:10:00,2025-03-21 18:00:00,2025-03-20 18:00:00,2025-03-21 11:40:00,1060,8410.855833333333,1401.8093055555555,attachment3_10min_interpolation,0.0,2025-03-20 18:00:00,observed_at_issue,633.2797816666668,2025-03-14 11:40:00,2025-03-14 11:40:00;2025-03-07 11:40:00;2025-02-28 11:40:00;2025-02-21 11:40:00,4,weighted_same_weekday_4w,2025-03-20 18:00:00,108,144,False,0.0,133.33333333333334,0.0,635.1961905555553,2040.0,2160.0,,120.0
2025-03-20T18:00_rolling,2025-03-20 18:00:00,2025-03-20 18:10:00,2025-03-21 18:00:00,2025-03-20 18:00:00,2025-03-21 11:50:00,1070,8619.074366666668,1436.5123944444447,attachment3_10min_interpolation,0.0,2025-03-20 18:00:00,observed_at_issue,631.0382583333335,2025-03-14 11:50:00,2025-03-14 11:50:00;2025-03-07 11:50:00;2025-02-28 11:50:00;2025-02-21 11:50:00,4,weighted_same_weekday_4w,2025-03-20 18:00:00,108,144,False,0.0,133.33333333333334,0.0,672.1408027777778,2160.0,2280.0,,120.0
2025-03-20T18:00_rolling,2025-03-20 18:00:00,2025-03-20 18:10:00,2025-03-21 18:00:00,2025-03-20 18:00:00,2025-03-21 12:00:00,1080,8827.2929,1471.2154833333334,attachment3_10min_interpolation,0.0,2025-03-20 18:00:00,observed_at_issue,624.1906666666667,2025-03-14 12:00:00,2025-03-14 12:00:00;2025-03-07 12:00:00;2025-02-28 12:00:00;2025-02-21 12:00:00,4,weighted_same_weekday_4w,2025-03-20 18:00:00,108,144,False,0.0,133.33333333333334,0.0,713.6914833333333,2280.0,2400.0,,120.0
2025-03-20T18:00_rolling,2025-03-20 18:00:00,2025-03-20 18:10:00,2025-03-21 18:00:00,2025-03-20 18:00:00,2025-03-21 12:10:00,1090,8831.564916666666,1471.927486111111,attachment3_10min_interpolation,0.0,2025-03-20 18:00:00,observed_at_issue,623.93777,2025-03-14 12:10:00,2025-03-14 12:10:00;2025-03-07 12:10:00;2025-02-28 12:10:00;2025-02-21 12:10:00,4,weighted_same_weekday_4w,2025-03-20 18:00:00,108,144,False,0.0,133.33333333333334,0.0,714.6563827777776,2400.0,2520.0,,120.0
2025-03-20T18:00_rolling,2025-03-20 18:00:00,2025-03-20 18:10:00,2025-03-21 18:00:00,2025-03-20 18:00:00,2025-03-21 12:20:00,1100,8835.836933333334,1472.639488888889,attachment3_10min_interpolation,0.0,2025-03-20 18:00:00,observed_at_issue,622.6600066666667,2025-03-14 12:20:00,2025-03-14 12:20:00;2025-03-07 12:20:00;2025-02-28 12:20:00;2025-02-21 12:20:00,4,weighted_same_weekday_4w,2025-03-20 18:00:00,108,144,False,0.0,133.33333333333334,0.0,716.6461488888889,2520.0,2640.0,,120.0
2025-03-20T18:00_rolling,2025-03-20 18:00:00,2025-03-20 18:10:00,2025-03-21 18:00:00,2025-03-20 18:00:00,2025-03-21 12:30:00,1110,8840.10895,1473.3514916666666,attachment3_10min_interpolation,0.0,2025-03-20 18:00:00,observed_at_issue,617.0368333333334,2025-03-14 12:30:00,2025-03-14 12:30:00;2025-03-07 12:30:00;2025-02-28 12:30:00;2025-02-21 12:30:00,4,weighted_same_weekday_4w,2025-03-20 18:00:00,108,144,False,0.0,133.33333333333334,0.0,722.9813249999997,2640.0,2760.0,,120.0
2025-03-20T18:00_rolling,2025-03-20 18:00:00,2025-03-20 18:10:00,2025-03-21 18:00:00,2025-03-20 18:00:00,2025-03-21 12:40:00,1120,8844.380966666666,1474.0634944444444,attachment3_10min_interpolation,0.0,2025-03-20 18:00:00,observed_at_issue,611.2419000000001,2025-03-14 12:40:00,2025-03-14 12:40:00;2025-03-07 12:40:00;2025-02-28 12:40:00;2025-02-21 12:40:00,4,weighted_same_weekday_4w,2025-03-20 18:00:00,108,144,False,0.0,133.33333333333334,0.0,729.4882611111109,2760.0,2880.0,,120.0
2025-03-20T18:00_rolling,2025-03-20 18:00:00,2025-03-20 18:10:00,2025-03-21 18:00:00,2025-03-20 18:00:00,2025-03-21 12:50:00,1130,8848.652983333333,1474.7754972222222,attachment3_10min_interpolation,0.0,2025-03-20 18:00:00,observed_at_issue,602.9457683333334,2025-03-14 12:50:00,2025-03-14 12:50:00;2025-03-07 12:50:00;2025-02-28 12:50:00;2025-02-21 12:50:00,4,weighted_same_weekday_4w,2025-03-20 18:00:00,108,144,False,0.0,133.33333333333334,0.0,738.4963955555554,2880.0,3000.0,,120.0
2025-03-20T18:00_rolling,2025-03-20 18:00:00,2025-03-20 18:10:00,2025-03-21 18:00:00,2025-03-20 18:00:00,2025-03-21 13:00:00,1140,8852.925,1475.4875,attachment3_10min_interpolation,0.0,2025-03-20 18:00:00,observed_at_issue,595.4235000000001,2025-03-14 13:00:00,2025-03-14 13:00:00;2025-03-07 13:00:00;2025-02-28 13:00:00;2025-02-21 13:00:00,4,weighted_same_weekday_4w,2025-03-20 18:00:00,108,144,False,0.0,133.33333333333334,0.0,746.7306666666665,3000.0,3120.0,,120.0
2025-03-20T18:00_rolling,2025-03-20 18:00:00,2025-03-20 18:10:00,2025-03-21 18:00:00,2025-03-20 18:00:00,2025-03-21 13:10:00,1150,8720.387499999999,1453.3979166666666,attachment3_10min_interpolation,0.0,2025-03-20 18:00:00,observed_at_issue,596.8190850000001,2025-03-14 13:10:00,2025-03-14 13:10:00;2025-03-07 13:10:00;2025-02-28 13:10:00;2025-02-21 13:10:00,4,weighted_same_weekday_4w,2025-03-20 18:00:00,108,144,False,0.0,133.33333333333334,0.0,723.2454983333331,3120.0,3240.0,,120.0
2025-03-20T18:00_rolling,2025-03-20 18:00:00,2025-03-20 18:10:00,2025-03-21 18:00:00,2025-03-20 18:00:00,2025-03-21 13:20:00,1160,8587.849999999999,1431.3083333333332,attachment3_10min_interpolation,0.0,2025-03-20 18:00:00,observed_at_issue,605.3329983333335,2025-03-14 13:20:00,2025-03-14 13:20:00;2025-03-07 13:20:00;2025-02-28 13:20:00;2025-02-21 13:20:00,4,weighted_same_weekday_4w,2025-03-20 18:00:00,108,144,False,0.0,133.33333333333334,0.0,692.6420016666663,3240.0,3360.0,,120.0
2025-03-20T18:00_rolling,2025-03-20 18:00:00,2025-03-20 18:10:00,2025-03-21 18:00:00,2025-03-20 18:00:00,2025-03-21 13:30:00,1170,8455.3125,1409.21875,attachment3_10min_interpolation,0.0,2025-03-20 18:00:00,observed_at_issue,614.4628333333335,2025-03-14 13:30:00,2025-03-14 13:30:00;2025-03-07 13:30:00;2025-02-28 13:30:00;2025-02-21 13:30:00,4,weighted_same_weekday_4w,2025-03-20 18:00:00,108,144,False,0.0,133.33333333333334,0.0,661.4225833333331,3360.0,3480.0,,120.0
2025-03-20T18:00_rolling,2025-03-20 18:00:00,2025-03-20 18:10:00,2025-03-21 18:00:00,2025-03-20 18:00:00,2025-03-21 13:40:00,1180,8322.775,1387.1291666666666,attachment3_10min_interpolation,0.0,2025-03-20 18:00:00,observed_at_issue,616.7783966666668,2025-03-14 13:40:00,2025-03-14 13:40:00;2025-03-07 13:40:00;2025-02-28 13:40:00;2025-02-21 13:40:00,4,weighted_same_weekday_4w,2025-03-20 18:00:00,108,144,False,0.0,133.33333333333334,0.0,637.0174366666664,3480.0,3600.0,,120.0
2025-03-20T18:00_rolling,2025-03-20 18:00:00,2025-03-20 18:10:00,2025-03-21 18:00:00,2025-03-20 18:00:00,2025-03-21 13:50:00,1190,8190.237499999999,1365.0395833333332,attachment3_10min_interpolation,0.0,2025-03-20 18:00:00,observed_at_issue,610.0783650000001,2025-03-14 13:50:00,2025-03-14 13:50:00;2025-03-07 13:50:00;2025-02-28 13:50:00;2025-02-21 13:50:00,4,weighted_same_weekday_4w,2025-03-20 18:00:00,108,144,False,0.0,133.33333333333334,0.0,621.6278849999998,3600.0,3720.0,,120.0
2025-03-20T18:00_rolling,2025-03-20 18:00:00,2025-03-20 18:10:00,2025-03-21 18:00:00,2025-03-20 18:00:00,2025-03-21 14:00:00,1200,8057.7,1342.95,attachment3_10min_interpolation,0.0,2025-03-20 18:00:00,observed_at_issue,602.4638333333335,2025-03-14 14:00:00,2025-03-14 14:00:00;2025-03-07 14:00:00;2025-02-28 14:00:00;2025-02-21 14:00:00,4,weighted_same_weekday_4w,2025-03-20 18:00:00,108,144,False,0.0,133.33333333333334,0.0,607.1528333333332,3720.0,3840.0,,120.0
2025-03-20T18:00_rolling,2025-03-20 18:00:00,2025-03-20 18:10:00,2025-03-21 18:00:00,2025-03-20 18:00:00,2025-03-21 14:10:00,1210,7752.270399999999,1292.0450666666666,attachment3_10min_interpolation,0.0,2025-03-20 18:00:00,observed_at_issue,605.3050200000001,2025-03-14 14:10:00,2025-03-14 14:10:00;2025-03-07 14:10:00;2025-02-28 14:10:00;2025-02-21 14:10:00,4,weighted_same_weekday_4w,2025-03-20 18:00:00,108,144,False,0.0,133.33333333333334,0.0,553.4067133333331,3840.0,3960.0,,120.0
2025-03-20T18:00_rolling,2025-03-20 18:00:00,2025-03-20 18:10:00,2025-03-21 18:00:00,2025-03-20 18:00:00,2025-03-21 14:20:00,1220,7446.8408,1241.1401333333333,attachment3_10min_interpolation,0.0,2025-03-20 18:00:00,observed_at_issue,607.4941866666668,2025-03-14 14:20:00,2025-03-14 14:20:00;2025-03-07 14:20:00;2025-02-28 14:20:00;2025-02-21 14:20:00,4,weighted_same_weekday_4w,2025-03-20 18:00:00,108,144,False,0.0,133.33333333333334,0.0,500.31261333333316,3960.0,4080.0,,120.0
2025-03-20T18:00_rolling,2025-03-20 18:00:00,2025-03-20 18:10:00,2025-03-21 18:00:00,2025-03-20 18:00:00,2025-03-21 14:30:00,1230,7141.4112,1190.2351999999998,attachment3_10min_interpolation,0.0,2025-03-20 18:00:00,observed_at_issue,599.7576666666668,2025-03-14 14:30:00,2025-03-14 14:30:00;2025-03-07 14:30:00;2025-02-28 14:30:00;2025-02-21 14:30:00,4,weighted_same_weekday_4w,2025-03-20 18:00:00,108,144,False,0.0,133.33333333333334,0.0,457.1441999999997,4080.0,4200.0,,120.0
2025-03-20T18:00_rolling,2025-03-20 18:00:00,2025-03-20 18:10:00,2025-03-21 18:00:00,2025-03-20 18:00:00,2025-03-21 14:40:00,1240,6835.9816,1139.3302666666666,attachment3_10min_interpolation,0.0,2025-03-20 18:00:00,observed_at_issue,584.1224066666667,2025-03-14 14:40:00,2025-03-14 14:40:00;2025-03-07 14:40:00;2025-02-28 14:40:00;2025-02-21 14:40:00,4,weighted_same_weekday_4w,2025-03-20 18:00:00,108,144,False,0.0,133.33333333333334,0.0,421.8745266666665,4200.0,4320.0,,120.0
2025-03-20T18:00_rolling,2025-03-20 18:00:00,2025-03-20 18:10:00,2025-03-21 18:00:00,2025-03-20 18:00:00,2025-03-21 14:50:00,1250,6530.552,1088.4253333333334,attachment3_10min_interpolation,0.0,2025-03-20 18:00:00,observed_at_issue,576.8272733333333,2025-03-14 14:50:00,2025-03-14 14:50:00;2025-03-07 14:50:00;2025-02-28 14:50:00;2025-02-21 14:50:00,4,weighted_same_weekday_4w,2025-03-20 18:00:00,108,144,False,0.0,133.33333333333334,0.0,378.26472666666666,4320.0,4440.0,,120.0
2025-03-20T18:00_rolling,2025-03-20 18:00:00,2025-03-20 18:10:00,2025-03-21 18:00:00,2025-03-20 18:00:00,2025-03-21 15:00:00,1260,6225.1224,1037.5204,attachment3_10min_interpolation,0.0,2025-03-20 18:00:00,observed_at_issue,579.7915,2025-03-14 15:00:00,2025-03-14 15:00:00;2025-03-07 15:00:00;2025-02-28 15:00:00;2025-02-21 15:00:00,4,weighted_same_weekday_4w,2025-03-20 18:00:00,108,144,False,0.0,133.33333333333334,0.0,324.3955666666667,4440.0,4560.0,,120.0
2025-03-20T18:00_rolling,2025-03-20 18:00:00,2025-03-20 18:10:00,2025-03-21 18:00:00,2025-03-20 18:00:00,2025-03-21 15:10:00,1270,5857.225516666667,976.2042527777779,attachment3_10min_interpolation,0.0,2025-03-20 18:00:00,observed_at_issue,578.9271350000001,2025-03-14 15:10:00,2025-03-14 15:10:00;2025-03-07 15:10:00;2025-02-28 15:10:00;2025-02-21 15:10:00,4,weighted_same_weekday_4w,2025-03-20 18:00:00,108,144,False,0.0,133.33333333333334,0.0,263.9437844444444,4560.0,4680.0,,120.0
2025-03-20T18:00_rolling,2025-03-20 18:00:00,2025-03-20 18:10:00,2025-03-21 18:00:00,2025-03-20 18:00:00,2025-03-21 15:20:00,1280,5489.3286333333335,914.8881055555556,attachment3_10min_interpolation,0.0,2025-03-20 18:00:00,observed_at_issue,567.9809500000001,2025-03-14 15:20:00,2025-03-14 15:20:00;2025-03-07 15:20:00;2025-02-28 15:20:00;2025-02-21 15:20:00,4,weighted_same_weekday_4w,2025-03-20 18:00:00,108,144,False,0.0,133.33333333333334,0.0,213.57382222222216,4680.0,4800.0,,120.0
2025-03-20T18:00_rolling,2025-03-20 18:00:00,2025-03-20 18:10:00,2025-03-21 18:00:00,2025-03-20 18:00:00,2025-03-21 15:30:00,1290,5121.431750000001,853.5719583333334,attachment3_10min_interpolation,0.0,2025-03-20 18:00:00,observed_at_issue,558.8921666666668,2025-03-14 15:30:00,2025-03-14 15:30:00;2025-03-07 15:30:00;2025-02-28 15:30:00;2025-02-21 15:30:00,4,weighted_same_weekday_4w,2025-03-20 18:00:00,108,144,False,0.0,133.33333333333334,0.0,161.34645833333335,4800.0,4920.0,,120.0
2025-03-20T18:00_rolling,2025-03-20 18:00:00,2025-03-20 18:10:00,2025-03-21 18:00:00,2025-03-20 18:00:00,2025-03-21 15:40:00,1300,4753.534866666667,792.2558111111111,attachment3_10min_interpolation,0.0,2025-03-20 18:00:00,observed_at_issue,569.9785433333334,2025-03-14 15:40:00,2025-03-14 15:40:00;2025-03-07 15:40:00;2025-02-28 15:40:00;2025-02-21 15:40:00,4,weighted_same_weekday_4w,2025-03-20 18:00:00,108,144,False,0.0,133.33333333333334,0.0,88.94393444444441,4920.0,5040.0,,120.0
2025-03-20T18:00_rolling,2025-03-20 18:00:00,2025-03-20 18:10:00,2025-03-21 18:00:00,2025-03-20 18:00:00,2025-03-21 15:50:00,1310,4385.637983333334,730.939663888889,attachment3_10min_interpolation,0.0,2025-03-20 18:00:00,observed_at_issue,581.5504700000001,2025-03-14 15:50:00,2025-03-14 15:50:00;2025-03-07 15:50:00;2025-02-28 15:50:00;2025-02-21 15:50:00,4,weighted_same_weekday_4w,2025-03-20 18:00:00,108,144,False,0.0,133.33333333333334,0.0,16.055860555555483,5040.0,5160.0,,120.0
2025-03-20T18:00_rolling,2025-03-20 18:00:00,2025-03-20 18:10:00,2025-03-21 18:00:00,2025-03-20 18:00:00,2025-03-21 16:00:00,1320,4017.7411,669.6235166666667,attachment3_10min_interpolation,0.0,2025-03-20 18:00:00,observed_at_issue,578.6056666666668,2025-03-14 16:00:00,2025-03-14 16:00:00;2025-03-07 16:00:00;2025-02-28 16:00:00;2025-02-21 16:00:00,4,weighted_same_weekday_4w,2025-03-20 18:00:00,108,144,False,0.0,0.0,0.0,91.01784999999984,5160.0,5160.0,,120.0
2025-03-20T18:00_rolling,2025-03-20 18:00:00,2025-03-20 18:10:00,2025-03-21 18:00:00,2025-03-20 18:00:00,2025-03-21 16:10:00,1330,3584.48085,597.413475,attachment3_10min_interpolation,0.0,2025-03-20 18:00:00,observed_at_issue,565.0463183333335,2025-03-14 16:10:00,2025-03-14 16:10:00;2025-03-07 16:10:00;2025-02-28 16:10:00;2025-02-21 16:10:00,4,weighted_same_weekday_4w,2025-03-20 18:00:00,108,144,False,0.0,0.0,0.0,32.36715666666646,5160.0,5160.0,,120.0
2025-03-20T18:00_rolling,2025-03-20 18:00:00,2025-03-20 18:10:00,2025-03-21 18:00:00,2025-03-20 18:00:00,2025-03-21 16:20:00,1340,3151.2206,525.2034333333334,attachment3_10min_interpolation,0.0,2025-03-20 18:00:00,observed_at_issue,562.0993916666667,2025-03-14 16:20:00,2025-03-14 16:20:00;2025-03-07 16:20:00;2025-02-28 16:20:00;2025-02-21 16:20:00,4,weighted_same_weekday_4w,2025-03-20 18:00:00,108,144,False,0.0,0.0,108.0,71.1040416666666,5160.0,5040.0,,120.0
2025-03-20T18:00_rolling,2025-03-20 18:00:00,2025-03-20 18:10:00,2025-03-21 18:00:00,2025-03-20 18:00:00,2025-03-21 16:30:00,1350,2717.96035,452.99339166666664,attachment3_10min_interpolation,0.0,2025-03-20 18:00:00,observed_at_issue,576.2461666666668,2025-03-14 16:30:00,2025-03-14 16:30:00;2025-03-07 16:30:00;2025-02-28 16:30:00;2025-02-21 16:30:00,4,weighted_same_weekday_4w,2025-03-20 18:00:00,108,144,False,0.0,0.0,216.0,92.74722499999984,5040.0,4800.0,,120.0
2025-03-20T18:00_rolling,2025-03-20 18:00:00,2025-03-20 18:10:00,2025-03-21 18:00:00,2025-03-20 18:00:00,2025-03-21 16:40:00,1360,2284.7001,380.78335,attachment3_10min_interpolation,0.0,2025-03-20 18:00:00,observed_at_issue,584.7494200000001,2025-03-14 16:40:00,2025-03-14 16:40:00;2025-03-07 16:40:00;2025-02-28 16:40:00;2025-02-21 16:40:00,4,weighted_same_weekday_4w,2025-03-20 18:00:00,108,144,False,0.0,0.0,216.0,12.033929999999884,4800.0,4560.0,,120.0
2025-03-20T18:00_rolling,2025-03-20 18:00:00,2025-03-20 18:10:00,2025-03-21 18:00:00,2025-03-20 18:00:00,2025-03-21 16:50:00,1370,1851.43985,308.57330833333333,attachment3_10min_interpolation,0.0,2025-03-20 18:00:00,observed_at_issue,528.4309000000001,2025-03-14 16:50:00,2025-03-14 16:50:00;2025-03-07 16:50:00;2025-02-28 16:50:00;2025-02-21 16:50:00,4,weighted_same_weekday_4w,2025-03-20 18:00:00,108,144,False,0.0,0.0,324.0,104.14240833333326,4560.0,4200.0,,120.0
2025-03-20T18:00_rolling,2025-03-20 18:00:00,2025-03-20 18:10:00,2025-03-21 18:00:00,2025-03-20 18:00:00,2025-03-21 17:00:00,1380,1418.1796,236.36326666666665,attachment3_10min_interpolation,0.0,2025-03-20 18:00:00,observed_at_issue,447.4328333333334,2025-03-14 17:00:00,2025-03-14 17:00:00;2025-03-07 17:00:00;2025-02-28 17:00:00;2025-02-21 17:00:00,4,weighted_same_weekday_4w,2025-03-20 18:00:00,108,144,False,0.0,0.0,216.0,4.930433333333241,4200.0,3960.0,,120.0
2025-03-20T18:00_rolling,2025-03-20 18:00:00,2025-03-20 18:10:00,2025-03-21 18:00:00,2025-03-20 18:00:00,2025-03-21 17:10:00,1390,1181.8163333333332,196.96938888888886,attachment3_10min_interpolation,0.0,2025-03-20 18:00:00,observed_at_issue,446.5331050000001,2025-03-14 17:10:00,2025-03-14 17:10:00;2025-03-07 17:10:00;2025-02-28 17:10:00;2025-02-21 17:10:00,4,weighted_same_weekday_4w,2025-03-20 18:00:00,108,144,False,0.0,0.0,324.0,74.43628388888877,3960.0,3600.0,,120.0
2025-03-20T18:00_rolling,2025-03-20 18:00:00,2025-03-20 18:10:00,2025-03-21 18:00:00,2025-03-20 18:00:00,2025-03-21 17:20:00,1400,945.4530666666666,157.5755111111111,attachment3_10min_interpolation,0.0,2025-03-20 18:00:00,observed_at_issue,459.4023666666668,2025-03-14 17:20:00,2025-03-14 17:20:00;2025-03-07 17:20:00;2025-02-28 17:20:00;2025-02-21 17:20:00,4,weighted_same_weekday_4w,2025-03-20 18:00:00,108,144,False,0.0,0.0,324.0,22.17314444444429,3600.0,3240.0,,120.0
2025-03-20T18:00_rolling,2025-03-20 18:00:00,2025-03-20 18:10:00,2025-03-21 18:00:00,2025-03-20 18:00:00,2025-03-21 17:30:00,1410,709.0898,118.18163333333332,attachment3_10min_interpolation,0.0,2025-03-20 18:00:00,observed_at_issue,449.48350000000005,2025-03-14 17:30:00,2025-03-14 17:30:00;2025-03-07 17:30:00;2025-02-28 17:30:00;2025-02-21 17:30:00,4,weighted_same_weekday_4w,2025-03-20 18:00:00,108,144,False,0.0,0.0,432.0,100.69813333333326,3240.0,2760.0,,120.0
2025-03-20T18:00_rolling,2025-03-20 18:00:00,2025-03-20 18:10:00,2025-03-21 18:00:00,2025-03-20 18:00:00,2025-03-21 17:40:00,1420,472.7265333333333,78.78775555555555,attachment3_10min_interpolation,0.0,2025-03-20 18:00:00,observed_at_issue,447.13795333333337,2025-03-14 17:40:00,2025-03-14 17:40:00;2025-03-07 17:40:00;2025-02-28 17:40:00;2025-02-21 17:40:00,4,weighted_same_weekday_4w,2025-03-20 18:00:00,108,144,False,0.0,0.0,432.0,63.649802222222206,2760.0,2280.0,,120.0
2025-03-20T18:00_rolling,2025-03-20 18:00:00,2025-03-20 18:10:00,2025-03-21 18:00:00,2025-03-20 18:00:00,2025-03-21 17:50:00,1430,236.36326666666665,39.393877777777774,attachment3_10min_interpolation,0.0,2025-03-20 18:00:00,observed_at_issue,455.0442950000001,2025-03-14 17:50:00,2025-03-14 17:50:00;2025-03-07 17:50:00;2025-02-28 17:50:00;2025-02-21 17:50:00,4,weighted_same_weekday_4w,2025-03-20 18:00:00,108,144,False,0.0,0.0,432.0,16.349582777777698,2280.0,1800.0,,120.0
2025-03-20T18:00_rolling,2025-03-20 18:00:00,2025-03-20 18:10:00,2025-03-21 18:00:00,2025-03-20 18:00:00,2025-03-21 18:00:00,1440,0.0,0.0,attachment3_10min_interpolation,0.0,2025-03-20 18:00:00,observed_at_issue,458.9608333333334,2025-03-14 18:00:00,2025-03-14 18:00:00;2025-03-07 18:00:00;2025-02-28 18:00:00;2025-02-21 18:00:00,4,weighted_same_weekday_4w,2025-03-20 18:00:00,108,144,False,0.0,0.0,540.0,81.03916666666657,1800.0,1200.0,,120.0
