optimization_run_id,update_time,forecast_coverage_start,forecast_coverage_end,issue_time,target_time,forecast_horizon_minutes,pv_forecast_kw,pv_forecast_kwh,pv_forecast_source,pv_anchor_observed_at_issue_kw,pv_anchor_observed_time,load_forecast_kwh,load_forecast_source_time,load_forecast_source,information_cutoff,execution_start_index,execution_stop_index_exclusive,executed_in_this_update,planned_grid_kwh,planned_charge_kwh,planned_discharge_kwh,planned_curtailment_kwh,planned_soc_start_kwh,planned_soc_end_kwh,base_plan_grid_kwh,soc_grid_step_kwh
2025-06-21T00:00_rolling,2025-06-21 00:00:00,2025-06-21 00:10:00,2025-06-22 00:00:00,2025-06-21 00:00:00,2025-06-21 00:10:00,10,0.0,0.0,observed_anchor_linear_to_h1,0.0,2025-06-21 00:00:00,548.70345,2025-06-14 00:10:00,actual_same_interval_7_days_ago,2025-06-21 00:00:00,0,36,True,1082.0367833333335,533.3333333333334,0.0,0.0,1200.0,1680.0,1082.0367833333335,120.0
2025-06-21T00:00_rolling,2025-06-21 00:00:00,2025-06-21 00:10:00,2025-06-22 00:00:00,2025-06-21 00:00:00,2025-06-21 00:20:00,20,0.0,0.0,observed_anchor_linear_to_h1,0.0,2025-06-21 00:00:00,541.2936666666667,2025-06-14 00:20:00,actual_same_interval_7_days_ago,2025-06-21 00:00:00,0,36,True,1341.2936666666667,800.0,0.0,0.0,1680.0,2400.0,1341.2936666666667,120.0
2025-06-21T00:00_rolling,2025-06-21 00:00:00,2025-06-21 00:10:00,2025-06-22 00:00:00,2025-06-21 00:00:00,2025-06-21 00:30:00,30,0.0,0.0,observed_anchor_linear_to_h1,0.0,2025-06-21 00:00:00,522.57,2025-06-14 00:30:00,actual_same_interval_7_days_ago,2025-06-21 00:00:00,0,36,True,522.57,0.0,0.0,0.0,2400.0,2400.0,522.57,120.0
2025-06-21T00:00_rolling,2025-06-21 00:00:00,2025-06-21 00:10:00,2025-06-22 00:00:00,2025-06-21 00:00:00,2025-06-21 00:40:00,40,0.0,0.0,observed_anchor_linear_to_h1,0.0,2025-06-21 00:00:00,524.14905,2025-06-14 00:40:00,actual_same_interval_7_days_ago,2025-06-21 00:00:00,0,36,True,524.14905,0.0,0.0,0.0,2400.0,2400.0,524.14905,120.0
2025-06-21T00:00_rolling,2025-06-21 00:00:00,2025-06-21 00:10:00,2025-06-22 00:00:00,2025-06-21 00:00:00,2025-06-21 00:50:00,50,0.0,0.0,observed_anchor_linear_to_h1,0.0,2025-06-21 00:00:00,531.5594333333333,2025-06-14 00:50:00,actual_same_interval_7_days_ago,2025-06-21 00:00:00,0,36,True,531.5594333333333,0.0,0.0,0.0,2400.0,2400.0,531.5594333333333,120.0
2025-06-21T00:00_rolling,2025-06-21 00:00:00,2025-06-21 00:10:00,2025-06-22 00:00:00,2025-06-21 00:00:00,2025-06-21 01:00:00,60,0.0,0.0,attachment3_10min_interpolation,0.0,2025-06-21 00:00:00,531.9766666666667,2025-06-14 01:00:00,actual_same_interval_7_days_ago,2025-06-21 00:00:00,0,36,True,531.9766666666667,0.0,0.0,0.0,2400.0,2400.0,531.9766666666667,120.0
2025-06-21T00:00_rolling,2025-06-21 00:00:00,2025-06-21 00:10:00,2025-06-22 00:00:00,2025-06-21 00:00:00,2025-06-21 01:10:00,70,0.0,0.0,attachment3_10min_interpolation,0.0,2025-06-21 00:00:00,523.55215,2025-06-14 01:10:00,actual_same_interval_7_days_ago,2025-06-21 00:00:00,0,36,True,523.55215,0.0,0.0,0.0,2400.0,2400.0,523.55215,120.0
2025-06-21T00:00_rolling,2025-06-21 00:00:00,2025-06-21 00:10:00,2025-06-22 00:00:00,2025-06-21 00:00:00,2025-06-21 01:20:00,80,0.0,0.0,attachment3_10min_interpolation,0.0,2025-06-21 00:00:00,496.3817666666666,2025-06-14 01:20:00,actual_same_interval_7_days_ago,2025-06-21 00:00:00,0,36,True,496.3817666666666,0.0,0.0,0.0,2400.0,2400.0,496.3817666666666,120.0
2025-06-21T00:00_rolling,2025-06-21 00:00:00,2025-06-21 00:10:00,2025-06-22 00:00:00,2025-06-21 00:00:00,2025-06-21 01:30:00,90,0.0,0.0,attachment3_10min_interpolation,0.0,2025-06-21 00:00:00,476.66,2025-06-14 01:30:00,actual_same_interval_7_days_ago,2025-06-21 00:00:00,0,36,True,476.66,0.0,0.0,0.0,2400.0,2400.0,476.66,120.0
2025-06-21T00:00_rolling,2025-06-21 00:00:00,2025-06-21 00:10:00,2025-06-22 00:00:00,2025-06-21 00:00:00,2025-06-21 01:40:00,100,0.0,0.0,attachment3_10min_interpolation,0.0,2025-06-21 00:00:00,498.5694833333334,2025-06-14 01:40:00,actual_same_interval_7_days_ago,2025-06-21 00:00:00,0,36,True,498.5694833333334,0.0,0.0,0.0,2400.0,2400.0,498.5694833333334,120.0
2025-06-21T00:00_rolling,2025-06-21 00:00:00,2025-06-21 00:10:00,2025-06-22 00:00:00,2025-06-21 00:00:00,2025-06-21 01:50:00,110,0.0,0.0,attachment3_10min_interpolation,0.0,2025-06-21 00:00:00,481.0748333333333,2025-06-14 01:50:00,actual_same_interval_7_days_ago,2025-06-21 00:00:00,0,36,True,481.0748333333333,0.0,0.0,0.0,2400.0,2400.0,481.0748333333333,120.0
2025-06-21T00:00_rolling,2025-06-21 00:00:00,2025-06-21 00:10:00,2025-06-22 00:00:00,2025-06-21 00:00:00,2025-06-21 02:00:00,120,0.0,0.0,attachment3_10min_interpolation,0.0,2025-06-21 00:00:00,447.43,2025-06-14 02:00:00,actual_same_interval_7_days_ago,2025-06-21 00:00:00,0,36,True,447.43,0.0,0.0,0.0,2400.0,2400.0,447.43,120.0
2025-06-21T00:00_rolling,2025-06-21 00:00:00,2025-06-21 00:10:00,2025-06-22 00:00:00,2025-06-21 00:00:00,2025-06-21 02:10:00,130,0.0,0.0,attachment3_10min_interpolation,0.0,2025-06-21 00:00:00,496.979,2025-06-14 02:10:00,actual_same_interval_7_days_ago,2025-06-21 00:00:00,0,36,True,496.979,0.0,0.0,0.0,2400.0,2400.0,496.979,120.0
2025-06-21T00:00_rolling,2025-06-21 00:00:00,2025-06-21 00:10:00,2025-06-22 00:00:00,2025-06-21 00:00:00,2025-06-21 02:20:00,140,0.0,0.0,attachment3_10min_interpolation,0.0,2025-06-21 00:00:00,506.7176833333333,2025-06-14 02:20:00,actual_same_interval_7_days_ago,2025-06-21 00:00:00,0,36,True,506.7176833333333,0.0,0.0,0.0,2400.0,2400.0,506.7176833333333,120.0
2025-06-21T00:00_rolling,2025-06-21 00:00:00,2025-06-21 00:10:00,2025-06-22 00:00:00,2025-06-21 00:00:00,2025-06-21 02:30:00,150,0.0,0.0,attachment3_10min_interpolation,0.0,2025-06-21 00:00:00,463.7683333333334,2025-06-14 02:30:00,actual_same_interval_7_days_ago,2025-06-21 00:00:00,0,36,True,463.7683333333334,0.0,0.0,0.0,2400.0,2400.0,463.7683333333334,120.0
2025-06-21T00:00_rolling,2025-06-21 00:00:00,2025-06-21 00:10:00,2025-06-22 00:00:00,2025-06-21 00:00:00,2025-06-21 02:40:00,160,0.0,0.0,attachment3_10min_interpolation,0.0,2025-06-21 00:00:00,476.9005666666667,2025-06-14 02:40:00,actual_same_interval_7_days_ago,2025-06-21 00:00:00,0,36,True,476.9005666666667,0.0,0.0,0.0,2400.0,2400.0,476.9005666666667,120.0
2025-06-21T00:00_rolling,2025-06-21 00:00:00,2025-06-21 00:10:00,2025-06-22 00:00:00,2025-06-21 00:00:00,2025-06-21 02:50:00,170,0.0,0.0,attachment3_10min_interpolation,0.0,2025-06-21 00:00:00,477.2148,2025-06-14 02:50:00,actual_same_interval_7_days_ago,2025-06-21 00:00:00,0,36,True,477.2148,0.0,0.0,0.0,2400.0,2400.0,477.2148,120.0
2025-06-21T00:00_rolling,2025-06-21 00:00:00,2025-06-21 00:10:00,2025-06-22 00:00:00,2025-06-21 00:00:00,2025-06-21 03:00:00,180,0.0,0.0,attachment3_10min_interpolation,0.0,2025-06-21 00:00:00,451.1233333333333,2025-06-14 03:00:00,actual_same_interval_7_days_ago,2025-06-21 00:00:00,0,36,True,451.1233333333333,0.0,0.0,0.0,2400.0,2400.0,451.1233333333333,120.0
2025-06-21T00:00_rolling,2025-06-21 00:00:00,2025-06-21 00:10:00,2025-06-22 00:00:00,2025-06-21 00:00:00,2025-06-21 03:10:00,190,0.0,0.0,attachment3_10min_interpolation,0.0,2025-06-21 00:00:00,461.25168333333335,2025-06-14 03:10:00,actual_same_interval_7_days_ago,2025-06-21 00:00:00,0,36,True,461.25168333333335,0.0,0.0,0.0,2400.0,2400.0,461.25168333333335,120.0
2025-06-21T00:00_rolling,2025-06-21 00:00:00,2025-06-21 00:10:00,2025-06-22 00:00:00,2025-06-21 00:00:00,2025-06-21 03:20:00,200,0.0,0.0,attachment3_10min_interpolation,0.0,2025-06-21 00:00:00,471.09725,2025-06-14 03:20:00,actual_same_interval_7_days_ago,2025-06-21 00:00:00,0,36,True,471.09725,0.0,0.0,0.0,2400.0,2400.0,471.09725,120.0
2025-06-21T00:00_rolling,2025-06-21 00:00:00,2025-06-21 00:10:00,2025-06-22 00:00:00,2025-06-21 00:00:00,2025-06-21 03:30:00,210,0.0,0.0,attachment3_10min_interpolation,0.0,2025-06-21 00:00:00,470.23,2025-06-14 03:30:00,actual_same_interval_7_days_ago,2025-06-21 00:00:00,0,36,True,470.23,0.0,0.0,0.0,2400.0,2400.0,470.23,120.0
2025-06-21T00:00_rolling,2025-06-21 00:00:00,2025-06-21 00:10:00,2025-06-22 00:00:00,2025-06-21 00:00:00,2025-06-21 03:40:00,220,0.0,0.0,attachment3_10min_interpolation,0.0,2025-06-21 00:00:00,487.2503333333333,2025-06-14 03:40:00,actual_same_interval_7_days_ago,2025-06-21 00:00:00,0,36,True,487.2503333333333,0.0,0.0,0.0,2400.0,2400.0,487.2503333333333,120.0
2025-06-21T00:00_rolling,2025-06-21 00:00:00,2025-06-21 00:10:00,2025-06-22 00:00:00,2025-06-21 00:00:00,2025-06-21 03:50:00,230,0.0,0.0,attachment3_10min_interpolation,0.0,2025-06-21 00:00:00,499.44795,2025-06-14 03:50:00,actual_same_interval_7_days_ago,2025-06-21 00:00:00,0,36,True,499.44795,0.0,0.0,0.0,2400.0,2400.0,499.44795,120.0
2025-06-21T00:00_rolling,2025-06-21 00:00:00,2025-06-21 00:10:00,2025-06-22 00:00:00,2025-06-21 00:00:00,2025-06-21 04:00:00,240,0.0,0.0,attachment3_10min_interpolation,0.0,2025-06-21 00:00:00,480.9666666666667,2025-06-14 04:00:00,actual_same_interval_7_days_ago,2025-06-21 00:00:00,0,36,True,480.9666666666667,0.0,0.0,0.0,2400.0,2400.0,480.9666666666667,120.0
2025-06-21T00:00_rolling,2025-06-21 00:00:00,2025-06-21 00:10:00,2025-06-22 00:00:00,2025-06-21 00:00:00,2025-06-21 04:10:00,250,1.1609166666666666,0.1934861111111111,attachment3_10min_interpolation,0.0,2025-06-21 00:00:00,434.77895,2025-06-14 04:10:00,actual_same_interval_7_days_ago,2025-06-21 00:00:00,0,36,True,434.5854638888889,0.0,0.0,0.0,2400.0,2400.0,434.5854638888889,120.0
2025-06-21T00:00_rolling,2025-06-21 00:00:00,2025-06-21 00:10:00,2025-06-22 00:00:00,2025-06-21 00:00:00,2025-06-21 04:20:00,260,2.321833333333333,0.3869722222222222,attachment3_10min_interpolation,0.0,2025-06-21 00:00:00,433.7089,2025-06-14 04:20:00,actual_same_interval_7_days_ago,2025-06-21 00:00:00,0,36,True,433.32192777777783,0.0,0.0,0.0,2400.0,2400.0,433.32192777777783,120.0
2025-06-21T00:00_rolling,2025-06-21 00:00:00,2025-06-21 00:10:00,2025-06-22 00:00:00,2025-06-21 00:00:00,2025-06-21 04:30:00,270,3.48275,0.5804583333333333,attachment3_10min_interpolation,0.0,2025-06-21 00:00:00,466.6483333333333,2025-06-14 04:30:00,actual_same_interval_7_days_ago,2025-06-21 00:00:00,0,36,True,466.06787499999996,0.0,0.0,0.0,2400.0,2400.0,466.06787499999996,120.0
2025-06-21T00:00_rolling,2025-06-21 00:00:00,2025-06-21 00:10:00,2025-06-22 00:00:00,2025-06-21 00:00:00,2025-06-21 04:40:00,280,4.643666666666666,0.7739444444444444,attachment3_10min_interpolation,0.0,2025-06-21 00:00:00,453.4743833333334,2025-06-14 04:40:00,actual_same_interval_7_days_ago,2025-06-21 00:00:00,0,36,True,452.7004388888889,0.0,0.0,0.0,2400.0,2400.0,452.7004388888889,120.0
2025-06-21T00:00_rolling,2025-06-21 00:00:00,2025-06-21 00:10:00,2025-06-22 00:00:00,2025-06-21 00:00:00,2025-06-21 04:50:00,290,5.804583333333333,0.9674305555555556,attachment3_10min_interpolation,0.0,2025-06-21 00:00:00,440.2033,2025-06-14 04:50:00,actual_same_interval_7_days_ago,2025-06-21 00:00:00,0,36,True,439.23586944444446,0.0,0.0,0.0,2400.0,2400.0,439.23586944444446,120.0
2025-06-21T00:00_rolling,2025-06-21 00:00:00,2025-06-21 00:10:00,2025-06-22 00:00:00,2025-06-21 00:00:00,2025-06-21 05:00:00,300,6.9655,1.1609166666666666,attachment3_10min_interpolation,0.0,2025-06-21 00:00:00,438.79,2025-06-14 05:00:00,actual_same_interval_7_days_ago,2025-06-21 00:00:00,0,36,True,437.62908333333337,0.0,0.0,0.0,2400.0,2400.0,437.62908333333337,120.0
2025-06-21T00:00_rolling,2025-06-21 00:00:00,2025-06-21 00:10:00,2025-06-22 00:00:00,2025-06-21 00:00:00,2025-06-21 05:10:00,310,149.04488333333333,24.84081388888889,attachment3_10min_interpolation,0.0,2025-06-21 00:00:00,417.0898333333334,2025-06-14 05:10:00,actual_same_interval_7_days_ago,2025-06-21 00:00:00,0,36,True,392.2490194444445,0.0,0.0,0.0,2400.0,2400.0,392.2490194444445,120.0
2025-06-21T00:00_rolling,2025-06-21 00:00:00,2025-06-21 00:10:00,2025-06-22 00:00:00,2025-06-21 00:00:00,2025-06-21 05:20:00,320,291.1242666666667,48.52071111111112,attachment3_10min_interpolation,0.0,2025-06-21 00:00:00,429.8006,2025-06-14 05:20:00,actual_same_interval_7_days_ago,2025-06-21 00:00:00,0,36,True,381.2798888888889,0.0,0.0,0.0,2400.0,2400.0,381.2798888888889,120.0
2025-06-21T00:00_rolling,2025-06-21 00:00:00,2025-06-21 00:10:00,2025-06-22 00:00:00,2025-06-21 00:00:00,2025-06-21 05:30:00,330,433.20365,72.20060833333334,attachment3_10min_interpolation,0.0,2025-06-21 00:00:00,472.26,2025-06-14 05:30:00,actual_same_interval_7_days_ago,2025-06-21 00:00:00,0,36,True,400.05939166666667,0.0,0.0,0.0,2400.0,2400.0,400.05939166666667,120.0
2025-06-21T00:00_rolling,2025-06-21 00:00:00,2025-06-21 00:10:00,2025-06-22 00:00:00,2025-06-21 00:00:00,2025-06-21 05:40:00,340,575.2830333333334,95.88050555555556,attachment3_10min_interpolation,0.0,2025-06-21 00:00:00,478.5850333333333,2025-06-14 05:40:00,actual_same_interval_7_days_ago,2025-06-21 00:00:00,0,36,True,1182.7045277777777,800.0,0.0,0.0,2400.0,3120.0,1182.7045277777777,120.0
2025-06-21T00:00_rolling,2025-06-21 00:00:00,2025-06-21 00:10:00,2025-06-22 00:00:00,2025-06-21 00:00:00,2025-06-21 05:50:00,350,717.3624166666667,119.56040277777778,attachment3_10min_interpolation,0.0,2025-06-21 00:00:00,464.90546666666665,2025-06-14 05:50:00,actual_same_interval_7_days_ago,2025-06-21 00:00:00,0,36,True,21.345063888888888,0.0,324.0,0.0,3120.0,2760.0,21.345063888888888,120.0
2025-06-21T00:00_rolling,2025-06-21 00:00:00,2025-06-21 00:10:00,2025-06-22 00:00:00,2025-06-21 00:00:00,2025-06-21 06:00:00,360,859.4418,143.2403,attachment3_10min_interpolation,0.0,2025-06-21 00:00:00,461.48,2025-06-14 06:00:00,actual_same_interval_7_days_ago,2025-06-21 00:00:00,0,36,True,0.0,0.0,324.0,5.760299999999972,2760.0,2400.0,0.0,120.0
2025-06-21T00:00_rolling,2025-06-21 00:00:00,2025-06-21 00:10:00,2025-06-22 00:00:00,2025-06-21 00:00:00,2025-06-21 06:10:00,370,1138.3141833333334,189.71903055555558,attachment3_10min_interpolation,0.0,2025-06-21 00:00:00,477.3072833333333,2025-06-14 06:10:00,actual_same_interval_7_days_ago,2025-06-21 00:00:00,0,36,False,0.0,0.0,324.0,36.41174722222229,2400.0,2040.0,0.0,120.0
2025-06-21T00:00_rolling,2025-06-21 00:00:00,2025-06-21 00:10:00,2025-06-22 00:00:00,2025-06-21 00:00:00,2025-06-21 06:20:00,380,1417.1865666666667,236.19776111111113,attachment3_10min_interpolation,0.0,2025-06-21 00:00:00,468.1024333333333,2025-06-14 06:20:00,actual_same_interval_7_days_ago,2025-06-21 00:00:00,0,36,False,15.90467222222216,0.0,216.0,0.0,2040.0,1800.0,15.90467222222216,120.0
2025-06-21T00:00_rolling,2025-06-21 00:00:00,2025-06-21 00:10:00,2025-06-22 00:00:00,2025-06-21 00:00:00,2025-06-21 06:30:00,390,1696.05895,282.67649166666666,attachment3_10min_interpolation,0.0,2025-06-21 00:00:00,436.9483333333333,2025-06-14 06:30:00,actual_same_interval_7_days_ago,2025-06-21 00:00:00,0,36,False,46.27184166666666,0.0,108.0,0.0,1800.0,1680.0,46.27184166666666,120.0
2025-06-21T00:00_rolling,2025-06-21 00:00:00,2025-06-21 00:10:00,2025-06-22 00:00:00,2025-06-21 00:00:00,2025-06-21 06:40:00,400,1974.9313333333332,329.1552222222222,attachment3_10min_interpolation,0.0,2025-06-21 00:00:00,436.2395,2025-06-14 06:40:00,actual_same_interval_7_days_ago,2025-06-21 00:00:00,0,36,False,0.0,0.0,108.0,0.9157222222222003,1680.0,1560.0,0.0,120.0
2025-06-21T00:00_rolling,2025-06-21 00:00:00,2025-06-21 00:10:00,2025-06-22 00:00:00,2025-06-21 00:00:00,2025-06-21 06:50:00,410,2253.803716666667,375.6339527777778,attachment3_10min_interpolation,0.0,2025-06-21 00:00:00,472.3980833333333,2025-06-14 06:50:00,actual_same_interval_7_days_ago,2025-06-21 00:00:00,0,36,False,0.0,0.0,108.0,11.235869444444461,1560.0,1440.0,0.0,120.0
2025-06-21T00:00_rolling,2025-06-21 00:00:00,2025-06-21 00:10:00,2025-06-22 00:00:00,2025-06-21 00:00:00,2025-06-21 07:00:00,420,2532.6761,422.11268333333334,attachment3_10min_interpolation,0.0,2025-06-21 00:00:00,521.8516666666667,2025-06-14 07:00:00,actual_same_interval_7_days_ago,2025-06-21 00:00:00,0,36,False,0.0,0.0,108.0,8.261016666666649,1440.0,1320.0,0.0,120.0
2025-06-21T00:00_rolling,2025-06-21 00:00:00,2025-06-21 00:10:00,2025-06-22 00:00:00,2025-06-21 00:00:00,2025-06-21 07:10:00,430,2766.128666666667,461.0214444444445,attachment3_10min_interpolation,0.0,2025-06-21 00:00:00,549.1168833333334,2025-06-14 07:10:00,actual_same_interval_7_days_ago,2025-06-21 00:00:00,0,36,False,0.0,0.0,108.0,19.90456111111115,1320.0,1200.0,0.0,120.0
2025-06-21T00:00_rolling,2025-06-21 00:00:00,2025-06-21 00:10:00,2025-06-22 00:00:00,2025-06-21 00:00:00,2025-06-21 07:20:00,440,2999.5812333333333,499.9302055555556,attachment3_10min_interpolation,0.0,2025-06-21 00:00:00,543.5154833333333,2025-06-14 07:20:00,actual_same_interval_7_days_ago,2025-06-21 00:00:00,0,36,False,43.585277777777776,0.0,0.0,0.0,1200.0,1200.0,43.585277777777776,120.0
2025-06-21T00:00_rolling,2025-06-21 00:00:00,2025-06-21 00:10:00,2025-06-22 00:00:00,2025-06-21 00:00:00,2025-06-21 07:30:00,450,3233.0338,538.8389666666667,attachment3_10min_interpolation,0.0,2025-06-21 00:00:00,525.9583333333334,2025-06-14 07:30:00,actual_same_interval_7_days_ago,2025-06-21 00:00:00,0,36,False,0.0,0.0,0.0,12.880633333333321,1200.0,1200.0,0.0,120.0
2025-06-21T00:00_rolling,2025-06-21 00:00:00,2025-06-21 00:10:00,2025-06-22 00:00:00,2025-06-21 00:00:00,2025-06-21 07:40:00,460,3466.486366666667,577.7477277777779,attachment3_10min_interpolation,0.0,2025-06-21 00:00:00,528.8353000000001,2025-06-14 07:40:00,actual_same_interval_7_days_ago,2025-06-21 00:00:00,0,36,False,0.0,0.0,0.0,48.91242777777779,1200.0,1200.0,0.0,120.0
2025-06-21T00:00_rolling,2025-06-21 00:00:00,2025-06-21 00:10:00,2025-06-22 00:00:00,2025-06-21 00:00:00,2025-06-21 07:50:00,470,3699.938933333333,616.6564888888888,attachment3_10min_interpolation,0.0,2025-06-21 00:00:00,531.0549666666667,2025-06-14 07:50:00,actual_same_interval_7_days_ago,2025-06-21 00:00:00,0,36,False,0.0,0.0,0.0,85.60152222222212,1200.0,1200.0,0.0,120.0
2025-06-21T00:00_rolling,2025-06-21 00:00:00,2025-06-21 00:10:00,2025-06-22 00:00:00,2025-06-21 00:00:00,2025-06-21 08:00:00,480,3933.3915,655.56525,attachment3_10min_interpolation,0.0,2025-06-21 00:00:00,529.0516666666666,2025-06-14 08:00:00,actual_same_interval_7_days_ago,2025-06-21 00:00:00,0,36,False,0.0,0.0,0.0,126.51358333333337,1200.0,1200.0,0.0,120.0
2025-06-21T00:00_rolling,2025-06-21 00:00:00,2025-06-21 00:10:00,2025-06-22 00:00:00,2025-06-21 00:00:00,2025-06-21 08:10:00,490,4030.971983333333,671.8286638888889,attachment3_10min_interpolation,0.0,2025-06-21 00:00:00,539.2734,2025-06-14 08:10:00,actual_same_interval_7_days_ago,2025-06-21 00:00:00,0,36,False,0.0,0.0,0.0,132.55526388888882,1200.0,1200.0,0.0,120.0
2025-06-21T00:00_rolling,2025-06-21 00:00:00,2025-06-21 00:10:00,2025-06-22 00:00:00,2025-06-21 00:00:00,2025-06-21 08:20:00,500,4128.552466666667,688.0920777777778,attachment3_10min_interpolation,0.0,2025-06-21 00:00:00,535.2853166666666,2025-06-14 08:20:00,actual_same_interval_7_days_ago,2025-06-21 00:00:00,0,36,False,0.0,0.0,0.0,152.8067611111112,1200.0,1200.0,0.0,120.0
2025-06-21T00:00_rolling,2025-06-21 00:00:00,2025-06-21 00:10:00,2025-06-22 00:00:00,2025-06-21 00:00:00,2025-06-21 08:30:00,510,4226.13295,704.3554916666667,attachment3_10min_interpolation,0.0,2025-06-21 00:00:00,519.505,2025-06-14 08:30:00,actual_same_interval_7_days_ago,2025-06-21 00:00:00,0,36,False,0.0,0.0,0.0,184.8504916666667,1200.0,1200.0,0.0,120.0
2025-06-21T00:00_rolling,2025-06-21 00:00:00,2025-06-21 00:10:00,2025-06-22 00:00:00,2025-06-21 00:00:00,2025-06-21 08:40:00,520,4323.713433333333,720.6189055555556,attachment3_10min_interpolation,0.0,2025-06-21 00:00:00,526.7351666666667,2025-06-14 08:40:00,actual_same_interval_7_days_ago,2025-06-21 00:00:00,0,36,False,0.0,0.0,0.0,193.88373888888884,1200.0,1200.0,0.0,120.0
2025-06-21T00:00_rolling,2025-06-21 00:00:00,2025-06-21 00:10:00,2025-06-22 00:00:00,2025-06-21 00:00:00,2025-06-21 08:50:00,530,4421.2939166666665,736.8823194444444,attachment3_10min_interpolation,0.0,2025-06-21 00:00:00,561.15215,2025-06-14 08:50:00,actual_same_interval_7_days_ago,2025-06-21 00:00:00,0,36,False,0.0,0.0,0.0,175.7301694444444,1200.0,1200.0,0.0,120.0
2025-06-21T00:00_rolling,2025-06-21 00:00:00,2025-06-21 00:10:00,2025-06-22 00:00:00,2025-06-21 00:00:00,2025-06-21 09:00:00,540,4518.8744,753.1457333333333,attachment3_10min_interpolation,0.0,2025-06-21 00:00:00,607.36,2025-06-14 09:00:00,actual_same_interval_7_days_ago,2025-06-21 00:00:00,0,36,False,0.0,0.0,0.0,145.78573333333327,1200.0,1200.0,0.0,120.0
2025-06-21T00:00_rolling,2025-06-21 00:00:00,2025-06-21 00:10:00,2025-06-22 00:00:00,2025-06-21 00:00:00,2025-06-21 09:10:00,550,4889.578816666666,814.9298027777777,attachment3_10min_interpolation,0.0,2025-06-21 00:00:00,642.0851166666666,2025-06-14 09:10:00,actual_same_interval_7_days_ago,2025-06-21 00:00:00,0,36,False,0.0,0.0,0.0,172.84468611111106,1200.0,1200.0,0.0,120.0
2025-06-21T00:00_rolling,2025-06-21 00:00:00,2025-06-21 00:10:00,2025-06-22 00:00:00,2025-06-21 00:00:00,2025-06-21 09:20:00,560,5260.283233333334,876.7138722222222,attachment3_10min_interpolation,0.0,2025-06-21 00:00:00,656.56745,2025-06-14 09:20:00,actual_same_interval_7_days_ago,2025-06-21 00:00:00,0,36,False,0.0,0.0,0.0,220.1464222222222,1200.0,1200.0,0.0,120.0
2025-06-21T00:00_rolling,2025-06-21 00:00:00,2025-06-21 00:10:00,2025-06-22 00:00:00,2025-06-21 00:00:00,2025-06-21 09:30:00,570,5630.98765,938.4979416666666,attachment3_10min_interpolation,0.0,2025-06-21 00:00:00,648.4433333333333,2025-06-14 09:30:00,actual_same_interval_7_days_ago,2025-06-21 00:00:00,0,36,False,0.0,0.0,0.0,290.05460833333336,1200.0,1200.0,0.0,120.0
2025-06-21T00:00_rolling,2025-06-21 00:00:00,2025-06-21 00:10:00,2025-06-22 00:00:00,2025-06-21 00:00:00,2025-06-21 09:40:00,580,6001.6920666666665,1000.282011111111,attachment3_10min_interpolation,0.0,2025-06-21 00:00:00,623.8431333333333,2025-06-14 09:40:00,actual_same_interval_7_days_ago,2025-06-21 00:00:00,0,36,False,0.0,0.0,0.0,376.43887777777775,1200.0,1200.0,0.0,120.0
2025-06-21T00:00_rolling,2025-06-21 00:00:00,2025-06-21 00:10:00,2025-06-22 00:00:00,2025-06-21 00:00:00,2025-06-21 09:50:00,590,6372.396483333334,1062.0660805555556,attachment3_10min_interpolation,0.0,2025-06-21 00:00:00,611.4957166666667,2025-06-14 09:50:00,actual_same_interval_7_days_ago,2025-06-21 00:00:00,0,36,False,0.0,0.0,0.0,450.5703638888889,1200.0,1200.0,0.0,120.0
2025-06-21T00:00_rolling,2025-06-21 00:00:00,2025-06-21 00:10:00,2025-06-22 00:00:00,2025-06-21 00:00:00,2025-06-21 10:00:00,600,6743.1009,1123.85015,attachment3_10min_interpolation,0.0,2025-06-21 00:00:00,627.3066666666667,2025-06-14 10:00:00,actual_same_interval_7_days_ago,2025-06-21 00:00:00,0,36,False,0.0,0.0,0.0,496.54348333333326,1200.0,1200.0,0.0,120.0
2025-06-21T00:00_rolling,2025-06-21 00:00:00,2025-06-21 00:10:00,2025-06-22 00:00:00,2025-06-21 00:00:00,2025-06-21 10:10:00,610,6864.0090666666665,1144.001511111111,attachment3_10min_interpolation,0.0,2025-06-21 00:00:00,656.8212,2025-06-14 10:10:00,actual_same_interval_7_days_ago,2025-06-21 00:00:00,0,36,False,0.0,0.0,0.0,487.1803111111111,1200.0,1200.0,0.0,120.0
2025-06-21T00:00_rolling,2025-06-21 00:00:00,2025-06-21 00:10:00,2025-06-22 00:00:00,2025-06-21 00:00:00,2025-06-21 10:20:00,620,6984.917233333334,1164.1528722222222,attachment3_10min_interpolation,0.0,2025-06-21 00:00:00,641.9134166666666,2025-06-14 10:20:00,actual_same_interval_7_days_ago,2025-06-21 00:00:00,0,36,False,0.0,0.0,0.0,522.2394555555555,1200.0,1200.0,0.0,120.0
2025-06-21T00:00_rolling,2025-06-21 00:00:00,2025-06-21 00:10:00,2025-06-22 00:00:00,2025-06-21 00:00:00,2025-06-21 10:30:00,630,7105.8254,1184.3042333333333,attachment3_10min_interpolation,0.0,2025-06-21 00:00:00,604.6266666666667,2025-06-14 10:30:00,actual_same_interval_7_days_ago,2025-06-21 00:00:00,0,36,False,0.0,0.0,0.0,579.6775666666666,1200.0,1200.0,0.0,120.0
2025-06-21T00:00_rolling,2025-06-21 00:00:00,2025-06-21 00:10:00,2025-06-22 00:00:00,2025-06-21 00:00:00,2025-06-21 10:40:00,640,7226.733566666667,1204.4555944444444,attachment3_10min_interpolation,0.0,2025-06-21 00:00:00,621.9841333333333,2025-06-14 10:40:00,actual_same_interval_7_days_ago,2025-06-21 00:00:00,0,36,False,0.0,0.0,0.0,582.4714611111111,1200.0,1200.0,0.0,120.0
2025-06-21T00:00_rolling,2025-06-21 00:00:00,2025-06-21 00:10:00,2025-06-22 00:00:00,2025-06-21 00:00:00,2025-06-21 10:50:00,650,7347.641733333333,1224.6069555555555,attachment3_10min_interpolation,0.0,2025-06-21 00:00:00,630.5688833333334,2025-06-14 10:50:00,actual_same_interval_7_days_ago,2025-06-21 00:00:00,0,36,False,0.0,0.0,0.0,594.0380722222221,1200.0,1200.0,0.0,120.0
2025-06-21T00:00_rolling,2025-06-21 00:00:00,2025-06-21 00:10:00,2025-06-22 00:00:00,2025-06-21 00:00:00,2025-06-21 11:00:00,660,7468.5499,1244.7583166666666,attachment3_10min_interpolation,0.0,2025-06-21 00:00:00,603.1533333333333,2025-06-14 11:00:00,actual_same_interval_7_days_ago,2025-06-21 00:00:00,0,36,False,0.0,0.0,0.0,641.6049833333333,1200.0,1200.0,0.0,120.0
2025-06-21T00:00_rolling,2025-06-21 00:00:00,2025-06-21 00:10:00,2025-06-22 00:00:00,2025-06-21 00:00:00,2025-06-21 11:10:00,670,7584.002666666666,1264.0004444444444,attachment3_10min_interpolation,0.0,2025-06-21 00:00:00,580.304,2025-06-14 11:10:00,actual_same_interval_7_days_ago,2025-06-21 00:00:00,0,36,False,0.0,533.3333333333334,0.0,150.36311111111104,1200.0,1680.0,0.0,120.0
2025-06-21T00:00_rolling,2025-06-21 00:00:00,2025-06-21 00:10:00,2025-06-22 00:00:00,2025-06-21 00:00:00,2025-06-21 11:20:00,680,7699.455433333333,1283.2425722222222,attachment3_10min_interpolation,0.0,2025-06-21 00:00:00,583.4636333333334,2025-06-14 11:20:00,actual_same_interval_7_days_ago,2025-06-21 00:00:00,0,36,False,0.0,533.3333333333334,0.0,166.4456055555554,1680.0,2160.0,0.0,120.0
2025-06-21T00:00_rolling,2025-06-21 00:00:00,2025-06-21 00:10:00,2025-06-22 00:00:00,2025-06-21 00:00:00,2025-06-21 11:30:00,690,7814.9082,1302.4847,attachment3_10min_interpolation,0.0,2025-06-21 00:00:00,603.2866666666666,2025-06-14 11:30:00,actual_same_interval_7_days_ago,2025-06-21 00:00:00,0,36,False,0.0,533.3333333333334,0.0,165.86469999999997,2160.0,2640.0,0.0,120.0
2025-06-21T00:00_rolling,2025-06-21 00:00:00,2025-06-21 00:10:00,2025-06-22 00:00:00,2025-06-21 00:00:00,2025-06-21 11:40:00,700,7930.360966666666,1321.7268277777778,attachment3_10min_interpolation,0.0,2025-06-21 00:00:00,612.7584666666667,2025-06-14 11:40:00,actual_same_interval_7_days_ago,2025-06-21 00:00:00,0,36,False,0.0,533.3333333333334,0.0,175.63502777777774,2640.0,3120.0,0.0,120.0
2025-06-21T00:00_rolling,2025-06-21 00:00:00,2025-06-21 00:10:00,2025-06-22 00:00:00,2025-06-21 00:00:00,2025-06-21 11:50:00,710,8045.813733333333,1340.9689555555556,attachment3_10min_interpolation,0.0,2025-06-21 00:00:00,614.83545,2025-06-14 11:50:00,actual_same_interval_7_days_ago,2025-06-21 00:00:00,0,36,False,0.0,533.3333333333334,0.0,192.80017222222216,3120.0,3600.0,0.0,120.0
2025-06-21T00:00_rolling,2025-06-21 00:00:00,2025-06-21 00:10:00,2025-06-22 00:00:00,2025-06-21 00:00:00,2025-06-21 12:00:00,720,8161.2665,1360.2110833333334,attachment3_10min_interpolation,0.0,2025-06-21 00:00:00,615.5883333333334,2025-06-14 12:00:00,actual_same_interval_7_days_ago,2025-06-21 00:00:00,0,36,False,0.0,533.3333333333334,0.0,211.28941666666663,3600.0,4080.0,0.0,120.0
2025-06-21T00:00_rolling,2025-06-21 00:00:00,2025-06-21 00:10:00,2025-06-22 00:00:00,2025-06-21 00:00:00,2025-06-21 12:10:00,730,8150.975533333333,1358.4959222222221,attachment3_10min_interpolation,0.0,2025-06-21 00:00:00,616.7149833333334,2025-06-14 12:10:00,actual_same_interval_7_days_ago,2025-06-21 00:00:00,0,36,False,0.0,533.3333333333334,0.0,208.44760555555536,4080.0,4560.0,0.0,120.0
2025-06-21T00:00_rolling,2025-06-21 00:00:00,2025-06-21 00:10:00,2025-06-22 00:00:00,2025-06-21 00:00:00,2025-06-21 12:20:00,740,8140.684566666667,1356.7807611111111,attachment3_10min_interpolation,0.0,2025-06-21 00:00:00,620.8659166666666,2025-06-14 12:20:00,actual_same_interval_7_days_ago,2025-06-21 00:00:00,0,36,False,0.0,533.3333333333334,0.0,202.58151111111113,4560.0,5040.0,0.0,120.0
2025-06-21T00:00_rolling,2025-06-21 00:00:00,2025-06-21 00:10:00,2025-06-22 00:00:00,2025-06-21 00:00:00,2025-06-21 12:30:00,750,8130.393599999999,1355.0656,attachment3_10min_interpolation,0.0,2025-06-21 00:00:00,626.92,2025-06-14 12:30:00,actual_same_interval_7_days_ago,2025-06-21 00:00:00,0,36,False,0.0,533.3333333333334,0.0,194.81226666666657,5040.0,5520.0,0.0,120.0
2025-06-21T00:00_rolling,2025-06-21 00:00:00,2025-06-21 00:10:00,2025-06-22 00:00:00,2025-06-21 00:00:00,2025-06-21 12:40:00,760,8120.102633333333,1353.350438888889,attachment3_10min_interpolation,0.0,2025-06-21 00:00:00,630.1571166666666,2025-06-14 12:40:00,actual_same_interval_7_days_ago,2025-06-21 00:00:00,0,36,False,0.0,533.3333333333334,0.0,189.8599888888889,5520.0,6000.0,0.0,120.0
2025-06-21T00:00_rolling,2025-06-21 00:00:00,2025-06-21 00:10:00,2025-06-22 00:00:00,2025-06-21 00:00:00,2025-06-21 12:50:00,770,8109.811666666666,1351.6352777777777,attachment3_10min_interpolation,0.0,2025-06-21 00:00:00,628.0763000000001,2025-06-14 12:50:00,actual_same_interval_7_days_ago,2025-06-21 00:00:00,0,36,False,0.0,533.3333333333334,0.0,190.22564444444424,6000.0,6480.0,0.0,120.0
2025-06-21T00:00_rolling,2025-06-21 00:00:00,2025-06-21 00:10:00,2025-06-22 00:00:00,2025-06-21 00:00:00,2025-06-21 13:00:00,780,8099.5207,1349.9201166666667,attachment3_10min_interpolation,0.0,2025-06-21 00:00:00,627.2283333333334,2025-06-14 13:00:00,actual_same_interval_7_days_ago,2025-06-21 00:00:00,0,36,False,0.0,533.3333333333334,0.0,189.35844999999995,6480.0,6960.0,0.0,120.0
2025-06-21T00:00_rolling,2025-06-21 00:00:00,2025-06-21 00:10:00,2025-06-22 00:00:00,2025-06-21 00:00:00,2025-06-21 13:10:00,790,7753.108766666666,1292.1847944444444,attachment3_10min_interpolation,0.0,2025-06-21 00:00:00,636.2238,2025-06-14 13:10:00,actual_same_interval_7_days_ago,2025-06-21 00:00:00,0,36,False,0.0,533.3333333333334,0.0,122.62766111111102,6960.0,7440.0,0.0,120.0
2025-06-21T00:00_rolling,2025-06-21 00:00:00,2025-06-21 00:10:00,2025-06-22 00:00:00,2025-06-21 00:00:00,2025-06-21 13:20:00,800,7406.696833333333,1234.4494722222223,attachment3_10min_interpolation,0.0,2025-06-21 00:00:00,639.1596833333333,2025-06-14 13:20:00,actual_same_interval_7_days_ago,2025-06-21 00:00:00,0,36,False,0.0,533.3333333333334,0.0,61.956455555555635,7440.0,7920.0,0.0,120.0
2025-06-21T00:00_rolling,2025-06-21 00:00:00,2025-06-21 00:10:00,2025-06-22 00:00:00,2025-06-21 00:00:00,2025-06-21 13:30:00,810,7060.2849,1176.71415,attachment3_10min_interpolation,0.0,2025-06-21 00:00:00,637.945,2025-06-14 13:30:00,actual_same_interval_7_days_ago,2025-06-21 00:00:00,0,36,False,0.0,533.3333333333334,0.0,5.435816666666597,7920.0,8400.0,0.0,120.0
2025-06-21T00:00_rolling,2025-06-21 00:00:00,2025-06-21 00:10:00,2025-06-22 00:00:00,2025-06-21 00:00:00,2025-06-21 13:40:00,820,6713.872966666667,1118.9788277777777,attachment3_10min_interpolation,0.0,2025-06-21 00:00:00,648.8773166666666,2025-06-14 13:40:00,actual_same_interval_7_days_ago,2025-06-21 00:00:00,0,36,False,0.0,266.6666666666667,0.0,203.43484444444442,8400.0,8640.0,0.0,120.0
2025-06-21T00:00_rolling,2025-06-21 00:00:00,2025-06-21 00:10:00,2025-06-22 00:00:00,2025-06-21 00:00:00,2025-06-21 13:50:00,830,6367.461033333333,1061.2435055555554,attachment3_10min_interpolation,0.0,2025-06-21 00:00:00,651.04975,2025-06-14 13:50:00,actual_same_interval_7_days_ago,2025-06-21 00:00:00,0,36,False,0.0,266.6666666666667,0.0,143.52708888888873,8640.0,8880.0,0.0,120.0
2025-06-21T00:00_rolling,2025-06-21 00:00:00,2025-06-21 00:10:00,2025-06-22 00:00:00,2025-06-21 00:00:00,2025-06-21 14:00:00,840,6021.0491,1003.5081833333334,attachment3_10min_interpolation,0.0,2025-06-21 00:00:00,645.2583333333333,2025-06-14 14:00:00,actual_same_interval_7_days_ago,2025-06-21 00:00:00,0,36,False,0.0,266.6666666666667,0.0,91.58318333333335,8880.0,9120.0,0.0,120.0
2025-06-21T00:00_rolling,2025-06-21 00:00:00,2025-06-21 00:10:00,2025-06-22 00:00:00,2025-06-21 00:00:00,2025-06-21 14:10:00,850,6055.135716666667,1009.1892861111111,attachment3_10min_interpolation,0.0,2025-06-21 00:00:00,651.8894666666666,2025-06-14 14:10:00,actual_same_interval_7_days_ago,2025-06-21 00:00:00,0,36,False,0.0,266.6666666666667,0.0,90.63315277777775,9120.0,9360.0,0.0,120.0
2025-06-21T00:00_rolling,2025-06-21 00:00:00,2025-06-21 00:10:00,2025-06-22 00:00:00,2025-06-21 00:00:00,2025-06-21 14:20:00,860,6089.222333333333,1014.8703888888889,attachment3_10min_interpolation,0.0,2025-06-21 00:00:00,646.3560833333333,2025-06-14 14:20:00,actual_same_interval_7_days_ago,2025-06-21 00:00:00,0,36,False,0.0,266.6666666666667,0.0,101.84763888888887,9360.0,9600.0,0.0,120.0
2025-06-21T00:00_rolling,2025-06-21 00:00:00,2025-06-21 00:10:00,2025-06-22 00:00:00,2025-06-21 00:00:00,2025-06-21 14:30:00,870,6123.30895,1020.5514916666666,attachment3_10min_interpolation,0.0,2025-06-21 00:00:00,632.0166666666667,2025-06-14 14:30:00,actual_same_interval_7_days_ago,2025-06-21 00:00:00,0,36,False,0.0,266.6666666666667,0.0,121.86815833333327,9600.0,9840.0,0.0,120.0
2025-06-21T00:00_rolling,2025-06-21 00:00:00,2025-06-21 00:10:00,2025-06-22 00:00:00,2025-06-21 00:00:00,2025-06-21 14:40:00,880,6157.395566666667,1026.2325944444444,attachment3_10min_interpolation,0.0,2025-06-21 00:00:00,641.6548,2025-06-14 14:40:00,actual_same_interval_7_days_ago,2025-06-21 00:00:00,0,36,False,0.0,266.6666666666667,0.0,117.91112777777772,9840.0,10080.0,0.0,120.0
2025-06-21T00:00_rolling,2025-06-21 00:00:00,2025-06-21 00:10:00,2025-06-22 00:00:00,2025-06-21 00:00:00,2025-06-21 14:50:00,890,6191.4821833333335,1031.9136972222223,attachment3_10min_interpolation,0.0,2025-06-21 00:00:00,667.3870833333334,2025-06-14 14:50:00,actual_same_interval_7_days_ago,2025-06-21 00:00:00,0,36,False,0.0,266.6666666666667,0.0,97.85994722222216,10080.0,10320.0,0.0,120.0
2025-06-21T00:00_rolling,2025-06-21 00:00:00,2025-06-21 00:10:00,2025-06-22 00:00:00,2025-06-21 00:00:00,2025-06-21 15:00:00,900,6225.5688,1037.5948,attachment3_10min_interpolation,0.0,2025-06-21 00:00:00,685.3233333333333,2025-06-14 15:00:00,actual_same_interval_7_days_ago,2025-06-21 00:00:00,0,36,False,0.0,266.6666666666667,0.0,85.60480000000013,10320.0,10560.0,0.0,120.0
2025-06-21T00:00_rolling,2025-06-21 00:00:00,2025-06-21 00:10:00,2025-06-22 00:00:00,2025-06-21 00:00:00,2025-06-21 15:10:00,910,5777.956266666667,962.9927111111111,attachment3_10min_interpolation,0.0,2025-06-21 00:00:00,674.7553333333334,2025-06-14 15:10:00,actual_same_interval_7_days_ago,2025-06-21 00:00:00,0,36,False,0.0,266.6666666666667,0.0,21.570711111111052,10560.0,10800.0,0.0,120.0
2025-06-21T00:00_rolling,2025-06-21 00:00:00,2025-06-21 00:10:00,2025-06-22 00:00:00,2025-06-21 00:00:00,2025-06-21 15:20:00,920,5330.343733333333,888.3906222222222,attachment3_10min_interpolation,0.0,2025-06-21 00:00:00,649.8444166666667,2025-06-14 15:20:00,actual_same_interval_7_days_ago,2025-06-21 00:00:00,0,36,False,0.0,0.0,0.0,238.5462055555555,10800.0,10800.0,0.0,120.0
2025-06-21T00:00_rolling,2025-06-21 00:00:00,2025-06-21 00:10:00,2025-06-22 00:00:00,2025-06-21 00:00:00,2025-06-21 15:30:00,930,4882.7312,813.7885333333334,attachment3_10min_interpolation,0.0,2025-06-21 00:00:00,645.3383333333334,2025-06-14 15:30:00,actual_same_interval_7_days_ago,2025-06-21 00:00:00,0,36,False,0.0,0.0,0.0,168.4502,10800.0,10800.0,0.0,120.0
2025-06-21T00:00_rolling,2025-06-21 00:00:00,2025-06-21 00:10:00,2025-06-22 00:00:00,2025-06-21 00:00:00,2025-06-21 15:40:00,940,4435.118666666666,739.1864444444444,attachment3_10min_interpolation,0.0,2025-06-21 00:00:00,685.0604333333334,2025-06-14 15:40:00,actual_same_interval_7_days_ago,2025-06-21 00:00:00,0,36,False,0.0,0.0,0.0,54.126011111110984,10800.0,10800.0,0.0,120.0
2025-06-21T00:00_rolling,2025-06-21 00:00:00,2025-06-21 00:10:00,2025-06-22 00:00:00,2025-06-21 00:00:00,2025-06-21 15:50:00,950,3987.506133333333,664.5843555555555,attachment3_10min_interpolation,0.0,2025-06-21 00:00:00,705.4706666666666,2025-06-14 15:50:00,actual_same_interval_7_days_ago,2025-06-21 00:00:00,0,36,False,40.88631111111113,0.0,0.0,0.0,10800.0,10800.0,40.88631111111113,120.0
2025-06-21T00:00_rolling,2025-06-21 00:00:00,2025-06-21 00:10:00,2025-06-22 00:00:00,2025-06-21 00:00:00,2025-06-21 16:00:00,960,3539.8936,589.9822666666666,attachment3_10min_interpolation,0.0,2025-06-21 00:00:00,702.335,2025-06-14 16:00:00,actual_same_interval_7_days_ago,2025-06-21 00:00:00,0,36,False,112.35273333333339,0.0,0.0,0.0,10800.0,10800.0,112.35273333333339,120.0
2025-06-21T00:00_rolling,2025-06-21 00:00:00,2025-06-21 00:10:00,2025-06-22 00:00:00,2025-06-21 00:00:00,2025-06-21 16:10:00,970,3367.0668666666666,561.177811111111,attachment3_10min_interpolation,0.0,2025-06-21 00:00:00,722.1984333333334,2025-06-14 16:10:00,actual_same_interval_7_days_ago,2025-06-21 00:00:00,0,36,False,161.0206222222223,0.0,0.0,0.0,10800.0,10800.0,161.0206222222223,120.0
2025-06-21T00:00_rolling,2025-06-21 00:00:00,2025-06-21 00:10:00,2025-06-22 00:00:00,2025-06-21 00:00:00,2025-06-21 16:20:00,980,3194.240133333333,532.3733555555555,attachment3_10min_interpolation,0.0,2025-06-21 00:00:00,695.8212833333333,2025-06-14 16:20:00,actual_same_interval_7_days_ago,2025-06-21 00:00:00,0,36,False,163.44792777777786,0.0,0.0,0.0,10800.0,10800.0,163.44792777777786,120.0
2025-06-21T00:00_rolling,2025-06-21 00:00:00,2025-06-21 00:10:00,2025-06-22 00:00:00,2025-06-21 00:00:00,2025-06-21 16:30:00,990,3021.4134,503.5689,attachment3_10min_interpolation,0.0,2025-06-21 00:00:00,665.3083333333333,2025-06-14 16:30:00,actual_same_interval_7_days_ago,2025-06-21 00:00:00,0,36,False,161.7394333333333,0.0,0.0,0.0,10800.0,10800.0,161.7394333333333,120.0
2025-06-21T00:00_rolling,2025-06-21 00:00:00,2025-06-21 00:10:00,2025-06-22 00:00:00,2025-06-21 00:00:00,2025-06-21 16:40:00,1000,2848.5866666666666,474.76444444444445,attachment3_10min_interpolation,0.0,2025-06-21 00:00:00,735.2509,2025-06-14 16:40:00,actual_same_interval_7_days_ago,2025-06-21 00:00:00,0,36,False,260.48645555555555,0.0,0.0,0.0,10800.0,10800.0,260.48645555555555,120.0
2025-06-21T00:00_rolling,2025-06-21 00:00:00,2025-06-21 00:10:00,2025-06-22 00:00:00,2025-06-21 00:00:00,2025-06-21 16:50:00,1010,2675.7599333333333,445.95998888888886,attachment3_10min_interpolation,0.0,2025-06-21 00:00:00,707.8311166666667,2025-06-14 16:50:00,actual_same_interval_7_days_ago,2025-06-21 00:00:00,0,36,False,261.8711277777779,0.0,0.0,0.0,10800.0,10800.0,261.8711277777779,120.0
2025-06-21T00:00_rolling,2025-06-21 00:00:00,2025-06-21 00:10:00,2025-06-22 00:00:00,2025-06-21 00:00:00,2025-06-21 17:00:00,1020,2502.9332,417.1555333333333,attachment3_10min_interpolation,0.0,2025-06-21 00:00:00,589.7266666666667,2025-06-14 17:00:00,actual_same_interval_7_days_ago,2025-06-21 00:00:00,0,36,False,172.57113333333336,0.0,0.0,0.0,10800.0,10800.0,172.57113333333336,120.0
2025-06-21T00:00_rolling,2025-06-21 00:00:00,2025-06-21 00:10:00,2025-06-22 00:00:00,2025-06-21 00:00:00,2025-06-21 17:10:00,1030,2251.6603833333334,375.27673055555556,attachment3_10min_interpolation,0.0,2025-06-21 00:00:00,590.4794,2025-06-14 17:10:00,actual_same_interval_7_days_ago,2025-06-21 00:00:00,0,36,False,215.2026694444445,0.0,0.0,0.0,10800.0,10800.0,215.2026694444445,120.0
2025-06-21T00:00_rolling,2025-06-21 00:00:00,2025-06-21 00:10:00,2025-06-22 00:00:00,2025-06-21 00:00:00,2025-06-21 17:20:00,1040,2000.3875666666663,333.39792777777774,attachment3_10min_interpolation,0.0,2025-06-21 00:00:00,609.88575,2025-06-14 17:20:00,actual_same_interval_7_days_ago,2025-06-21 00:00:00,0,36,False,276.4878222222223,0.0,0.0,0.0,10800.0,10800.0,276.4878222222223,120.0
2025-06-21T00:00_rolling,2025-06-21 00:00:00,2025-06-21 00:10:00,2025-06-22 00:00:00,2025-06-21 00:00:00,2025-06-21 17:30:00,1050,1749.11475,291.519125,attachment3_10min_interpolation,0.0,2025-06-21 00:00:00,589.96,2025-06-14 17:30:00,actual_same_interval_7_days_ago,2025-06-21 00:00:00,0,36,False,298.44087500000006,0.0,0.0,0.0,10800.0,10800.0,298.44087500000006,120.0
2025-06-21T00:00_rolling,2025-06-21 00:00:00,2025-06-21 00:10:00,2025-06-22 00:00:00,2025-06-21 00:00:00,2025-06-21 17:40:00,1060,1497.8419333333334,249.64032222222224,attachment3_10min_interpolation,0.0,2025-06-21 00:00:00,581.5264166666667,2025-06-14 17:40:00,actual_same_interval_7_days_ago,2025-06-21 00:00:00,0,36,False,331.88609444444444,0.0,0.0,0.0,10800.0,10800.0,331.88609444444444,120.0
2025-06-21T00:00_rolling,2025-06-21 00:00:00,2025-06-21 00:10:00,2025-06-22 00:00:00,2025-06-21 00:00:00,2025-06-21 17:50:00,1070,1246.5691166666668,207.76151944444447,attachment3_10min_interpolation,0.0,2025-06-21 00:00:00,580.3483166666666,2025-06-14 17:50:00,actual_same_interval_7_days_ago,2025-06-21 00:00:00,0,36,False,372.5867972222221,0.0,0.0,0.0,10800.0,10800.0,372.5867972222221,120.0
2025-06-21T00:00_rolling,2025-06-21 00:00:00,2025-06-21 00:10:00,2025-06-22 00:00:00,2025-06-21 00:00:00,2025-06-21 18:00:00,1080,995.2963,165.88271666666665,attachment3_10min_interpolation,0.0,2025-06-21 00:00:00,582.9016666666666,2025-06-14 18:00:00,actual_same_interval_7_days_ago,2025-06-21 00:00:00,0,36,False,309.01895,0.0,108.0,0.0,10800.0,10680.0,309.01895,120.0
2025-06-21T00:00_rolling,2025-06-21 00:00:00,2025-06-21 00:10:00,2025-06-22 00:00:00,2025-06-21 00:00:00,2025-06-21 18:10:00,1090,830.6427166666666,138.44045277777778,attachment3_10min_interpolation,0.0,2025-06-21 00:00:00,595.5989666666667,2025-06-14 18:10:00,actual_same_interval_7_days_ago,2025-06-21 00:00:00,0,36,False,25.158513888888933,0.0,432.0,0.0,10680.0,10200.0,25.158513888888933,120.0
2025-06-21T00:00_rolling,2025-06-21 00:00:00,2025-06-21 00:10:00,2025-06-22 00:00:00,2025-06-21 00:00:00,2025-06-21 18:20:00,1100,665.9891333333334,110.99818888888889,attachment3_10min_interpolation,0.0,2025-06-21 00:00:00,602.28115,2025-06-14 18:20:00,actual_same_interval_7_days_ago,2025-06-21 00:00:00,0,36,False,59.28296111111115,0.0,432.0,0.0,10200.0,9720.0,59.28296111111115,120.0
2025-06-21T00:00_rolling,2025-06-21 00:00:00,2025-06-21 00:10:00,2025-06-22 00:00:00,2025-06-21 00:00:00,2025-06-21 18:30:00,1110,501.33555,83.555925,attachment3_10min_interpolation,0.0,2025-06-21 00:00:00,603.485,2025-06-14 18:30:00,actual_same_interval_7_days_ago,2025-06-21 00:00:00,0,36,False,87.92907500000001,0.0,432.0,0.0,9720.0,9240.0,87.92907500000001,120.0
2025-06-21T00:00_rolling,2025-06-21 00:00:00,2025-06-21 00:10:00,2025-06-22 00:00:00,2025-06-21 00:00:00,2025-06-21 18:40:00,1120,336.6819666666667,56.11366111111112,attachment3_10min_interpolation,0.0,2025-06-21 00:00:00,613.5661166666666,2025-06-14 18:40:00,actual_same_interval_7_days_ago,2025-06-21 00:00:00,0,36,False,17.452455555555503,0.0,540.0,0.0,9240.0,8640.0,17.452455555555503,120.0
2025-06-21T00:00_rolling,2025-06-21 00:00:00,2025-06-21 00:10:00,2025-06-22 00:00:00,2025-06-21 00:00:00,2025-06-21 18:50:00,1130,172.02838333333338,28.67139722222223,attachment3_10min_interpolation,0.0,2025-06-21 00:00:00,613.6690666666667,2025-06-14 18:50:00,actual_same_interval_7_days_ago,2025-06-21 00:00:00,0,36,False,44.997669444444455,0.0,540.0,0.0,8640.0,8040.0,44.997669444444455,120.0
2025-06-21T00:00_rolling,2025-06-21 00:00:00,2025-06-21 00:10:00,2025-06-22 00:00:00,2025-06-21 00:00:00,2025-06-21 19:00:00,1140,7.3748,1.2291333333333332,attachment3_10min_interpolation,0.0,2025-06-21 00:00:00,611.975,2025-06-14 19:00:00,actual_same_interval_7_days_ago,2025-06-21 00:00:00,0,36,False,70.74586666666664,0.0,540.0,0.0,8040.0,7440.0,70.74586666666664,120.0
2025-06-21T00:00_rolling,2025-06-21 00:00:00,2025-06-21 00:10:00,2025-06-22 00:00:00,2025-06-21 00:00:00,2025-06-21 19:10:00,1150,6.145666666666666,1.0242777777777776,attachment3_10min_interpolation,0.0,2025-06-21 00:00:00,634.4964,2025-06-14 19:10:00,actual_same_interval_7_days_ago,2025-06-21 00:00:00,0,36,False,93.4721222222222,0.0,540.0,0.0,7440.0,6840.0,93.4721222222222,120.0
2025-06-21T00:00_rolling,2025-06-21 00:00:00,2025-06-21 00:10:00,2025-06-22 00:00:00,2025-06-21 00:00:00,2025-06-21 19:20:00,1160,4.916533333333333,0.8194222222222222,attachment3_10min_interpolation,0.0,2025-06-21 00:00:00,638.46145,2025-06-14 19:20:00,actual_same_interval_7_days_ago,2025-06-21 00:00:00,0,36,False,97.6420277777778,0.0,540.0,0.0,6840.0,6240.0,97.6420277777778,120.0
2025-06-21T00:00_rolling,2025-06-21 00:00:00,2025-06-21 00:10:00,2025-06-22 00:00:00,2025-06-21 00:00:00,2025-06-21 19:30:00,1170,3.6873999999999993,0.6145666666666666,attachment3_10min_interpolation,0.0,2025-06-21 00:00:00,614.4133333333333,2025-06-14 19:30:00,actual_same_interval_7_days_ago,2025-06-21 00:00:00,0,36,False,73.79876666666667,0.0,540.0,0.0,6240.0,5640.0,73.79876666666667,120.0
2025-06-21T00:00_rolling,2025-06-21 00:00:00,2025-06-21 00:10:00,2025-06-22 00:00:00,2025-06-21 00:00:00,2025-06-21 19:40:00,1180,2.4582666666666664,0.4097111111111111,attachment3_10min_interpolation,0.0,2025-06-21 00:00:00,594.9406833333334,2025-06-14 19:40:00,actual_same_interval_7_days_ago,2025-06-21 00:00:00,0,36,False,54.5309722222222,0.0,540.0,0.0,5640.0,5040.0,54.5309722222222,120.0
2025-06-21T00:00_rolling,2025-06-21 00:00:00,2025-06-21 00:10:00,2025-06-22 00:00:00,2025-06-21 00:00:00,2025-06-21 19:50:00,1190,1.2291333333333327,0.20485555555555546,attachment3_10min_interpolation,0.0,2025-06-21 00:00:00,578.5213333333334,2025-06-14 19:50:00,actual_same_interval_7_days_ago,2025-06-21 00:00:00,0,36,False,38.31647777777778,0.0,540.0,0.0,5040.0,4440.0,38.31647777777778,120.0
2025-06-21T00:00_rolling,2025-06-21 00:00:00,2025-06-21 00:10:00,2025-06-22 00:00:00,2025-06-21 00:00:00,2025-06-21 20:00:00,1200,0.0,0.0,attachment3_10min_interpolation,0.0,2025-06-21 00:00:00,584.49,2025-06-14 20:00:00,actual_same_interval_7_days_ago,2025-06-21 00:00:00,0,36,False,44.49000000000001,0.0,540.0,0.0,4440.0,3840.0,44.49000000000001,120.0
2025-06-21T00:00_rolling,2025-06-21 00:00:00,2025-06-21 00:10:00,2025-06-22 00:00:00,2025-06-21 00:00:00,2025-06-21 20:10:00,1210,0.0,0.0,attachment3_10min_interpolation,0.0,2025-06-21 00:00:00,634.9885833333334,2025-06-14 20:10:00,actual_same_interval_7_days_ago,2025-06-21 00:00:00,0,36,False,94.9885833333334,0.0,540.0,0.0,3840.0,3240.0,94.9885833333334,120.0
2025-06-21T00:00_rolling,2025-06-21 00:00:00,2025-06-21 00:10:00,2025-06-22 00:00:00,2025-06-21 00:00:00,2025-06-21 20:20:00,1220,0.0,0.0,attachment3_10min_interpolation,0.0,2025-06-21 00:00:00,648.4989666666667,2025-06-14 20:20:00,actual_same_interval_7_days_ago,2025-06-21 00:00:00,0,36,False,0.4989666666666608,0.0,648.0,0.0,3240.0,2520.0,0.4989666666666608,120.0
2025-06-21T00:00_rolling,2025-06-21 00:00:00,2025-06-21 00:10:00,2025-06-22 00:00:00,2025-06-21 00:00:00,2025-06-21 20:30:00,1230,0.0,0.0,attachment3_10min_interpolation,0.0,2025-06-21 00:00:00,628.4333333333333,2025-06-14 20:30:00,actual_same_interval_7_days_ago,2025-06-21 00:00:00,0,36,False,88.43333333333328,0.0,540.0,0.0,2520.0,1920.0,88.43333333333328,120.0
2025-06-21T00:00_rolling,2025-06-21 00:00:00,2025-06-21 00:10:00,2025-06-22 00:00:00,2025-06-21 00:00:00,2025-06-21 20:40:00,1240,0.0,0.0,attachment3_10min_interpolation,0.0,2025-06-21 00:00:00,655.4149666666666,2025-06-14 20:40:00,actual_same_interval_7_days_ago,2025-06-21 00:00:00,0,36,False,7.414966666666601,0.0,648.0,0.0,1920.0,1200.0,7.414966666666601,120.0
2025-06-21T00:00_rolling,2025-06-21 00:00:00,2025-06-21 00:10:00,2025-06-22 00:00:00,2025-06-21 00:00:00,2025-06-21 20:50:00,1250,0.0,0.0,attachment3_10min_interpolation,0.0,2025-06-21 00:00:00,676.3888333333333,2025-06-14 20:50:00,actual_same_interval_7_days_ago,2025-06-21 00:00:00,0,36,False,676.3888333333333,0.0,0.0,0.0,1200.0,1200.0,676.3888333333333,120.0
2025-06-21T00:00_rolling,2025-06-21 00:00:00,2025-06-21 00:10:00,2025-06-22 00:00:00,2025-06-21 00:00:00,2025-06-21 21:00:00,1260,0.0,0.0,attachment3_10min_interpolation,0.0,2025-06-21 00:00:00,653.1283333333333,2025-06-14 21:00:00,actual_same_interval_7_days_ago,2025-06-21 00:00:00,0,36,False,653.1283333333333,0.0,0.0,0.0,1200.0,1200.0,653.1283333333333,120.0
2025-06-21T00:00_rolling,2025-06-21 00:00:00,2025-06-21 00:10:00,2025-06-22 00:00:00,2025-06-21 00:00:00,2025-06-21 21:10:00,1270,0.0,0.0,attachment3_10min_interpolation,0.0,2025-06-21 00:00:00,602.3349333333333,2025-06-14 21:10:00,actual_same_interval_7_days_ago,2025-06-21 00:00:00,0,36,False,602.3349333333333,0.0,0.0,0.0,1200.0,1200.0,602.3349333333333,120.0
2025-06-21T00:00_rolling,2025-06-21 00:00:00,2025-06-21 00:10:00,2025-06-22 00:00:00,2025-06-21 00:00:00,2025-06-21 21:20:00,1280,0.0,0.0,attachment3_10min_interpolation,0.0,2025-06-21 00:00:00,561.7986833333333,2025-06-14 21:20:00,actual_same_interval_7_days_ago,2025-06-21 00:00:00,0,36,False,561.7986833333333,0.0,0.0,0.0,1200.0,1200.0,561.7986833333333,120.0
2025-06-21T00:00_rolling,2025-06-21 00:00:00,2025-06-21 00:10:00,2025-06-22 00:00:00,2025-06-21 00:00:00,2025-06-21 21:30:00,1290,0.0,0.0,attachment3_10min_interpolation,0.0,2025-06-21 00:00:00,557.0966666666667,2025-06-14 21:30:00,actual_same_interval_7_days_ago,2025-06-21 00:00:00,0,36,False,557.0966666666667,0.0,0.0,0.0,1200.0,1200.0,557.0966666666667,120.0
2025-06-21T00:00_rolling,2025-06-21 00:00:00,2025-06-21 00:10:00,2025-06-22 00:00:00,2025-06-21 00:00:00,2025-06-21 21:40:00,1300,0.0,0.0,attachment3_10min_interpolation,0.0,2025-06-21 00:00:00,582.3134166666667,2025-06-14 21:40:00,actual_same_interval_7_days_ago,2025-06-21 00:00:00,0,36,False,582.3134166666667,0.0,0.0,0.0,1200.0,1200.0,582.3134166666667,120.0
2025-06-21T00:00_rolling,2025-06-21 00:00:00,2025-06-21 00:10:00,2025-06-22 00:00:00,2025-06-21 00:00:00,2025-06-21 21:50:00,1310,0.0,0.0,attachment3_10min_interpolation,0.0,2025-06-21 00:00:00,576.7703,2025-06-14 21:50:00,actual_same_interval_7_days_ago,2025-06-21 00:00:00,0,36,False,576.7703,0.0,0.0,0.0,1200.0,1200.0,576.7703,120.0
2025-06-21T00:00_rolling,2025-06-21 00:00:00,2025-06-21 00:10:00,2025-06-22 00:00:00,2025-06-21 00:00:00,2025-06-21 22:00:00,1320,0.0,0.0,attachment3_10min_interpolation,0.0,2025-06-21 00:00:00,544.5733333333334,2025-06-14 22:00:00,actual_same_interval_7_days_ago,2025-06-21 00:00:00,0,36,False,544.5733333333334,0.0,0.0,0.0,1200.0,1200.0,544.5733333333334,120.0
2025-06-21T00:00_rolling,2025-06-21 00:00:00,2025-06-21 00:10:00,2025-06-22 00:00:00,2025-06-21 00:00:00,2025-06-21 22:10:00,1330,0.0,0.0,attachment3_10min_interpolation,0.0,2025-06-21 00:00:00,543.5498,2025-06-14 22:10:00,actual_same_interval_7_days_ago,2025-06-21 00:00:00,0,36,False,543.5498,0.0,0.0,0.0,1200.0,1200.0,543.5498,120.0
2025-06-21T00:00_rolling,2025-06-21 00:00:00,2025-06-21 00:10:00,2025-06-22 00:00:00,2025-06-21 00:00:00,2025-06-21 22:20:00,1340,0.0,0.0,attachment3_10min_interpolation,0.0,2025-06-21 00:00:00,536.3616499999999,2025-06-14 22:20:00,actual_same_interval_7_days_ago,2025-06-21 00:00:00,0,36,False,536.3616499999999,0.0,0.0,0.0,1200.0,1200.0,536.3616499999999,120.0
2025-06-21T00:00_rolling,2025-06-21 00:00:00,2025-06-21 00:10:00,2025-06-22 00:00:00,2025-06-21 00:00:00,2025-06-21 22:30:00,1350,0.0,0.0,attachment3_10min_interpolation,0.0,2025-06-21 00:00:00,531.6983333333334,2025-06-14 22:30:00,actual_same_interval_7_days_ago,2025-06-21 00:00:00,0,36,False,531.6983333333334,0.0,0.0,0.0,1200.0,1200.0,531.6983333333334,120.0
2025-06-21T00:00_rolling,2025-06-21 00:00:00,2025-06-21 00:10:00,2025-06-22 00:00:00,2025-06-21 00:00:00,2025-06-21 22:40:00,1360,0.0,0.0,attachment3_10min_interpolation,0.0,2025-06-21 00:00:00,578.8273166666667,2025-06-14 22:40:00,actual_same_interval_7_days_ago,2025-06-21 00:00:00,0,36,False,578.8273166666667,0.0,0.0,0.0,1200.0,1200.0,578.8273166666667,120.0
2025-06-21T00:00_rolling,2025-06-21 00:00:00,2025-06-21 00:10:00,2025-06-22 00:00:00,2025-06-21 00:00:00,2025-06-21 22:50:00,1370,0.0,0.0,attachment3_10min_interpolation,0.0,2025-06-21 00:00:00,608.9878166666666,2025-06-14 22:50:00,actual_same_interval_7_days_ago,2025-06-21 00:00:00,0,36,False,608.9878166666666,0.0,0.0,0.0,1200.0,1200.0,608.9878166666666,120.0
2025-06-21T00:00_rolling,2025-06-21 00:00:00,2025-06-21 00:10:00,2025-06-22 00:00:00,2025-06-21 00:00:00,2025-06-21 23:00:00,1380,0.0,0.0,attachment3_10min_interpolation,0.0,2025-06-21 00:00:00,577.205,2025-06-14 23:00:00,actual_same_interval_7_days_ago,2025-06-21 00:00:00,0,36,False,577.205,0.0,0.0,0.0,1200.0,1200.0,577.205,120.0
2025-06-21T00:00_rolling,2025-06-21 00:00:00,2025-06-21 00:10:00,2025-06-22 00:00:00,2025-06-21 00:00:00,2025-06-21 23:10:00,1390,0.0,0.0,attachment3_10min_interpolation,0.0,2025-06-21 00:00:00,508.0796666666667,2025-06-14 23:10:00,actual_same_interval_7_days_ago,2025-06-21 00:00:00,0,36,False,508.0796666666667,0.0,0.0,0.0,1200.0,1200.0,508.0796666666667,120.0
2025-06-21T00:00_rolling,2025-06-21 00:00:00,2025-06-21 00:10:00,2025-06-22 00:00:00,2025-06-21 00:00:00,2025-06-21 23:20:00,1400,0.0,0.0,attachment3_10min_interpolation,0.0,2025-06-21 00:00:00,484.2649833333333,2025-06-14 23:20:00,actual_same_interval_7_days_ago,2025-06-21 00:00:00,0,36,False,484.2649833333333,0.0,0.0,0.0,1200.0,1200.0,484.2649833333333,120.0
2025-06-21T00:00_rolling,2025-06-21 00:00:00,2025-06-21 00:10:00,2025-06-22 00:00:00,2025-06-21 00:00:00,2025-06-21 23:30:00,1410,0.0,0.0,attachment3_10min_interpolation,0.0,2025-06-21 00:00:00,511.99,2025-06-14 23:30:00,actual_same_interval_7_days_ago,2025-06-21 00:00:00,0,36,False,511.99,0.0,0.0,0.0,1200.0,1200.0,511.99,120.0
2025-06-21T00:00_rolling,2025-06-21 00:00:00,2025-06-21 00:10:00,2025-06-22 00:00:00,2025-06-21 00:00:00,2025-06-21 23:40:00,1420,0.0,0.0,attachment3_10min_interpolation,0.0,2025-06-21 00:00:00,532.2109166666667,2025-06-14 23:40:00,actual_same_interval_7_days_ago,2025-06-21 00:00:00,0,36,False,532.2109166666667,0.0,0.0,0.0,1200.0,1200.0,532.2109166666667,120.0
2025-06-21T00:00_rolling,2025-06-21 00:00:00,2025-06-21 00:10:00,2025-06-22 00:00:00,2025-06-21 00:00:00,2025-06-21 23:50:00,1430,0.0,0.0,attachment3_10min_interpolation,0.0,2025-06-21 00:00:00,582.9702166666667,2025-06-14 23:50:00,actual_same_interval_7_days_ago,2025-06-21 00:00:00,0,36,False,582.9702166666667,0.0,0.0,0.0,1200.0,1200.0,582.9702166666667,120.0
2025-06-21T00:00_rolling,2025-06-21 00:00:00,2025-06-21 00:10:00,2025-06-22 00:00:00,2025-06-21 00:00:00,2025-06-22 00:00:00,1440,0.0,0.0,attachment3_10min_interpolation,0.0,2025-06-21 00:00:00,654.8966666666666,2025-06-15 00:00:00,actual_same_interval_7_days_ago,2025-06-21 00:00:00,0,36,False,654.8966666666666,0.0,0.0,0.0,1200.0,1200.0,654.8966666666666,120.0
2025-06-21T06:00_rolling,2025-06-21 06:00:00,2025-06-21 06:10:00,2025-06-22 06:00:00,2025-06-21 06:00:00,2025-06-21 06:10:00,10,1193.7425833333334,198.95709722222225,observed_anchor_linear_to_h1,890.7,2025-06-21 06:00:00,477.3072833333333,2025-06-14 06:10:00,actual_same_interval_7_days_ago,2025-06-21 06:00:00,36,72,True,0.0,0.0,324.0,45.64981388888896,2400.0,2040.0,0.0,120.0
2025-06-21T06:00_rolling,2025-06-21 06:00:00,2025-06-21 06:10:00,2025-06-22 06:00:00,2025-06-21 06:00:00,2025-06-21 06:20:00,20,1496.7851666666666,249.46419444444442,observed_anchor_linear_to_h1,890.7,2025-06-21 06:00:00,468.1024333333333,2025-06-14 06:20:00,actual_same_interval_7_days_ago,2025-06-21 06:00:00,36,72,True,2.6382388888888784,0.0,216.0,0.0,2040.0,1800.0,15.90467222222216,120.0
2025-06-21T06:00_rolling,2025-06-21 06:00:00,2025-06-21 06:10:00,2025-06-22 06:00:00,2025-06-21 06:00:00,2025-06-21 06:30:00,30,1799.82775,299.9712916666667,observed_anchor_linear_to_h1,890.7,2025-06-21 06:00:00,436.9483333333333,2025-06-14 06:30:00,actual_same_interval_7_days_ago,2025-06-21 06:00:00,36,72,True,28.97704166666665,0.0,108.0,0.0,1800.0,1680.0,46.27184166666666,120.0
2025-06-21T06:00_rolling,2025-06-21 06:00:00,2025-06-21 06:10:00,2025-06-22 06:00:00,2025-06-21 06:00:00,2025-06-21 06:40:00,40,2102.8703333333333,350.4783888888889,observed_anchor_linear_to_h1,890.7,2025-06-21 06:00:00,436.2395,2025-06-14 06:40:00,actual_same_interval_7_days_ago,2025-06-21 06:00:00,36,72,True,0.0,0.0,108.0,22.23888888888888,1680.0,1560.0,0.0,120.0
2025-06-21T06:00_rolling,2025-06-21 06:00:00,2025-06-21 06:10:00,2025-06-22 06:00:00,2025-06-21 06:00:00,2025-06-21 06:50:00,50,2405.9129166666667,400.98548611111113,observed_anchor_linear_to_h1,890.7,2025-06-21 06:00:00,472.3980833333333,2025-06-14 06:50:00,actual_same_interval_7_days_ago,2025-06-21 06:00:00,36,72,True,0.0,0.0,108.0,36.58740277777781,1560.0,1440.0,0.0,120.0
2025-06-21T06:00_rolling,2025-06-21 06:00:00,2025-06-21 06:10:00,2025-06-22 06:00:00,2025-06-21 06:00:00,2025-06-21 07:00:00,60,2708.9555,451.49258333333336,attachment3_10min_interpolation,890.7,2025-06-21 06:00:00,521.8516666666667,2025-06-14 07:00:00,actual_same_interval_7_days_ago,2025-06-21 06:00:00,36,72,True,0.0,0.0,108.0,37.64091666666667,1440.0,1320.0,0.0,120.0
2025-06-21T06:00_rolling,2025-06-21 06:00:00,2025-06-21 06:10:00,2025-06-22 06:00:00,2025-06-21 06:00:00,2025-06-21 07:10:00,70,2918.9834166666665,486.4972361111111,attachment3_10min_interpolation,890.7,2025-06-21 06:00:00,549.1168833333334,2025-06-14 07:10:00,actual_same_interval_7_days_ago,2025-06-21 06:00:00,36,72,True,0.0,0.0,108.0,45.380352777777716,1320.0,1200.0,0.0,120.0
2025-06-21T06:00_rolling,2025-06-21 06:00:00,2025-06-21 06:10:00,2025-06-22 06:00:00,2025-06-21 06:00:00,2025-06-21 07:20:00,80,3129.0113333333334,521.5018888888889,attachment3_10min_interpolation,890.7,2025-06-21 06:00:00,543.5154833333333,2025-06-14 07:20:00,actual_same_interval_7_days_ago,2025-06-21 06:00:00,36,72,True,22.013594444444493,0.0,0.0,0.0,1200.0,1200.0,43.585277777777776,120.0
2025-06-21T06:00_rolling,2025-06-21 06:00:00,2025-06-21 06:10:00,2025-06-22 06:00:00,2025-06-21 06:00:00,2025-06-21 07:30:00,90,3339.03925,556.5065416666666,attachment3_10min_interpolation,890.7,2025-06-21 06:00:00,525.9583333333334,2025-06-14 07:30:00,actual_same_interval_7_days_ago,2025-06-21 06:00:00,36,72,True,0.0,0.0,0.0,30.548208333333264,1200.0,1200.0,0.0,120.0
2025-06-21T06:00_rolling,2025-06-21 06:00:00,2025-06-21 06:10:00,2025-06-22 06:00:00,2025-06-21 06:00:00,2025-06-21 07:40:00,100,3549.0671666666667,591.5111944444444,attachment3_10min_interpolation,890.7,2025-06-21 06:00:00,528.8353000000001,2025-06-14 07:40:00,actual_same_interval_7_days_ago,2025-06-21 06:00:00,36,72,True,0.0,0.0,0.0,62.67589444444434,1200.0,1200.0,0.0,120.0
2025-06-21T06:00_rolling,2025-06-21 06:00:00,2025-06-21 06:10:00,2025-06-22 06:00:00,2025-06-21 06:00:00,2025-06-21 07:50:00,110,3759.095083333333,626.5158472222222,attachment3_10min_interpolation,890.7,2025-06-21 06:00:00,531.0549666666667,2025-06-14 07:50:00,actual_same_interval_7_days_ago,2025-06-21 06:00:00,36,72,True,0.0,0.0,0.0,95.46088055555549,1200.0,1200.0,0.0,120.0
2025-06-21T06:00_rolling,2025-06-21 06:00:00,2025-06-21 06:10:00,2025-06-22 06:00:00,2025-06-21 06:00:00,2025-06-21 08:00:00,120,3969.123,661.5205,attachment3_10min_interpolation,890.7,2025-06-21 06:00:00,529.0516666666666,2025-06-14 08:00:00,actual_same_interval_7_days_ago,2025-06-21 06:00:00,36,72,True,0.0,0.0,0.0,132.46883333333335,1200.0,1200.0,0.0,120.0
2025-06-21T06:00_rolling,2025-06-21 06:00:00,2025-06-21 06:10:00,2025-06-22 06:00:00,2025-06-21 06:00:00,2025-06-21 08:10:00,130,4097.8378,682.9729666666667,attachment3_10min_interpolation,890.7,2025-06-21 06:00:00,539.2734,2025-06-14 08:10:00,actual_same_interval_7_days_ago,2025-06-21 06:00:00,36,72,True,0.0,133.33333333333334,0.0,10.366233333333327,1200.0,1320.0,0.0,120.0
2025-06-21T06:00_rolling,2025-06-21 06:00:00,2025-06-21 06:10:00,2025-06-22 06:00:00,2025-06-21 06:00:00,2025-06-21 08:20:00,140,4226.5526,704.4254333333333,attachment3_10min_interpolation,890.7,2025-06-21 06:00:00,535.2853166666666,2025-06-14 08:20:00,actual_same_interval_7_days_ago,2025-06-21 06:00:00,36,72,True,0.0,133.33333333333334,0.0,35.80678333333336,1320.0,1440.0,0.0,120.0
2025-06-21T06:00_rolling,2025-06-21 06:00:00,2025-06-21 06:10:00,2025-06-22 06:00:00,2025-06-21 06:00:00,2025-06-21 08:30:00,150,4355.2674,725.8779,attachment3_10min_interpolation,890.7,2025-06-21 06:00:00,519.505,2025-06-14 08:30:00,actual_same_interval_7_days_ago,2025-06-21 06:00:00,36,72,True,0.0,133.33333333333334,0.0,73.03956666666662,1440.0,1560.0,0.0,120.0
2025-06-21T06:00_rolling,2025-06-21 06:00:00,2025-06-21 06:10:00,2025-06-22 06:00:00,2025-06-21 06:00:00,2025-06-21 08:40:00,160,4483.9822,747.3303666666667,attachment3_10min_interpolation,890.7,2025-06-21 06:00:00,526.7351666666667,2025-06-14 08:40:00,actual_same_interval_7_days_ago,2025-06-21 06:00:00,36,72,True,0.0,133.33333333333334,0.0,87.26186666666663,1560.0,1680.0,0.0,120.0
2025-06-21T06:00_rolling,2025-06-21 06:00:00,2025-06-21 06:10:00,2025-06-22 06:00:00,2025-06-21 06:00:00,2025-06-21 08:50:00,170,4612.697,768.7828333333333,attachment3_10min_interpolation,890.7,2025-06-21 06:00:00,561.15215,2025-06-14 08:50:00,actual_same_interval_7_days_ago,2025-06-21 06:00:00,36,72,True,0.0,133.33333333333334,0.0,74.29734999999997,1680.0,1800.0,0.0,120.0
2025-06-21T06:00_rolling,2025-06-21 06:00:00,2025-06-21 06:10:00,2025-06-22 06:00:00,2025-06-21 06:00:00,2025-06-21 09:00:00,180,4741.4118,790.2352999999999,attachment3_10min_interpolation,890.7,2025-06-21 06:00:00,607.36,2025-06-14 09:00:00,actual_same_interval_7_days_ago,2025-06-21 06:00:00,36,72,True,0.0,133.33333333333334,0.0,49.54196666666658,1800.0,1920.0,0.0,120.0
2025-06-21T06:00_rolling,2025-06-21 06:00:00,2025-06-21 06:10:00,2025-06-22 06:00:00,2025-06-21 06:00:00,2025-06-21 09:10:00,190,5039.020833333333,839.8368055555555,attachment3_10min_interpolation,890.7,2025-06-21 06:00:00,642.0851166666666,2025-06-14 09:10:00,actual_same_interval_7_days_ago,2025-06-21 06:00:00,36,72,True,0.0,133.33333333333334,0.0,64.41835555555556,1920.0,2040.0,0.0,120.0
2025-06-21T06:00_rolling,2025-06-21 06:00:00,2025-06-21 06:10:00,2025-06-22 06:00:00,2025-06-21 06:00:00,2025-06-21 09:20:00,200,5336.629866666666,889.438311111111,attachment3_10min_interpolation,890.7,2025-06-21 06:00:00,656.56745,2025-06-14 09:20:00,actual_same_interval_7_days_ago,2025-06-21 06:00:00,36,72,True,0.0,133.33333333333334,0.0,99.53752777777768,2040.0,2160.0,0.0,120.0
2025-06-21T06:00_rolling,2025-06-21 06:00:00,2025-06-21 06:10:00,2025-06-22 06:00:00,2025-06-21 06:00:00,2025-06-21 09:30:00,210,5634.238899999999,939.0398166666665,attachment3_10min_interpolation,890.7,2025-06-21 06:00:00,648.4433333333333,2025-06-14 09:30:00,actual_same_interval_7_days_ago,2025-06-21 06:00:00,36,72,True,0.0,266.6666666666667,0.0,23.929816666666568,2160.0,2400.0,0.0,120.0
2025-06-21T06:00_rolling,2025-06-21 06:00:00,2025-06-21 06:10:00,2025-06-22 06:00:00,2025-06-21 06:00:00,2025-06-21 09:40:00,220,5931.8479333333335,988.6413222222222,attachment3_10min_interpolation,890.7,2025-06-21 06:00:00,623.8431333333333,2025-06-14 09:40:00,actual_same_interval_7_days_ago,2025-06-21 06:00:00,36,72,True,0.0,266.6666666666667,0.0,98.13152222222226,2400.0,2640.0,0.0,120.0
2025-06-21T06:00_rolling,2025-06-21 06:00:00,2025-06-21 06:10:00,2025-06-22 06:00:00,2025-06-21 06:00:00,2025-06-21 09:50:00,230,6229.456966666667,1038.2428277777778,attachment3_10min_interpolation,890.7,2025-06-21 06:00:00,611.4957166666667,2025-06-14 09:50:00,actual_same_interval_7_days_ago,2025-06-21 06:00:00,36,72,True,0.0,266.6666666666667,0.0,160.08044444444448,2640.0,2880.0,0.0,120.0
2025-06-21T06:00_rolling,2025-06-21 06:00:00,2025-06-21 06:10:00,2025-06-22 06:00:00,2025-06-21 06:00:00,2025-06-21 10:00:00,240,6527.066,1087.8443333333332,attachment3_10min_interpolation,890.7,2025-06-21 06:00:00,627.3066666666667,2025-06-14 10:00:00,actual_same_interval_7_days_ago,2025-06-21 06:00:00,36,72,True,0.0,266.6666666666667,0.0,193.8709999999998,2880.0,3120.0,0.0,120.0
2025-06-21T06:00_rolling,2025-06-21 06:00:00,2025-06-21 06:10:00,2025-06-22 06:00:00,2025-06-21 06:00:00,2025-06-21 10:10:00,250,6624.2863333333335,1104.0477222222223,attachment3_10min_interpolation,890.7,2025-06-21 06:00:00,656.8212,2025-06-14 10:10:00,actual_same_interval_7_days_ago,2025-06-21 06:00:00,36,72,True,0.0,266.6666666666667,0.0,180.55985555555566,3120.0,3360.0,0.0,120.0
2025-06-21T06:00_rolling,2025-06-21 06:00:00,2025-06-21 06:10:00,2025-06-22 06:00:00,2025-06-21 06:00:00,2025-06-21 10:20:00,260,6721.506666666666,1120.251111111111,attachment3_10min_interpolation,890.7,2025-06-21 06:00:00,641.9134166666666,2025-06-14 10:20:00,actual_same_interval_7_days_ago,2025-06-21 06:00:00,36,72,True,0.0,266.6666666666667,0.0,211.67102777777762,3360.0,3600.0,0.0,120.0
2025-06-21T06:00_rolling,2025-06-21 06:00:00,2025-06-21 06:10:00,2025-06-22 06:00:00,2025-06-21 06:00:00,2025-06-21 10:30:00,270,6818.727,1136.4545,attachment3_10min_interpolation,890.7,2025-06-21 06:00:00,604.6266666666667,2025-06-14 10:30:00,actual_same_interval_7_days_ago,2025-06-21 06:00:00,36,72,True,0.0,266.6666666666667,0.0,265.1611666666667,3600.0,3840.0,0.0,120.0
2025-06-21T06:00_rolling,2025-06-21 06:00:00,2025-06-21 06:10:00,2025-06-22 06:00:00,2025-06-21 06:00:00,2025-06-21 10:40:00,280,6915.9473333333335,1152.657888888889,attachment3_10min_interpolation,890.7,2025-06-21 06:00:00,621.9841333333333,2025-06-14 10:40:00,actual_same_interval_7_days_ago,2025-06-21 06:00:00,36,72,True,0.0,266.6666666666667,0.0,264.007088888889,3840.0,4080.0,0.0,120.0
2025-06-21T06:00_rolling,2025-06-21 06:00:00,2025-06-21 06:10:00,2025-06-22 06:00:00,2025-06-21 06:00:00,2025-06-21 10:50:00,290,7013.167666666666,1168.8612777777778,attachment3_10min_interpolation,890.7,2025-06-21 06:00:00,630.5688833333334,2025-06-14 10:50:00,actual_same_interval_7_days_ago,2025-06-21 06:00:00,36,72,True,0.0,266.6666666666667,0.0,271.62572777777774,4080.0,4320.0,0.0,120.0
2025-06-21T06:00_rolling,2025-06-21 06:00:00,2025-06-21 06:10:00,2025-06-22 06:00:00,2025-06-21 06:00:00,2025-06-21 11:00:00,300,7110.388,1185.0646666666667,attachment3_10min_interpolation,890.7,2025-06-21 06:00:00,603.1533333333333,2025-06-14 11:00:00,actual_same_interval_7_days_ago,2025-06-21 06:00:00,36,72,True,0.0,266.6666666666667,0.0,315.24466666666666,4320.0,4560.0,0.0,120.0
2025-06-21T06:00_rolling,2025-06-21 06:00:00,2025-06-21 06:10:00,2025-06-22 06:00:00,2025-06-21 06:00:00,2025-06-21 11:10:00,310,7158.681916666666,1193.1136527777778,attachment3_10min_interpolation,890.7,2025-06-21 06:00:00,580.304,2025-06-14 11:10:00,actual_same_interval_7_days_ago,2025-06-21 06:00:00,36,72,True,0.0,266.6666666666667,0.0,346.14298611111116,4560.0,4800.0,0.0,120.0
2025-06-21T06:00_rolling,2025-06-21 06:00:00,2025-06-21 06:10:00,2025-06-22 06:00:00,2025-06-21 06:00:00,2025-06-21 11:20:00,320,7206.975833333333,1201.1626388888888,attachment3_10min_interpolation,890.7,2025-06-21 06:00:00,583.4636333333334,2025-06-14 11:20:00,actual_same_interval_7_days_ago,2025-06-21 06:00:00,36,72,True,0.0,266.6666666666667,0.0,351.03233888888866,4800.0,5040.0,0.0,120.0
2025-06-21T06:00_rolling,2025-06-21 06:00:00,2025-06-21 06:10:00,2025-06-22 06:00:00,2025-06-21 06:00:00,2025-06-21 11:30:00,330,7255.269749999999,1209.2116249999997,attachment3_10min_interpolation,890.7,2025-06-21 06:00:00,603.2866666666666,2025-06-14 11:30:00,actual_same_interval_7_days_ago,2025-06-21 06:00:00,36,72,True,0.0,266.6666666666667,0.0,339.25829166666637,5040.0,5280.0,0.0,120.0
2025-06-21T06:00_rolling,2025-06-21 06:00:00,2025-06-21 06:10:00,2025-06-22 06:00:00,2025-06-21 06:00:00,2025-06-21 11:40:00,340,7303.563666666667,1217.260611111111,attachment3_10min_interpolation,890.7,2025-06-21 06:00:00,612.7584666666667,2025-06-14 11:40:00,actual_same_interval_7_days_ago,2025-06-21 06:00:00,36,72,True,0.0,266.6666666666667,0.0,337.8354777777777,5280.0,5520.0,0.0,120.0
2025-06-21T06:00_rolling,2025-06-21 06:00:00,2025-06-21 06:10:00,2025-06-22 06:00:00,2025-06-21 06:00:00,2025-06-21 11:50:00,350,7351.857583333333,1225.3095972222222,attachment3_10min_interpolation,890.7,2025-06-21 06:00:00,614.83545,2025-06-14 11:50:00,actual_same_interval_7_days_ago,2025-06-21 06:00:00,36,72,True,0.0,266.6666666666667,0.0,343.8074805555555,5520.0,5760.0,0.0,120.0
2025-06-21T06:00_rolling,2025-06-21 06:00:00,2025-06-21 06:10:00,2025-06-22 06:00:00,2025-06-21 06:00:00,2025-06-21 12:00:00,360,7400.1515,1233.3585833333334,attachment3_10min_interpolation,890.7,2025-06-21 06:00:00,615.5883333333334,2025-06-14 12:00:00,actual_same_interval_7_days_ago,2025-06-21 06:00:00,36,72,True,0.0,266.6666666666667,0.0,351.10358333333335,5760.0,6000.0,0.0,120.0
2025-06-21T06:00_rolling,2025-06-21 06:00:00,2025-06-21 06:10:00,2025-06-22 06:00:00,2025-06-21 06:00:00,2025-06-21 12:10:00,370,7508.41755,1251.402925,attachment3_10min_interpolation,890.7,2025-06-21 06:00:00,616.7149833333334,2025-06-14 12:10:00,actual_same_interval_7_days_ago,2025-06-21 06:00:00,36,72,False,0.0,266.6666666666667,0.0,368.021275,6000.0,6240.0,0.0,120.0
2025-06-21T06:00_rolling,2025-06-21 06:00:00,2025-06-21 06:10:00,2025-06-22 06:00:00,2025-06-21 06:00:00,2025-06-21 12:20:00,380,7616.6836,1269.4472666666668,attachment3_10min_interpolation,890.7,2025-06-21 06:00:00,620.8659166666666,2025-06-14 12:20:00,actual_same_interval_7_days_ago,2025-06-21 06:00:00,36,72,False,0.0,266.6666666666667,0.0,381.91468333333347,6240.0,6480.0,0.0,120.0
2025-06-21T06:00_rolling,2025-06-21 06:00:00,2025-06-21 06:10:00,2025-06-22 06:00:00,2025-06-21 06:00:00,2025-06-21 12:30:00,390,7724.94965,1287.4916083333333,attachment3_10min_interpolation,890.7,2025-06-21 06:00:00,626.92,2025-06-14 12:30:00,actual_same_interval_7_days_ago,2025-06-21 06:00:00,36,72,False,0.0,266.6666666666667,0.0,393.9049416666666,6480.0,6720.0,0.0,120.0
2025-06-21T06:00_rolling,2025-06-21 06:00:00,2025-06-21 06:10:00,2025-06-22 06:00:00,2025-06-21 06:00:00,2025-06-21 12:40:00,400,7833.2157,1305.53595,attachment3_10min_interpolation,890.7,2025-06-21 06:00:00,630.1571166666666,2025-06-14 12:40:00,actual_same_interval_7_days_ago,2025-06-21 06:00:00,36,72,False,0.0,266.6666666666667,0.0,408.71216666666663,6720.0,6960.0,0.0,120.0
2025-06-21T06:00_rolling,2025-06-21 06:00:00,2025-06-21 06:10:00,2025-06-22 06:00:00,2025-06-21 06:00:00,2025-06-21 12:50:00,410,7941.48175,1323.5802916666667,attachment3_10min_interpolation,890.7,2025-06-21 06:00:00,628.0763000000001,2025-06-14 12:50:00,actual_same_interval_7_days_ago,2025-06-21 06:00:00,36,72,False,0.0,266.6666666666667,0.0,428.8373249999999,6960.0,7200.0,0.0,120.0
2025-06-21T06:00_rolling,2025-06-21 06:00:00,2025-06-21 06:10:00,2025-06-22 06:00:00,2025-06-21 06:00:00,2025-06-21 13:00:00,420,8049.7478,1341.6246333333333,attachment3_10min_interpolation,890.7,2025-06-21 06:00:00,627.2283333333334,2025-06-14 13:00:00,actual_same_interval_7_days_ago,2025-06-21 06:00:00,36,72,False,0.0,666.6666666666666,0.0,47.72963333333337,7200.0,7800.0,0.0,120.0
2025-06-21T06:00_rolling,2025-06-21 06:00:00,2025-06-21 06:10:00,2025-06-22 06:00:00,2025-06-21 06:00:00,2025-06-21 13:10:00,430,7670.447916666667,1278.407986111111,attachment3_10min_interpolation,890.7,2025-06-21 06:00:00,636.2238,2025-06-14 13:10:00,actual_same_interval_7_days_ago,2025-06-21 06:00:00,36,72,False,0.0,266.6666666666667,0.0,375.5175194444444,7800.0,8040.0,0.0,120.0
2025-06-21T06:00_rolling,2025-06-21 06:00:00,2025-06-21 06:10:00,2025-06-22 06:00:00,2025-06-21 06:00:00,2025-06-21 13:20:00,440,7291.148033333334,1215.191338888889,attachment3_10min_interpolation,890.7,2025-06-21 06:00:00,639.1596833333333,2025-06-14 13:20:00,actual_same_interval_7_days_ago,2025-06-21 06:00:00,36,72,False,0.0,266.6666666666667,0.0,309.36498888888906,8040.0,8280.0,0.0,120.0
2025-06-21T06:00_rolling,2025-06-21 06:00:00,2025-06-21 06:10:00,2025-06-22 06:00:00,2025-06-21 06:00:00,2025-06-21 13:30:00,450,6911.84815,1151.9746916666666,attachment3_10min_interpolation,890.7,2025-06-21 06:00:00,637.945,2025-06-14 13:30:00,actual_same_interval_7_days_ago,2025-06-21 06:00:00,36,72,False,0.0,266.6666666666667,0.0,247.36302499999982,8280.0,8520.0,0.0,120.0
2025-06-21T06:00_rolling,2025-06-21 06:00:00,2025-06-21 06:10:00,2025-06-22 06:00:00,2025-06-21 06:00:00,2025-06-21 13:40:00,460,6532.548266666667,1088.7580444444445,attachment3_10min_interpolation,890.7,2025-06-21 06:00:00,648.8773166666666,2025-06-14 13:40:00,actual_same_interval_7_days_ago,2025-06-21 06:00:00,36,72,False,0.0,266.6666666666667,0.0,173.21406111111122,8520.0,8760.0,0.0,120.0
2025-06-21T06:00_rolling,2025-06-21 06:00:00,2025-06-21 06:10:00,2025-06-22 06:00:00,2025-06-21 06:00:00,2025-06-21 13:50:00,470,6153.248383333334,1025.5413972222223,attachment3_10min_interpolation,890.7,2025-06-21 06:00:00,651.04975,2025-06-14 13:50:00,actual_same_interval_7_days_ago,2025-06-21 06:00:00,36,72,False,0.0,266.6666666666667,0.0,107.82498055555556,8760.0,9000.0,0.0,120.0
2025-06-21T06:00_rolling,2025-06-21 06:00:00,2025-06-21 06:10:00,2025-06-22 06:00:00,2025-06-21 06:00:00,2025-06-21 14:00:00,480,5773.9485,962.3247500000001,attachment3_10min_interpolation,890.7,2025-06-21 06:00:00,645.2583333333333,2025-06-14 14:00:00,actual_same_interval_7_days_ago,2025-06-21 06:00:00,36,72,False,0.0,266.6666666666667,0.0,50.3997500000001,9000.0,9240.0,0.0,120.0
2025-06-21T06:00_rolling,2025-06-21 06:00:00,2025-06-21 06:10:00,2025-06-22 06:00:00,2025-06-21 06:00:00,2025-06-21 14:10:00,490,5712.36195,952.060325,attachment3_10min_interpolation,890.7,2025-06-21 06:00:00,651.8894666666666,2025-06-14 14:10:00,actual_same_interval_7_days_ago,2025-06-21 06:00:00,36,72,False,0.0,266.6666666666667,0.0,33.50419166666671,9240.0,9480.0,0.0,120.0
2025-06-21T06:00_rolling,2025-06-21 06:00:00,2025-06-21 06:10:00,2025-06-22 06:00:00,2025-06-21 06:00:00,2025-06-21 14:20:00,500,5650.7754,941.7959000000001,attachment3_10min_interpolation,890.7,2025-06-21 06:00:00,646.3560833333333,2025-06-14 14:20:00,actual_same_interval_7_days_ago,2025-06-21 06:00:00,36,72,False,0.0,266.6666666666667,0.0,28.773150000000044,9480.0,9720.0,0.0,120.0
2025-06-21T06:00_rolling,2025-06-21 06:00:00,2025-06-21 06:10:00,2025-06-22 06:00:00,2025-06-21 06:00:00,2025-06-21 14:30:00,510,5589.18885,931.5314749999999,attachment3_10min_interpolation,890.7,2025-06-21 06:00:00,632.0166666666667,2025-06-14 14:30:00,actual_same_interval_7_days_ago,2025-06-21 06:00:00,36,72,False,0.0,266.6666666666667,0.0,32.84814166666655,9720.0,9960.0,0.0,120.0
2025-06-21T06:00_rolling,2025-06-21 06:00:00,2025-06-21 06:10:00,2025-06-22 06:00:00,2025-06-21 06:00:00,2025-06-21 14:40:00,520,5527.6023,921.2670499999999,attachment3_10min_interpolation,890.7,2025-06-21 06:00:00,641.6548,2025-06-14 14:40:00,actual_same_interval_7_days_ago,2025-06-21 06:00:00,36,72,False,0.0,266.6666666666667,0.0,12.945583333333218,9960.0,10200.0,0.0,120.0
2025-06-21T06:00_rolling,2025-06-21 06:00:00,2025-06-21 06:10:00,2025-06-22 06:00:00,2025-06-21 06:00:00,2025-06-21 14:50:00,530,5466.01575,911.002625,attachment3_10min_interpolation,890.7,2025-06-21 06:00:00,667.3870833333334,2025-06-14 14:50:00,actual_same_interval_7_days_ago,2025-06-21 06:00:00,36,72,False,0.0,133.33333333333334,0.0,110.28220833333322,10200.0,10320.0,0.0,120.0
2025-06-21T06:00_rolling,2025-06-21 06:00:00,2025-06-21 06:10:00,2025-06-22 06:00:00,2025-06-21 06:00:00,2025-06-21 15:00:00,540,5404.4292,900.7381999999999,attachment3_10min_interpolation,890.7,2025-06-21 06:00:00,685.3233333333333,2025-06-14 15:00:00,actual_same_interval_7_days_ago,2025-06-21 06:00:00,36,72,False,0.0,133.33333333333334,0.0,82.08153333333328,10320.0,10440.0,0.0,120.0
2025-06-21T06:00_rolling,2025-06-21 06:00:00,2025-06-21 06:10:00,2025-06-22 06:00:00,2025-06-21 06:00:00,2025-06-21 15:10:00,550,5171.4261166666665,861.9043527777777,attachment3_10min_interpolation,890.7,2025-06-21 06:00:00,674.7553333333334,2025-06-14 15:10:00,actual_same_interval_7_days_ago,2025-06-21 06:00:00,36,72,False,0.0,133.33333333333334,0.0,53.81568611111098,10440.0,10560.0,0.0,120.0
2025-06-21T06:00_rolling,2025-06-21 06:00:00,2025-06-21 06:10:00,2025-06-22 06:00:00,2025-06-21 06:00:00,2025-06-21 15:20:00,560,4938.423033333333,823.0705055555554,attachment3_10min_interpolation,890.7,2025-06-21 06:00:00,649.8444166666667,2025-06-14 15:20:00,actual_same_interval_7_days_ago,2025-06-21 06:00:00,36,72,False,0.0,133.33333333333334,0.0,39.8927555555554,10560.0,10680.0,0.0,120.0
2025-06-21T06:00_rolling,2025-06-21 06:00:00,2025-06-21 06:10:00,2025-06-22 06:00:00,2025-06-21 06:00:00,2025-06-21 15:30:00,570,4705.41995,784.2366583333334,attachment3_10min_interpolation,890.7,2025-06-21 06:00:00,645.3383333333334,2025-06-14 15:30:00,actual_same_interval_7_days_ago,2025-06-21 06:00:00,36,72,False,0.0,133.33333333333334,0.0,5.564991666666657,10680.0,10800.0,0.0,120.0
2025-06-21T06:00_rolling,2025-06-21 06:00:00,2025-06-21 06:10:00,2025-06-22 06:00:00,2025-06-21 06:00:00,2025-06-21 15:40:00,580,4472.4168666666665,745.4028111111111,attachment3_10min_interpolation,890.7,2025-06-21 06:00:00,685.0604333333334,2025-06-14 15:40:00,actual_same_interval_7_days_ago,2025-06-21 06:00:00,36,72,False,0.0,0.0,0.0,60.34237777777764,10800.0,10800.0,0.0,120.0
2025-06-21T06:00_rolling,2025-06-21 06:00:00,2025-06-21 06:10:00,2025-06-22 06:00:00,2025-06-21 06:00:00,2025-06-21 15:50:00,590,4239.413783333333,706.5689638888889,attachment3_10min_interpolation,890.7,2025-06-21 06:00:00,705.4706666666666,2025-06-14 15:50:00,actual_same_interval_7_days_ago,2025-06-21 06:00:00,36,72,False,0.0,0.0,0.0,1.0982972222222998,10800.0,10800.0,40.88631111111113,120.0
2025-06-21T06:00_rolling,2025-06-21 06:00:00,2025-06-21 06:10:00,2025-06-22 06:00:00,2025-06-21 06:00:00,2025-06-21 16:00:00,600,4006.4107,667.7351166666666,attachment3_10min_interpolation,890.7,2025-06-21 06:00:00,702.335,2025-06-14 16:00:00,actual_same_interval_7_days_ago,2025-06-21 06:00:00,36,72,False,34.59988333333342,0.0,0.0,0.0,10800.0,10800.0,112.35273333333339,120.0
2025-06-21T06:00_rolling,2025-06-21 06:00:00,2025-06-21 06:10:00,2025-06-22 06:00:00,2025-06-21 06:00:00,2025-06-21 16:10:00,610,3772.715516666666,628.7859194444444,attachment3_10min_interpolation,890.7,2025-06-21 06:00:00,722.1984333333334,2025-06-14 16:10:00,actual_same_interval_7_days_ago,2025-06-21 06:00:00,36,72,False,93.41251388888895,0.0,0.0,0.0,10800.0,10800.0,161.0206222222223,120.0
2025-06-21T06:00_rolling,2025-06-21 06:00:00,2025-06-21 06:10:00,2025-06-22 06:00:00,2025-06-21 06:00:00,2025-06-21 16:20:00,620,3539.0203333333334,589.8367222222222,attachment3_10min_interpolation,890.7,2025-06-21 06:00:00,695.8212833333333,2025-06-14 16:20:00,actual_same_interval_7_days_ago,2025-06-21 06:00:00,36,72,False,105.98456111111113,0.0,0.0,0.0,10800.0,10800.0,163.44792777777786,120.0
2025-06-21T06:00_rolling,2025-06-21 06:00:00,2025-06-21 06:10:00,2025-06-22 06:00:00,2025-06-21 06:00:00,2025-06-21 16:30:00,630,3305.32515,550.887525,attachment3_10min_interpolation,890.7,2025-06-21 06:00:00,665.3083333333333,2025-06-14 16:30:00,actual_same_interval_7_days_ago,2025-06-21 06:00:00,36,72,False,114.4208083333333,0.0,0.0,0.0,10800.0,10800.0,161.7394333333333,120.0
2025-06-21T06:00_rolling,2025-06-21 06:00:00,2025-06-21 06:10:00,2025-06-22 06:00:00,2025-06-21 06:00:00,2025-06-21 16:40:00,640,3071.6299666666664,511.9383277777777,attachment3_10min_interpolation,890.7,2025-06-21 06:00:00,735.2509,2025-06-14 16:40:00,actual_same_interval_7_days_ago,2025-06-21 06:00:00,36,72,False,223.3125722222223,0.0,0.0,0.0,10800.0,10800.0,260.48645555555555,120.0
2025-06-21T06:00_rolling,2025-06-21 06:00:00,2025-06-21 06:10:00,2025-06-22 06:00:00,2025-06-21 06:00:00,2025-06-21 16:50:00,650,2837.934783333333,472.9891305555555,attachment3_10min_interpolation,890.7,2025-06-21 06:00:00,707.8311166666667,2025-06-14 16:50:00,actual_same_interval_7_days_ago,2025-06-21 06:00:00,36,72,False,234.84198611111123,0.0,0.0,0.0,10800.0,10800.0,261.8711277777779,120.0
2025-06-21T06:00_rolling,2025-06-21 06:00:00,2025-06-21 06:10:00,2025-06-22 06:00:00,2025-06-21 06:00:00,2025-06-21 17:00:00,660,2604.2396,434.0399333333333,attachment3_10min_interpolation,890.7,2025-06-21 06:00:00,589.7266666666667,2025-06-14 17:00:00,actual_same_interval_7_days_ago,2025-06-21 06:00:00,36,72,False,155.6867333333334,0.0,0.0,0.0,10800.0,10800.0,172.57113333333336,120.0
2025-06-21T06:00_rolling,2025-06-21 06:00:00,2025-06-21 06:10:00,2025-06-22 06:00:00,2025-06-21 06:00:00,2025-06-21 17:10:00,670,2321.2062333333333,386.8677055555556,attachment3_10min_interpolation,890.7,2025-06-21 06:00:00,590.4794,2025-06-14 17:10:00,actual_same_interval_7_days_ago,2025-06-21 06:00:00,36,72,False,203.61169444444448,0.0,0.0,0.0,10800.0,10800.0,215.2026694444445,120.0
2025-06-21T06:00_rolling,2025-06-21 06:00:00,2025-06-21 06:10:00,2025-06-22 06:00:00,2025-06-21 06:00:00,2025-06-21 17:20:00,680,2038.1728666666663,339.69547777777774,attachment3_10min_interpolation,890.7,2025-06-21 06:00:00,609.88575,2025-06-14 17:20:00,actual_same_interval_7_days_ago,2025-06-21 06:00:00,36,72,False,270.1902722222223,0.0,0.0,0.0,10800.0,10800.0,276.4878222222223,120.0
2025-06-21T06:00_rolling,2025-06-21 06:00:00,2025-06-21 06:10:00,2025-06-22 06:00:00,2025-06-21 06:00:00,2025-06-21 17:30:00,690,1755.1395,292.52325,attachment3_10min_interpolation,890.7,2025-06-21 06:00:00,589.96,2025-06-14 17:30:00,actual_same_interval_7_days_ago,2025-06-21 06:00:00,36,72,False,297.43675,0.0,0.0,0.0,10800.0,10800.0,298.44087500000006,120.0
2025-06-21T06:00_rolling,2025-06-21 06:00:00,2025-06-21 06:10:00,2025-06-22 06:00:00,2025-06-21 06:00:00,2025-06-21 17:40:00,700,1472.1061333333332,245.3510222222222,attachment3_10min_interpolation,890.7,2025-06-21 06:00:00,581.5264166666667,2025-06-14 17:40:00,actual_same_interval_7_days_ago,2025-06-21 06:00:00,36,72,False,336.17539444444446,0.0,0.0,0.0,10800.0,10800.0,331.88609444444444,120.0
2025-06-21T06:00_rolling,2025-06-21 06:00:00,2025-06-21 06:10:00,2025-06-22 06:00:00,2025-06-21 06:00:00,2025-06-21 17:50:00,710,1189.072766666667,198.1787944444445,attachment3_10min_interpolation,890.7,2025-06-21 06:00:00,580.3483166666666,2025-06-14 17:50:00,actual_same_interval_7_days_ago,2025-06-21 06:00:00,36,72,False,382.1695222222221,0.0,0.0,0.0,10800.0,10800.0,372.5867972222221,120.0
2025-06-21T06:00_rolling,2025-06-21 06:00:00,2025-06-21 06:10:00,2025-06-22 06:00:00,2025-06-21 06:00:00,2025-06-21 18:00:00,720,906.0394,151.00656666666666,attachment3_10min_interpolation,890.7,2025-06-21 06:00:00,582.9016666666666,2025-06-14 18:00:00,actual_same_interval_7_days_ago,2025-06-21 06:00:00,36,72,False,323.89509999999996,0.0,108.0,0.0,10800.0,10680.0,309.01895,120.0
2025-06-21T06:00_rolling,2025-06-21 06:00:00,2025-06-21 06:10:00,2025-06-22 06:00:00,2025-06-21 06:00:00,2025-06-21 18:10:00,730,756.21245,126.03540833333334,attachment3_10min_interpolation,890.7,2025-06-21 06:00:00,595.5989666666667,2025-06-14 18:10:00,actual_same_interval_7_days_ago,2025-06-21 06:00:00,36,72,False,37.56355833333333,0.0,432.0,0.0,10680.0,10200.0,25.158513888888933,120.0
2025-06-21T06:00_rolling,2025-06-21 06:00:00,2025-06-21 06:10:00,2025-06-22 06:00:00,2025-06-21 06:00:00,2025-06-21 18:20:00,740,606.3855,101.06425,attachment3_10min_interpolation,890.7,2025-06-21 06:00:00,602.28115,2025-06-14 18:20:00,actual_same_interval_7_days_ago,2025-06-21 06:00:00,36,72,False,69.21690000000001,0.0,432.0,0.0,10200.0,9720.0,59.28296111111115,120.0
2025-06-21T06:00_rolling,2025-06-21 06:00:00,2025-06-21 06:10:00,2025-06-22 06:00:00,2025-06-21 06:00:00,2025-06-21 18:30:00,750,456.55855,76.09309166666667,attachment3_10min_interpolation,890.7,2025-06-21 06:00:00,603.485,2025-06-14 18:30:00,actual_same_interval_7_days_ago,2025-06-21 06:00:00,36,72,False,95.39190833333339,0.0,432.0,0.0,9720.0,9240.0,87.92907500000001,120.0
2025-06-21T06:00_rolling,2025-06-21 06:00:00,2025-06-21 06:10:00,2025-06-22 06:00:00,2025-06-21 06:00:00,2025-06-21 18:40:00,760,306.73160000000007,51.121933333333345,attachment3_10min_interpolation,890.7,2025-06-21 06:00:00,613.5661166666666,2025-06-14 18:40:00,actual_same_interval_7_days_ago,2025-06-21 06:00:00,36,72,False,22.444183333333285,0.0,540.0,0.0,9240.0,8640.0,17.452455555555503,120.0
2025-06-21T06:00_rolling,2025-06-21 06:00:00,2025-06-21 06:10:00,2025-06-22 06:00:00,2025-06-21 06:00:00,2025-06-21 18:50:00,770,156.90465000000006,26.15077500000001,attachment3_10min_interpolation,890.7,2025-06-21 06:00:00,613.6690666666667,2025-06-14 18:50:00,actual_same_interval_7_days_ago,2025-06-21 06:00:00,36,72,False,47.518291666666755,0.0,540.0,0.0,8640.0,8040.0,44.997669444444455,120.0
2025-06-21T06:00_rolling,2025-06-21 06:00:00,2025-06-21 06:10:00,2025-06-22 06:00:00,2025-06-21 06:00:00,2025-06-21 19:00:00,780,7.0777,1.1796166666666668,attachment3_10min_interpolation,890.7,2025-06-21 06:00:00,611.975,2025-06-14 19:00:00,actual_same_interval_7_days_ago,2025-06-21 06:00:00,36,72,False,70.79538333333335,0.0,540.0,0.0,8040.0,7440.0,70.74586666666664,120.0
2025-06-21T06:00_rolling,2025-06-21 06:00:00,2025-06-21 06:10:00,2025-06-22 06:00:00,2025-06-21 06:00:00,2025-06-21 19:10:00,790,5.898083333333333,0.9830138888888889,attachment3_10min_interpolation,890.7,2025-06-21 06:00:00,634.4964,2025-06-14 19:10:00,actual_same_interval_7_days_ago,2025-06-21 06:00:00,36,72,False,93.51338611111112,0.0,540.0,0.0,7440.0,6840.0,93.4721222222222,120.0
2025-06-21T06:00_rolling,2025-06-21 06:00:00,2025-06-21 06:10:00,2025-06-22 06:00:00,2025-06-21 06:00:00,2025-06-21 19:20:00,800,4.718466666666667,0.7864111111111112,attachment3_10min_interpolation,890.7,2025-06-21 06:00:00,638.46145,2025-06-14 19:20:00,actual_same_interval_7_days_ago,2025-06-21 06:00:00,36,72,False,97.67503888888893,0.0,540.0,0.0,6840.0,6240.0,97.6420277777778,120.0
2025-06-21T06:00_rolling,2025-06-21 06:00:00,2025-06-21 06:10:00,2025-06-22 06:00:00,2025-06-21 06:00:00,2025-06-21 19:30:00,810,3.53885,0.5898083333333334,attachment3_10min_interpolation,890.7,2025-06-21 06:00:00,614.4133333333333,2025-06-14 19:30:00,actual_same_interval_7_days_ago,2025-06-21 06:00:00,36,72,False,73.82352500000002,0.0,540.0,0.0,6240.0,5640.0,73.79876666666667,120.0
2025-06-21T06:00_rolling,2025-06-21 06:00:00,2025-06-21 06:10:00,2025-06-22 06:00:00,2025-06-21 06:00:00,2025-06-21 19:40:00,820,2.359233333333333,0.39320555555555553,attachment3_10min_interpolation,890.7,2025-06-21 06:00:00,594.9406833333334,2025-06-14 19:40:00,actual_same_interval_7_days_ago,2025-06-21 06:00:00,36,72,False,54.54747777777777,0.0,540.0,0.0,5640.0,5040.0,54.5309722222222,120.0
2025-06-21T06:00_rolling,2025-06-21 06:00:00,2025-06-21 06:10:00,2025-06-22 06:00:00,2025-06-21 06:00:00,2025-06-21 19:50:00,830,1.179616666666667,0.19660277777777782,attachment3_10min_interpolation,890.7,2025-06-21 06:00:00,578.5213333333334,2025-06-14 19:50:00,actual_same_interval_7_days_ago,2025-06-21 06:00:00,36,72,False,38.32473055555556,0.0,540.0,0.0,5040.0,4440.0,38.31647777777778,120.0
2025-06-21T06:00_rolling,2025-06-21 06:00:00,2025-06-21 06:10:00,2025-06-22 06:00:00,2025-06-21 06:00:00,2025-06-21 20:00:00,840,0.0,0.0,attachment3_10min_interpolation,890.7,2025-06-21 06:00:00,584.49,2025-06-14 20:00:00,actual_same_interval_7_days_ago,2025-06-21 06:00:00,36,72,False,44.49000000000001,0.0,540.0,0.0,4440.0,3840.0,44.49000000000001,120.0
2025-06-21T06:00_rolling,2025-06-21 06:00:00,2025-06-21 06:10:00,2025-06-22 06:00:00,2025-06-21 06:00:00,2025-06-21 20:10:00,850,0.0,0.0,attachment3_10min_interpolation,890.7,2025-06-21 06:00:00,634.9885833333334,2025-06-14 20:10:00,actual_same_interval_7_days_ago,2025-06-21 06:00:00,36,72,False,94.9885833333334,0.0,540.0,0.0,3840.0,3240.0,94.9885833333334,120.0
2025-06-21T06:00_rolling,2025-06-21 06:00:00,2025-06-21 06:10:00,2025-06-22 06:00:00,2025-06-21 06:00:00,2025-06-21 20:20:00,860,0.0,0.0,attachment3_10min_interpolation,890.7,2025-06-21 06:00:00,648.4989666666667,2025-06-14 20:20:00,actual_same_interval_7_days_ago,2025-06-21 06:00:00,36,72,False,0.4989666666666608,0.0,648.0,0.0,3240.0,2520.0,0.4989666666666608,120.0
2025-06-21T06:00_rolling,2025-06-21 06:00:00,2025-06-21 06:10:00,2025-06-22 06:00:00,2025-06-21 06:00:00,2025-06-21 20:30:00,870,0.0,0.0,attachment3_10min_interpolation,890.7,2025-06-21 06:00:00,628.4333333333333,2025-06-14 20:30:00,actual_same_interval_7_days_ago,2025-06-21 06:00:00,36,72,False,88.43333333333328,0.0,540.0,0.0,2520.0,1920.0,88.43333333333328,120.0
2025-06-21T06:00_rolling,2025-06-21 06:00:00,2025-06-21 06:10:00,2025-06-22 06:00:00,2025-06-21 06:00:00,2025-06-21 20:40:00,880,0.0,0.0,attachment3_10min_interpolation,890.7,2025-06-21 06:00:00,655.4149666666666,2025-06-14 20:40:00,actual_same_interval_7_days_ago,2025-06-21 06:00:00,36,72,False,7.414966666666601,0.0,648.0,0.0,1920.0,1200.0,7.414966666666601,120.0
2025-06-21T06:00_rolling,2025-06-21 06:00:00,2025-06-21 06:10:00,2025-06-22 06:00:00,2025-06-21 06:00:00,2025-06-21 20:50:00,890,0.0,0.0,attachment3_10min_interpolation,890.7,2025-06-21 06:00:00,676.3888333333333,2025-06-14 20:50:00,actual_same_interval_7_days_ago,2025-06-21 06:00:00,36,72,False,676.3888333333333,0.0,0.0,0.0,1200.0,1200.0,676.3888333333333,120.0
2025-06-21T06:00_rolling,2025-06-21 06:00:00,2025-06-21 06:10:00,2025-06-22 06:00:00,2025-06-21 06:00:00,2025-06-21 21:00:00,900,0.0,0.0,attachment3_10min_interpolation,890.7,2025-06-21 06:00:00,653.1283333333333,2025-06-14 21:00:00,actual_same_interval_7_days_ago,2025-06-21 06:00:00,36,72,False,653.1283333333333,0.0,0.0,0.0,1200.0,1200.0,653.1283333333333,120.0
2025-06-21T06:00_rolling,2025-06-21 06:00:00,2025-06-21 06:10:00,2025-06-22 06:00:00,2025-06-21 06:00:00,2025-06-21 21:10:00,910,0.0,0.0,attachment3_10min_interpolation,890.7,2025-06-21 06:00:00,602.3349333333333,2025-06-14 21:10:00,actual_same_interval_7_days_ago,2025-06-21 06:00:00,36,72,False,602.3349333333333,0.0,0.0,0.0,1200.0,1200.0,602.3349333333333,120.0
2025-06-21T06:00_rolling,2025-06-21 06:00:00,2025-06-21 06:10:00,2025-06-22 06:00:00,2025-06-21 06:00:00,2025-06-21 21:20:00,920,0.0,0.0,attachment3_10min_interpolation,890.7,2025-06-21 06:00:00,561.7986833333333,2025-06-14 21:20:00,actual_same_interval_7_days_ago,2025-06-21 06:00:00,36,72,False,561.7986833333333,0.0,0.0,0.0,1200.0,1200.0,561.7986833333333,120.0
2025-06-21T06:00_rolling,2025-06-21 06:00:00,2025-06-21 06:10:00,2025-06-22 06:00:00,2025-06-21 06:00:00,2025-06-21 21:30:00,930,0.0,0.0,attachment3_10min_interpolation,890.7,2025-06-21 06:00:00,557.0966666666667,2025-06-14 21:30:00,actual_same_interval_7_days_ago,2025-06-21 06:00:00,36,72,False,557.0966666666667,0.0,0.0,0.0,1200.0,1200.0,557.0966666666667,120.0
2025-06-21T06:00_rolling,2025-06-21 06:00:00,2025-06-21 06:10:00,2025-06-22 06:00:00,2025-06-21 06:00:00,2025-06-21 21:40:00,940,0.0,0.0,attachment3_10min_interpolation,890.7,2025-06-21 06:00:00,582.3134166666667,2025-06-14 21:40:00,actual_same_interval_7_days_ago,2025-06-21 06:00:00,36,72,False,582.3134166666667,0.0,0.0,0.0,1200.0,1200.0,582.3134166666667,120.0
2025-06-21T06:00_rolling,2025-06-21 06:00:00,2025-06-21 06:10:00,2025-06-22 06:00:00,2025-06-21 06:00:00,2025-06-21 21:50:00,950,0.0,0.0,attachment3_10min_interpolation,890.7,2025-06-21 06:00:00,576.7703,2025-06-14 21:50:00,actual_same_interval_7_days_ago,2025-06-21 06:00:00,36,72,False,576.7703,0.0,0.0,0.0,1200.0,1200.0,576.7703,120.0
2025-06-21T06:00_rolling,2025-06-21 06:00:00,2025-06-21 06:10:00,2025-06-22 06:00:00,2025-06-21 06:00:00,2025-06-21 22:00:00,960,0.0,0.0,attachment3_10min_interpolation,890.7,2025-06-21 06:00:00,544.5733333333334,2025-06-14 22:00:00,actual_same_interval_7_days_ago,2025-06-21 06:00:00,36,72,False,544.5733333333334,0.0,0.0,0.0,1200.0,1200.0,544.5733333333334,120.0
2025-06-21T06:00_rolling,2025-06-21 06:00:00,2025-06-21 06:10:00,2025-06-22 06:00:00,2025-06-21 06:00:00,2025-06-21 22:10:00,970,0.0,0.0,attachment3_10min_interpolation,890.7,2025-06-21 06:00:00,543.5498,2025-06-14 22:10:00,actual_same_interval_7_days_ago,2025-06-21 06:00:00,36,72,False,543.5498,0.0,0.0,0.0,1200.0,1200.0,543.5498,120.0
2025-06-21T06:00_rolling,2025-06-21 06:00:00,2025-06-21 06:10:00,2025-06-22 06:00:00,2025-06-21 06:00:00,2025-06-21 22:20:00,980,0.0,0.0,attachment3_10min_interpolation,890.7,2025-06-21 06:00:00,536.3616499999999,2025-06-14 22:20:00,actual_same_interval_7_days_ago,2025-06-21 06:00:00,36,72,False,536.3616499999999,0.0,0.0,0.0,1200.0,1200.0,536.3616499999999,120.0
2025-06-21T06:00_rolling,2025-06-21 06:00:00,2025-06-21 06:10:00,2025-06-22 06:00:00,2025-06-21 06:00:00,2025-06-21 22:30:00,990,0.0,0.0,attachment3_10min_interpolation,890.7,2025-06-21 06:00:00,531.6983333333334,2025-06-14 22:30:00,actual_same_interval_7_days_ago,2025-06-21 06:00:00,36,72,False,531.6983333333334,0.0,0.0,0.0,1200.0,1200.0,531.6983333333334,120.0
2025-06-21T06:00_rolling,2025-06-21 06:00:00,2025-06-21 06:10:00,2025-06-22 06:00:00,2025-06-21 06:00:00,2025-06-21 22:40:00,1000,0.0,0.0,attachment3_10min_interpolation,890.7,2025-06-21 06:00:00,578.8273166666667,2025-06-14 22:40:00,actual_same_interval_7_days_ago,2025-06-21 06:00:00,36,72,False,578.8273166666667,0.0,0.0,0.0,1200.0,1200.0,578.8273166666667,120.0
2025-06-21T06:00_rolling,2025-06-21 06:00:00,2025-06-21 06:10:00,2025-06-22 06:00:00,2025-06-21 06:00:00,2025-06-21 22:50:00,1010,0.0,0.0,attachment3_10min_interpolation,890.7,2025-06-21 06:00:00,608.9878166666666,2025-06-14 22:50:00,actual_same_interval_7_days_ago,2025-06-21 06:00:00,36,72,False,608.9878166666666,0.0,0.0,0.0,1200.0,1200.0,608.9878166666666,120.0
2025-06-21T06:00_rolling,2025-06-21 06:00:00,2025-06-21 06:10:00,2025-06-22 06:00:00,2025-06-21 06:00:00,2025-06-21 23:00:00,1020,0.0,0.0,attachment3_10min_interpolation,890.7,2025-06-21 06:00:00,577.205,2025-06-14 23:00:00,actual_same_interval_7_days_ago,2025-06-21 06:00:00,36,72,False,577.205,0.0,0.0,0.0,1200.0,1200.0,577.205,120.0
2025-06-21T06:00_rolling,2025-06-21 06:00:00,2025-06-21 06:10:00,2025-06-22 06:00:00,2025-06-21 06:00:00,2025-06-21 23:10:00,1030,0.0,0.0,attachment3_10min_interpolation,890.7,2025-06-21 06:00:00,508.0796666666667,2025-06-14 23:10:00,actual_same_interval_7_days_ago,2025-06-21 06:00:00,36,72,False,508.0796666666667,0.0,0.0,0.0,1200.0,1200.0,508.0796666666667,120.0
2025-06-21T06:00_rolling,2025-06-21 06:00:00,2025-06-21 06:10:00,2025-06-22 06:00:00,2025-06-21 06:00:00,2025-06-21 23:20:00,1040,0.0,0.0,attachment3_10min_interpolation,890.7,2025-06-21 06:00:00,484.2649833333333,2025-06-14 23:20:00,actual_same_interval_7_days_ago,2025-06-21 06:00:00,36,72,False,484.2649833333333,0.0,0.0,0.0,1200.0,1200.0,484.2649833333333,120.0
2025-06-21T06:00_rolling,2025-06-21 06:00:00,2025-06-21 06:10:00,2025-06-22 06:00:00,2025-06-21 06:00:00,2025-06-21 23:30:00,1050,0.0,0.0,attachment3_10min_interpolation,890.7,2025-06-21 06:00:00,511.99,2025-06-14 23:30:00,actual_same_interval_7_days_ago,2025-06-21 06:00:00,36,72,False,511.99,0.0,0.0,0.0,1200.0,1200.0,511.99,120.0
2025-06-21T06:00_rolling,2025-06-21 06:00:00,2025-06-21 06:10:00,2025-06-22 06:00:00,2025-06-21 06:00:00,2025-06-21 23:40:00,1060,0.0,0.0,attachment3_10min_interpolation,890.7,2025-06-21 06:00:00,532.2109166666667,2025-06-14 23:40:00,actual_same_interval_7_days_ago,2025-06-21 06:00:00,36,72,False,532.2109166666667,0.0,0.0,0.0,1200.0,1200.0,532.2109166666667,120.0
2025-06-21T06:00_rolling,2025-06-21 06:00:00,2025-06-21 06:10:00,2025-06-22 06:00:00,2025-06-21 06:00:00,2025-06-21 23:50:00,1070,0.0,0.0,attachment3_10min_interpolation,890.7,2025-06-21 06:00:00,582.9702166666667,2025-06-14 23:50:00,actual_same_interval_7_days_ago,2025-06-21 06:00:00,36,72,False,582.9702166666667,0.0,0.0,0.0,1200.0,1200.0,582.9702166666667,120.0
2025-06-21T06:00_rolling,2025-06-21 06:00:00,2025-06-21 06:10:00,2025-06-22 06:00:00,2025-06-21 06:00:00,2025-06-22 00:00:00,1080,0.0,0.0,attachment3_10min_interpolation,890.7,2025-06-21 06:00:00,654.8966666666666,2025-06-15 00:00:00,actual_same_interval_7_days_ago,2025-06-21 06:00:00,36,72,False,654.8966666666666,0.0,0.0,0.0,1200.0,1200.0,654.8966666666666,120.0
2025-06-21T06:00_rolling,2025-06-21 06:00:00,2025-06-21 06:10:00,2025-06-22 06:00:00,2025-06-21 06:00:00,2025-06-22 00:10:00,1090,0.0,0.0,attachment3_10min_interpolation,890.7,2025-06-21 06:00:00,684.0747166666666,2025-06-15 00:10:00,actual_same_interval_7_days_ago,2025-06-21 06:00:00,36,72,False,684.0747166666666,0.0,0.0,0.0,1200.0,1200.0,,120.0
2025-06-21T06:00_rolling,2025-06-21 06:00:00,2025-06-21 06:10:00,2025-06-22 06:00:00,2025-06-21 06:00:00,2025-06-22 00:20:00,1100,0.0,0.0,attachment3_10min_interpolation,890.7,2025-06-21 06:00:00,678.8822,2025-06-15 00:20:00,actual_same_interval_7_days_ago,2025-06-21 06:00:00,36,72,False,1078.8822,400.0,0.0,0.0,1200.0,1560.0,,120.0
2025-06-21T06:00_rolling,2025-06-21 06:00:00,2025-06-21 06:10:00,2025-06-22 06:00:00,2025-06-21 06:00:00,2025-06-22 00:30:00,1110,0.0,0.0,attachment3_10min_interpolation,890.7,2025-06-21 06:00:00,661.0766666666667,2025-06-15 00:30:00,actual_same_interval_7_days_ago,2025-06-21 06:00:00,36,72,False,661.0766666666667,0.0,0.0,0.0,1560.0,1560.0,,120.0
2025-06-21T06:00_rolling,2025-06-21 06:00:00,2025-06-21 06:10:00,2025-06-22 06:00:00,2025-06-21 06:00:00,2025-06-22 00:40:00,1120,0.0,0.0,attachment3_10min_interpolation,890.7,2025-06-21 06:00:00,645.5355833333333,2025-06-15 00:40:00,actual_same_interval_7_days_ago,2025-06-21 06:00:00,36,72,False,645.5355833333333,0.0,0.0,0.0,1560.0,1560.0,,120.0
2025-06-21T06:00_rolling,2025-06-21 06:00:00,2025-06-21 06:10:00,2025-06-22 06:00:00,2025-06-21 06:00:00,2025-06-22 00:50:00,1130,0.0,0.0,attachment3_10min_interpolation,890.7,2025-06-21 06:00:00,640.8022,2025-06-15 00:50:00,actual_same_interval_7_days_ago,2025-06-21 06:00:00,36,72,False,640.8022,0.0,0.0,0.0,1560.0,1560.0,,120.0
2025-06-21T06:00_rolling,2025-06-21 06:00:00,2025-06-21 06:10:00,2025-06-22 06:00:00,2025-06-21 06:00:00,2025-06-22 01:00:00,1140,0.0,0.0,attachment3_10min_interpolation,890.7,2025-06-21 06:00:00,636.08,2025-06-15 01:00:00,actual_same_interval_7_days_ago,2025-06-21 06:00:00,36,72,False,636.08,0.0,0.0,0.0,1560.0,1560.0,,120.0
2025-06-21T06:00_rolling,2025-06-21 06:00:00,2025-06-21 06:10:00,2025-06-22 06:00:00,2025-06-21 06:00:00,2025-06-22 01:10:00,1150,0.0,0.0,attachment3_10min_interpolation,890.7,2025-06-21 06:00:00,615.0706833333334,2025-06-15 01:10:00,actual_same_interval_7_days_ago,2025-06-21 06:00:00,36,72,False,615.0706833333334,0.0,0.0,0.0,1560.0,1560.0,,120.0
2025-06-21T06:00_rolling,2025-06-21 06:00:00,2025-06-21 06:10:00,2025-06-22 06:00:00,2025-06-21 06:00:00,2025-06-22 01:20:00,1160,0.0,0.0,attachment3_10min_interpolation,890.7,2025-06-21 06:00:00,609.3430666666667,2025-06-15 01:20:00,actual_same_interval_7_days_ago,2025-06-21 06:00:00,36,72,False,609.3430666666667,0.0,0.0,0.0,1560.0,1560.0,,120.0
2025-06-21T06:00_rolling,2025-06-21 06:00:00,2025-06-21 06:10:00,2025-06-22 06:00:00,2025-06-21 06:00:00,2025-06-22 01:30:00,1170,0.0,0.0,attachment3_10min_interpolation,890.7,2025-06-21 06:00:00,630.9633333333334,2025-06-15 01:30:00,actual_same_interval_7_days_ago,2025-06-21 06:00:00,36,72,False,630.9633333333334,0.0,0.0,0.0,1560.0,1560.0,,120.0
2025-06-21T06:00_rolling,2025-06-21 06:00:00,2025-06-21 06:10:00,2025-06-22 06:00:00,2025-06-21 06:00:00,2025-06-22 01:40:00,1180,0.0,0.0,attachment3_10min_interpolation,890.7,2025-06-21 06:00:00,657.95325,2025-06-15 01:40:00,actual_same_interval_7_days_ago,2025-06-21 06:00:00,36,72,False,657.95325,0.0,0.0,0.0,1560.0,1560.0,,120.0
2025-06-21T06:00_rolling,2025-06-21 06:00:00,2025-06-21 06:10:00,2025-06-22 06:00:00,2025-06-21 06:00:00,2025-06-22 01:50:00,1190,0.0,0.0,attachment3_10min_interpolation,890.7,2025-06-21 06:00:00,660.1278666666666,2025-06-15 01:50:00,actual_same_interval_7_days_ago,2025-06-21 06:00:00,36,72,False,660.1278666666666,0.0,0.0,0.0,1560.0,1560.0,,120.0
2025-06-21T06:00_rolling,2025-06-21 06:00:00,2025-06-21 06:10:00,2025-06-22 06:00:00,2025-06-21 06:00:00,2025-06-22 02:00:00,1200,0.0,0.0,attachment3_10min_interpolation,890.7,2025-06-21 06:00:00,635.3966666666666,2025-06-15 02:00:00,actual_same_interval_7_days_ago,2025-06-21 06:00:00,36,72,False,635.3966666666666,0.0,0.0,0.0,1560.0,1560.0,,120.0
2025-06-21T06:00_rolling,2025-06-21 06:00:00,2025-06-21 06:10:00,2025-06-22 06:00:00,2025-06-21 06:00:00,2025-06-22 02:10:00,1210,0.0,0.0,attachment3_10min_interpolation,890.7,2025-06-21 06:00:00,614.5812,2025-06-15 02:10:00,actual_same_interval_7_days_ago,2025-06-21 06:00:00,36,72,False,614.5812,0.0,0.0,0.0,1560.0,1560.0,,120.0
2025-06-21T06:00_rolling,2025-06-21 06:00:00,2025-06-21 06:10:00,2025-06-22 06:00:00,2025-06-21 06:00:00,2025-06-22 02:20:00,1220,0.0,0.0,attachment3_10min_interpolation,890.7,2025-06-21 06:00:00,637.5159166666666,2025-06-15 02:20:00,actual_same_interval_7_days_ago,2025-06-21 06:00:00,36,72,False,637.5159166666666,0.0,0.0,0.0,1560.0,1560.0,,120.0
2025-06-21T06:00_rolling,2025-06-21 06:00:00,2025-06-21 06:10:00,2025-06-22 06:00:00,2025-06-21 06:00:00,2025-06-22 02:30:00,1230,0.0,0.0,attachment3_10min_interpolation,890.7,2025-06-21 06:00:00,667.6516666666666,2025-06-15 02:30:00,actual_same_interval_7_days_ago,2025-06-21 06:00:00,36,72,False,667.6516666666666,0.0,0.0,0.0,1560.0,1560.0,,120.0
2025-06-21T06:00_rolling,2025-06-21 06:00:00,2025-06-21 06:10:00,2025-06-22 06:00:00,2025-06-21 06:00:00,2025-06-22 02:40:00,1240,0.0,0.0,attachment3_10min_interpolation,890.7,2025-06-21 06:00:00,627.2177333333333,2025-06-15 02:40:00,actual_same_interval_7_days_ago,2025-06-21 06:00:00,36,72,False,627.2177333333333,0.0,0.0,0.0,1560.0,1560.0,,120.0
2025-06-21T06:00_rolling,2025-06-21 06:00:00,2025-06-21 06:10:00,2025-06-22 06:00:00,2025-06-21 06:00:00,2025-06-22 02:50:00,1250,0.0,0.0,attachment3_10min_interpolation,890.7,2025-06-21 06:00:00,584.1971833333333,2025-06-15 02:50:00,actual_same_interval_7_days_ago,2025-06-21 06:00:00,36,72,False,584.1971833333333,0.0,0.0,0.0,1560.0,1560.0,,120.0
2025-06-21T06:00_rolling,2025-06-21 06:00:00,2025-06-21 06:10:00,2025-06-22 06:00:00,2025-06-21 06:00:00,2025-06-22 03:00:00,1260,0.0,0.0,attachment3_10min_interpolation,890.7,2025-06-21 06:00:00,584.7883333333333,2025-06-15 03:00:00,actual_same_interval_7_days_ago,2025-06-21 06:00:00,36,72,False,584.7883333333333,0.0,0.0,0.0,1560.0,1560.0,,120.0
2025-06-21T06:00_rolling,2025-06-21 06:00:00,2025-06-21 06:10:00,2025-06-22 06:00:00,2025-06-21 06:00:00,2025-06-22 03:10:00,1270,0.0,0.0,attachment3_10min_interpolation,890.7,2025-06-21 06:00:00,611.44615,2025-06-15 03:10:00,actual_same_interval_7_days_ago,2025-06-21 06:00:00,36,72,False,611.44615,0.0,0.0,0.0,1560.0,1560.0,,120.0
2025-06-21T06:00_rolling,2025-06-21 06:00:00,2025-06-21 06:10:00,2025-06-22 06:00:00,2025-06-21 06:00:00,2025-06-22 03:20:00,1280,0.0,0.0,attachment3_10min_interpolation,890.7,2025-06-21 06:00:00,629.4186166666667,2025-06-15 03:20:00,actual_same_interval_7_days_ago,2025-06-21 06:00:00,36,72,False,629.4186166666667,0.0,0.0,0.0,1560.0,1560.0,,120.0
2025-06-21T06:00_rolling,2025-06-21 06:00:00,2025-06-21 06:10:00,2025-06-22 06:00:00,2025-06-21 06:00:00,2025-06-22 03:30:00,1290,0.0,0.0,attachment3_10min_interpolation,890.7,2025-06-21 06:00:00,632.87,2025-06-15 03:30:00,actual_same_interval_7_days_ago,2025-06-21 06:00:00,36,72,False,632.87,0.0,0.0,0.0,1560.0,1560.0,,120.0
2025-06-21T06:00_rolling,2025-06-21 06:00:00,2025-06-21 06:10:00,2025-06-22 06:00:00,2025-06-21 06:00:00,2025-06-22 03:40:00,1300,0.0,0.0,attachment3_10min_interpolation,890.7,2025-06-21 06:00:00,638.7567833333334,2025-06-15 03:40:00,actual_same_interval_7_days_ago,2025-06-21 06:00:00,36,72,False,638.7567833333334,0.0,0.0,0.0,1560.0,1560.0,,120.0
2025-06-21T06:00_rolling,2025-06-21 06:00:00,2025-06-21 06:10:00,2025-06-22 06:00:00,2025-06-21 06:00:00,2025-06-22 03:50:00,1310,0.0,0.0,attachment3_10min_interpolation,890.7,2025-06-21 06:00:00,626.7507833333333,2025-06-15 03:50:00,actual_same_interval_7_days_ago,2025-06-21 06:00:00,36,72,False,626.7507833333333,0.0,0.0,0.0,1560.0,1560.0,,120.0
2025-06-21T06:00_rolling,2025-06-21 06:00:00,2025-06-21 06:10:00,2025-06-22 06:00:00,2025-06-21 06:00:00,2025-06-22 04:00:00,1320,0.0,0.0,attachment3_10min_interpolation,890.7,2025-06-21 06:00:00,608.29,2025-06-15 04:00:00,actual_same_interval_7_days_ago,2025-06-21 06:00:00,36,72,False,608.29,0.0,0.0,0.0,1560.0,1560.0,,120.0
2025-06-21T06:00_rolling,2025-06-21 06:00:00,2025-06-21 06:10:00,2025-06-22 06:00:00,2025-06-21 06:00:00,2025-06-22 04:10:00,1330,1.6687499999999995,0.2781249999999999,attachment3_10min_interpolation,890.7,2025-06-21 06:00:00,619.6829,2025-06-15 04:10:00,actual_same_interval_7_days_ago,2025-06-21 06:00:00,36,72,False,619.404775,0.0,0.0,0.0,1560.0,1560.0,,120.0
2025-06-21T06:00_rolling,2025-06-21 06:00:00,2025-06-21 06:10:00,2025-06-22 06:00:00,2025-06-21 06:00:00,2025-06-22 04:20:00,1340,3.3374999999999995,0.5562499999999999,attachment3_10min_interpolation,890.7,2025-06-21 06:00:00,631.84095,2025-06-15 04:20:00,actual_same_interval_7_days_ago,2025-06-21 06:00:00,36,72,False,631.2847,0.0,0.0,0.0,1560.0,1560.0,,120.0
2025-06-21T06:00_rolling,2025-06-21 06:00:00,2025-06-21 06:10:00,2025-06-22 06:00:00,2025-06-21 06:00:00,2025-06-22 04:30:00,1350,5.00625,0.834375,attachment3_10min_interpolation,890.7,2025-06-21 06:00:00,619.4033333333333,2025-06-15 04:30:00,actual_same_interval_7_days_ago,2025-06-21 06:00:00,36,72,False,618.5689583333333,0.0,0.0,0.0,1560.0,1560.0,,120.0
2025-06-21T06:00_rolling,2025-06-21 06:00:00,2025-06-21 06:10:00,2025-06-22 06:00:00,2025-06-21 06:00:00,2025-06-22 04:40:00,1360,6.674999999999999,1.1124999999999998,attachment3_10min_interpolation,890.7,2025-06-21 06:00:00,588.5414833333333,2025-06-15 04:40:00,actual_same_interval_7_days_ago,2025-06-21 06:00:00,36,72,False,587.4289833333333,0.0,0.0,0.0,1560.0,1560.0,,120.0
2025-06-21T06:00_rolling,2025-06-21 06:00:00,2025-06-21 06:10:00,2025-06-22 06:00:00,2025-06-21 06:00:00,2025-06-22 04:50:00,1370,8.343749999999998,1.3906249999999998,attachment3_10min_interpolation,890.7,2025-06-21 06:00:00,586.6829166666666,2025-06-15 04:50:00,actual_same_interval_7_days_ago,2025-06-21 06:00:00,36,72,False,585.2922916666666,0.0,0.0,0.0,1560.0,1560.0,,120.0
2025-06-21T06:00_rolling,2025-06-21 06:00:00,2025-06-21 06:10:00,2025-06-22 06:00:00,2025-06-21 06:00:00,2025-06-22 05:00:00,1380,10.0125,1.66875,attachment3_10min_interpolation,890.7,2025-06-21 06:00:00,608.9183333333334,2025-06-15 05:00:00,actual_same_interval_7_days_ago,2025-06-21 06:00:00,36,72,False,607.2495833333334,0.0,0.0,0.0,1560.0,1560.0,,120.0
2025-06-21T06:00_rolling,2025-06-21 06:00:00,2025-06-21 06:10:00,2025-06-22 06:00:00,2025-06-21 06:00:00,2025-06-22 05:10:00,1390,227.83125,37.971875000000004,attachment3_10min_interpolation,890.7,2025-06-21 06:00:00,606.2741,2025-06-15 05:10:00,actual_same_interval_7_days_ago,2025-06-21 06:00:00,36,72,False,568.302225,0.0,0.0,0.0,1560.0,1560.0,,120.0
2025-06-21T06:00_rolling,2025-06-21 06:00:00,2025-06-21 06:10:00,2025-06-22 06:00:00,2025-06-21 06:00:00,2025-06-22 05:20:00,1400,445.65,74.27499999999999,attachment3_10min_interpolation,890.7,2025-06-21 06:00:00,601.54075,2025-06-15 05:20:00,actual_same_interval_7_days_ago,2025-06-21 06:00:00,36,72,False,527.26575,0.0,0.0,0.0,1560.0,1560.0,,120.0
2025-06-21T06:00_rolling,2025-06-21 06:00:00,2025-06-21 06:10:00,2025-06-22 06:00:00,2025-06-21 06:00:00,2025-06-22 05:30:00,1410,663.46875,110.578125,attachment3_10min_interpolation,890.7,2025-06-21 06:00:00,597.945,2025-06-15 05:30:00,actual_same_interval_7_days_ago,2025-06-21 06:00:00,36,72,False,487.36687500000005,0.0,0.0,0.0,1560.0,1560.0,,120.0
2025-06-21T06:00_rolling,2025-06-21 06:00:00,2025-06-21 06:10:00,2025-06-22 06:00:00,2025-06-21 06:00:00,2025-06-22 05:40:00,1420,881.2874999999999,146.88125,attachment3_10min_interpolation,890.7,2025-06-21 06:00:00,589.4202333333334,2025-06-15 05:40:00,actual_same_interval_7_days_ago,2025-06-21 06:00:00,36,72,False,1242.5389833333334,800.0,0.0,0.0,1560.0,2280.0,,120.0
2025-06-21T06:00_rolling,2025-06-21 06:00:00,2025-06-21 06:10:00,2025-06-22 06:00:00,2025-06-21 06:00:00,2025-06-22 05:50:00,1430,1099.1062499999998,183.18437499999996,attachment3_10min_interpolation,890.7,2025-06-21 06:00:00,677.3178333333334,2025-06-15 05:50:00,actual_same_interval_7_days_ago,2025-06-21 06:00:00,36,72,False,62.133458333333465,0.0,432.0,0.0,2280.0,1800.0,,120.0
2025-06-21T06:00_rolling,2025-06-21 06:00:00,2025-06-21 06:10:00,2025-06-22 06:00:00,2025-06-21 06:00:00,2025-06-22 06:00:00,1440,1316.925,219.48749999999998,attachment3_10min_interpolation,890.7,2025-06-21 06:00:00,804.34,2025-06-15 06:00:00,actual_same_interval_7_days_ago,2025-06-21 06:00:00,36,72,False,44.85250000000008,0.0,540.0,0.0,1800.0,1200.0,,120.0
2025-06-21T12:00_rolling,2025-06-21 12:00:00,2025-06-21 12:10:00,2025-06-22 12:00:00,2025-06-21 12:00:00,2025-06-21 12:10:00,10,7699.6236,1283.2706,observed_anchor_linear_to_h1,7665.1125,2025-06-21 12:00:00,616.7149833333334,2025-06-14 12:10:00,actual_same_interval_7_days_ago,2025-06-21 12:00:00,72,108,True,0.0,400.0,0.0,266.55561666666665,6000.0,6360.0,0.0,120.0
2025-06-21T12:00_rolling,2025-06-21 12:00:00,2025-06-21 12:10:00,2025-06-22 12:00:00,2025-06-21 12:00:00,2025-06-21 12:20:00,20,7734.1347000000005,1289.0224500000002,observed_anchor_linear_to_h1,7665.1125,2025-06-21 12:00:00,620.8659166666666,2025-06-14 12:20:00,actual_same_interval_7_days_ago,2025-06-21 12:00:00,72,108,True,0.0,666.6666666666666,0.0,1.4898666666668987,6360.0,6960.0,0.0,120.0
2025-06-21T12:00_rolling,2025-06-21 12:00:00,2025-06-21 12:10:00,2025-06-22 12:00:00,2025-06-21 12:00:00,2025-06-21 12:30:00,30,7768.6458,1294.7743,observed_anchor_linear_to_h1,7665.1125,2025-06-21 12:00:00,626.92,2025-06-14 12:30:00,actual_same_interval_7_days_ago,2025-06-21 12:00:00,72,108,True,0.0,666.6666666666666,0.0,1.1876333333334514,6960.0,7560.0,0.0,120.0
2025-06-21T12:00_rolling,2025-06-21 12:00:00,2025-06-21 12:10:00,2025-06-22 12:00:00,2025-06-21 12:00:00,2025-06-21 12:40:00,40,7803.1569,1300.52615,observed_anchor_linear_to_h1,7665.1125,2025-06-21 12:00:00,630.1571166666666,2025-06-14 12:40:00,actual_same_interval_7_days_ago,2025-06-21 12:00:00,72,108,True,0.0,666.6666666666666,0.0,3.7023666666666486,7560.0,8160.0,0.0,120.0
2025-06-21T12:00_rolling,2025-06-21 12:00:00,2025-06-21 12:10:00,2025-06-22 12:00:00,2025-06-21 12:00:00,2025-06-21 12:50:00,50,7837.668000000001,1306.278,observed_anchor_linear_to_h1,7665.1125,2025-06-21 12:00:00,628.0763000000001,2025-06-14 12:50:00,actual_same_interval_7_days_ago,2025-06-21 12:00:00,72,108,True,0.0,666.6666666666666,0.0,11.535033333333331,8160.0,8760.0,0.0,120.0
2025-06-21T12:00_rolling,2025-06-21 12:00:00,2025-06-21 12:10:00,2025-06-22 12:00:00,2025-06-21 12:00:00,2025-06-21 13:00:00,60,7872.1791,1312.0298500000001,attachment3_10min_interpolation,7665.1125,2025-06-21 12:00:00,627.2283333333334,2025-06-14 13:00:00,actual_same_interval_7_days_ago,2025-06-21 12:00:00,72,108,True,0.0,400.0,0.0,284.80151666666677,8760.0,9120.0,0.0,120.0
2025-06-21T12:00_rolling,2025-06-21 12:00:00,2025-06-21 12:10:00,2025-06-22 12:00:00,2025-06-21 12:00:00,2025-06-21 13:10:00,70,7502.3225,1250.3870833333333,attachment3_10min_interpolation,7665.1125,2025-06-21 12:00:00,636.2238,2025-06-14 13:10:00,actual_same_interval_7_days_ago,2025-06-21 12:00:00,72,108,True,0.0,266.6666666666667,0.0,347.4966166666666,9120.0,9360.0,0.0,120.0
2025-06-21T12:00_rolling,2025-06-21 12:00:00,2025-06-21 12:10:00,2025-06-22 12:00:00,2025-06-21 12:00:00,2025-06-21 13:20:00,80,7132.4659,1188.7443166666667,attachment3_10min_interpolation,7665.1125,2025-06-21 12:00:00,639.1596833333333,2025-06-14 13:20:00,actual_same_interval_7_days_ago,2025-06-21 12:00:00,72,108,True,0.0,533.3333333333334,0.0,16.251300000000015,9360.0,9840.0,0.0,120.0
2025-06-21T12:00_rolling,2025-06-21 12:00:00,2025-06-21 12:10:00,2025-06-22 12:00:00,2025-06-21 12:00:00,2025-06-21 13:30:00,90,6762.6093,1127.10155,attachment3_10min_interpolation,7665.1125,2025-06-21 12:00:00,637.945,2025-06-14 13:30:00,actual_same_interval_7_days_ago,2025-06-21 12:00:00,72,108,True,0.0,0.0,0.0,489.15655000000004,9840.0,9840.0,0.0,120.0
2025-06-21T12:00_rolling,2025-06-21 12:00:00,2025-06-21 12:10:00,2025-06-22 12:00:00,2025-06-21 12:00:00,2025-06-21 13:40:00,100,6392.7527,1065.4587833333333,attachment3_10min_interpolation,7665.1125,2025-06-21 12:00:00,648.8773166666666,2025-06-14 13:40:00,actual_same_interval_7_days_ago,2025-06-21 12:00:00,72,108,True,0.0,0.0,0.0,416.58146666666664,9840.0,9840.0,0.0,120.0
2025-06-21T12:00_rolling,2025-06-21 12:00:00,2025-06-21 12:10:00,2025-06-22 12:00:00,2025-06-21 12:00:00,2025-06-21 13:50:00,110,6022.8961,1003.8160166666667,attachment3_10min_interpolation,7665.1125,2025-06-21 12:00:00,651.04975,2025-06-14 13:50:00,actual_same_interval_7_days_ago,2025-06-21 12:00:00,72,108,True,0.0,0.0,0.0,352.76626666666664,9840.0,9840.0,0.0,120.0
2025-06-21T12:00_rolling,2025-06-21 12:00:00,2025-06-21 12:10:00,2025-06-22 12:00:00,2025-06-21 12:00:00,2025-06-21 14:00:00,120,5653.0395,942.1732499999999,attachment3_10min_interpolation,7665.1125,2025-06-21 12:00:00,645.2583333333333,2025-06-14 14:00:00,actual_same_interval_7_days_ago,2025-06-21 12:00:00,72,108,True,0.0,0.0,0.0,296.9149166666666,9840.0,9840.0,0.0,120.0
2025-06-21T12:00_rolling,2025-06-21 12:00:00,2025-06-21 12:10:00,2025-06-22 12:00:00,2025-06-21 12:00:00,2025-06-21 14:10:00,130,5593.80405,932.300675,attachment3_10min_interpolation,7665.1125,2025-06-21 12:00:00,651.8894666666666,2025-06-14 14:10:00,actual_same_interval_7_days_ago,2025-06-21 12:00:00,72,108,True,0.0,0.0,0.0,280.4112083333333,9840.0,9840.0,0.0,120.0
2025-06-21T12:00_rolling,2025-06-21 12:00:00,2025-06-21 12:10:00,2025-06-22 12:00:00,2025-06-21 12:00:00,2025-06-21 14:20:00,140,5534.5686,922.4281,attachment3_10min_interpolation,7665.1125,2025-06-21 12:00:00,646.3560833333333,2025-06-14 14:20:00,actual_same_interval_7_days_ago,2025-06-21 12:00:00,72,108,True,0.0,133.33333333333334,0.0,142.73868333333328,9840.0,9960.0,0.0,120.0
2025-06-21T12:00_rolling,2025-06-21 12:00:00,2025-06-21 12:10:00,2025-06-22 12:00:00,2025-06-21 12:00:00,2025-06-21 14:30:00,150,5475.33315,912.5555250000001,attachment3_10min_interpolation,7665.1125,2025-06-21 12:00:00,632.0166666666667,2025-06-14 14:30:00,actual_same_interval_7_days_ago,2025-06-21 12:00:00,72,108,True,0.0,266.6666666666667,0.0,13.872191666666765,9960.0,10200.0,0.0,120.0
2025-06-21T12:00_rolling,2025-06-21 12:00:00,2025-06-21 12:10:00,2025-06-22 12:00:00,2025-06-21 12:00:00,2025-06-21 14:40:00,160,5416.0977,902.68295,attachment3_10min_interpolation,7665.1125,2025-06-21 12:00:00,641.6548,2025-06-14 14:40:00,actual_same_interval_7_days_ago,2025-06-21 12:00:00,72,108,True,0.0,133.33333333333334,0.0,127.69481666666664,10200.0,10320.0,0.0,120.0
2025-06-21T12:00_rolling,2025-06-21 12:00:00,2025-06-21 12:10:00,2025-06-22 12:00:00,2025-06-21 12:00:00,2025-06-21 14:50:00,170,5356.86225,892.810375,attachment3_10min_interpolation,7665.1125,2025-06-21 12:00:00,667.3870833333334,2025-06-14 14:50:00,actual_same_interval_7_days_ago,2025-06-21 12:00:00,72,108,True,0.0,133.33333333333334,0.0,92.08995833333327,10320.0,10440.0,0.0,120.0
2025-06-21T12:00_rolling,2025-06-21 12:00:00,2025-06-21 12:10:00,2025-06-22 12:00:00,2025-06-21 12:00:00,2025-06-21 15:00:00,180,5297.6268,882.9378,attachment3_10min_interpolation,7665.1125,2025-06-21 12:00:00,685.3233333333333,2025-06-14 15:00:00,actual_same_interval_7_days_ago,2025-06-21 12:00:00,72,108,True,0.0,133.33333333333334,0.0,64.28113333333343,10440.0,10560.0,0.0,120.0
2025-06-21T12:00_rolling,2025-06-21 12:00:00,2025-06-21 12:10:00,2025-06-22 12:00:00,2025-06-21 12:00:00,2025-06-21 15:10:00,190,5047.1128,841.1854666666667,attachment3_10min_interpolation,7665.1125,2025-06-21 12:00:00,674.7553333333334,2025-06-14 15:10:00,actual_same_interval_7_days_ago,2025-06-21 12:00:00,72,108,True,0.0,133.33333333333334,0.0,33.096799999999945,10560.0,10680.0,0.0,120.0
2025-06-21T12:00_rolling,2025-06-21 12:00:00,2025-06-21 12:10:00,2025-06-22 12:00:00,2025-06-21 12:00:00,2025-06-21 15:20:00,200,4796.5988,799.4331333333333,attachment3_10min_interpolation,7665.1125,2025-06-21 12:00:00,649.8444166666667,2025-06-14 15:20:00,actual_same_interval_7_days_ago,2025-06-21 12:00:00,72,108,True,0.0,133.33333333333334,0.0,16.2553833333333,10680.0,10800.0,0.0,120.0
2025-06-21T12:00_rolling,2025-06-21 12:00:00,2025-06-21 12:10:00,2025-06-22 12:00:00,2025-06-21 12:00:00,2025-06-21 15:30:00,210,4546.0848000000005,757.6808000000001,attachment3_10min_interpolation,7665.1125,2025-06-21 12:00:00,645.3383333333334,2025-06-14 15:30:00,actual_same_interval_7_days_ago,2025-06-21 12:00:00,72,108,True,0.0,0.0,0.0,112.34246666666672,10800.0,10800.0,0.0,120.0
2025-06-21T12:00_rolling,2025-06-21 12:00:00,2025-06-21 12:10:00,2025-06-22 12:00:00,2025-06-21 12:00:00,2025-06-21 15:40:00,220,4295.5708,715.9284666666667,attachment3_10min_interpolation,7665.1125,2025-06-21 12:00:00,685.0604333333334,2025-06-14 15:40:00,actual_same_interval_7_days_ago,2025-06-21 12:00:00,72,108,True,0.0,0.0,0.0,30.8680333333333,10800.0,10800.0,0.0,120.0
2025-06-21T12:00_rolling,2025-06-21 12:00:00,2025-06-21 12:10:00,2025-06-22 12:00:00,2025-06-21 12:00:00,2025-06-21 15:50:00,230,4045.0568,674.1761333333333,attachment3_10min_interpolation,7665.1125,2025-06-21 12:00:00,705.4706666666666,2025-06-14 15:50:00,actual_same_interval_7_days_ago,2025-06-21 12:00:00,72,108,True,31.294533333333334,0.0,0.0,0.0,10800.0,10800.0,40.88631111111113,120.0
2025-06-21T12:00_rolling,2025-06-21 12:00:00,2025-06-21 12:10:00,2025-06-22 12:00:00,2025-06-21 12:00:00,2025-06-21 16:00:00,240,3794.5428,632.4238,attachment3_10min_interpolation,7665.1125,2025-06-21 12:00:00,702.335,2025-06-14 16:00:00,actual_same_interval_7_days_ago,2025-06-21 12:00:00,72,108,True,69.91120000000001,0.0,0.0,0.0,10800.0,10800.0,112.35273333333339,120.0
2025-06-21T12:00_rolling,2025-06-21 12:00:00,2025-06-21 12:10:00,2025-06-22 12:00:00,2025-06-21 12:00:00,2025-06-21 16:10:00,250,3584.5224500000004,597.4204083333334,attachment3_10min_interpolation,7665.1125,2025-06-21 12:00:00,722.1984333333334,2025-06-14 16:10:00,actual_same_interval_7_days_ago,2025-06-21 12:00:00,72,108,True,124.77802499999996,0.0,0.0,0.0,10800.0,10800.0,161.0206222222223,120.0
2025-06-21T12:00_rolling,2025-06-21 12:00:00,2025-06-21 12:10:00,2025-06-22 12:00:00,2025-06-21 12:00:00,2025-06-21 16:20:00,260,3374.5021,562.4170166666667,attachment3_10min_interpolation,7665.1125,2025-06-21 12:00:00,695.8212833333333,2025-06-14 16:20:00,actual_same_interval_7_days_ago,2025-06-21 12:00:00,72,108,True,133.40426666666667,0.0,0.0,0.0,10800.0,10800.0,163.44792777777786,120.0
2025-06-21T12:00_rolling,2025-06-21 12:00:00,2025-06-21 12:10:00,2025-06-22 12:00:00,2025-06-21 12:00:00,2025-06-21 16:30:00,270,3164.4817500000004,527.413625,attachment3_10min_interpolation,7665.1125,2025-06-21 12:00:00,665.3083333333333,2025-06-14 16:30:00,actual_same_interval_7_days_ago,2025-06-21 12:00:00,72,108,True,137.89470833333326,0.0,0.0,0.0,10800.0,10800.0,161.7394333333333,120.0
2025-06-21T12:00_rolling,2025-06-21 12:00:00,2025-06-21 12:10:00,2025-06-22 12:00:00,2025-06-21 12:00:00,2025-06-21 16:40:00,280,2954.4614,492.41023333333334,attachment3_10min_interpolation,7665.1125,2025-06-21 12:00:00,735.2509,2025-06-14 16:40:00,actual_same_interval_7_days_ago,2025-06-21 12:00:00,72,108,True,242.84066666666666,0.0,0.0,0.0,10800.0,10800.0,260.48645555555555,120.0
2025-06-21T12:00_rolling,2025-06-21 12:00:00,2025-06-21 12:10:00,2025-06-22 12:00:00,2025-06-21 12:00:00,2025-06-21 16:50:00,290,2744.4410500000004,457.4068416666667,attachment3_10min_interpolation,7665.1125,2025-06-21 12:00:00,707.8311166666667,2025-06-14 16:50:00,actual_same_interval_7_days_ago,2025-06-21 12:00:00,72,108,True,250.42427500000002,0.0,0.0,0.0,10800.0,10800.0,261.8711277777779,120.0
2025-06-21T12:00_rolling,2025-06-21 12:00:00,2025-06-21 12:10:00,2025-06-22 12:00:00,2025-06-21 12:00:00,2025-06-21 17:00:00,300,2534.4207,422.40345,attachment3_10min_interpolation,7665.1125,2025-06-21 12:00:00,589.7266666666667,2025-06-14 17:00:00,actual_same_interval_7_days_ago,2025-06-21 12:00:00,72,108,True,167.32321666666667,0.0,0.0,0.0,10800.0,10800.0,172.57113333333336,120.0
2025-06-21T12:00_rolling,2025-06-21 12:00:00,2025-06-21 12:10:00,2025-06-22 12:00:00,2025-06-21 12:00:00,2025-06-21 17:10:00,310,2274.11045,379.01840833333335,attachment3_10min_interpolation,7665.1125,2025-06-21 12:00:00,590.4794,2025-06-14 17:10:00,actual_same_interval_7_days_ago,2025-06-21 12:00:00,72,108,True,211.4609916666667,0.0,0.0,0.0,10800.0,10800.0,215.2026694444445,120.0
2025-06-21T12:00_rolling,2025-06-21 12:00:00,2025-06-21 12:10:00,2025-06-22 12:00:00,2025-06-21 12:00:00,2025-06-21 17:20:00,320,2013.8002,335.63336666666663,attachment3_10min_interpolation,7665.1125,2025-06-21 12:00:00,609.88575,2025-06-14 17:20:00,actual_same_interval_7_days_ago,2025-06-21 12:00:00,72,108,True,274.2523833333334,0.0,0.0,0.0,10800.0,10800.0,276.4878222222223,120.0
2025-06-21T12:00_rolling,2025-06-21 12:00:00,2025-06-21 12:10:00,2025-06-22 12:00:00,2025-06-21 12:00:00,2025-06-21 17:30:00,330,1753.48995,292.24832499999997,attachment3_10min_interpolation,7665.1125,2025-06-21 12:00:00,589.96,2025-06-14 17:30:00,actual_same_interval_7_days_ago,2025-06-21 12:00:00,72,108,True,297.71167500000007,0.0,0.0,0.0,10800.0,10800.0,298.44087500000006,120.0
2025-06-21T12:00_rolling,2025-06-21 12:00:00,2025-06-21 12:10:00,2025-06-22 12:00:00,2025-06-21 12:00:00,2025-06-21 17:40:00,340,1493.1797,248.86328333333333,attachment3_10min_interpolation,7665.1125,2025-06-21 12:00:00,581.5264166666667,2025-06-14 17:40:00,actual_same_interval_7_days_ago,2025-06-21 12:00:00,72,108,True,332.66313333333335,0.0,0.0,0.0,10800.0,10800.0,331.88609444444444,120.0
2025-06-21T12:00_rolling,2025-06-21 12:00:00,2025-06-21 12:10:00,2025-06-22 12:00:00,2025-06-21 12:00:00,2025-06-21 17:50:00,350,1232.86945,205.47824166666666,attachment3_10min_interpolation,7665.1125,2025-06-21 12:00:00,580.3483166666666,2025-06-14 17:50:00,actual_same_interval_7_days_ago,2025-06-21 12:00:00,72,108,True,374.87007499999993,0.0,0.0,0.0,10800.0,10800.0,372.5867972222221,120.0
2025-06-21T12:00_rolling,2025-06-21 12:00:00,2025-06-21 12:10:00,2025-06-22 12:00:00,2025-06-21 12:00:00,2025-06-21 18:00:00,360,972.5592,162.0932,attachment3_10min_interpolation,7665.1125,2025-06-21 12:00:00,582.9016666666666,2025-06-14 18:00:00,actual_same_interval_7_days_ago,2025-06-21 12:00:00,72,108,True,312.8084666666666,0.0,108.0,0.0,10800.0,10680.0,309.01895,120.0
2025-06-21T12:00_rolling,2025-06-21 12:00:00,2025-06-21 12:10:00,2025-06-22 12:00:00,2025-06-21 12:00:00,2025-06-21 18:10:00,370,811.6676,135.27793333333332,attachment3_10min_interpolation,7665.1125,2025-06-21 12:00:00,595.5989666666667,2025-06-14 18:10:00,actual_same_interval_7_days_ago,2025-06-21 12:00:00,72,108,False,28.32103333333339,0.0,432.0,0.0,10680.0,10200.0,25.158513888888933,120.0
2025-06-21T12:00_rolling,2025-06-21 12:00:00,2025-06-21 12:10:00,2025-06-22 12:00:00,2025-06-21 12:00:00,2025-06-21 18:20:00,380,650.7760000000001,108.46266666666668,attachment3_10min_interpolation,7665.1125,2025-06-21 12:00:00,602.28115,2025-06-14 18:20:00,actual_same_interval_7_days_ago,2025-06-21 12:00:00,72,108,False,61.81848333333335,0.0,432.0,0.0,10200.0,9720.0,59.28296111111115,120.0
2025-06-21T12:00_rolling,2025-06-21 12:00:00,2025-06-21 12:10:00,2025-06-22 12:00:00,2025-06-21 12:00:00,2025-06-21 18:30:00,390,489.8844,81.6474,attachment3_10min_interpolation,7665.1125,2025-06-21 12:00:00,603.485,2025-06-14 18:30:00,actual_same_interval_7_days_ago,2025-06-21 12:00:00,72,108,False,89.83760000000007,0.0,432.0,0.0,9720.0,9240.0,87.92907500000001,120.0
2025-06-21T12:00_rolling,2025-06-21 12:00:00,2025-06-21 12:10:00,2025-06-22 12:00:00,2025-06-21 12:00:00,2025-06-21 18:40:00,400,328.99280000000005,54.83213333333334,attachment3_10min_interpolation,7665.1125,2025-06-21 12:00:00,613.5661166666666,2025-06-14 18:40:00,actual_same_interval_7_days_ago,2025-06-21 12:00:00,72,108,False,18.7339833333333,0.0,540.0,0.0,9240.0,8640.0,17.452455555555503,120.0
2025-06-21T12:00_rolling,2025-06-21 12:00:00,2025-06-21 12:10:00,2025-06-22 12:00:00,2025-06-21 12:00:00,2025-06-21 18:50:00,410,168.10120000000006,28.016866666666676,attachment3_10min_interpolation,7665.1125,2025-06-21 12:00:00,613.6690666666667,2025-06-14 18:50:00,actual_same_interval_7_days_ago,2025-06-21 12:00:00,72,108,False,45.65219999999999,0.0,540.0,0.0,8640.0,8040.0,44.997669444444455,120.0
2025-06-21T12:00_rolling,2025-06-21 12:00:00,2025-06-21 12:10:00,2025-06-22 12:00:00,2025-06-21 12:00:00,2025-06-21 19:00:00,420,7.2096,1.2016,attachment3_10min_interpolation,7665.1125,2025-06-21 12:00:00,611.975,2025-06-14 19:00:00,actual_same_interval_7_days_ago,2025-06-21 12:00:00,72,108,False,70.77340000000004,0.0,540.0,0.0,8040.0,7440.0,70.74586666666664,120.0
2025-06-21T12:00_rolling,2025-06-21 12:00:00,2025-06-21 12:10:00,2025-06-22 12:00:00,2025-06-21 12:00:00,2025-06-21 19:10:00,430,6.008,1.0013333333333334,attachment3_10min_interpolation,7665.1125,2025-06-21 12:00:00,634.4964,2025-06-14 19:10:00,actual_same_interval_7_days_ago,2025-06-21 12:00:00,72,108,False,93.49506666666662,0.0,540.0,0.0,7440.0,6840.0,93.4721222222222,120.0
2025-06-21T12:00_rolling,2025-06-21 12:00:00,2025-06-21 12:10:00,2025-06-22 12:00:00,2025-06-21 12:00:00,2025-06-21 19:20:00,440,4.8064,0.8010666666666667,attachment3_10min_interpolation,7665.1125,2025-06-21 12:00:00,638.46145,2025-06-14 19:20:00,actual_same_interval_7_days_ago,2025-06-21 12:00:00,72,108,False,97.66038333333336,0.0,540.0,0.0,6840.0,6240.0,97.6420277777778,120.0
2025-06-21T12:00_rolling,2025-06-21 12:00:00,2025-06-21 12:10:00,2025-06-22 12:00:00,2025-06-21 12:00:00,2025-06-21 19:30:00,450,3.6048,0.6008,attachment3_10min_interpolation,7665.1125,2025-06-21 12:00:00,614.4133333333333,2025-06-14 19:30:00,actual_same_interval_7_days_ago,2025-06-21 12:00:00,72,108,False,73.81253333333325,0.0,540.0,0.0,6240.0,5640.0,73.79876666666667,120.0
2025-06-21T12:00_rolling,2025-06-21 12:00:00,2025-06-21 12:10:00,2025-06-22 12:00:00,2025-06-21 12:00:00,2025-06-21 19:40:00,460,2.4032,0.40053333333333335,attachment3_10min_interpolation,7665.1125,2025-06-21 12:00:00,594.9406833333334,2025-06-14 19:40:00,actual_same_interval_7_days_ago,2025-06-21 12:00:00,72,108,False,54.54015000000004,0.0,540.0,0.0,5640.0,5040.0,54.5309722222222,120.0
2025-06-21T12:00_rolling,2025-06-21 12:00:00,2025-06-21 12:10:00,2025-06-22 12:00:00,2025-06-21 12:00:00,2025-06-21 19:50:00,470,1.2015999999999998,0.20026666666666662,attachment3_10min_interpolation,7665.1125,2025-06-21 12:00:00,578.5213333333334,2025-06-14 19:50:00,actual_same_interval_7_days_ago,2025-06-21 12:00:00,72,108,False,38.32106666666664,0.0,540.0,0.0,5040.0,4440.0,38.31647777777778,120.0
2025-06-21T12:00_rolling,2025-06-21 12:00:00,2025-06-21 12:10:00,2025-06-22 12:00:00,2025-06-21 12:00:00,2025-06-21 20:00:00,480,0.0,0.0,attachment3_10min_interpolation,7665.1125,2025-06-21 12:00:00,584.49,2025-06-14 20:00:00,actual_same_interval_7_days_ago,2025-06-21 12:00:00,72,108,False,44.49000000000001,0.0,540.0,0.0,4440.0,3840.0,44.49000000000001,120.0
2025-06-21T12:00_rolling,2025-06-21 12:00:00,2025-06-21 12:10:00,2025-06-22 12:00:00,2025-06-21 12:00:00,2025-06-21 20:10:00,490,0.0,0.0,attachment3_10min_interpolation,7665.1125,2025-06-21 12:00:00,634.9885833333334,2025-06-14 20:10:00,actual_same_interval_7_days_ago,2025-06-21 12:00:00,72,108,False,94.9885833333334,0.0,540.0,0.0,3840.0,3240.0,94.9885833333334,120.0
2025-06-21T12:00_rolling,2025-06-21 12:00:00,2025-06-21 12:10:00,2025-06-22 12:00:00,2025-06-21 12:00:00,2025-06-21 20:20:00,500,0.0,0.0,attachment3_10min_interpolation,7665.1125,2025-06-21 12:00:00,648.4989666666667,2025-06-14 20:20:00,actual_same_interval_7_days_ago,2025-06-21 12:00:00,72,108,False,0.4989666666666608,0.0,648.0,0.0,3240.0,2520.0,0.4989666666666608,120.0
2025-06-21T12:00_rolling,2025-06-21 12:00:00,2025-06-21 12:10:00,2025-06-22 12:00:00,2025-06-21 12:00:00,2025-06-21 20:30:00,510,0.0,0.0,attachment3_10min_interpolation,7665.1125,2025-06-21 12:00:00,628.4333333333333,2025-06-14 20:30:00,actual_same_interval_7_days_ago,2025-06-21 12:00:00,72,108,False,88.43333333333328,0.0,540.0,0.0,2520.0,1920.0,88.43333333333328,120.0
2025-06-21T12:00_rolling,2025-06-21 12:00:00,2025-06-21 12:10:00,2025-06-22 12:00:00,2025-06-21 12:00:00,2025-06-21 20:40:00,520,0.0,0.0,attachment3_10min_interpolation,7665.1125,2025-06-21 12:00:00,655.4149666666666,2025-06-14 20:40:00,actual_same_interval_7_days_ago,2025-06-21 12:00:00,72,108,False,7.414966666666601,0.0,648.0,0.0,1920.0,1200.0,7.414966666666601,120.0
2025-06-21T12:00_rolling,2025-06-21 12:00:00,2025-06-21 12:10:00,2025-06-22 12:00:00,2025-06-21 12:00:00,2025-06-21 20:50:00,530,0.0,0.0,attachment3_10min_interpolation,7665.1125,2025-06-21 12:00:00,676.3888333333333,2025-06-14 20:50:00,actual_same_interval_7_days_ago,2025-06-21 12:00:00,72,108,False,676.3888333333333,0.0,0.0,0.0,1200.0,1200.0,676.3888333333333,120.0
2025-06-21T12:00_rolling,2025-06-21 12:00:00,2025-06-21 12:10:00,2025-06-22 12:00:00,2025-06-21 12:00:00,2025-06-21 21:00:00,540,0.0,0.0,attachment3_10min_interpolation,7665.1125,2025-06-21 12:00:00,653.1283333333333,2025-06-14 21:00:00,actual_same_interval_7_days_ago,2025-06-21 12:00:00,72,108,False,653.1283333333333,0.0,0.0,0.0,1200.0,1200.0,653.1283333333333,120.0
2025-06-21T12:00_rolling,2025-06-21 12:00:00,2025-06-21 12:10:00,2025-06-22 12:00:00,2025-06-21 12:00:00,2025-06-21 21:10:00,550,0.0,0.0,attachment3_10min_interpolation,7665.1125,2025-06-21 12:00:00,602.3349333333333,2025-06-14 21:10:00,actual_same_interval_7_days_ago,2025-06-21 12:00:00,72,108,False,602.3349333333333,0.0,0.0,0.0,1200.0,1200.0,602.3349333333333,120.0
2025-06-21T12:00_rolling,2025-06-21 12:00:00,2025-06-21 12:10:00,2025-06-22 12:00:00,2025-06-21 12:00:00,2025-06-21 21:20:00,560,0.0,0.0,attachment3_10min_interpolation,7665.1125,2025-06-21 12:00:00,561.7986833333333,2025-06-14 21:20:00,actual_same_interval_7_days_ago,2025-06-21 12:00:00,72,108,False,561.7986833333333,0.0,0.0,0.0,1200.0,1200.0,561.7986833333333,120.0
2025-06-21T12:00_rolling,2025-06-21 12:00:00,2025-06-21 12:10:00,2025-06-22 12:00:00,2025-06-21 12:00:00,2025-06-21 21:30:00,570,0.0,0.0,attachment3_10min_interpolation,7665.1125,2025-06-21 12:00:00,557.0966666666667,2025-06-14 21:30:00,actual_same_interval_7_days_ago,2025-06-21 12:00:00,72,108,False,557.0966666666667,0.0,0.0,0.0,1200.0,1200.0,557.0966666666667,120.0
2025-06-21T12:00_rolling,2025-06-21 12:00:00,2025-06-21 12:10:00,2025-06-22 12:00:00,2025-06-21 12:00:00,2025-06-21 21:40:00,580,0.0,0.0,attachment3_10min_interpolation,7665.1125,2025-06-21 12:00:00,582.3134166666667,2025-06-14 21:40:00,actual_same_interval_7_days_ago,2025-06-21 12:00:00,72,108,False,582.3134166666667,0.0,0.0,0.0,1200.0,1200.0,582.3134166666667,120.0
2025-06-21T12:00_rolling,2025-06-21 12:00:00,2025-06-21 12:10:00,2025-06-22 12:00:00,2025-06-21 12:00:00,2025-06-21 21:50:00,590,0.0,0.0,attachment3_10min_interpolation,7665.1125,2025-06-21 12:00:00,576.7703,2025-06-14 21:50:00,actual_same_interval_7_days_ago,2025-06-21 12:00:00,72,108,False,576.7703,0.0,0.0,0.0,1200.0,1200.0,576.7703,120.0
2025-06-21T12:00_rolling,2025-06-21 12:00:00,2025-06-21 12:10:00,2025-06-22 12:00:00,2025-06-21 12:00:00,2025-06-21 22:00:00,600,0.0,0.0,attachment3_10min_interpolation,7665.1125,2025-06-21 12:00:00,544.5733333333334,2025-06-14 22:00:00,actual_same_interval_7_days_ago,2025-06-21 12:00:00,72,108,False,544.5733333333334,0.0,0.0,0.0,1200.0,1200.0,544.5733333333334,120.0
2025-06-21T12:00_rolling,2025-06-21 12:00:00,2025-06-21 12:10:00,2025-06-22 12:00:00,2025-06-21 12:00:00,2025-06-21 22:10:00,610,0.0,0.0,attachment3_10min_interpolation,7665.1125,2025-06-21 12:00:00,543.5498,2025-06-14 22:10:00,actual_same_interval_7_days_ago,2025-06-21 12:00:00,72,108,False,543.5498,0.0,0.0,0.0,1200.0,1200.0,543.5498,120.0
2025-06-21T12:00_rolling,2025-06-21 12:00:00,2025-06-21 12:10:00,2025-06-22 12:00:00,2025-06-21 12:00:00,2025-06-21 22:20:00,620,0.0,0.0,attachment3_10min_interpolation,7665.1125,2025-06-21 12:00:00,536.3616499999999,2025-06-14 22:20:00,actual_same_interval_7_days_ago,2025-06-21 12:00:00,72,108,False,536.3616499999999,0.0,0.0,0.0,1200.0,1200.0,536.3616499999999,120.0
2025-06-21T12:00_rolling,2025-06-21 12:00:00,2025-06-21 12:10:00,2025-06-22 12:00:00,2025-06-21 12:00:00,2025-06-21 22:30:00,630,0.0,0.0,attachment3_10min_interpolation,7665.1125,2025-06-21 12:00:00,531.6983333333334,2025-06-14 22:30:00,actual_same_interval_7_days_ago,2025-06-21 12:00:00,72,108,False,531.6983333333334,0.0,0.0,0.0,1200.0,1200.0,531.6983333333334,120.0
2025-06-21T12:00_rolling,2025-06-21 12:00:00,2025-06-21 12:10:00,2025-06-22 12:00:00,2025-06-21 12:00:00,2025-06-21 22:40:00,640,0.0,0.0,attachment3_10min_interpolation,7665.1125,2025-06-21 12:00:00,578.8273166666667,2025-06-14 22:40:00,actual_same_interval_7_days_ago,2025-06-21 12:00:00,72,108,False,578.8273166666667,0.0,0.0,0.0,1200.0,1200.0,578.8273166666667,120.0
2025-06-21T12:00_rolling,2025-06-21 12:00:00,2025-06-21 12:10:00,2025-06-22 12:00:00,2025-06-21 12:00:00,2025-06-21 22:50:00,650,0.0,0.0,attachment3_10min_interpolation,7665.1125,2025-06-21 12:00:00,608.9878166666666,2025-06-14 22:50:00,actual_same_interval_7_days_ago,2025-06-21 12:00:00,72,108,False,608.9878166666666,0.0,0.0,0.0,1200.0,1200.0,608.9878166666666,120.0
2025-06-21T12:00_rolling,2025-06-21 12:00:00,2025-06-21 12:10:00,2025-06-22 12:00:00,2025-06-21 12:00:00,2025-06-21 23:00:00,660,0.0,0.0,attachment3_10min_interpolation,7665.1125,2025-06-21 12:00:00,577.205,2025-06-14 23:00:00,actual_same_interval_7_days_ago,2025-06-21 12:00:00,72,108,False,577.205,0.0,0.0,0.0,1200.0,1200.0,577.205,120.0
2025-06-21T12:00_rolling,2025-06-21 12:00:00,2025-06-21 12:10:00,2025-06-22 12:00:00,2025-06-21 12:00:00,2025-06-21 23:10:00,670,0.0,0.0,attachment3_10min_interpolation,7665.1125,2025-06-21 12:00:00,508.0796666666667,2025-06-14 23:10:00,actual_same_interval_7_days_ago,2025-06-21 12:00:00,72,108,False,508.0796666666667,0.0,0.0,0.0,1200.0,1200.0,508.0796666666667,120.0
2025-06-21T12:00_rolling,2025-06-21 12:00:00,2025-06-21 12:10:00,2025-06-22 12:00:00,2025-06-21 12:00:00,2025-06-21 23:20:00,680,0.0,0.0,attachment3_10min_interpolation,7665.1125,2025-06-21 12:00:00,484.2649833333333,2025-06-14 23:20:00,actual_same_interval_7_days_ago,2025-06-21 12:00:00,72,108,False,484.2649833333333,0.0,0.0,0.0,1200.0,1200.0,484.2649833333333,120.0
2025-06-21T12:00_rolling,2025-06-21 12:00:00,2025-06-21 12:10:00,2025-06-22 12:00:00,2025-06-21 12:00:00,2025-06-21 23:30:00,690,0.0,0.0,attachment3_10min_interpolation,7665.1125,2025-06-21 12:00:00,511.99,2025-06-14 23:30:00,actual_same_interval_7_days_ago,2025-06-21 12:00:00,72,108,False,511.99,0.0,0.0,0.0,1200.0,1200.0,511.99,120.0
2025-06-21T12:00_rolling,2025-06-21 12:00:00,2025-06-21 12:10:00,2025-06-22 12:00:00,2025-06-21 12:00:00,2025-06-21 23:40:00,700,0.0,0.0,attachment3_10min_interpolation,7665.1125,2025-06-21 12:00:00,532.2109166666667,2025-06-14 23:40:00,actual_same_interval_7_days_ago,2025-06-21 12:00:00,72,108,False,532.2109166666667,0.0,0.0,0.0,1200.0,1200.0,532.2109166666667,120.0
2025-06-21T12:00_rolling,2025-06-21 12:00:00,2025-06-21 12:10:00,2025-06-22 12:00:00,2025-06-21 12:00:00,2025-06-21 23:50:00,710,0.0,0.0,attachment3_10min_interpolation,7665.1125,2025-06-21 12:00:00,582.9702166666667,2025-06-14 23:50:00,actual_same_interval_7_days_ago,2025-06-21 12:00:00,72,108,False,582.9702166666667,0.0,0.0,0.0,1200.0,1200.0,582.9702166666667,120.0
2025-06-21T12:00_rolling,2025-06-21 12:00:00,2025-06-21 12:10:00,2025-06-22 12:00:00,2025-06-21 12:00:00,2025-06-22 00:00:00,720,0.0,0.0,attachment3_10min_interpolation,7665.1125,2025-06-21 12:00:00,654.8966666666666,2025-06-15 00:00:00,actual_same_interval_7_days_ago,2025-06-21 12:00:00,72,108,False,654.8966666666666,0.0,0.0,0.0,1200.0,1200.0,654.8966666666666,120.0
2025-06-21T12:00_rolling,2025-06-21 12:00:00,2025-06-21 12:10:00,2025-06-22 12:00:00,2025-06-21 12:00:00,2025-06-22 00:10:00,730,0.0,0.0,attachment3_10min_interpolation,7665.1125,2025-06-21 12:00:00,684.0747166666666,2025-06-15 00:10:00,actual_same_interval_7_days_ago,2025-06-21 12:00:00,72,108,False,1484.0747166666665,800.0,0.0,0.0,1200.0,1920.0,,120.0
2025-06-21T12:00_rolling,2025-06-21 12:00:00,2025-06-21 12:10:00,2025-06-22 12:00:00,2025-06-21 12:00:00,2025-06-22 00:20:00,740,0.0,0.0,attachment3_10min_interpolation,7665.1125,2025-06-21 12:00:00,678.8822,2025-06-15 00:20:00,actual_same_interval_7_days_ago,2025-06-21 12:00:00,72,108,False,1478.8822,800.0,0.0,0.0,1920.0,2640.0,,120.0
2025-06-21T12:00_rolling,2025-06-21 12:00:00,2025-06-21 12:10:00,2025-06-22 12:00:00,2025-06-21 12:00:00,2025-06-22 00:30:00,750,0.0,0.0,attachment3_10min_interpolation,7665.1125,2025-06-21 12:00:00,661.0766666666667,2025-06-15 00:30:00,actual_same_interval_7_days_ago,2025-06-21 12:00:00,72,108,False,1461.0766666666668,800.0,0.0,0.0,2640.0,3360.0,,120.0
2025-06-21T12:00_rolling,2025-06-21 12:00:00,2025-06-21 12:10:00,2025-06-22 12:00:00,2025-06-21 12:00:00,2025-06-22 00:40:00,760,0.0,0.0,attachment3_10min_interpolation,7665.1125,2025-06-21 12:00:00,645.5355833333333,2025-06-15 00:40:00,actual_same_interval_7_days_ago,2025-06-21 12:00:00,72,108,False,1445.5355833333333,800.0,0.0,0.0,3360.0,4080.0,,120.0
2025-06-21T12:00_rolling,2025-06-21 12:00:00,2025-06-21 12:10:00,2025-06-22 12:00:00,2025-06-21 12:00:00,2025-06-22 00:50:00,770,0.0,0.0,attachment3_10min_interpolation,7665.1125,2025-06-21 12:00:00,640.8022,2025-06-15 00:50:00,actual_same_interval_7_days_ago,2025-06-21 12:00:00,72,108,False,1440.8022,800.0,0.0,0.0,4080.0,4800.0,,120.0
2025-06-21T12:00_rolling,2025-06-21 12:00:00,2025-06-21 12:10:00,2025-06-22 12:00:00,2025-06-21 12:00:00,2025-06-22 01:00:00,780,0.0,0.0,attachment3_10min_interpolation,7665.1125,2025-06-21 12:00:00,636.08,2025-06-15 01:00:00,actual_same_interval_7_days_ago,2025-06-21 12:00:00,72,108,False,1436.08,800.0,0.0,0.0,4800.0,5520.0,,120.0
2025-06-21T12:00_rolling,2025-06-21 12:00:00,2025-06-21 12:10:00,2025-06-22 12:00:00,2025-06-21 12:00:00,2025-06-22 01:10:00,790,0.0,0.0,attachment3_10min_interpolation,7665.1125,2025-06-21 12:00:00,615.0706833333334,2025-06-15 01:10:00,actual_same_interval_7_days_ago,2025-06-21 12:00:00,72,108,False,615.0706833333334,0.0,0.0,0.0,5520.0,5520.0,,120.0
2025-06-21T12:00_rolling,2025-06-21 12:00:00,2025-06-21 12:10:00,2025-06-22 12:00:00,2025-06-21 12:00:00,2025-06-22 01:20:00,800,0.0,0.0,attachment3_10min_interpolation,7665.1125,2025-06-21 12:00:00,609.3430666666667,2025-06-15 01:20:00,actual_same_interval_7_days_ago,2025-06-21 12:00:00,72,108,False,609.3430666666667,0.0,0.0,0.0,5520.0,5520.0,,120.0
2025-06-21T12:00_rolling,2025-06-21 12:00:00,2025-06-21 12:10:00,2025-06-22 12:00:00,2025-06-21 12:00:00,2025-06-22 01:30:00,810,0.0,0.0,attachment3_10min_interpolation,7665.1125,2025-06-21 12:00:00,630.9633333333334,2025-06-15 01:30:00,actual_same_interval_7_days_ago,2025-06-21 12:00:00,72,108,False,1430.9633333333334,800.0,0.0,0.0,5520.0,6240.0,,120.0
2025-06-21T12:00_rolling,2025-06-21 12:00:00,2025-06-21 12:10:00,2025-06-22 12:00:00,2025-06-21 12:00:00,2025-06-22 01:40:00,820,0.0,0.0,attachment3_10min_interpolation,7665.1125,2025-06-21 12:00:00,657.95325,2025-06-15 01:40:00,actual_same_interval_7_days_ago,2025-06-21 12:00:00,72,108,False,657.95325,0.0,0.0,0.0,6240.0,6240.0,,120.0
2025-06-21T12:00_rolling,2025-06-21 12:00:00,2025-06-21 12:10:00,2025-06-22 12:00:00,2025-06-21 12:00:00,2025-06-22 01:50:00,830,0.0,0.0,attachment3_10min_interpolation,7665.1125,2025-06-21 12:00:00,660.1278666666666,2025-06-15 01:50:00,actual_same_interval_7_days_ago,2025-06-21 12:00:00,72,108,False,660.1278666666666,0.0,0.0,0.0,6240.0,6240.0,,120.0
2025-06-21T12:00_rolling,2025-06-21 12:00:00,2025-06-21 12:10:00,2025-06-22 12:00:00,2025-06-21 12:00:00,2025-06-22 02:00:00,840,0.0,0.0,attachment3_10min_interpolation,7665.1125,2025-06-21 12:00:00,635.3966666666666,2025-06-15 02:00:00,actual_same_interval_7_days_ago,2025-06-21 12:00:00,72,108,False,635.3966666666666,0.0,0.0,0.0,6240.0,6240.0,,120.0
2025-06-21T12:00_rolling,2025-06-21 12:00:00,2025-06-21 12:10:00,2025-06-22 12:00:00,2025-06-21 12:00:00,2025-06-22 02:10:00,850,0.0,0.0,attachment3_10min_interpolation,7665.1125,2025-06-21 12:00:00,614.5812,2025-06-15 02:10:00,actual_same_interval_7_days_ago,2025-06-21 12:00:00,72,108,False,1414.5812,800.0,0.0,0.0,6240.0,6960.0,,120.0
2025-06-21T12:00_rolling,2025-06-21 12:00:00,2025-06-21 12:10:00,2025-06-22 12:00:00,2025-06-21 12:00:00,2025-06-22 02:20:00,860,0.0,0.0,attachment3_10min_interpolation,7665.1125,2025-06-21 12:00:00,637.5159166666666,2025-06-15 02:20:00,actual_same_interval_7_days_ago,2025-06-21 12:00:00,72,108,False,637.5159166666666,0.0,0.0,0.0,6960.0,6960.0,,120.0
2025-06-21T12:00_rolling,2025-06-21 12:00:00,2025-06-21 12:10:00,2025-06-22 12:00:00,2025-06-21 12:00:00,2025-06-22 02:30:00,870,0.0,0.0,attachment3_10min_interpolation,7665.1125,2025-06-21 12:00:00,667.6516666666666,2025-06-15 02:30:00,actual_same_interval_7_days_ago,2025-06-21 12:00:00,72,108,False,667.6516666666666,0.0,0.0,0.0,6960.0,6960.0,,120.0
2025-06-21T12:00_rolling,2025-06-21 12:00:00,2025-06-21 12:10:00,2025-06-22 12:00:00,2025-06-21 12:00:00,2025-06-22 02:40:00,880,0.0,0.0,attachment3_10min_interpolation,7665.1125,2025-06-21 12:00:00,627.2177333333333,2025-06-15 02:40:00,actual_same_interval_7_days_ago,2025-06-21 12:00:00,72,108,False,627.2177333333333,0.0,0.0,0.0,6960.0,6960.0,,120.0
2025-06-21T12:00_rolling,2025-06-21 12:00:00,2025-06-21 12:10:00,2025-06-22 12:00:00,2025-06-21 12:00:00,2025-06-22 02:50:00,890,0.0,0.0,attachment3_10min_interpolation,7665.1125,2025-06-21 12:00:00,584.1971833333333,2025-06-15 02:50:00,actual_same_interval_7_days_ago,2025-06-21 12:00:00,72,108,False,584.1971833333333,0.0,0.0,0.0,6960.0,6960.0,,120.0
2025-06-21T12:00_rolling,2025-06-21 12:00:00,2025-06-21 12:10:00,2025-06-22 12:00:00,2025-06-21 12:00:00,2025-06-22 03:00:00,900,0.0,0.0,attachment3_10min_interpolation,7665.1125,2025-06-21 12:00:00,584.7883333333333,2025-06-15 03:00:00,actual_same_interval_7_days_ago,2025-06-21 12:00:00,72,108,False,584.7883333333333,0.0,0.0,0.0,6960.0,6960.0,,120.0
2025-06-21T12:00_rolling,2025-06-21 12:00:00,2025-06-21 12:10:00,2025-06-22 12:00:00,2025-06-21 12:00:00,2025-06-22 03:10:00,910,0.0,0.0,attachment3_10min_interpolation,7665.1125,2025-06-21 12:00:00,611.44615,2025-06-15 03:10:00,actual_same_interval_7_days_ago,2025-06-21 12:00:00,72,108,False,611.44615,0.0,0.0,0.0,6960.0,6960.0,,120.0
2025-06-21T12:00_rolling,2025-06-21 12:00:00,2025-06-21 12:10:00,2025-06-22 12:00:00,2025-06-21 12:00:00,2025-06-22 03:20:00,920,0.0,0.0,attachment3_10min_interpolation,7665.1125,2025-06-21 12:00:00,629.4186166666667,2025-06-15 03:20:00,actual_same_interval_7_days_ago,2025-06-21 12:00:00,72,108,False,629.4186166666667,0.0,0.0,0.0,6960.0,6960.0,,120.0
2025-06-21T12:00_rolling,2025-06-21 12:00:00,2025-06-21 12:10:00,2025-06-22 12:00:00,2025-06-21 12:00:00,2025-06-22 03:30:00,930,0.0,0.0,attachment3_10min_interpolation,7665.1125,2025-06-21 12:00:00,632.87,2025-06-15 03:30:00,actual_same_interval_7_days_ago,2025-06-21 12:00:00,72,108,False,632.87,0.0,0.0,0.0,6960.0,6960.0,,120.0
2025-06-21T12:00_rolling,2025-06-21 12:00:00,2025-06-21 12:10:00,2025-06-22 12:00:00,2025-06-21 12:00:00,2025-06-22 03:40:00,940,0.0,0.0,attachment3_10min_interpolation,7665.1125,2025-06-21 12:00:00,638.7567833333334,2025-06-15 03:40:00,actual_same_interval_7_days_ago,2025-06-21 12:00:00,72,108,False,638.7567833333334,0.0,0.0,0.0,6960.0,6960.0,,120.0
2025-06-21T12:00_rolling,2025-06-21 12:00:00,2025-06-21 12:10:00,2025-06-22 12:00:00,2025-06-21 12:00:00,2025-06-22 03:50:00,950,0.0,0.0,attachment3_10min_interpolation,7665.1125,2025-06-21 12:00:00,626.7507833333333,2025-06-15 03:50:00,actual_same_interval_7_days_ago,2025-06-21 12:00:00,72,108,False,626.7507833333333,0.0,0.0,0.0,6960.0,6960.0,,120.0
2025-06-21T12:00_rolling,2025-06-21 12:00:00,2025-06-21 12:10:00,2025-06-22 12:00:00,2025-06-21 12:00:00,2025-06-22 04:00:00,960,0.0,0.0,attachment3_10min_interpolation,7665.1125,2025-06-21 12:00:00,608.29,2025-06-15 04:00:00,actual_same_interval_7_days_ago,2025-06-21 12:00:00,72,108,False,608.29,0.0,0.0,0.0,6960.0,6960.0,,120.0
2025-06-21T12:00_rolling,2025-06-21 12:00:00,2025-06-21 12:10:00,2025-06-22 12:00:00,2025-06-21 12:00:00,2025-06-22 04:10:00,970,1.642866666666667,0.27381111111111117,attachment3_10min_interpolation,7665.1125,2025-06-21 12:00:00,619.6829,2025-06-15 04:10:00,actual_same_interval_7_days_ago,2025-06-21 12:00:00,72,108,False,619.409088888889,0.0,0.0,0.0,6960.0,6960.0,,120.0
2025-06-21T12:00_rolling,2025-06-21 12:00:00,2025-06-21 12:10:00,2025-06-22 12:00:00,2025-06-21 12:00:00,2025-06-22 04:20:00,980,3.285733333333334,0.5476222222222223,attachment3_10min_interpolation,7665.1125,2025-06-21 12:00:00,631.84095,2025-06-15 04:20:00,actual_same_interval_7_days_ago,2025-06-21 12:00:00,72,108,False,631.2933277777778,0.0,0.0,0.0,6960.0,6960.0,,120.0
2025-06-21T12:00_rolling,2025-06-21 12:00:00,2025-06-21 12:10:00,2025-06-22 12:00:00,2025-06-21 12:00:00,2025-06-22 04:30:00,990,4.9286,0.8214333333333333,attachment3_10min_interpolation,7665.1125,2025-06-21 12:00:00,619.4033333333333,2025-06-15 04:30:00,actual_same_interval_7_days_ago,2025-06-21 12:00:00,72,108,False,618.5819,0.0,0.0,0.0,6960.0,6960.0,,120.0
2025-06-21T12:00_rolling,2025-06-21 12:00:00,2025-06-21 12:10:00,2025-06-22 12:00:00,2025-06-21 12:00:00,2025-06-22 04:40:00,1000,6.571466666666668,1.0952444444444447,attachment3_10min_interpolation,7665.1125,2025-06-21 12:00:00,588.5414833333333,2025-06-15 04:40:00,actual_same_interval_7_days_ago,2025-06-21 12:00:00,72,108,False,587.4462388888888,0.0,0.0,0.0,6960.0,6960.0,,120.0
2025-06-21T12:00_rolling,2025-06-21 12:00:00,2025-06-21 12:10:00,2025-06-22 12:00:00,2025-06-21 12:00:00,2025-06-22 04:50:00,1010,8.214333333333334,1.3690555555555557,attachment3_10min_interpolation,7665.1125,2025-06-21 12:00:00,586.6829166666666,2025-06-15 04:50:00,actual_same_interval_7_days_ago,2025-06-21 12:00:00,72,108,False,585.3138611111111,0.0,0.0,0.0,6960.0,6960.0,,120.0
2025-06-21T12:00_rolling,2025-06-21 12:00:00,2025-06-21 12:10:00,2025-06-22 12:00:00,2025-06-21 12:00:00,2025-06-22 05:00:00,1020,9.8572,1.6428666666666667,attachment3_10min_interpolation,7665.1125,2025-06-21 12:00:00,608.9183333333334,2025-06-15 05:00:00,actual_same_interval_7_days_ago,2025-06-21 12:00:00,72,108,False,607.2754666666667,0.0,0.0,0.0,6960.0,6960.0,,120.0
2025-06-21T12:00_rolling,2025-06-21 12:00:00,2025-06-21 12:10:00,2025-06-22 12:00:00,2025-06-21 12:00:00,2025-06-22 05:10:00,1030,196.96738333333332,32.82789722222222,attachment3_10min_interpolation,7665.1125,2025-06-21 12:00:00,606.2741,2025-06-15 05:10:00,actual_same_interval_7_days_ago,2025-06-21 12:00:00,72,108,False,573.4462027777778,0.0,0.0,0.0,6960.0,6960.0,,120.0
2025-06-21T12:00_rolling,2025-06-21 12:00:00,2025-06-21 12:10:00,2025-06-22 12:00:00,2025-06-21 12:00:00,2025-06-22 05:20:00,1040,384.0775666666667,64.01292777777779,attachment3_10min_interpolation,7665.1125,2025-06-21 12:00:00,601.54075,2025-06-15 05:20:00,actual_same_interval_7_days_ago,2025-06-21 12:00:00,72,108,False,537.5278222222222,0.0,0.0,0.0,6960.0,6960.0,,120.0
2025-06-21T12:00_rolling,2025-06-21 12:00:00,2025-06-21 12:10:00,2025-06-22 12:00:00,2025-06-21 12:00:00,2025-06-22 05:30:00,1050,571.18775,95.19795833333335,attachment3_10min_interpolation,7665.1125,2025-06-21 12:00:00,597.945,2025-06-15 05:30:00,actual_same_interval_7_days_ago,2025-06-21 12:00:00,72,108,False,769.4137083333334,266.6666666666667,0.0,0.0,6960.0,7200.0,,120.0
2025-06-21T12:00_rolling,2025-06-21 12:00:00,2025-06-21 12:10:00,2025-06-22 12:00:00,2025-06-21 12:00:00,2025-06-22 05:40:00,1060,758.2979333333334,126.3829888888889,attachment3_10min_interpolation,7665.1125,2025-06-21 12:00:00,589.4202333333334,2025-06-15 05:40:00,actual_same_interval_7_days_ago,2025-06-21 12:00:00,72,108,False,1263.0372444444445,800.0,0.0,0.0,7200.0,7920.0,,120.0
2025-06-21T12:00_rolling,2025-06-21 12:00:00,2025-06-21 12:10:00,2025-06-22 12:00:00,2025-06-21 12:00:00,2025-06-22 05:50:00,1070,945.4081166666668,157.56801944444447,attachment3_10min_interpolation,7665.1125,2025-06-21 12:00:00,677.3178333333334,2025-06-15 05:50:00,actual_same_interval_7_days_ago,2025-06-21 12:00:00,72,108,False,87.74981388888887,0.0,432.0,0.0,7920.0,7440.0,,120.0
2025-06-21T12:00_rolling,2025-06-21 12:00:00,2025-06-21 12:10:00,2025-06-22 12:00:00,2025-06-21 12:00:00,2025-06-22 06:00:00,1080,1132.5183,188.75305,attachment3_10min_interpolation,7665.1125,2025-06-21 12:00:00,804.34,2025-06-15 06:00:00,actual_same_interval_7_days_ago,2025-06-21 12:00:00,72,108,False,0.0,0.0,648.0,32.41305,7440.0,6720.0,,120.0
2025-06-21T12:00_rolling,2025-06-21 12:00:00,2025-06-21 12:10:00,2025-06-22 12:00:00,2025-06-21 12:00:00,2025-06-22 06:10:00,1090,1450.834,241.80566666666667,attachment3_10min_interpolation,7665.1125,2025-06-21 12:00:00,800.8889333333333,2025-06-15 06:10:00,actual_same_interval_7_days_ago,2025-06-21 12:00:00,72,108,False,19.083266666666646,0.0,540.0,0.0,6720.0,6120.0,,120.0
2025-06-21T12:00_rolling,2025-06-21 12:00:00,2025-06-21 12:10:00,2025-06-22 12:00:00,2025-06-21 12:00:00,2025-06-22 06:20:00,1100,1769.1497,294.8582833333333,attachment3_10min_interpolation,7665.1125,2025-06-21 12:00:00,785.7382666666667,2025-06-15 06:20:00,actual_same_interval_7_days_ago,2025-06-21 12:00:00,72,108,False,58.87998333333343,0.0,432.0,0.0,6120.0,5640.0,,120.0
2025-06-21T12:00_rolling,2025-06-21 12:00:00,2025-06-21 12:10:00,2025-06-22 12:00:00,2025-06-21 12:00:00,2025-06-22 06:30:00,1110,2087.4654,347.9109,attachment3_10min_interpolation,7665.1125,2025-06-21 12:00:00,812.5216666666666,2025-06-15 06:30:00,actual_same_interval_7_days_ago,2025-06-21 12:00:00,72,108,False,32.61076666666662,0.0,432.0,0.0,5640.0,5160.0,,120.0
2025-06-21T12:00_rolling,2025-06-21 12:00:00,2025-06-21 12:10:00,2025-06-22 12:00:00,2025-06-21 12:00:00,2025-06-22 06:40:00,1120,2405.7811,400.9635166666667,attachment3_10min_interpolation,7665.1125,2025-06-21 12:00:00,816.2738833333333,2025-06-15 06:40:00,actual_same_interval_7_days_ago,2025-06-21 12:00:00,72,108,False,0.0,0.0,432.0,16.689633333333404,5160.0,4680.0,,120.0
2025-06-21T12:00_rolling,2025-06-21 12:00:00,2025-06-21 12:10:00,2025-06-22 12:00:00,2025-06-21 12:00:00,2025-06-22 06:50:00,1130,2724.0968,454.0161333333333,attachment3_10min_interpolation,7665.1125,2025-06-21 12:00:00,813.2532833333333,2025-06-15 06:50:00,actual_same_interval_7_days_ago,2025-06-21 12:00:00,72,108,False,35.23715000000004,0.0,324.0,0.0,4680.0,4320.0,,120.0
2025-06-21T12:00_rolling,2025-06-21 12:00:00,2025-06-21 12:10:00,2025-06-22 12:00:00,2025-06-21 12:00:00,2025-06-22 07:00:00,1140,3042.4125,507.06874999999997,attachment3_10min_interpolation,7665.1125,2025-06-21 12:00:00,807.7800000000001,2025-06-15 07:00:00,actual_same_interval_7_days_ago,2025-06-21 12:00:00,72,108,False,0.0,0.0,324.0,23.28874999999988,4320.0,3960.0,,120.0
2025-06-21T12:00_rolling,2025-06-21 12:00:00,2025-06-21 12:10:00,2025-06-22 12:00:00,2025-06-21 12:00:00,2025-06-22 07:10:00,1150,3275.3398666666667,545.8899777777777,attachment3_10min_interpolation,7665.1125,2025-06-21 12:00:00,785.0929500000001,2025-06-15 07:10:00,actual_same_interval_7_days_ago,2025-06-21 12:00:00,72,108,False,23.202972222222343,0.0,216.0,0.0,3960.0,3720.0,,120.0
2025-06-21T12:00_rolling,2025-06-21 12:00:00,2025-06-21 12:10:00,2025-06-22 12:00:00,2025-06-21 12:00:00,2025-06-22 07:20:00,1160,3508.267233333333,584.7112055555555,attachment3_10min_interpolation,7665.1125,2025-06-21 12:00:00,785.8608833333333,2025-06-15 07:20:00,actual_same_interval_7_days_ago,2025-06-21 12:00:00,72,108,False,0.0,0.0,216.0,14.85032222222219,3720.0,3480.0,,120.0
2025-06-21T12:00_rolling,2025-06-21 12:00:00,2025-06-21 12:10:00,2025-06-22 12:00:00,2025-06-21 12:00:00,2025-06-22 07:30:00,1170,3741.1946,623.5324333333333,attachment3_10min_interpolation,7665.1125,2025-06-21 12:00:00,788.9083333333333,2025-06-15 07:30:00,actual_same_interval_7_days_ago,2025-06-21 12:00:00,72,108,False,57.3759,0.0,108.0,0.0,3480.0,3360.0,,120.0
2025-06-21T12:00_rolling,2025-06-21 12:00:00,2025-06-21 12:10:00,2025-06-22 12:00:00,2025-06-21 12:00:00,2025-06-22 07:40:00,1180,3974.1219666666666,662.3536611111111,attachment3_10min_interpolation,7665.1125,2025-06-21 12:00:00,756.8593833333333,2025-06-15 07:40:00,actual_same_interval_7_days_ago,2025-06-21 12:00:00,72,108,False,0.0,0.0,108.0,13.494277777777825,3360.0,3240.0,,120.0
2025-06-21T12:00_rolling,2025-06-21 12:00:00,2025-06-21 12:10:00,2025-06-22 12:00:00,2025-06-21 12:00:00,2025-06-22 07:50:00,1190,4207.049333333333,701.1748888888889,attachment3_10min_interpolation,7665.1125,2025-06-21 12:00:00,878.24235,2025-06-15 07:50:00,actual_same_interval_7_days_ago,2025-06-21 12:00:00,72,108,False,0.0,0.0,216.0,38.93253888888887,3240.0,3000.0,,120.0
2025-06-21T12:00_rolling,2025-06-21 12:00:00,2025-06-21 12:10:00,2025-06-22 12:00:00,2025-06-21 12:00:00,2025-06-22 08:00:00,1200,4439.9767,739.9961166666667,attachment3_10min_interpolation,7665.1125,2025-06-21 12:00:00,1089.8316666666667,2025-06-15 08:00:00,actual_same_interval_7_days_ago,2025-06-21 12:00:00,72,108,False,25.835550000000012,0.0,324.0,0.0,3000.0,2640.0,,120.0
2025-06-21T12:00_rolling,2025-06-21 12:00:00,2025-06-21 12:10:00,2025-06-22 12:00:00,2025-06-21 12:00:00,2025-06-22 08:10:00,1210,4722.975683333333,787.1626138888888,attachment3_10min_interpolation,7665.1125,2025-06-21 12:00:00,1118.825466666667,2025-06-15 08:10:00,actual_same_interval_7_days_ago,2025-06-21 12:00:00,72,108,False,7.662852777778085,0.0,324.0,0.0,2640.0,2280.0,,120.0
2025-06-21T12:00_rolling,2025-06-21 12:00:00,2025-06-21 12:10:00,2025-06-22 12:00:00,2025-06-21 12:00:00,2025-06-22 08:20:00,1220,5005.974666666667,834.3291111111112,attachment3_10min_interpolation,7665.1125,2025-06-21 12:00:00,1084.8721666666668,2025-06-15 08:20:00,actual_same_interval_7_days_ago,2025-06-21 12:00:00,72,108,False,34.54305555555561,0.0,216.0,0.0,2280.0,2040.0,,120.0
2025-06-21T12:00_rolling,2025-06-21 12:00:00,2025-06-21 12:10:00,2025-06-22 12:00:00,2025-06-21 12:00:00,2025-06-22 08:30:00,1230,5288.97365,881.4956083333333,attachment3_10min_interpolation,7665.1125,2025-06-21 12:00:00,1083.8266666666666,2025-06-15 08:30:00,actual_same_interval_7_days_ago,2025-06-21 12:00:00,72,108,False,0.0,0.0,216.0,13.668941666666683,2040.0,1800.0,,120.0
2025-06-21T12:00_rolling,2025-06-21 12:00:00,2025-06-21 12:10:00,2025-06-22 12:00:00,2025-06-21 12:00:00,2025-06-22 08:40:00,1240,5571.972633333333,928.6621055555555,attachment3_10min_interpolation,7665.1125,2025-06-21 12:00:00,1089.3635166666666,2025-06-15 08:40:00,actual_same_interval_7_days_ago,2025-06-21 12:00:00,72,108,False,52.70141111111104,0.0,108.0,0.0,1800.0,1680.0,,120.0
2025-06-21T12:00_rolling,2025-06-21 12:00:00,2025-06-21 12:10:00,2025-06-22 12:00:00,2025-06-21 12:00:00,2025-06-22 08:50:00,1250,5854.971616666667,975.8286027777777,attachment3_10min_interpolation,7665.1125,2025-06-21 12:00:00,1088.5453333333332,2025-06-15 08:50:00,actual_same_interval_7_days_ago,2025-06-21 12:00:00,72,108,False,4.7167305555555,0.0,108.0,0.0,1680.0,1560.0,,120.0
2025-06-21T12:00_rolling,2025-06-21 12:00:00,2025-06-21 12:10:00,2025-06-22 12:00:00,2025-06-21 12:00:00,2025-06-22 09:00:00,1260,6137.9706,1022.9951,attachment3_10min_interpolation,7665.1125,2025-06-21 12:00:00,1093.63,2025-06-15 09:00:00,actual_same_interval_7_days_ago,2025-06-21 12:00:00,72,108,False,0.0,0.0,108.0,37.36509999999987,1560.0,1440.0,,120.0
2025-06-21T12:00_rolling,2025-06-21 12:00:00,2025-06-21 12:10:00,2025-06-22 12:00:00,2025-06-21 12:00:00,2025-06-22 09:10:00,1270,6254.743516666666,1042.4572527777777,attachment3_10min_interpolation,7665.1125,2025-06-21 12:00:00,1120.7055,2025-06-15 09:10:00,actual_same_interval_7_days_ago,2025-06-21 12:00:00,72,108,False,0.0,0.0,108.0,29.75175277777771,1440.0,1320.0,,120.0
2025-06-21T12:00_rolling,2025-06-21 12:00:00,2025-06-21 12:10:00,2025-06-22 12:00:00,2025-06-21 12:00:00,2025-06-22 09:20:00,1280,6371.516433333333,1061.9194055555556,attachment3_10min_interpolation,7665.1125,2025-06-21 12:00:00,1121.7845666666667,2025-06-15 09:20:00,actual_same_interval_7_days_ago,2025-06-21 12:00:00,72,108,False,0.0,0.0,108.0,48.13483888888891,1320.0,1200.0,,120.0
2025-06-21T12:00_rolling,2025-06-21 12:00:00,2025-06-21 12:10:00,2025-06-22 12:00:00,2025-06-21 12:00:00,2025-06-22 09:30:00,1290,6488.28935,1081.3815583333333,attachment3_10min_interpolation,7665.1125,2025-06-21 12:00:00,1089.2683333333332,2025-06-15 09:30:00,actual_same_interval_7_days_ago,2025-06-21 12:00:00,72,108,False,7.886774999999943,0.0,0.0,0.0,1200.0,1200.0,,120.0
2025-06-21T12:00_rolling,2025-06-21 12:00:00,2025-06-21 12:10:00,2025-06-22 12:00:00,2025-06-21 12:00:00,2025-06-22 09:40:00,1300,6605.062266666667,1100.8437111111111,attachment3_10min_interpolation,7665.1125,2025-06-21 12:00:00,1065.9559166666666,2025-06-15 09:40:00,actual_same_interval_7_days_ago,2025-06-21 12:00:00,72,108,False,0.0,0.0,0.0,34.88779444444458,1200.0,1200.0,,120.0
2025-06-21T12:00_rolling,2025-06-21 12:00:00,2025-06-21 12:10:00,2025-06-22 12:00:00,2025-06-21 12:00:00,2025-06-22 09:50:00,1310,6721.835183333334,1120.305863888889,attachment3_10min_interpolation,7665.1125,2025-06-21 12:00:00,1068.65075,2025-06-15 09:50:00,actual_same_interval_7_days_ago,2025-06-21 12:00:00,72,108,False,0.0,0.0,0.0,51.65511388888899,1200.0,1200.0,,120.0
2025-06-21T12:00_rolling,2025-06-21 12:00:00,2025-06-21 12:10:00,2025-06-22 12:00:00,2025-06-21 12:00:00,2025-06-22 10:00:00,1320,6838.6081,1139.7680166666667,attachment3_10min_interpolation,7665.1125,2025-06-21 12:00:00,1082.9433333333334,2025-06-15 10:00:00,actual_same_interval_7_days_ago,2025-06-21 12:00:00,72,108,False,0.0,0.0,0.0,56.82468333333327,1200.0,1200.0,,120.0
2025-06-21T12:00_rolling,2025-06-21 12:00:00,2025-06-21 12:10:00,2025-06-22 12:00:00,2025-06-21 12:00:00,2025-06-22 10:10:00,1330,7106.596333333334,1184.4327222222223,attachment3_10min_interpolation,7665.1125,2025-06-21 12:00:00,1081.7991166666668,2025-06-15 10:10:00,actual_same_interval_7_days_ago,2025-06-21 12:00:00,72,108,False,0.0,0.0,0.0,102.6336055555555,1200.0,1200.0,,120.0
2025-06-21T12:00_rolling,2025-06-21 12:00:00,2025-06-21 12:10:00,2025-06-22 12:00:00,2025-06-21 12:00:00,2025-06-22 10:20:00,1340,7374.584566666667,1229.097427777778,attachment3_10min_interpolation,7665.1125,2025-06-21 12:00:00,1083.1165,2025-06-15 10:20:00,actual_same_interval_7_days_ago,2025-06-21 12:00:00,72,108,False,0.0,0.0,0.0,145.98092777777788,1200.0,1200.0,,120.0
2025-06-21T12:00_rolling,2025-06-21 12:00:00,2025-06-21 12:10:00,2025-06-22 12:00:00,2025-06-21 12:00:00,2025-06-22 10:30:00,1350,7642.572800000001,1273.7621333333334,attachment3_10min_interpolation,7665.1125,2025-06-21 12:00:00,1095.0516666666667,2025-06-15 10:30:00,actual_same_interval_7_days_ago,2025-06-21 12:00:00,72,108,False,0.0,0.0,0.0,178.71046666666666,1200.0,1200.0,,120.0
2025-06-21T12:00_rolling,2025-06-21 12:00:00,2025-06-21 12:10:00,2025-06-22 12:00:00,2025-06-21 12:00:00,2025-06-22 10:40:00,1360,7910.561033333333,1318.4268388888888,attachment3_10min_interpolation,7665.1125,2025-06-21 12:00:00,1106.64395,2025-06-15 10:40:00,actual_same_interval_7_days_ago,2025-06-21 12:00:00,72,108,False,0.0,0.0,0.0,211.78288888888892,1200.0,1200.0,,120.0
2025-06-21T12:00_rolling,2025-06-21 12:00:00,2025-06-21 12:10:00,2025-06-22 12:00:00,2025-06-21 12:00:00,2025-06-22 10:50:00,1370,8178.549266666667,1363.0915444444445,attachment3_10min_interpolation,7665.1125,2025-06-21 12:00:00,1114.81595,2025-06-15 10:50:00,actual_same_interval_7_days_ago,2025-06-21 12:00:00,72,108,False,0.0,0.0,0.0,248.27559444444455,1200.0,1200.0,,120.0
2025-06-21T12:00_rolling,2025-06-21 12:00:00,2025-06-21 12:10:00,2025-06-22 12:00:00,2025-06-21 12:00:00,2025-06-22 11:00:00,1380,8446.5375,1407.7562500000001,attachment3_10min_interpolation,7665.1125,2025-06-21 12:00:00,1104.8033333333333,2025-06-15 11:00:00,actual_same_interval_7_days_ago,2025-06-21 12:00:00,72,108,False,0.0,0.0,0.0,302.95291666666685,1200.0,1200.0,,120.0
2025-06-21T12:00_rolling,2025-06-21 12:00:00,2025-06-21 12:10:00,2025-06-22 12:00:00,2025-06-21 12:00:00,2025-06-22 11:10:00,1390,8351.833633333334,1391.9722722222223,attachment3_10min_interpolation,7665.1125,2025-06-21 12:00:00,1064.434166666667,2025-06-15 11:10:00,actual_same_interval_7_days_ago,2025-06-21 12:00:00,72,108,False,0.0,0.0,0.0,327.5381055555554,1200.0,1200.0,,120.0
2025-06-21T12:00_rolling,2025-06-21 12:00:00,2025-06-21 12:10:00,2025-06-22 12:00:00,2025-06-21 12:00:00,2025-06-22 11:20:00,1400,8257.129766666667,1376.1882944444444,attachment3_10min_interpolation,7665.1125,2025-06-21 12:00:00,1045.2621833333333,2025-06-15 11:20:00,actual_same_interval_7_days_ago,2025-06-21 12:00:00,72,108,False,0.0,0.0,0.0,330.92611111111114,1200.0,1200.0,,120.0
2025-06-21T12:00_rolling,2025-06-21 12:00:00,2025-06-21 12:10:00,2025-06-22 12:00:00,2025-06-21 12:00:00,2025-06-22 11:30:00,1410,8162.4259,1360.4043166666668,attachment3_10min_interpolation,7665.1125,2025-06-21 12:00:00,1064.6933333333334,2025-06-15 11:30:00,actual_same_interval_7_days_ago,2025-06-21 12:00:00,72,108,False,0.0,0.0,0.0,295.7109833333334,1200.0,1200.0,,120.0
2025-06-21T12:00_rolling,2025-06-21 12:00:00,2025-06-21 12:10:00,2025-06-22 12:00:00,2025-06-21 12:00:00,2025-06-22 11:40:00,1420,8067.722033333333,1344.6203388888887,attachment3_10min_interpolation,7665.1125,2025-06-21 12:00:00,1084.3304666666666,2025-06-15 11:40:00,actual_same_interval_7_days_ago,2025-06-21 12:00:00,72,108,False,0.0,0.0,0.0,260.28987222222213,1200.0,1200.0,,120.0
2025-06-21T12:00_rolling,2025-06-21 12:00:00,2025-06-21 12:10:00,2025-06-22 12:00:00,2025-06-21 12:00:00,2025-06-22 11:50:00,1430,7973.018166666667,1328.836361111111,attachment3_10min_interpolation,7665.1125,2025-06-21 12:00:00,1048.18395,2025-06-15 11:50:00,actual_same_interval_7_days_ago,2025-06-21 12:00:00,72,108,False,0.0,0.0,0.0,280.65241111111095,1200.0,1200.0,,120.0
2025-06-21T12:00_rolling,2025-06-21 12:00:00,2025-06-21 12:10:00,2025-06-22 12:00:00,2025-06-21 12:00:00,2025-06-22 12:00:00,1440,7878.3143,1313.0523833333334,attachment3_10min_interpolation,7665.1125,2025-06-21 12:00:00,1003.1833333333334,2025-06-15 12:00:00,actual_same_interval_7_days_ago,2025-06-21 12:00:00,72,108,False,0.0,0.0,0.0,309.86905,1200.0,1200.0,,120.0
2025-06-21T18:00_rolling,2025-06-21 18:00:00,2025-06-21 18:10:00,2025-06-22 18:00:00,2025-06-21 18:00:00,2025-06-21 18:10:00,10,863.0169,143.83615,observed_anchor_linear_to_h1,1034.1,2025-06-21 18:00:00,595.5989666666667,2025-06-14 18:10:00,actual_same_interval_7_days_ago,2025-06-21 18:00:00,108,144,True,19.76281666666671,0.0,432.0,0.0,10680.0,10200.0,25.158513888888933,120.0
2025-06-21T18:00_rolling,2025-06-21 18:00:00,2025-06-21 18:10:00,2025-06-22 18:00:00,2025-06-21 18:00:00,2025-06-21 18:20:00,20,691.9338,115.3223,observed_anchor_linear_to_h1,1034.1,2025-06-21 18:00:00,602.28115,2025-06-14 18:20:00,actual_same_interval_7_days_ago,2025-06-21 18:00:00,108,144,True,54.95885000000004,0.0,432.0,0.0,10200.0,9720.0,59.28296111111115,120.0
2025-06-21T18:00_rolling,2025-06-21 18:00:00,2025-06-21 18:10:00,2025-06-22 18:00:00,2025-06-21 18:00:00,2025-06-21 18:30:00,30,520.8507,86.80845,observed_anchor_linear_to_h1,1034.1,2025-06-21 18:00:00,603.485,2025-06-14 18:30:00,actual_same_interval_7_days_ago,2025-06-21 18:00:00,108,144,True,84.67655000000002,0.0,432.0,0.0,9720.0,9240.0,87.92907500000001,120.0
2025-06-21T18:00_rolling,2025-06-21 18:00:00,2025-06-21 18:10:00,2025-06-22 18:00:00,2025-06-21 18:00:00,2025-06-21 18:40:00,40,349.7676,58.2946,observed_anchor_linear_to_h1,1034.1,2025-06-21 18:00:00,613.5661166666666,2025-06-14 18:40:00,actual_same_interval_7_days_ago,2025-06-21 18:00:00,108,144,True,15.271516666666685,0.0,540.0,0.0,9240.0,8640.0,17.452455555555503,120.0
2025-06-21T18:00_rolling,2025-06-21 18:00:00,2025-06-21 18:10:00,2025-06-22 18:00:00,2025-06-21 18:00:00,2025-06-21 18:50:00,50,178.68450000000007,29.780750000000012,observed_anchor_linear_to_h1,1034.1,2025-06-21 18:00:00,613.6690666666667,2025-06-14 18:50:00,actual_same_interval_7_days_ago,2025-06-21 18:00:00,108,144,True,43.8883166666667,0.0,540.0,0.0,8640.0,8040.0,44.997669444444455,120.0
2025-06-21T18:00_rolling,2025-06-21 18:00:00,2025-06-21 18:10:00,2025-06-22 18:00:00,2025-06-21 18:00:00,2025-06-21 19:00:00,60,7.6014,1.2669,attachment3_10min_interpolation,1034.1,2025-06-21 18:00:00,611.975,2025-06-14 19:00:00,actual_same_interval_7_days_ago,2025-06-21 18:00:00,108,144,True,70.70810000000006,0.0,540.0,0.0,8040.0,7440.0,70.74586666666664,120.0
2025-06-21T18:00_rolling,2025-06-21 18:00:00,2025-06-21 18:10:00,2025-06-22 18:00:00,2025-06-21 18:00:00,2025-06-21 19:10:00,70,6.3345,1.05575,attachment3_10min_interpolation,1034.1,2025-06-21 18:00:00,634.4964,2025-06-14 19:10:00,actual_same_interval_7_days_ago,2025-06-21 18:00:00,108,144,True,93.44065,0.0,540.0,0.0,7440.0,6840.0,93.4721222222222,120.0
2025-06-21T18:00_rolling,2025-06-21 18:00:00,2025-06-21 18:10:00,2025-06-22 18:00:00,2025-06-21 18:00:00,2025-06-21 19:20:00,80,5.0676,0.8445999999999999,attachment3_10min_interpolation,1034.1,2025-06-21 18:00:00,638.46145,2025-06-14 19:20:00,actual_same_interval_7_days_ago,2025-06-21 18:00:00,108,144,True,97.61685,0.0,540.0,0.0,6840.0,6240.0,97.6420277777778,120.0
2025-06-21T18:00_rolling,2025-06-21 18:00:00,2025-06-21 18:10:00,2025-06-22 18:00:00,2025-06-21 18:00:00,2025-06-21 19:30:00,90,3.8007,0.63345,attachment3_10min_interpolation,1034.1,2025-06-21 18:00:00,614.4133333333333,2025-06-14 19:30:00,actual_same_interval_7_days_ago,2025-06-21 18:00:00,108,144,True,73.77988333333326,0.0,540.0,0.0,6240.0,5640.0,73.79876666666667,120.0
2025-06-21T18:00_rolling,2025-06-21 18:00:00,2025-06-21 18:10:00,2025-06-22 18:00:00,2025-06-21 18:00:00,2025-06-21 19:40:00,100,2.5338,0.42229999999999995,attachment3_10min_interpolation,1034.1,2025-06-21 18:00:00,594.9406833333334,2025-06-14 19:40:00,actual_same_interval_7_days_ago,2025-06-21 18:00:00,108,144,True,54.51838333333342,0.0,540.0,0.0,5640.0,5040.0,54.5309722222222,120.0
2025-06-21T18:00_rolling,2025-06-21 18:00:00,2025-06-21 18:10:00,2025-06-22 18:00:00,2025-06-21 18:00:00,2025-06-21 19:50:00,110,1.2669,0.21114999999999998,attachment3_10min_interpolation,1034.1,2025-06-21 18:00:00,578.5213333333334,2025-06-14 19:50:00,actual_same_interval_7_days_ago,2025-06-21 18:00:00,108,144,True,38.310183333333384,0.0,540.0,0.0,5040.0,4440.0,38.31647777777778,120.0
2025-06-21T18:00_rolling,2025-06-21 18:00:00,2025-06-21 18:10:00,2025-06-22 18:00:00,2025-06-21 18:00:00,2025-06-21 20:00:00,120,0.0,0.0,attachment3_10min_interpolation,1034.1,2025-06-21 18:00:00,584.49,2025-06-14 20:00:00,actual_same_interval_7_days_ago,2025-06-21 18:00:00,108,144,True,44.49000000000001,0.0,540.0,0.0,4440.0,3840.0,44.49000000000001,120.0
2025-06-21T18:00_rolling,2025-06-21 18:00:00,2025-06-21 18:10:00,2025-06-22 18:00:00,2025-06-21 18:00:00,2025-06-21 20:10:00,130,0.0,0.0,attachment3_10min_interpolation,1034.1,2025-06-21 18:00:00,634.9885833333334,2025-06-14 20:10:00,actual_same_interval_7_days_ago,2025-06-21 18:00:00,108,144,True,94.9885833333334,0.0,540.0,0.0,3840.0,3240.0,94.9885833333334,120.0
2025-06-21T18:00_rolling,2025-06-21 18:00:00,2025-06-21 18:10:00,2025-06-22 18:00:00,2025-06-21 18:00:00,2025-06-21 20:20:00,140,0.0,0.0,attachment3_10min_interpolation,1034.1,2025-06-21 18:00:00,648.4989666666667,2025-06-14 20:20:00,actual_same_interval_7_days_ago,2025-06-21 18:00:00,108,144,True,0.4989666666666608,0.0,648.0,0.0,3240.0,2520.0,0.4989666666666608,120.0
2025-06-21T18:00_rolling,2025-06-21 18:00:00,2025-06-21 18:10:00,2025-06-22 18:00:00,2025-06-21 18:00:00,2025-06-21 20:30:00,150,0.0,0.0,attachment3_10min_interpolation,1034.1,2025-06-21 18:00:00,628.4333333333333,2025-06-14 20:30:00,actual_same_interval_7_days_ago,2025-06-21 18:00:00,108,144,True,88.43333333333328,0.0,540.0,0.0,2520.0,1920.0,88.43333333333328,120.0
2025-06-21T18:00_rolling,2025-06-21 18:00:00,2025-06-21 18:10:00,2025-06-22 18:00:00,2025-06-21 18:00:00,2025-06-21 20:40:00,160,0.0,0.0,attachment3_10min_interpolation,1034.1,2025-06-21 18:00:00,655.4149666666666,2025-06-14 20:40:00,actual_same_interval_7_days_ago,2025-06-21 18:00:00,108,144,True,7.414966666666601,0.0,648.0,0.0,1920.0,1200.0,7.414966666666601,120.0
2025-06-21T18:00_rolling,2025-06-21 18:00:00,2025-06-21 18:10:00,2025-06-22 18:00:00,2025-06-21 18:00:00,2025-06-21 20:50:00,170,0.0,0.0,attachment3_10min_interpolation,1034.1,2025-06-21 18:00:00,676.3888333333333,2025-06-14 20:50:00,actual_same_interval_7_days_ago,2025-06-21 18:00:00,108,144,True,676.3888333333333,0.0,0.0,0.0,1200.0,1200.0,676.3888333333333,120.0
2025-06-21T18:00_rolling,2025-06-21 18:00:00,2025-06-21 18:10:00,2025-06-22 18:00:00,2025-06-21 18:00:00,2025-06-21 21:00:00,180,0.0,0.0,attachment3_10min_interpolation,1034.1,2025-06-21 18:00:00,653.1283333333333,2025-06-14 21:00:00,actual_same_interval_7_days_ago,2025-06-21 18:00:00,108,144,True,653.1283333333333,0.0,0.0,0.0,1200.0,1200.0,653.1283333333333,120.0
2025-06-21T18:00_rolling,2025-06-21 18:00:00,2025-06-21 18:10:00,2025-06-22 18:00:00,2025-06-21 18:00:00,2025-06-21 21:10:00,190,0.0,0.0,attachment3_10min_interpolation,1034.1,2025-06-21 18:00:00,602.3349333333333,2025-06-14 21:10:00,actual_same_interval_7_days_ago,2025-06-21 18:00:00,108,144,True,602.3349333333333,0.0,0.0,0.0,1200.0,1200.0,602.3349333333333,120.0
2025-06-21T18:00_rolling,2025-06-21 18:00:00,2025-06-21 18:10:00,2025-06-22 18:00:00,2025-06-21 18:00:00,2025-06-21 21:20:00,200,0.0,0.0,attachment3_10min_interpolation,1034.1,2025-06-21 18:00:00,561.7986833333333,2025-06-14 21:20:00,actual_same_interval_7_days_ago,2025-06-21 18:00:00,108,144,True,561.7986833333333,0.0,0.0,0.0,1200.0,1200.0,561.7986833333333,120.0
2025-06-21T18:00_rolling,2025-06-21 18:00:00,2025-06-21 18:10:00,2025-06-22 18:00:00,2025-06-21 18:00:00,2025-06-21 21:30:00,210,0.0,0.0,attachment3_10min_interpolation,1034.1,2025-06-21 18:00:00,557.0966666666667,2025-06-14 21:30:00,actual_same_interval_7_days_ago,2025-06-21 18:00:00,108,144,True,557.0966666666667,0.0,0.0,0.0,1200.0,1200.0,557.0966666666667,120.0
2025-06-21T18:00_rolling,2025-06-21 18:00:00,2025-06-21 18:10:00,2025-06-22 18:00:00,2025-06-21 18:00:00,2025-06-21 21:40:00,220,0.0,0.0,attachment3_10min_interpolation,1034.1,2025-06-21 18:00:00,582.3134166666667,2025-06-14 21:40:00,actual_same_interval_7_days_ago,2025-06-21 18:00:00,108,144,True,582.3134166666667,0.0,0.0,0.0,1200.0,1200.0,582.3134166666667,120.0
2025-06-21T18:00_rolling,2025-06-21 18:00:00,2025-06-21 18:10:00,2025-06-22 18:00:00,2025-06-21 18:00:00,2025-06-21 21:50:00,230,0.0,0.0,attachment3_10min_interpolation,1034.1,2025-06-21 18:00:00,576.7703,2025-06-14 21:50:00,actual_same_interval_7_days_ago,2025-06-21 18:00:00,108,144,True,576.7703,0.0,0.0,0.0,1200.0,1200.0,576.7703,120.0
2025-06-21T18:00_rolling,2025-06-21 18:00:00,2025-06-21 18:10:00,2025-06-22 18:00:00,2025-06-21 18:00:00,2025-06-21 22:00:00,240,0.0,0.0,attachment3_10min_interpolation,1034.1,2025-06-21 18:00:00,544.5733333333334,2025-06-14 22:00:00,actual_same_interval_7_days_ago,2025-06-21 18:00:00,108,144,True,544.5733333333334,0.0,0.0,0.0,1200.0,1200.0,544.5733333333334,120.0
2025-06-21T18:00_rolling,2025-06-21 18:00:00,2025-06-21 18:10:00,2025-06-22 18:00:00,2025-06-21 18:00:00,2025-06-21 22:10:00,250,0.0,0.0,attachment3_10min_interpolation,1034.1,2025-06-21 18:00:00,543.5498,2025-06-14 22:10:00,actual_same_interval_7_days_ago,2025-06-21 18:00:00,108,144,True,543.5498,0.0,0.0,0.0,1200.0,1200.0,543.5498,120.0
2025-06-21T18:00_rolling,2025-06-21 18:00:00,2025-06-21 18:10:00,2025-06-22 18:00:00,2025-06-21 18:00:00,2025-06-21 22:20:00,260,0.0,0.0,attachment3_10min_interpolation,1034.1,2025-06-21 18:00:00,536.3616499999999,2025-06-14 22:20:00,actual_same_interval_7_days_ago,2025-06-21 18:00:00,108,144,True,536.3616499999999,0.0,0.0,0.0,1200.0,1200.0,536.3616499999999,120.0
2025-06-21T18:00_rolling,2025-06-21 18:00:00,2025-06-21 18:10:00,2025-06-22 18:00:00,2025-06-21 18:00:00,2025-06-21 22:30:00,270,0.0,0.0,attachment3_10min_interpolation,1034.1,2025-06-21 18:00:00,531.6983333333334,2025-06-14 22:30:00,actual_same_interval_7_days_ago,2025-06-21 18:00:00,108,144,True,531.6983333333334,0.0,0.0,0.0,1200.0,1200.0,531.6983333333334,120.0
2025-06-21T18:00_rolling,2025-06-21 18:00:00,2025-06-21 18:10:00,2025-06-22 18:00:00,2025-06-21 18:00:00,2025-06-21 22:40:00,280,0.0,0.0,attachment3_10min_interpolation,1034.1,2025-06-21 18:00:00,578.8273166666667,2025-06-14 22:40:00,actual_same_interval_7_days_ago,2025-06-21 18:00:00,108,144,True,578.8273166666667,0.0,0.0,0.0,1200.0,1200.0,578.8273166666667,120.0
2025-06-21T18:00_rolling,2025-06-21 18:00:00,2025-06-21 18:10:00,2025-06-22 18:00:00,2025-06-21 18:00:00,2025-06-21 22:50:00,290,0.0,0.0,attachment3_10min_interpolation,1034.1,2025-06-21 18:00:00,608.9878166666666,2025-06-14 22:50:00,actual_same_interval_7_days_ago,2025-06-21 18:00:00,108,144,True,608.9878166666666,0.0,0.0,0.0,1200.0,1200.0,608.9878166666666,120.0
2025-06-21T18:00_rolling,2025-06-21 18:00:00,2025-06-21 18:10:00,2025-06-22 18:00:00,2025-06-21 18:00:00,2025-06-21 23:00:00,300,0.0,0.0,attachment3_10min_interpolation,1034.1,2025-06-21 18:00:00,577.205,2025-06-14 23:00:00,actual_same_interval_7_days_ago,2025-06-21 18:00:00,108,144,True,577.205,0.0,0.0,0.0,1200.0,1200.0,577.205,120.0
2025-06-21T18:00_rolling,2025-06-21 18:00:00,2025-06-21 18:10:00,2025-06-22 18:00:00,2025-06-21 18:00:00,2025-06-21 23:10:00,310,0.0,0.0,attachment3_10min_interpolation,1034.1,2025-06-21 18:00:00,508.0796666666667,2025-06-14 23:10:00,actual_same_interval_7_days_ago,2025-06-21 18:00:00,108,144,True,508.0796666666667,0.0,0.0,0.0,1200.0,1200.0,508.0796666666667,120.0
2025-06-21T18:00_rolling,2025-06-21 18:00:00,2025-06-21 18:10:00,2025-06-22 18:00:00,2025-06-21 18:00:00,2025-06-21 23:20:00,320,0.0,0.0,attachment3_10min_interpolation,1034.1,2025-06-21 18:00:00,484.2649833333333,2025-06-14 23:20:00,actual_same_interval_7_days_ago,2025-06-21 18:00:00,108,144,True,484.2649833333333,0.0,0.0,0.0,1200.0,1200.0,484.2649833333333,120.0
2025-06-21T18:00_rolling,2025-06-21 18:00:00,2025-06-21 18:10:00,2025-06-22 18:00:00,2025-06-21 18:00:00,2025-06-21 23:30:00,330,0.0,0.0,attachment3_10min_interpolation,1034.1,2025-06-21 18:00:00,511.99,2025-06-14 23:30:00,actual_same_interval_7_days_ago,2025-06-21 18:00:00,108,144,True,511.99,0.0,0.0,0.0,1200.0,1200.0,511.99,120.0
2025-06-21T18:00_rolling,2025-06-21 18:00:00,2025-06-21 18:10:00,2025-06-22 18:00:00,2025-06-21 18:00:00,2025-06-21 23:40:00,340,0.0,0.0,attachment3_10min_interpolation,1034.1,2025-06-21 18:00:00,532.2109166666667,2025-06-14 23:40:00,actual_same_interval_7_days_ago,2025-06-21 18:00:00,108,144,True,532.2109166666667,0.0,0.0,0.0,1200.0,1200.0,532.2109166666667,120.0
2025-06-21T18:00_rolling,2025-06-21 18:00:00,2025-06-21 18:10:00,2025-06-22 18:00:00,2025-06-21 18:00:00,2025-06-21 23:50:00,350,0.0,0.0,attachment3_10min_interpolation,1034.1,2025-06-21 18:00:00,582.9702166666667,2025-06-14 23:50:00,actual_same_interval_7_days_ago,2025-06-21 18:00:00,108,144,True,582.9702166666667,0.0,0.0,0.0,1200.0,1200.0,582.9702166666667,120.0
2025-06-21T18:00_rolling,2025-06-21 18:00:00,2025-06-21 18:10:00,2025-06-22 18:00:00,2025-06-21 18:00:00,2025-06-22 00:00:00,360,0.0,0.0,attachment3_10min_interpolation,1034.1,2025-06-21 18:00:00,654.8966666666666,2025-06-15 00:00:00,actual_same_interval_7_days_ago,2025-06-21 18:00:00,108,144,True,654.8966666666666,0.0,0.0,0.0,1200.0,1200.0,654.8966666666666,120.0
2025-06-21T18:00_rolling,2025-06-21 18:00:00,2025-06-21 18:10:00,2025-06-22 18:00:00,2025-06-21 18:00:00,2025-06-22 00:10:00,370,0.0,0.0,attachment3_10min_interpolation,1034.1,2025-06-21 18:00:00,684.0747166666666,2025-06-15 00:10:00,actual_same_interval_7_days_ago,2025-06-21 18:00:00,108,144,False,1484.0747166666665,800.0,0.0,0.0,1200.0,1920.0,,120.0
2025-06-21T18:00_rolling,2025-06-21 18:00:00,2025-06-21 18:10:00,2025-06-22 18:00:00,2025-06-21 18:00:00,2025-06-22 00:20:00,380,0.0,0.0,attachment3_10min_interpolation,1034.1,2025-06-21 18:00:00,678.8822,2025-06-15 00:20:00,actual_same_interval_7_days_ago,2025-06-21 18:00:00,108,144,False,1478.8822,800.0,0.0,0.0,1920.0,2640.0,,120.0
2025-06-21T18:00_rolling,2025-06-21 18:00:00,2025-06-21 18:10:00,2025-06-22 18:00:00,2025-06-21 18:00:00,2025-06-22 00:30:00,390,0.0,0.0,attachment3_10min_interpolation,1034.1,2025-06-21 18:00:00,661.0766666666667,2025-06-15 00:30:00,actual_same_interval_7_days_ago,2025-06-21 18:00:00,108,144,False,1461.0766666666668,800.0,0.0,0.0,2640.0,3360.0,,120.0
2025-06-21T18:00_rolling,2025-06-21 18:00:00,2025-06-21 18:10:00,2025-06-22 18:00:00,2025-06-21 18:00:00,2025-06-22 00:40:00,400,0.0,0.0,attachment3_10min_interpolation,1034.1,2025-06-21 18:00:00,645.5355833333333,2025-06-15 00:40:00,actual_same_interval_7_days_ago,2025-06-21 18:00:00,108,144,False,1445.5355833333333,800.0,0.0,0.0,3360.0,4080.0,,120.0
2025-06-21T18:00_rolling,2025-06-21 18:00:00,2025-06-21 18:10:00,2025-06-22 18:00:00,2025-06-21 18:00:00,2025-06-22 00:50:00,410,0.0,0.0,attachment3_10min_interpolation,1034.1,2025-06-21 18:00:00,640.8022,2025-06-15 00:50:00,actual_same_interval_7_days_ago,2025-06-21 18:00:00,108,144,False,1440.8022,800.0,0.0,0.0,4080.0,4800.0,,120.0
2025-06-21T18:00_rolling,2025-06-21 18:00:00,2025-06-21 18:10:00,2025-06-22 18:00:00,2025-06-21 18:00:00,2025-06-22 01:00:00,420,0.0,0.0,attachment3_10min_interpolation,1034.1,2025-06-21 18:00:00,636.08,2025-06-15 01:00:00,actual_same_interval_7_days_ago,2025-06-21 18:00:00,108,144,False,1436.08,800.0,0.0,0.0,4800.0,5520.0,,120.0
2025-06-21T18:00_rolling,2025-06-21 18:00:00,2025-06-21 18:10:00,2025-06-22 18:00:00,2025-06-21 18:00:00,2025-06-22 01:10:00,430,0.0,0.0,attachment3_10min_interpolation,1034.1,2025-06-21 18:00:00,615.0706833333334,2025-06-15 01:10:00,actual_same_interval_7_days_ago,2025-06-21 18:00:00,108,144,False,1415.0706833333334,800.0,0.0,0.0,5520.0,6240.0,,120.0
2025-06-21T18:00_rolling,2025-06-21 18:00:00,2025-06-21 18:10:00,2025-06-22 18:00:00,2025-06-21 18:00:00,2025-06-22 01:20:00,440,0.0,0.0,attachment3_10min_interpolation,1034.1,2025-06-21 18:00:00,609.3430666666667,2025-06-15 01:20:00,actual_same_interval_7_days_ago,2025-06-21 18:00:00,108,144,False,1409.3430666666668,800.0,0.0,0.0,6240.0,6960.0,,120.0
2025-06-21T18:00_rolling,2025-06-21 18:00:00,2025-06-21 18:10:00,2025-06-22 18:00:00,2025-06-21 18:00:00,2025-06-22 01:30:00,450,0.0,0.0,attachment3_10min_interpolation,1034.1,2025-06-21 18:00:00,630.9633333333334,2025-06-15 01:30:00,actual_same_interval_7_days_ago,2025-06-21 18:00:00,108,144,False,1430.9633333333334,800.0,0.0,0.0,6960.0,7680.0,,120.0
2025-06-21T18:00_rolling,2025-06-21 18:00:00,2025-06-21 18:10:00,2025-06-22 18:00:00,2025-06-21 18:00:00,2025-06-22 01:40:00,460,0.0,0.0,attachment3_10min_interpolation,1034.1,2025-06-21 18:00:00,657.95325,2025-06-15 01:40:00,actual_same_interval_7_days_ago,2025-06-21 18:00:00,108,144,False,924.6199166666668,266.6666666666667,0.0,0.0,7680.0,7920.0,,120.0
2025-06-21T18:00_rolling,2025-06-21 18:00:00,2025-06-21 18:10:00,2025-06-22 18:00:00,2025-06-21 18:00:00,2025-06-22 01:50:00,470,0.0,0.0,attachment3_10min_interpolation,1034.1,2025-06-21 18:00:00,660.1278666666666,2025-06-15 01:50:00,actual_same_interval_7_days_ago,2025-06-21 18:00:00,108,144,False,660.1278666666666,0.0,0.0,0.0,7920.0,7920.0,,120.0
2025-06-21T18:00_rolling,2025-06-21 18:00:00,2025-06-21 18:10:00,2025-06-22 18:00:00,2025-06-21 18:00:00,2025-06-22 02:00:00,480,0.0,0.0,attachment3_10min_interpolation,1034.1,2025-06-21 18:00:00,635.3966666666666,2025-06-15 02:00:00,actual_same_interval_7_days_ago,2025-06-21 18:00:00,108,144,False,1435.3966666666665,800.0,0.0,0.0,7920.0,8640.0,,120.0
2025-06-21T18:00_rolling,2025-06-21 18:00:00,2025-06-21 18:10:00,2025-06-22 18:00:00,2025-06-21 18:00:00,2025-06-22 02:10:00,490,0.0,0.0,attachment3_10min_interpolation,1034.1,2025-06-21 18:00:00,614.5812,2025-06-15 02:10:00,actual_same_interval_7_days_ago,2025-06-21 18:00:00,108,144,False,1414.5812,800.0,0.0,0.0,8640.0,9360.0,,120.0
2025-06-21T18:00_rolling,2025-06-21 18:00:00,2025-06-21 18:10:00,2025-06-22 18:00:00,2025-06-21 18:00:00,2025-06-22 02:20:00,500,0.0,0.0,attachment3_10min_interpolation,1034.1,2025-06-21 18:00:00,637.5159166666666,2025-06-15 02:20:00,actual_same_interval_7_days_ago,2025-06-21 18:00:00,108,144,False,637.5159166666666,0.0,0.0,0.0,9360.0,9360.0,,120.0
2025-06-21T18:00_rolling,2025-06-21 18:00:00,2025-06-21 18:10:00,2025-06-22 18:00:00,2025-06-21 18:00:00,2025-06-22 02:30:00,510,0.0,0.0,attachment3_10min_interpolation,1034.1,2025-06-21 18:00:00,667.6516666666666,2025-06-15 02:30:00,actual_same_interval_7_days_ago,2025-06-21 18:00:00,108,144,False,667.6516666666666,0.0,0.0,0.0,9360.0,9360.0,,120.0
2025-06-21T18:00_rolling,2025-06-21 18:00:00,2025-06-21 18:10:00,2025-06-22 18:00:00,2025-06-21 18:00:00,2025-06-22 02:40:00,520,0.0,0.0,attachment3_10min_interpolation,1034.1,2025-06-21 18:00:00,627.2177333333333,2025-06-15 02:40:00,actual_same_interval_7_days_ago,2025-06-21 18:00:00,108,144,False,627.2177333333333,0.0,0.0,0.0,9360.0,9360.0,,120.0
2025-06-21T18:00_rolling,2025-06-21 18:00:00,2025-06-21 18:10:00,2025-06-22 18:00:00,2025-06-21 18:00:00,2025-06-22 02:50:00,530,0.0,0.0,attachment3_10min_interpolation,1034.1,2025-06-21 18:00:00,584.1971833333333,2025-06-15 02:50:00,actual_same_interval_7_days_ago,2025-06-21 18:00:00,108,144,False,584.1971833333333,0.0,0.0,0.0,9360.0,9360.0,,120.0
2025-06-21T18:00_rolling,2025-06-21 18:00:00,2025-06-21 18:10:00,2025-06-22 18:00:00,2025-06-21 18:00:00,2025-06-22 03:00:00,540,0.0,0.0,attachment3_10min_interpolation,1034.1,2025-06-21 18:00:00,584.7883333333333,2025-06-15 03:00:00,actual_same_interval_7_days_ago,2025-06-21 18:00:00,108,144,False,584.7883333333333,0.0,0.0,0.0,9360.0,9360.0,,120.0
2025-06-21T18:00_rolling,2025-06-21 18:00:00,2025-06-21 18:10:00,2025-06-22 18:00:00,2025-06-21 18:00:00,2025-06-22 03:10:00,550,0.0,0.0,attachment3_10min_interpolation,1034.1,2025-06-21 18:00:00,611.44615,2025-06-15 03:10:00,actual_same_interval_7_days_ago,2025-06-21 18:00:00,108,144,False,611.44615,0.0,0.0,0.0,9360.0,9360.0,,120.0
2025-06-21T18:00_rolling,2025-06-21 18:00:00,2025-06-21 18:10:00,2025-06-22 18:00:00,2025-06-21 18:00:00,2025-06-22 03:20:00,560,0.0,0.0,attachment3_10min_interpolation,1034.1,2025-06-21 18:00:00,629.4186166666667,2025-06-15 03:20:00,actual_same_interval_7_days_ago,2025-06-21 18:00:00,108,144,False,629.4186166666667,0.0,0.0,0.0,9360.0,9360.0,,120.0
2025-06-21T18:00_rolling,2025-06-21 18:00:00,2025-06-21 18:10:00,2025-06-22 18:00:00,2025-06-21 18:00:00,2025-06-22 03:30:00,570,0.0,0.0,attachment3_10min_interpolation,1034.1,2025-06-21 18:00:00,632.87,2025-06-15 03:30:00,actual_same_interval_7_days_ago,2025-06-21 18:00:00,108,144,False,632.87,0.0,0.0,0.0,9360.0,9360.0,,120.0
2025-06-21T18:00_rolling,2025-06-21 18:00:00,2025-06-21 18:10:00,2025-06-22 18:00:00,2025-06-21 18:00:00,2025-06-22 03:40:00,580,0.0,0.0,attachment3_10min_interpolation,1034.1,2025-06-21 18:00:00,638.7567833333334,2025-06-15 03:40:00,actual_same_interval_7_days_ago,2025-06-21 18:00:00,108,144,False,638.7567833333334,0.0,0.0,0.0,9360.0,9360.0,,120.0
2025-06-21T18:00_rolling,2025-06-21 18:00:00,2025-06-21 18:10:00,2025-06-22 18:00:00,2025-06-21 18:00:00,2025-06-22 03:50:00,590,0.0,0.0,attachment3_10min_interpolation,1034.1,2025-06-21 18:00:00,626.7507833333333,2025-06-15 03:50:00,actual_same_interval_7_days_ago,2025-06-21 18:00:00,108,144,False,626.7507833333333,0.0,0.0,0.0,9360.0,9360.0,,120.0
2025-06-21T18:00_rolling,2025-06-21 18:00:00,2025-06-21 18:10:00,2025-06-22 18:00:00,2025-06-21 18:00:00,2025-06-22 04:00:00,600,0.0,0.0,attachment3_10min_interpolation,1034.1,2025-06-21 18:00:00,608.29,2025-06-15 04:00:00,actual_same_interval_7_days_ago,2025-06-21 18:00:00,108,144,False,608.29,0.0,0.0,0.0,9360.0,9360.0,,120.0
2025-06-21T18:00_rolling,2025-06-21 18:00:00,2025-06-21 18:10:00,2025-06-22 18:00:00,2025-06-21 18:00:00,2025-06-22 04:10:00,610,1.6687499999999995,0.2781249999999999,attachment3_10min_interpolation,1034.1,2025-06-21 18:00:00,619.6829,2025-06-15 04:10:00,actual_same_interval_7_days_ago,2025-06-21 18:00:00,108,144,False,619.404775,0.0,0.0,0.0,9360.0,9360.0,,120.0
2025-06-21T18:00_rolling,2025-06-21 18:00:00,2025-06-21 18:10:00,2025-06-22 18:00:00,2025-06-21 18:00:00,2025-06-22 04:20:00,620,3.3374999999999995,0.5562499999999999,attachment3_10min_interpolation,1034.1,2025-06-21 18:00:00,631.84095,2025-06-15 04:20:00,actual_same_interval_7_days_ago,2025-06-21 18:00:00,108,144,False,631.2847,0.0,0.0,0.0,9360.0,9360.0,,120.0
2025-06-21T18:00_rolling,2025-06-21 18:00:00,2025-06-21 18:10:00,2025-06-22 18:00:00,2025-06-21 18:00:00,2025-06-22 04:30:00,630,5.00625,0.834375,attachment3_10min_interpolation,1034.1,2025-06-21 18:00:00,619.4033333333333,2025-06-15 04:30:00,actual_same_interval_7_days_ago,2025-06-21 18:00:00,108,144,False,618.5689583333333,0.0,0.0,0.0,9360.0,9360.0,,120.0
2025-06-21T18:00_rolling,2025-06-21 18:00:00,2025-06-21 18:10:00,2025-06-22 18:00:00,2025-06-21 18:00:00,2025-06-22 04:40:00,640,6.674999999999999,1.1124999999999998,attachment3_10min_interpolation,1034.1,2025-06-21 18:00:00,588.5414833333333,2025-06-15 04:40:00,actual_same_interval_7_days_ago,2025-06-21 18:00:00,108,144,False,587.4289833333333,0.0,0.0,0.0,9360.0,9360.0,,120.0
2025-06-21T18:00_rolling,2025-06-21 18:00:00,2025-06-21 18:10:00,2025-06-22 18:00:00,2025-06-21 18:00:00,2025-06-22 04:50:00,650,8.343749999999998,1.3906249999999998,attachment3_10min_interpolation,1034.1,2025-06-21 18:00:00,586.6829166666666,2025-06-15 04:50:00,actual_same_interval_7_days_ago,2025-06-21 18:00:00,108,144,False,585.2922916666666,0.0,0.0,0.0,9360.0,9360.0,,120.0
2025-06-21T18:00_rolling,2025-06-21 18:00:00,2025-06-21 18:10:00,2025-06-22 18:00:00,2025-06-21 18:00:00,2025-06-22 05:00:00,660,10.0125,1.66875,attachment3_10min_interpolation,1034.1,2025-06-21 18:00:00,608.9183333333334,2025-06-15 05:00:00,actual_same_interval_7_days_ago,2025-06-21 18:00:00,108,144,False,607.2495833333334,0.0,0.0,0.0,9360.0,9360.0,,120.0
2025-06-21T18:00_rolling,2025-06-21 18:00:00,2025-06-21 18:10:00,2025-06-22 18:00:00,2025-06-21 18:00:00,2025-06-22 05:10:00,670,227.83125,37.971875000000004,attachment3_10min_interpolation,1034.1,2025-06-21 18:00:00,606.2741,2025-06-15 05:10:00,actual_same_interval_7_days_ago,2025-06-21 18:00:00,108,144,False,568.302225,0.0,0.0,0.0,9360.0,9360.0,,120.0
2025-06-21T18:00_rolling,2025-06-21 18:00:00,2025-06-21 18:10:00,2025-06-22 18:00:00,2025-06-21 18:00:00,2025-06-22 05:20:00,680,445.65,74.27499999999999,attachment3_10min_interpolation,1034.1,2025-06-21 18:00:00,601.54075,2025-06-15 05:20:00,actual_same_interval_7_days_ago,2025-06-21 18:00:00,108,144,False,527.26575,0.0,0.0,0.0,9360.0,9360.0,,120.0
2025-06-21T18:00_rolling,2025-06-21 18:00:00,2025-06-21 18:10:00,2025-06-22 18:00:00,2025-06-21 18:00:00,2025-06-22 05:30:00,690,663.46875,110.578125,attachment3_10min_interpolation,1034.1,2025-06-21 18:00:00,597.945,2025-06-15 05:30:00,actual_same_interval_7_days_ago,2025-06-21 18:00:00,108,144,False,1287.3668750000002,800.0,0.0,0.0,9360.0,10080.0,,120.0
2025-06-21T18:00_rolling,2025-06-21 18:00:00,2025-06-21 18:10:00,2025-06-22 18:00:00,2025-06-21 18:00:00,2025-06-22 05:40:00,700,881.2874999999999,146.88125,attachment3_10min_interpolation,1034.1,2025-06-21 18:00:00,589.4202333333334,2025-06-15 05:40:00,actual_same_interval_7_days_ago,2025-06-21 18:00:00,108,144,False,1242.5389833333334,800.0,0.0,0.0,10080.0,10800.0,,120.0
2025-06-21T18:00_rolling,2025-06-21 18:00:00,2025-06-21 18:10:00,2025-06-22 18:00:00,2025-06-21 18:00:00,2025-06-22 05:50:00,710,1099.1062499999998,183.18437499999996,attachment3_10min_interpolation,1034.1,2025-06-21 18:00:00,677.3178333333334,2025-06-15 05:50:00,actual_same_interval_7_days_ago,2025-06-21 18:00:00,108,144,False,62.133458333333465,0.0,432.0,0.0,10800.0,10320.0,,120.0
2025-06-21T18:00_rolling,2025-06-21 18:00:00,2025-06-21 18:10:00,2025-06-22 18:00:00,2025-06-21 18:00:00,2025-06-22 06:00:00,720,1316.925,219.48749999999998,attachment3_10min_interpolation,1034.1,2025-06-21 18:00:00,804.34,2025-06-15 06:00:00,actual_same_interval_7_days_ago,2025-06-21 18:00:00,108,144,False,44.85250000000008,0.0,540.0,0.0,10320.0,9720.0,,120.0
2025-06-21T18:00_rolling,2025-06-21 18:00:00,2025-06-21 18:10:00,2025-06-22 18:00:00,2025-06-21 18:00:00,2025-06-22 06:10:00,730,1604.50625,267.41770833333334,attachment3_10min_interpolation,1034.1,2025-06-21 18:00:00,800.8889333333333,2025-06-15 06:10:00,actual_same_interval_7_days_ago,2025-06-21 18:00:00,108,144,False,0.0,0.0,540.0,6.528774999999996,9720.0,9120.0,,120.0
2025-06-21T18:00_rolling,2025-06-21 18:00:00,2025-06-21 18:10:00,2025-06-22 18:00:00,2025-06-21 18:00:00,2025-06-22 06:20:00,740,1892.0875,315.34791666666666,attachment3_10min_interpolation,1034.1,2025-06-21 18:00:00,785.7382666666667,2025-06-15 06:20:00,actual_same_interval_7_days_ago,2025-06-21 18:00:00,108,144,False,38.39035000000007,0.0,432.0,0.0,9120.0,8640.0,,120.0
2025-06-21T18:00_rolling,2025-06-21 18:00:00,2025-06-21 18:10:00,2025-06-22 18:00:00,2025-06-21 18:00:00,2025-06-22 06:30:00,750,2179.66875,363.278125,attachment3_10min_interpolation,1034.1,2025-06-21 18:00:00,812.5216666666666,2025-06-15 06:30:00,actual_same_interval_7_days_ago,2025-06-21 18:00:00,108,144,False,17.24354166666666,0.0,432.0,0.0,8640.0,8160.0,,120.0
2025-06-21T18:00_rolling,2025-06-21 18:00:00,2025-06-21 18:10:00,2025-06-22 18:00:00,2025-06-21 18:00:00,2025-06-22 06:40:00,760,2467.25,411.2083333333333,attachment3_10min_interpolation,1034.1,2025-06-21 18:00:00,816.2738833333333,2025-06-15 06:40:00,actual_same_interval_7_days_ago,2025-06-21 18:00:00,108,144,False,0.0,0.0,432.0,26.934450000000027,8160.0,7680.0,,120.0
2025-06-21T18:00_rolling,2025-06-21 18:00:00,2025-06-21 18:10:00,2025-06-22 18:00:00,2025-06-21 18:00:00,2025-06-22 06:50:00,770,2754.83125,459.1385416666667,attachment3_10min_interpolation,1034.1,2025-06-21 18:00:00,813.2532833333333,2025-06-15 06:50:00,actual_same_interval_7_days_ago,2025-06-21 18:00:00,108,144,False,30.114741666666646,0.0,324.0,0.0,7680.0,7320.0,,120.0
2025-06-21T18:00_rolling,2025-06-21 18:00:00,2025-06-21 18:10:00,2025-06-22 18:00:00,2025-06-21 18:00:00,2025-06-22 07:00:00,780,3042.4125,507.06874999999997,attachment3_10min_interpolation,1034.1,2025-06-21 18:00:00,807.7800000000001,2025-06-15 07:00:00,actual_same_interval_7_days_ago,2025-06-21 18:00:00,108,144,False,0.0,0.0,324.0,23.28874999999988,7320.0,6960.0,,120.0
2025-06-21T18:00_rolling,2025-06-21 18:00:00,2025-06-21 18:10:00,2025-06-22 18:00:00,2025-06-21 18:00:00,2025-06-22 07:10:00,790,3367.9125,561.31875,attachment3_10min_interpolation,1034.1,2025-06-21 18:00:00,785.0929500000001,2025-06-15 07:10:00,actual_same_interval_7_days_ago,2025-06-21 18:00:00,108,144,False,7.774200000000064,0.0,216.0,0.0,6960.0,6720.0,,120.0
2025-06-21T18:00_rolling,2025-06-21 18:00:00,2025-06-21 18:10:00,2025-06-22 18:00:00,2025-06-21 18:00:00,2025-06-22 07:20:00,800,3693.4125,615.56875,attachment3_10min_interpolation,1034.1,2025-06-21 18:00:00,785.8608833333333,2025-06-15 07:20:00,actual_same_interval_7_days_ago,2025-06-21 18:00:00,108,144,False,62.292133333333254,0.0,108.0,0.0,6720.0,6600.0,,120.0
2025-06-21T18:00_rolling,2025-06-21 18:00:00,2025-06-21 18:10:00,2025-06-22 18:00:00,2025-06-21 18:00:00,2025-06-22 07:30:00,810,4018.9125,669.81875,attachment3_10min_interpolation,1034.1,2025-06-21 18:00:00,788.9083333333333,2025-06-15 07:30:00,actual_same_interval_7_days_ago,2025-06-21 18:00:00,108,144,False,11.08958333333328,0.0,108.0,0.0,6600.0,6480.0,,120.0
2025-06-21T18:00_rolling,2025-06-21 18:00:00,2025-06-21 18:10:00,2025-06-22 18:00:00,2025-06-21 18:00:00,2025-06-22 07:40:00,820,4344.4125,724.06875,attachment3_10min_interpolation,1034.1,2025-06-21 18:00:00,756.8593833333333,2025-06-15 07:40:00,actual_same_interval_7_days_ago,2025-06-21 18:00:00,108,144,False,32.79063333333329,0.0,0.0,0.0,6480.0,6480.0,,120.0
2025-06-21T18:00_rolling,2025-06-21 18:00:00,2025-06-21 18:10:00,2025-06-22 18:00:00,2025-06-21 18:00:00,2025-06-22 07:50:00,830,4669.9125,778.31875,attachment3_10min_interpolation,1034.1,2025-06-21 18:00:00,878.24235,2025-06-15 07:50:00,actual_same_interval_7_days_ago,2025-06-21 18:00:00,108,144,False,0.0,0.0,108.0,8.076400000000035,6480.0,6360.0,,120.0
2025-06-21T18:00_rolling,2025-06-21 18:00:00,2025-06-21 18:10:00,2025-06-22 18:00:00,2025-06-21 18:00:00,2025-06-22 08:00:00,840,4995.4125,832.56875,attachment3_10min_interpolation,1034.1,2025-06-21 18:00:00,1089.8316666666667,2025-06-15 08:00:00,actual_same_interval_7_days_ago,2025-06-21 18:00:00,108,144,False,41.26291666666668,0.0,216.0,0.0,6360.0,6120.0,,120.0
2025-06-21T18:00_rolling,2025-06-21 18:00:00,2025-06-21 18:10:00,2025-06-22 18:00:00,2025-06-21 18:00:00,2025-06-22 08:10:00,850,5235.29375,872.5489583333333,attachment3_10min_interpolation,1034.1,2025-06-21 18:00:00,1118.825466666667,2025-06-15 08:10:00,actual_same_interval_7_days_ago,2025-06-21 18:00:00,108,144,False,30.276508333333595,0.0,216.0,0.0,6120.0,5880.0,,120.0
2025-06-21T18:00_rolling,2025-06-21 18:00:00,2025-06-21 18:10:00,2025-06-22 18:00:00,2025-06-21 18:00:00,2025-06-22 08:20:00,860,5475.175,912.5291666666667,attachment3_10min_interpolation,1034.1,2025-06-21 18:00:00,1084.8721666666668,2025-06-15 08:20:00,actual_same_interval_7_days_ago,2025-06-21 18:00:00,108,144,False,0.0,0.0,216.0,43.656999999999925,5880.0,5640.0,,120.0
2025-06-21T18:00_rolling,2025-06-21 18:00:00,2025-06-21 18:10:00,2025-06-22 18:00:00,2025-06-21 18:00:00,2025-06-22 08:30:00,870,5715.05625,952.509375,attachment3_10min_interpolation,1034.1,2025-06-21 18:00:00,1083.8266666666666,2025-06-15 08:30:00,actual_same_interval_7_days_ago,2025-06-21 18:00:00,108,144,False,23.31729166666662,0.0,108.0,0.0,5640.0,5520.0,,120.0
2025-06-21T18:00_rolling,2025-06-21 18:00:00,2025-06-21 18:10:00,2025-06-22 18:00:00,2025-06-21 18:00:00,2025-06-22 08:40:00,880,5954.9375,992.4895833333334,attachment3_10min_interpolation,1034.1,2025-06-21 18:00:00,1089.3635166666666,2025-06-15 08:40:00,actual_same_interval_7_days_ago,2025-06-21 18:00:00,108,144,False,0.0,0.0,108.0,11.126066666666816,5520.0,5400.0,,120.0
2025-06-21T18:00_rolling,2025-06-21 18:00:00,2025-06-21 18:10:00,2025-06-22 18:00:00,2025-06-21 18:00:00,2025-06-22 08:50:00,890,6194.818749999999,1032.4697916666667,attachment3_10min_interpolation,1034.1,2025-06-21 18:00:00,1088.5453333333332,2025-06-15 08:50:00,actual_same_interval_7_days_ago,2025-06-21 18:00:00,108,144,False,56.075541666666595,0.0,0.0,0.0,5400.0,5400.0,,120.0
2025-06-21T18:00_rolling,2025-06-21 18:00:00,2025-06-21 18:10:00,2025-06-22 18:00:00,2025-06-21 18:00:00,2025-06-22 09:00:00,900,6434.7,1072.45,attachment3_10min_interpolation,1034.1,2025-06-21 18:00:00,1093.63,2025-06-15 09:00:00,actual_same_interval_7_days_ago,2025-06-21 18:00:00,108,144,False,21.180000000000064,0.0,0.0,0.0,5400.0,5400.0,,120.0
2025-06-21T18:00_rolling,2025-06-21 18:00:00,2025-06-21 18:10:00,2025-06-22 18:00:00,2025-06-21 18:00:00,2025-06-22 09:10:00,910,6649.86875,1108.3114583333333,attachment3_10min_interpolation,1034.1,2025-06-21 18:00:00,1120.7055,2025-06-15 09:10:00,actual_same_interval_7_days_ago,2025-06-21 18:00:00,108,144,False,12.39404166666668,0.0,0.0,0.0,5400.0,5400.0,,120.0
2025-06-21T18:00_rolling,2025-06-21 18:00:00,2025-06-21 18:10:00,2025-06-22 18:00:00,2025-06-21 18:00:00,2025-06-22 09:20:00,920,6865.037499999999,1144.1729166666667,attachment3_10min_interpolation,1034.1,2025-06-21 18:00:00,1121.7845666666667,2025-06-15 09:20:00,actual_same_interval_7_days_ago,2025-06-21 18:00:00,108,144,False,0.0,0.0,0.0,22.388349999999946,5400.0,5400.0,,120.0
2025-06-21T18:00_rolling,2025-06-21 18:00:00,2025-06-21 18:10:00,2025-06-22 18:00:00,2025-06-21 18:00:00,2025-06-22 09:30:00,930,7080.20625,1180.034375,attachment3_10min_interpolation,1034.1,2025-06-21 18:00:00,1089.2683333333332,2025-06-15 09:30:00,actual_same_interval_7_days_ago,2025-06-21 18:00:00,108,144,False,42.56729166666659,133.33333333333334,0.0,0.0,5400.0,5520.0,,120.0
2025-06-21T18:00_rolling,2025-06-21 18:00:00,2025-06-21 18:10:00,2025-06-22 18:00:00,2025-06-21 18:00:00,2025-06-22 09:40:00,940,7295.375,1215.8958333333333,attachment3_10min_interpolation,1034.1,2025-06-21 18:00:00,1065.9559166666666,2025-06-15 09:40:00,actual_same_interval_7_days_ago,2025-06-21 18:00:00,108,144,False,0.0,133.33333333333334,0.0,16.60658333333336,5520.0,5640.0,,120.0
2025-06-21T18:00_rolling,2025-06-21 18:00:00,2025-06-21 18:10:00,2025-06-22 18:00:00,2025-06-21 18:00:00,2025-06-22 09:50:00,950,7510.54375,1251.7572916666666,attachment3_10min_interpolation,1034.1,2025-06-21 18:00:00,1068.65075,2025-06-15 09:50:00,actual_same_interval_7_days_ago,2025-06-21 18:00:00,108,144,False,0.0,133.33333333333334,0.0,49.7732083333332,5640.0,5760.0,,120.0
2025-06-21T18:00_rolling,2025-06-21 18:00:00,2025-06-21 18:10:00,2025-06-22 18:00:00,2025-06-21 18:00:00,2025-06-22 10:00:00,960,7725.7125,1287.6187499999999,attachment3_10min_interpolation,1034.1,2025-06-21 18:00:00,1082.9433333333334,2025-06-15 10:00:00,actual_same_interval_7_days_ago,2025-06-21 18:00:00,108,144,False,0.0,133.33333333333334,0.0,71.34208333333314,5760.0,5880.0,,120.0
2025-06-21T18:00_rolling,2025-06-21 18:00:00,2025-06-21 18:10:00,2025-06-22 18:00:00,2025-06-21 18:00:00,2025-06-22 10:10:00,970,7845.849999999999,1307.6416666666667,attachment3_10min_interpolation,1034.1,2025-06-21 18:00:00,1081.7991166666668,2025-06-15 10:10:00,actual_same_interval_7_days_ago,2025-06-21 18:00:00,108,144,False,40.82411666666684,266.6666666666667,0.0,0.0,5880.0,6120.0,,120.0
2025-06-21T18:00_rolling,2025-06-21 18:00:00,2025-06-21 18:10:00,2025-06-22 18:00:00,2025-06-21 18:00:00,2025-06-22 10:20:00,980,7965.9875,1327.6645833333334,attachment3_10min_interpolation,1034.1,2025-06-21 18:00:00,1083.1165,2025-06-15 10:20:00,actual_same_interval_7_days_ago,2025-06-21 18:00:00,108,144,False,22.118583333333333,266.6666666666667,0.0,0.0,6120.0,6360.0,,120.0
2025-06-21T18:00_rolling,2025-06-21 18:00:00,2025-06-21 18:10:00,2025-06-22 18:00:00,2025-06-21 18:00:00,2025-06-22 10:30:00,990,8086.125,1347.6875,attachment3_10min_interpolation,1034.1,2025-06-21 18:00:00,1095.0516666666667,2025-06-15 10:30:00,actual_same_interval_7_days_ago,2025-06-21 18:00:00,108,144,False,14.030833333333419,266.6666666666667,0.0,0.0,6360.0,6600.0,,120.0
2025-06-21T18:00_rolling,2025-06-21 18:00:00,2025-06-21 18:10:00,2025-06-22 18:00:00,2025-06-21 18:00:00,2025-06-22 10:40:00,1000,8206.2625,1367.7104166666668,attachment3_10min_interpolation,1034.1,2025-06-21 18:00:00,1106.64395,2025-06-15 10:40:00,actual_same_interval_7_days_ago,2025-06-21 18:00:00,108,144,False,5.600199999999802,266.6666666666667,0.0,0.0,6600.0,6840.0,,120.0
2025-06-21T18:00_rolling,2025-06-21 18:00:00,2025-06-21 18:10:00,2025-06-22 18:00:00,2025-06-21 18:00:00,2025-06-22 10:50:00,1010,8326.4,1387.7333333333333,attachment3_10min_interpolation,1034.1,2025-06-21 18:00:00,1114.81595,2025-06-15 10:50:00,actual_same_interval_7_days_ago,2025-06-21 18:00:00,108,144,False,0.0,266.6666666666667,0.0,6.250716666666733,6840.0,7080.0,,120.0
2025-06-21T18:00_rolling,2025-06-21 18:00:00,2025-06-21 18:10:00,2025-06-22 18:00:00,2025-06-21 18:00:00,2025-06-22 11:00:00,1020,8446.5375,1407.7562500000001,attachment3_10min_interpolation,1034.1,2025-06-21 18:00:00,1104.8033333333333,2025-06-15 11:00:00,actual_same_interval_7_days_ago,2025-06-21 18:00:00,108,144,False,97.04708333333315,400.0,0.0,0.0,7080.0,7440.0,,120.0
2025-06-21T18:00_rolling,2025-06-21 18:00:00,2025-06-21 18:10:00,2025-06-22 18:00:00,2025-06-21 18:00:00,2025-06-22 11:10:00,1030,8293.702866666667,1382.2838111111112,attachment3_10min_interpolation,1034.1,2025-06-21 18:00:00,1064.434166666667,2025-06-15 11:10:00,actual_same_interval_7_days_ago,2025-06-21 18:00:00,108,144,False,82.15035555555573,400.0,0.0,0.0,7440.0,7800.0,,120.0
2025-06-21T18:00_rolling,2025-06-21 18:00:00,2025-06-21 18:10:00,2025-06-22 18:00:00,2025-06-21 18:00:00,2025-06-22 11:20:00,1040,8140.868233333334,1356.8113722222222,attachment3_10min_interpolation,1034.1,2025-06-21 18:00:00,1045.2621833333333,2025-06-15 11:20:00,actual_same_interval_7_days_ago,2025-06-21 18:00:00,108,144,False,88.45081111111108,400.0,0.0,0.0,7800.0,8160.0,,120.0
2025-06-21T18:00_rolling,2025-06-21 18:00:00,2025-06-21 18:10:00,2025-06-22 18:00:00,2025-06-21 18:00:00,2025-06-22 11:30:00,1050,7988.033600000001,1331.3389333333334,attachment3_10min_interpolation,1034.1,2025-06-21 18:00:00,1064.6933333333334,2025-06-15 11:30:00,actual_same_interval_7_days_ago,2025-06-21 18:00:00,108,144,False,0.021066666666627043,266.6666666666667,0.0,0.0,8160.0,8400.0,,120.0
2025-06-21T18:00_rolling,2025-06-21 18:00:00,2025-06-21 18:10:00,2025-06-22 18:00:00,2025-06-21 18:00:00,2025-06-22 11:40:00,1060,7835.198966666667,1305.8664944444445,attachment3_10min_interpolation,1034.1,2025-06-21 18:00:00,1084.3304666666666,2025-06-15 11:40:00,actual_same_interval_7_days_ago,2025-06-21 18:00:00,108,144,False,45.13063888888877,266.6666666666667,0.0,0.0,8400.0,8640.0,,120.0
2025-06-21T18:00_rolling,2025-06-21 18:00:00,2025-06-21 18:10:00,2025-06-22 18:00:00,2025-06-21 18:00:00,2025-06-22 11:50:00,1070,7682.364333333334,1280.3940555555557,attachment3_10min_interpolation,1034.1,2025-06-21 18:00:00,1048.18395,2025-06-15 11:50:00,actual_same_interval_7_days_ago,2025-06-21 18:00:00,108,144,False,34.45656111111106,266.6666666666667,0.0,0.0,8640.0,8880.0,,120.0
2025-06-21T18:00_rolling,2025-06-21 18:00:00,2025-06-21 18:10:00,2025-06-22 18:00:00,2025-06-21 18:00:00,2025-06-22 12:00:00,1080,7529.5297,1254.9216166666668,attachment3_10min_interpolation,1034.1,2025-06-21 18:00:00,1003.1833333333334,2025-06-15 12:00:00,actual_same_interval_7_days_ago,2025-06-21 18:00:00,108,144,False,14.92838333333333,266.6666666666667,0.0,0.0,8880.0,9120.0,,120.0
2025-06-21T18:00_rolling,2025-06-21 18:00:00,2025-06-21 18:10:00,2025-06-22 18:00:00,2025-06-21 18:00:00,2025-06-22 12:10:00,1090,7258.658133333333,1209.7763555555555,attachment3_10min_interpolation,1034.1,2025-06-21 18:00:00,1044.5873333333334,2025-06-15 12:10:00,actual_same_interval_7_days_ago,2025-06-21 18:00:00,108,144,False,634.8109777777779,800.0,0.0,0.0,9120.0,9840.0,,120.0
2025-06-21T18:00_rolling,2025-06-21 18:00:00,2025-06-21 18:10:00,2025-06-22 18:00:00,2025-06-21 18:00:00,2025-06-22 12:20:00,1100,6987.786566666667,1164.6310944444444,attachment3_10min_interpolation,1034.1,2025-06-21 18:00:00,1042.3318,2025-06-15 12:20:00,actual_same_interval_7_days_ago,2025-06-21 18:00:00,108,144,False,11.03403888888883,133.33333333333334,0.0,0.0,9840.0,9960.0,,120.0
2025-06-21T18:00_rolling,2025-06-21 18:00:00,2025-06-21 18:10:00,2025-06-22 18:00:00,2025-06-21 18:00:00,2025-06-22 12:30:00,1110,6716.915,1119.4858333333334,attachment3_10min_interpolation,1034.1,2025-06-21 18:00:00,1000.4283333333332,2025-06-15 12:30:00,actual_same_interval_7_days_ago,2025-06-21 18:00:00,108,144,False,14.27583333333311,133.33333333333334,0.0,0.0,9960.0,10080.0,,120.0
2025-06-21T18:00_rolling,2025-06-21 18:00:00,2025-06-21 18:10:00,2025-06-22 18:00:00,2025-06-21 18:00:00,2025-06-22 12:40:00,1120,6446.043433333333,1074.3405722222221,attachment3_10min_interpolation,1034.1,2025-06-21 18:00:00,1052.8398666666667,2025-06-15 12:40:00,actual_same_interval_7_days_ago,2025-06-21 18:00:00,108,144,False,778.4992944444446,800.0,0.0,0.0,10080.0,10800.0,,120.0
2025-06-21T18:00_rolling,2025-06-21 18:00:00,2025-06-21 18:10:00,2025-06-22 18:00:00,2025-06-21 18:00:00,2025-06-22 12:50:00,1130,6175.171866666667,1029.195311111111,attachment3_10min_interpolation,1034.1,2025-06-21 18:00:00,1092.8272,2025-06-15 12:50:00,actual_same_interval_7_days_ago,2025-06-21 18:00:00,108,144,False,63.63188888888885,0.0,0.0,0.0,10800.0,10800.0,,120.0
2025-06-21T18:00_rolling,2025-06-21 18:00:00,2025-06-21 18:10:00,2025-06-22 18:00:00,2025-06-21 18:00:00,2025-06-22 13:00:00,1140,5904.3003,984.0500499999999,attachment3_10min_interpolation,1034.1,2025-06-21 18:00:00,1083.5833333333333,2025-06-15 13:00:00,actual_same_interval_7_days_ago,2025-06-21 18:00:00,108,144,False,99.53328333333332,0.0,0.0,0.0,10800.0,10800.0,,120.0
2025-06-21T18:00_rolling,2025-06-21 18:00:00,2025-06-21 18:10:00,2025-06-22 18:00:00,2025-06-21 18:00:00,2025-06-22 13:10:00,1150,5745.63495,957.605825,attachment3_10min_interpolation,1034.1,2025-06-21 18:00:00,1094.5323666666666,2025-06-15 13:10:00,actual_same_interval_7_days_ago,2025-06-21 18:00:00,108,144,False,28.926541666666594,0.0,108.0,0.0,10800.0,10680.0,,120.0
2025-06-21T18:00_rolling,2025-06-21 18:00:00,2025-06-21 18:10:00,2025-06-22 18:00:00,2025-06-21 18:00:00,2025-06-22 13:20:00,1160,5586.9696,931.1616,attachment3_10min_interpolation,1034.1,2025-06-21 18:00:00,1093.8006833333334,2025-06-15 13:20:00,actual_same_interval_7_days_ago,2025-06-21 18:00:00,108,144,False,162.63908333333336,0.0,0.0,0.0,10680.0,10680.0,,120.0
2025-06-21T18:00_rolling,2025-06-21 18:00:00,2025-06-21 18:10:00,2025-06-22 18:00:00,2025-06-21 18:00:00,2025-06-22 13:30:00,1170,5428.30425,904.7173750000001,attachment3_10min_interpolation,1034.1,2025-06-21 18:00:00,1082.5583333333334,2025-06-15 13:30:00,actual_same_interval_7_days_ago,2025-06-21 18:00:00,108,144,False,69.84095833333333,0.0,108.0,0.0,10680.0,10560.0,,120.0
2025-06-21T18:00_rolling,2025-06-21 18:00:00,2025-06-21 18:10:00,2025-06-22 18:00:00,2025-06-21 18:00:00,2025-06-22 13:40:00,1180,5269.6389,878.27315,attachment3_10min_interpolation,1034.1,2025-06-21 18:00:00,1099.5016333333333,2025-06-15 13:40:00,actual_same_interval_7_days_ago,2025-06-21 18:00:00,108,144,False,5.228483333333315,0.0,216.0,0.0,10560.0,10320.0,,120.0
2025-06-21T18:00_rolling,2025-06-21 18:00:00,2025-06-21 18:10:00,2025-06-22 18:00:00,2025-06-21 18:00:00,2025-06-22 13:50:00,1190,5110.973550000001,851.8289250000001,attachment3_10min_interpolation,1034.1,2025-06-21 18:00:00,1097.1341333333332,2025-06-15 13:50:00,actual_same_interval_7_days_ago,2025-06-21 18:00:00,108,144,False,29.3052083333331,0.0,216.0,0.0,10320.0,10080.0,,120.0
2025-06-21T18:00_rolling,2025-06-21 18:00:00,2025-06-21 18:10:00,2025-06-22 18:00:00,2025-06-21 18:00:00,2025-06-22 14:00:00,1200,4952.3082,825.3847000000001,attachment3_10min_interpolation,1034.1,2025-06-21 18:00:00,1073.6833333333334,2025-06-15 14:00:00,actual_same_interval_7_days_ago,2025-06-21 18:00:00,108,144,False,32.29863333333333,0.0,216.0,0.0,10080.0,9840.0,,120.0
2025-06-21T18:00_rolling,2025-06-21 18:00:00,2025-06-21 18:10:00,2025-06-22 18:00:00,2025-06-21 18:00:00,2025-06-22 14:10:00,1210,4776.81105,796.135175,attachment3_10min_interpolation,1034.1,2025-06-21 18:00:00,1080.7736166666666,2025-06-15 14:10:00,actual_same_interval_7_days_ago,2025-06-21 18:00:00,108,144,False,68.63844166666661,0.0,216.0,0.0,9840.0,9600.0,,120.0
2025-06-21T18:00_rolling,2025-06-21 18:00:00,2025-06-21 18:10:00,2025-06-22 18:00:00,2025-06-21 18:00:00,2025-06-22 14:20:00,1220,4601.3139,766.88565,attachment3_10min_interpolation,1034.1,2025-06-21 18:00:00,1111.1286333333337,2025-06-15 14:20:00,actual_same_interval_7_days_ago,2025-06-21 18:00:00,108,144,False,20.242983333333655,0.0,324.0,0.0,9600.0,9240.0,,120.0
2025-06-21T18:00_rolling,2025-06-21 18:00:00,2025-06-21 18:10:00,2025-06-22 18:00:00,2025-06-21 18:00:00,2025-06-22 14:30:00,1230,4425.81675,737.636125,attachment3_10min_interpolation,1034.1,2025-06-21 18:00:00,1124.486666666667,2025-06-15 14:30:00,actual_same_interval_7_days_ago,2025-06-21 18:00:00,108,144,False,62.85054166666691,0.0,324.0,0.0,9240.0,8880.0,,120.0
2025-06-21T18:00_rolling,2025-06-21 18:00:00,2025-06-21 18:10:00,2025-06-22 18:00:00,2025-06-21 18:00:00,2025-06-22 14:40:00,1240,4250.3196,708.3865999999999,attachment3_10min_interpolation,1034.1,2025-06-21 18:00:00,1087.5823333333333,2025-06-15 14:40:00,actual_same_interval_7_days_ago,2025-06-21 18:00:00,108,144,False,55.19573333333335,0.0,324.0,0.0,8880.0,8520.0,,120.0
2025-06-21T18:00_rolling,2025-06-21 18:00:00,2025-06-21 18:10:00,2025-06-22 18:00:00,2025-06-21 18:00:00,2025-06-22 14:50:00,1250,4074.82245,679.137075,attachment3_10min_interpolation,1034.1,2025-06-21 18:00:00,1062.3300833333333,2025-06-15 14:50:00,actual_same_interval_7_days_ago,2025-06-21 18:00:00,108,144,False,59.193008333333296,0.0,324.0,0.0,8520.0,8160.0,,120.0
2025-06-21T18:00_rolling,2025-06-21 18:00:00,2025-06-21 18:10:00,2025-06-22 18:00:00,2025-06-21 18:00:00,2025-06-22 15:00:00,1260,3899.3253,649.88755,attachment3_10min_interpolation,1034.1,2025-06-21 18:00:00,1069.5583333333334,2025-06-15 15:00:00,actual_same_interval_7_days_ago,2025-06-21 18:00:00,108,144,False,1219.6707833333335,800.0,0.0,0.0,8160.0,8880.0,,120.0
2025-06-21T18:00_rolling,2025-06-21 18:00:00,2025-06-21 18:10:00,2025-06-22 18:00:00,2025-06-21 18:00:00,2025-06-22 15:10:00,1270,3839.41135,639.9018916666666,attachment3_10min_interpolation,1034.1,2025-06-21 18:00:00,1075.8765666666666,2025-06-15 15:10:00,actual_same_interval_7_days_ago,2025-06-21 18:00:00,108,144,False,1235.974675,800.0,0.0,0.0,8880.0,9600.0,,120.0
2025-06-21T18:00_rolling,2025-06-21 18:00:00,2025-06-21 18:10:00,2025-06-22 18:00:00,2025-06-21 18:00:00,2025-06-22 15:20:00,1280,3779.4974,629.9162333333334,attachment3_10min_interpolation,1034.1,2025-06-21 18:00:00,1090.59515,2025-06-15 15:20:00,actual_same_interval_7_days_ago,2025-06-21 18:00:00,108,144,False,460.67891666666674,0.0,0.0,0.0,9600.0,9600.0,,120.0
2025-06-21T18:00_rolling,2025-06-21 18:00:00,2025-06-21 18:10:00,2025-06-22 18:00:00,2025-06-21 18:00:00,2025-06-22 15:30:00,1290,3719.58345,619.930575,attachment3_10min_interpolation,1034.1,2025-06-21 18:00:00,1118.0933333333337,2025-06-15 15:30:00,actual_same_interval_7_days_ago,2025-06-21 18:00:00,108,144,False,498.1627583333337,0.0,0.0,0.0,9600.0,9600.0,,120.0
2025-06-21T18:00_rolling,2025-06-21 18:00:00,2025-06-21 18:10:00,2025-06-22 18:00:00,2025-06-21 18:00:00,2025-06-22 15:40:00,1300,3659.6695,609.9449166666667,attachment3_10min_interpolation,1034.1,2025-06-21 18:00:00,1144.3501166666667,2025-06-15 15:40:00,actual_same_interval_7_days_ago,2025-06-21 18:00:00,108,144,False,534.4052,0.0,0.0,0.0,9600.0,9600.0,,120.0
2025-06-21T18:00_rolling,2025-06-21 18:00:00,2025-06-21 18:10:00,2025-06-22 18:00:00,2025-06-21 18:00:00,2025-06-22 15:50:00,1310,3599.7555500000003,599.9592583333334,attachment3_10min_interpolation,1034.1,2025-06-21 18:00:00,1148.2277666666666,2025-06-15 15:50:00,actual_same_interval_7_days_ago,2025-06-21 18:00:00,108,144,False,548.2685083333332,0.0,0.0,0.0,9600.0,9600.0,,120.0
2025-06-21T18:00_rolling,2025-06-21 18:00:00,2025-06-21 18:10:00,2025-06-22 18:00:00,2025-06-21 18:00:00,2025-06-22 16:00:00,1320,3539.8416,589.9736,attachment3_10min_interpolation,1034.1,2025-06-21 18:00:00,1134.2516666666668,2025-06-15 16:00:00,actual_same_interval_7_days_ago,2025-06-21 18:00:00,108,144,False,544.2780666666667,0.0,0.0,0.0,9600.0,9600.0,,120.0
2025-06-21T18:00_rolling,2025-06-21 18:00:00,2025-06-21 18:10:00,2025-06-22 18:00:00,2025-06-21 18:00:00,2025-06-22 16:10:00,1330,3350.808383333333,558.4680638888889,attachment3_10min_interpolation,1034.1,2025-06-21 18:00:00,1130.208483333333,2025-06-15 16:10:00,actual_same_interval_7_days_ago,2025-06-21 18:00:00,108,144,False,571.7404194444442,0.0,0.0,0.0,9600.0,9600.0,,120.0
2025-06-21T18:00_rolling,2025-06-21 18:00:00,2025-06-21 18:10:00,2025-06-22 18:00:00,2025-06-21 18:00:00,2025-06-22 16:20:00,1340,3161.775166666667,526.9625277777778,attachment3_10min_interpolation,1034.1,2025-06-21 18:00:00,1146.8068166666667,2025-06-15 16:20:00,actual_same_interval_7_days_ago,2025-06-21 18:00:00,108,144,False,187.84428888888885,0.0,432.0,0.0,9600.0,9120.0,,120.0
2025-06-21T18:00_rolling,2025-06-21 18:00:00,2025-06-21 18:10:00,2025-06-22 18:00:00,2025-06-21 18:00:00,2025-06-22 16:30:00,1350,2972.74195,495.4569916666667,attachment3_10min_interpolation,1034.1,2025-06-21 18:00:00,1165.8233333333333,2025-06-15 16:30:00,actual_same_interval_7_days_ago,2025-06-21 18:00:00,108,144,False,22.366341666666585,0.0,648.0,0.0,9120.0,8400.0,,120.0
2025-06-21T18:00_rolling,2025-06-21 18:00:00,2025-06-21 18:10:00,2025-06-22 18:00:00,2025-06-21 18:00:00,2025-06-22 16:40:00,1360,2783.7087333333334,463.9514555555556,attachment3_10min_interpolation,1034.1,2025-06-21 18:00:00,1160.0743333333332,2025-06-15 16:40:00,actual_same_interval_7_days_ago,2025-06-21 18:00:00,108,144,False,48.1228777777776,0.0,648.0,0.0,8400.0,7680.0,,120.0
2025-06-21T18:00_rolling,2025-06-21 18:00:00,2025-06-21 18:10:00,2025-06-22 18:00:00,2025-06-21 18:00:00,2025-06-22 16:50:00,1370,2594.6755166666667,432.4459194444444,attachment3_10min_interpolation,1034.1,2025-06-21 18:00:00,1162.1553666666666,2025-06-15 16:50:00,actual_same_interval_7_days_ago,2025-06-21 18:00:00,108,144,False,81.70944722222225,0.0,648.0,0.0,7680.0,6960.0,,120.0
2025-06-21T18:00_rolling,2025-06-21 18:00:00,2025-06-21 18:10:00,2025-06-22 18:00:00,2025-06-21 18:00:00,2025-06-22 17:00:00,1380,2405.6423,400.94038333333333,attachment3_10min_interpolation,1034.1,2025-06-21 18:00:00,1178.22,2025-06-15 17:00:00,actual_same_interval_7_days_ago,2025-06-21 18:00:00,108,144,False,21.279616666666698,0.0,756.0,0.0,6960.0,6120.0,,120.0
2025-06-21T18:00_rolling,2025-06-21 18:00:00,2025-06-21 18:10:00,2025-06-22 18:00:00,2025-06-21 18:00:00,2025-06-22 17:10:00,1390,2210.77105,368.46184166666666,attachment3_10min_interpolation,1034.1,2025-06-21 18:00:00,1181.7151833333337,2025-06-15 17:10:00,actual_same_interval_7_days_ago,2025-06-21 18:00:00,108,144,False,57.253341666666984,0.0,756.0,0.0,6120.0,5280.0,,120.0
2025-06-21T18:00_rolling,2025-06-21 18:00:00,2025-06-21 18:10:00,2025-06-22 18:00:00,2025-06-21 18:00:00,2025-06-22 17:20:00,1400,2015.8998,335.9833,attachment3_10min_interpolation,1034.1,2025-06-21 18:00:00,1181.7763166666666,2025-06-15 17:20:00,actual_same_interval_7_days_ago,2025-06-21 18:00:00,108,144,False,89.79301666666663,0.0,756.0,0.0,5280.0,4440.0,,120.0
2025-06-21T18:00_rolling,2025-06-21 18:00:00,2025-06-21 18:10:00,2025-06-22 18:00:00,2025-06-21 18:00:00,2025-06-22 17:30:00,1410,1821.02855,303.5047583333333,attachment3_10min_interpolation,1034.1,2025-06-21 18:00:00,1194.5783333333334,2025-06-15 17:30:00,actual_same_interval_7_days_ago,2025-06-21 18:00:00,108,144,False,135.07357500000012,0.0,756.0,0.0,4440.0,3600.0,,120.0
2025-06-21T18:00_rolling,2025-06-21 18:00:00,2025-06-21 18:10:00,2025-06-22 18:00:00,2025-06-21 18:00:00,2025-06-22 17:40:00,1420,1626.1573,271.0262166666667,attachment3_10min_interpolation,1034.1,2025-06-21 18:00:00,1202.7339833333333,2025-06-15 17:40:00,actual_same_interval_7_days_ago,2025-06-21 18:00:00,108,144,False,175.70776666666666,0.0,756.0,0.0,3600.0,2760.0,,120.0
2025-06-21T18:00_rolling,2025-06-21 18:00:00,2025-06-21 18:10:00,2025-06-22 18:00:00,2025-06-21 18:00:00,2025-06-22 17:50:00,1430,1431.2860500000002,238.54767500000003,attachment3_10min_interpolation,1034.1,2025-06-21 18:00:00,1073.9106333333334,2025-06-15 17:50:00,actual_same_interval_7_days_ago,2025-06-21 18:00:00,108,144,False,79.36295833333338,0.0,756.0,0.0,2760.0,1920.0,,120.0
2025-06-21T18:00_rolling,2025-06-21 18:00:00,2025-06-21 18:10:00,2025-06-22 18:00:00,2025-06-21 18:00:00,2025-06-22 18:00:00,1440,1236.4148,206.06913333333333,attachment3_10min_interpolation,1034.1,2025-06-21 18:00:00,873.2466666666666,2025-06-15 18:00:00,actual_same_interval_7_days_ago,2025-06-21 18:00:00,108,144,False,19.17753333333326,0.0,648.0,0.0,1920.0,1200.0,,120.0
