optimization_run_id,update_time,forecast_coverage_start,forecast_coverage_end,issue_time,target_time,forecast_horizon_minutes,pv_forecast_kw,pv_forecast_kwh,pv_forecast_source,pv_anchor_observed_at_issue_kw,pv_anchor_observed_time,load_forecast_kwh,load_forecast_source_time,load_forecast_source,information_cutoff,execution_start_index,execution_stop_index_exclusive,executed_in_this_update,planned_grid_kwh,planned_charge_kwh,planned_discharge_kwh,planned_curtailment_kwh,planned_soc_start_kwh,planned_soc_end_kwh,base_plan_grid_kwh,soc_grid_step_kwh
2025-09-23T00:00_rolling,2025-09-23 00:00:00,2025-09-23 00:10:00,2025-09-24 00:00:00,2025-09-23 00:00:00,2025-09-23 00:10:00,10,0.0,0.0,observed_anchor_linear_to_h1,0.0,2025-09-23 00:00:00,656.1909666666667,2025-09-16 00:10:00,actual_same_interval_7_days_ago,2025-09-23 00:00:00,0,36,True,1456.1909666666666,800.0,0.0,0.0,1200.0,1920.0,1456.1909666666666,120.0
2025-09-23T00:00_rolling,2025-09-23 00:00:00,2025-09-23 00:10:00,2025-09-24 00:00:00,2025-09-23 00:00:00,2025-09-23 00:20:00,20,0.0,0.0,observed_anchor_linear_to_h1,0.0,2025-09-23 00:00:00,666.7336166666666,2025-09-16 00:20:00,actual_same_interval_7_days_ago,2025-09-23 00:00:00,0,36,True,1466.7336166666666,800.0,0.0,0.0,1920.0,2640.0,1466.7336166666666,120.0
2025-09-23T00:00_rolling,2025-09-23 00:00:00,2025-09-23 00:10:00,2025-09-24 00:00:00,2025-09-23 00:00:00,2025-09-23 00:30:00,30,0.0,0.0,observed_anchor_linear_to_h1,0.0,2025-09-23 00:00:00,625.2266666666667,2025-09-16 00:30:00,actual_same_interval_7_days_ago,2025-09-23 00:00:00,0,36,True,1425.2266666666667,800.0,0.0,0.0,2640.0,3360.0,1425.2266666666667,120.0
2025-09-23T00:00_rolling,2025-09-23 00:00:00,2025-09-23 00:10:00,2025-09-24 00:00:00,2025-09-23 00:00:00,2025-09-23 00:40:00,40,0.0,0.0,observed_anchor_linear_to_h1,0.0,2025-09-23 00:00:00,588.6305166666667,2025-09-16 00:40:00,actual_same_interval_7_days_ago,2025-09-23 00:00:00,0,36,True,1388.6305166666666,800.0,0.0,0.0,3360.0,4080.0,1388.6305166666666,120.0
2025-09-23T00:00_rolling,2025-09-23 00:00:00,2025-09-23 00:10:00,2025-09-24 00:00:00,2025-09-23 00:00:00,2025-09-23 00:50:00,50,0.0,0.0,observed_anchor_linear_to_h1,0.0,2025-09-23 00:00:00,572.78095,2025-09-16 00:50:00,actual_same_interval_7_days_ago,2025-09-23 00:00:00,0,36,True,1372.7809499999998,800.0,0.0,0.0,4080.0,4800.0,1372.7809499999998,120.0
2025-09-23T00:00_rolling,2025-09-23 00:00:00,2025-09-23 00:10:00,2025-09-24 00:00:00,2025-09-23 00:00:00,2025-09-23 01:00:00,60,0.0,0.0,attachment3_10min_interpolation,0.0,2025-09-23 00:00:00,575.7566666666667,2025-09-16 01:00:00,actual_same_interval_7_days_ago,2025-09-23 00:00:00,0,36,True,1375.7566666666667,800.0,0.0,0.0,4800.0,5520.0,1375.7566666666667,120.0
2025-09-23T00:00_rolling,2025-09-23 00:00:00,2025-09-23 00:10:00,2025-09-24 00:00:00,2025-09-23 00:00:00,2025-09-23 01:10:00,70,0.0,0.0,attachment3_10min_interpolation,0.0,2025-09-23 00:00:00,586.2062999999999,2025-09-16 01:10:00,actual_same_interval_7_days_ago,2025-09-23 00:00:00,0,36,True,1386.2062999999998,800.0,0.0,0.0,5520.0,6240.0,1386.2062999999998,120.0
2025-09-23T00:00_rolling,2025-09-23 00:00:00,2025-09-23 00:10:00,2025-09-24 00:00:00,2025-09-23 00:00:00,2025-09-23 01:20:00,80,0.0,0.0,attachment3_10min_interpolation,0.0,2025-09-23 00:00:00,582.92165,2025-09-16 01:20:00,actual_same_interval_7_days_ago,2025-09-23 00:00:00,0,36,True,1382.92165,800.0,0.0,0.0,6240.0,6960.0,1382.92165,120.0
2025-09-23T00:00_rolling,2025-09-23 00:00:00,2025-09-23 00:10:00,2025-09-24 00:00:00,2025-09-23 00:00:00,2025-09-23 01:30:00,90,0.0,0.0,attachment3_10min_interpolation,0.0,2025-09-23 00:00:00,570.4566666666666,2025-09-16 01:30:00,actual_same_interval_7_days_ago,2025-09-23 00:00:00,0,36,True,1370.4566666666665,800.0,0.0,0.0,6960.0,7680.0,1370.4566666666665,120.0
2025-09-23T00:00_rolling,2025-09-23 00:00:00,2025-09-23 00:10:00,2025-09-24 00:00:00,2025-09-23 00:00:00,2025-09-23 01:40:00,100,0.0,0.0,attachment3_10min_interpolation,0.0,2025-09-23 00:00:00,576.1825666666667,2025-09-16 01:40:00,actual_same_interval_7_days_ago,2025-09-23 00:00:00,0,36,True,842.8492333333334,266.6666666666667,0.0,0.0,7680.0,7920.0,842.8492333333334,120.0
2025-09-23T00:00_rolling,2025-09-23 00:00:00,2025-09-23 00:10:00,2025-09-24 00:00:00,2025-09-23 00:00:00,2025-09-23 01:50:00,110,0.0,0.0,attachment3_10min_interpolation,0.0,2025-09-23 00:00:00,604.6679166666667,2025-09-16 01:50:00,actual_same_interval_7_days_ago,2025-09-23 00:00:00,0,36,True,604.6679166666667,0.0,0.0,0.0,7920.0,7920.0,604.6679166666667,120.0
2025-09-23T00:00_rolling,2025-09-23 00:00:00,2025-09-23 00:10:00,2025-09-24 00:00:00,2025-09-23 00:00:00,2025-09-23 02:00:00,120,0.0,0.0,attachment3_10min_interpolation,0.0,2025-09-23 00:00:00,621.295,2025-09-16 02:00:00,actual_same_interval_7_days_ago,2025-09-23 00:00:00,0,36,True,1421.295,800.0,0.0,0.0,7920.0,8640.0,1421.295,120.0
2025-09-23T00:00_rolling,2025-09-23 00:00:00,2025-09-23 00:10:00,2025-09-24 00:00:00,2025-09-23 00:00:00,2025-09-23 02:10:00,130,0.0,0.0,attachment3_10min_interpolation,0.0,2025-09-23 00:00:00,586.7885666666667,2025-09-16 02:10:00,actual_same_interval_7_days_ago,2025-09-23 00:00:00,0,36,True,1386.7885666666666,800.0,0.0,0.0,8640.0,9360.0,1386.7885666666666,120.0
2025-09-23T00:00_rolling,2025-09-23 00:00:00,2025-09-23 00:10:00,2025-09-24 00:00:00,2025-09-23 00:00:00,2025-09-23 02:20:00,140,0.0,0.0,attachment3_10min_interpolation,0.0,2025-09-23 00:00:00,572.6755833333333,2025-09-16 02:20:00,actual_same_interval_7_days_ago,2025-09-23 00:00:00,0,36,True,572.6755833333333,0.0,0.0,0.0,9360.0,9360.0,572.6755833333333,120.0
2025-09-23T00:00_rolling,2025-09-23 00:00:00,2025-09-23 00:10:00,2025-09-24 00:00:00,2025-09-23 00:00:00,2025-09-23 02:30:00,150,0.0,0.0,attachment3_10min_interpolation,0.0,2025-09-23 00:00:00,604.0916666666667,2025-09-16 02:30:00,actual_same_interval_7_days_ago,2025-09-23 00:00:00,0,36,True,604.0916666666667,0.0,0.0,0.0,9360.0,9360.0,604.0916666666667,120.0
2025-09-23T00:00_rolling,2025-09-23 00:00:00,2025-09-23 00:10:00,2025-09-24 00:00:00,2025-09-23 00:00:00,2025-09-23 02:40:00,160,0.0,0.0,attachment3_10min_interpolation,0.0,2025-09-23 00:00:00,633.2806666666667,2025-09-16 02:40:00,actual_same_interval_7_days_ago,2025-09-23 00:00:00,0,36,True,633.2806666666667,0.0,0.0,0.0,9360.0,9360.0,633.2806666666667,120.0
2025-09-23T00:00_rolling,2025-09-23 00:00:00,2025-09-23 00:10:00,2025-09-24 00:00:00,2025-09-23 00:00:00,2025-09-23 02:50:00,170,0.0,0.0,attachment3_10min_interpolation,0.0,2025-09-23 00:00:00,621.6542166666667,2025-09-16 02:50:00,actual_same_interval_7_days_ago,2025-09-23 00:00:00,0,36,True,621.6542166666667,0.0,0.0,0.0,9360.0,9360.0,621.6542166666667,120.0
2025-09-23T00:00_rolling,2025-09-23 00:00:00,2025-09-23 00:10:00,2025-09-24 00:00:00,2025-09-23 00:00:00,2025-09-23 03:00:00,180,0.0,0.0,attachment3_10min_interpolation,0.0,2025-09-23 00:00:00,599.9,2025-09-16 03:00:00,actual_same_interval_7_days_ago,2025-09-23 00:00:00,0,36,True,599.9,0.0,0.0,0.0,9360.0,9360.0,599.9,120.0
2025-09-23T00:00_rolling,2025-09-23 00:00:00,2025-09-23 00:10:00,2025-09-24 00:00:00,2025-09-23 00:00:00,2025-09-23 03:10:00,190,0.0,0.0,attachment3_10min_interpolation,0.0,2025-09-23 00:00:00,627.80635,2025-09-16 03:10:00,actual_same_interval_7_days_ago,2025-09-23 00:00:00,0,36,True,627.80635,0.0,0.0,0.0,9360.0,9360.0,627.80635,120.0
2025-09-23T00:00_rolling,2025-09-23 00:00:00,2025-09-23 00:10:00,2025-09-24 00:00:00,2025-09-23 00:00:00,2025-09-23 03:20:00,200,0.0,0.0,attachment3_10min_interpolation,0.0,2025-09-23 00:00:00,622.0963,2025-09-16 03:20:00,actual_same_interval_7_days_ago,2025-09-23 00:00:00,0,36,True,622.0963,0.0,0.0,0.0,9360.0,9360.0,622.0963,120.0
2025-09-23T00:00_rolling,2025-09-23 00:00:00,2025-09-23 00:10:00,2025-09-24 00:00:00,2025-09-23 00:00:00,2025-09-23 03:30:00,210,0.0,0.0,attachment3_10min_interpolation,0.0,2025-09-23 00:00:00,581.1933333333333,2025-09-16 03:30:00,actual_same_interval_7_days_ago,2025-09-23 00:00:00,0,36,True,581.1933333333333,0.0,0.0,0.0,9360.0,9360.0,581.1933333333333,120.0
2025-09-23T00:00_rolling,2025-09-23 00:00:00,2025-09-23 00:10:00,2025-09-24 00:00:00,2025-09-23 00:00:00,2025-09-23 03:40:00,220,0.0,0.0,attachment3_10min_interpolation,0.0,2025-09-23 00:00:00,590.3947,2025-09-16 03:40:00,actual_same_interval_7_days_ago,2025-09-23 00:00:00,0,36,True,590.3947,0.0,0.0,0.0,9360.0,9360.0,590.3947,120.0
2025-09-23T00:00_rolling,2025-09-23 00:00:00,2025-09-23 00:10:00,2025-09-24 00:00:00,2025-09-23 00:00:00,2025-09-23 03:50:00,230,0.0,0.0,attachment3_10min_interpolation,0.0,2025-09-23 00:00:00,611.9051499999999,2025-09-16 03:50:00,actual_same_interval_7_days_ago,2025-09-23 00:00:00,0,36,True,611.9051499999999,0.0,0.0,0.0,9360.0,9360.0,611.9051499999999,120.0
2025-09-23T00:00_rolling,2025-09-23 00:00:00,2025-09-23 00:10:00,2025-09-24 00:00:00,2025-09-23 00:00:00,2025-09-23 04:00:00,240,0.0,0.0,attachment3_10min_interpolation,0.0,2025-09-23 00:00:00,625.6416666666667,2025-09-16 04:00:00,actual_same_interval_7_days_ago,2025-09-23 00:00:00,0,36,True,625.6416666666667,0.0,0.0,0.0,9360.0,9360.0,625.6416666666667,120.0
2025-09-23T00:00_rolling,2025-09-23 00:00:00,2025-09-23 00:10:00,2025-09-24 00:00:00,2025-09-23 00:00:00,2025-09-23 04:10:00,250,0.0,0.0,attachment3_10min_interpolation,0.0,2025-09-23 00:00:00,647.9303666666666,2025-09-16 04:10:00,actual_same_interval_7_days_ago,2025-09-23 00:00:00,0,36,True,647.9303666666666,0.0,0.0,0.0,9360.0,9360.0,647.9303666666666,120.0
2025-09-23T00:00_rolling,2025-09-23 00:00:00,2025-09-23 00:10:00,2025-09-24 00:00:00,2025-09-23 00:00:00,2025-09-23 04:20:00,260,0.0,0.0,attachment3_10min_interpolation,0.0,2025-09-23 00:00:00,644.1480166666666,2025-09-16 04:20:00,actual_same_interval_7_days_ago,2025-09-23 00:00:00,0,36,True,644.1480166666666,0.0,0.0,0.0,9360.0,9360.0,644.1480166666666,120.0
2025-09-23T00:00_rolling,2025-09-23 00:00:00,2025-09-23 00:10:00,2025-09-24 00:00:00,2025-09-23 00:00:00,2025-09-23 04:30:00,270,0.0,0.0,attachment3_10min_interpolation,0.0,2025-09-23 00:00:00,624.42,2025-09-16 04:30:00,actual_same_interval_7_days_ago,2025-09-23 00:00:00,0,36,True,624.42,0.0,0.0,0.0,9360.0,9360.0,624.42,120.0
2025-09-23T00:00_rolling,2025-09-23 00:00:00,2025-09-23 00:10:00,2025-09-24 00:00:00,2025-09-23 00:00:00,2025-09-23 04:40:00,280,0.0,0.0,attachment3_10min_interpolation,0.0,2025-09-23 00:00:00,633.3117833333333,2025-09-16 04:40:00,actual_same_interval_7_days_ago,2025-09-23 00:00:00,0,36,True,633.3117833333333,0.0,0.0,0.0,9360.0,9360.0,633.3117833333333,120.0
2025-09-23T00:00_rolling,2025-09-23 00:00:00,2025-09-23 00:10:00,2025-09-24 00:00:00,2025-09-23 00:00:00,2025-09-23 04:50:00,290,0.0,0.0,attachment3_10min_interpolation,0.0,2025-09-23 00:00:00,623.90075,2025-09-16 04:50:00,actual_same_interval_7_days_ago,2025-09-23 00:00:00,0,36,True,623.90075,0.0,0.0,0.0,9360.0,9360.0,623.90075,120.0
2025-09-23T00:00_rolling,2025-09-23 00:00:00,2025-09-23 00:10:00,2025-09-24 00:00:00,2025-09-23 00:00:00,2025-09-23 05:00:00,300,0.0,0.0,attachment3_10min_interpolation,0.0,2025-09-23 00:00:00,591.3616666666667,2025-09-16 05:00:00,actual_same_interval_7_days_ago,2025-09-23 00:00:00,0,36,True,591.3616666666667,0.0,0.0,0.0,9360.0,9360.0,591.3616666666667,120.0
2025-09-23T00:00_rolling,2025-09-23 00:00:00,2025-09-23 00:10:00,2025-09-24 00:00:00,2025-09-23 00:00:00,2025-09-23 05:10:00,310,0.0,0.0,attachment3_10min_interpolation,0.0,2025-09-23 00:00:00,585.0822833333333,2025-09-16 05:10:00,actual_same_interval_7_days_ago,2025-09-23 00:00:00,0,36,True,585.0822833333333,0.0,0.0,0.0,9360.0,9360.0,585.0822833333333,120.0
2025-09-23T00:00_rolling,2025-09-23 00:00:00,2025-09-23 00:10:00,2025-09-24 00:00:00,2025-09-23 00:00:00,2025-09-23 05:20:00,320,0.0,0.0,attachment3_10min_interpolation,0.0,2025-09-23 00:00:00,607.6239166666667,2025-09-16 05:20:00,actual_same_interval_7_days_ago,2025-09-23 00:00:00,0,36,True,607.6239166666667,0.0,0.0,0.0,9360.0,9360.0,607.6239166666667,120.0
2025-09-23T00:00_rolling,2025-09-23 00:00:00,2025-09-23 00:10:00,2025-09-24 00:00:00,2025-09-23 00:00:00,2025-09-23 05:30:00,330,0.0,0.0,attachment3_10min_interpolation,0.0,2025-09-23 00:00:00,620.6733333333333,2025-09-16 05:30:00,actual_same_interval_7_days_ago,2025-09-23 00:00:00,0,36,True,1420.6733333333332,800.0,0.0,0.0,9360.0,10080.0,1420.6733333333332,120.0
2025-09-23T00:00_rolling,2025-09-23 00:00:00,2025-09-23 00:10:00,2025-09-24 00:00:00,2025-09-23 00:00:00,2025-09-23 05:40:00,340,0.0,0.0,attachment3_10min_interpolation,0.0,2025-09-23 00:00:00,597.04255,2025-09-16 05:40:00,actual_same_interval_7_days_ago,2025-09-23 00:00:00,0,36,True,1397.0425500000001,800.0,0.0,0.0,10080.0,10800.0,1397.0425500000001,120.0
2025-09-23T00:00_rolling,2025-09-23 00:00:00,2025-09-23 00:10:00,2025-09-24 00:00:00,2025-09-23 00:00:00,2025-09-23 05:50:00,350,0.0,0.0,attachment3_10min_interpolation,0.0,2025-09-23 00:00:00,659.6616666666666,2025-09-16 05:50:00,actual_same_interval_7_days_ago,2025-09-23 00:00:00,0,36,True,659.6616666666666,0.0,0.0,0.0,10800.0,10800.0,659.6616666666666,120.0
2025-09-23T00:00_rolling,2025-09-23 00:00:00,2025-09-23 00:10:00,2025-09-24 00:00:00,2025-09-23 00:00:00,2025-09-23 06:00:00,360,0.0,0.0,attachment3_10min_interpolation,0.0,2025-09-23 00:00:00,783.415,2025-09-16 06:00:00,actual_same_interval_7_days_ago,2025-09-23 00:00:00,0,36,True,27.414999999999964,0.0,756.0,0.0,10800.0,9960.0,27.414999999999964,120.0
2025-09-23T00:00_rolling,2025-09-23 00:00:00,2025-09-23 00:10:00,2025-09-24 00:00:00,2025-09-23 00:00:00,2025-09-23 06:10:00,370,259.55705,43.259508333333336,attachment3_10min_interpolation,0.0,2025-09-23 00:00:00,810.2949333333332,2025-09-16 06:10:00,actual_same_interval_7_days_ago,2025-09-23 00:00:00,0,36,False,11.035424999999918,0.0,756.0,0.0,9960.0,9120.0,11.035424999999918,120.0
2025-09-23T00:00_rolling,2025-09-23 00:00:00,2025-09-23 00:10:00,2025-09-24 00:00:00,2025-09-23 00:00:00,2025-09-23 06:20:00,380,519.1141,86.51901666666667,attachment3_10min_interpolation,0.0,2025-09-23 00:00:00,792.0891166666667,2025-09-16 06:20:00,actual_same_interval_7_days_ago,2025-09-23 00:00:00,0,36,False,57.570100000000025,0.0,648.0,0.0,9120.0,8400.0,57.570100000000025,120.0
2025-09-23T00:00_rolling,2025-09-23 00:00:00,2025-09-23 00:10:00,2025-09-24 00:00:00,2025-09-23 00:00:00,2025-09-23 06:30:00,390,778.67115,129.778525,attachment3_10min_interpolation,0.0,2025-09-23 00:00:00,785.2883333333333,2025-09-16 06:30:00,actual_same_interval_7_days_ago,2025-09-23 00:00:00,0,36,False,7.50980833333324,0.0,648.0,0.0,8400.0,7680.0,7.50980833333324,120.0
2025-09-23T00:00_rolling,2025-09-23 00:00:00,2025-09-23 00:10:00,2025-09-24 00:00:00,2025-09-23 00:00:00,2025-09-23 06:40:00,400,1038.2282,173.03803333333335,attachment3_10min_interpolation,0.0,2025-09-23 00:00:00,791.64315,2025-09-16 06:40:00,actual_same_interval_7_days_ago,2025-09-23 00:00:00,0,36,False,0.0,0.0,648.0,29.394883333333382,7680.0,6960.0,0.0,120.0
2025-09-23T00:00_rolling,2025-09-23 00:00:00,2025-09-23 00:10:00,2025-09-24 00:00:00,2025-09-23 00:00:00,2025-09-23 06:50:00,410,1297.78525,216.29754166666666,attachment3_10min_interpolation,0.0,2025-09-23 00:00:00,793.81895,2025-09-16 06:50:00,actual_same_interval_7_days_ago,2025-09-23 00:00:00,0,36,False,37.521408333333284,0.0,540.0,0.0,6960.0,6360.0,37.521408333333284,120.0
2025-09-23T00:00_rolling,2025-09-23 00:00:00,2025-09-23 00:10:00,2025-09-24 00:00:00,2025-09-23 00:00:00,2025-09-23 07:00:00,420,1557.3423,259.55705,attachment3_10min_interpolation,0.0,2025-09-23 00:00:00,786.6700000000001,2025-09-16 07:00:00,actual_same_interval_7_days_ago,2025-09-23 00:00:00,0,36,False,0.0,0.0,540.0,12.887049999999931,6360.0,5760.0,0.0,120.0
2025-09-23T00:00_rolling,2025-09-23 00:00:00,2025-09-23 00:10:00,2025-09-24 00:00:00,2025-09-23 00:00:00,2025-09-23 07:10:00,430,1929.5439666666664,321.59066111111105,attachment3_10min_interpolation,0.0,2025-09-23 00:00:00,783.764,2025-09-16 07:10:00,actual_same_interval_7_days_ago,2025-09-23 00:00:00,0,36,False,30.173338888888964,0.0,432.0,0.0,5760.0,5280.0,30.173338888888964,120.0
2025-09-23T00:00_rolling,2025-09-23 00:00:00,2025-09-23 00:10:00,2025-09-24 00:00:00,2025-09-23 00:00:00,2025-09-23 07:20:00,440,2301.745633333333,383.62427222222215,attachment3_10min_interpolation,0.0,2025-09-23 00:00:00,805.6249833333333,2025-09-16 07:20:00,actual_same_interval_7_days_ago,2025-09-23 00:00:00,0,36,False,0.0,0.0,432.0,9.999288888888884,5280.0,4800.0,0.0,120.0
2025-09-23T00:00_rolling,2025-09-23 00:00:00,2025-09-23 00:10:00,2025-09-24 00:00:00,2025-09-23 00:00:00,2025-09-23 07:30:00,450,2673.9473,445.6578833333333,attachment3_10min_interpolation,0.0,2025-09-23 00:00:00,823.2566666666667,2025-09-16 07:30:00,actual_same_interval_7_days_ago,2025-09-23 00:00:00,0,36,False,53.59878333333336,0.0,324.0,0.0,4800.0,4440.0,53.59878333333336,120.0
2025-09-23T00:00_rolling,2025-09-23 00:00:00,2025-09-23 00:10:00,2025-09-24 00:00:00,2025-09-23 00:00:00,2025-09-23 07:40:00,460,3046.148966666666,507.69149444444434,attachment3_10min_interpolation,0.0,2025-09-23 00:00:00,804.7937499999999,2025-09-16 07:40:00,actual_same_interval_7_days_ago,2025-09-23 00:00:00,0,36,False,81.10225555555559,0.0,216.0,0.0,4440.0,4200.0,81.10225555555559,120.0
2025-09-23T00:00_rolling,2025-09-23 00:00:00,2025-09-23 00:10:00,2025-09-24 00:00:00,2025-09-23 00:00:00,2025-09-23 07:50:00,470,3418.350633333333,569.7251055555555,attachment3_10min_interpolation,0.0,2025-09-23 00:00:00,901.0201,2025-09-16 07:50:00,actual_same_interval_7_days_ago,2025-09-23 00:00:00,0,36,False,7.294994444444455,0.0,324.0,0.0,4200.0,3840.0,7.294994444444455,120.0
2025-09-23T00:00_rolling,2025-09-23 00:00:00,2025-09-23 00:10:00,2025-09-24 00:00:00,2025-09-23 00:00:00,2025-09-23 08:00:00,480,3790.5523,631.7587166666666,attachment3_10min_interpolation,0.0,2025-09-23 00:00:00,1077.0916666666667,2025-09-16 08:00:00,actual_same_interval_7_days_ago,2025-09-23 00:00:00,0,36,False,13.332950000000096,0.0,432.0,0.0,3840.0,3360.0,13.332950000000096,120.0
2025-09-23T00:00_rolling,2025-09-23 00:00:00,2025-09-23 00:10:00,2025-09-24 00:00:00,2025-09-23 00:00:00,2025-09-23 08:10:00,490,4104.233333333334,684.0388888888889,attachment3_10min_interpolation,0.0,2025-09-23 00:00:00,1129.8349833333334,2025-09-16 08:10:00,actual_same_interval_7_days_ago,2025-09-23 00:00:00,0,36,False,13.79609444444452,0.0,432.0,0.0,3360.0,2880.0,13.79609444444452,120.0
2025-09-23T00:00_rolling,2025-09-23 00:00:00,2025-09-23 00:10:00,2025-09-24 00:00:00,2025-09-23 00:00:00,2025-09-23 08:20:00,500,4417.914366666667,736.3190611111112,attachment3_10min_interpolation,0.0,2025-09-23 00:00:00,1108.21465,2025-09-16 08:20:00,actual_same_interval_7_days_ago,2025-09-23 00:00:00,0,36,False,47.89558888888871,0.0,324.0,0.0,2880.0,2520.0,47.89558888888871,120.0
2025-09-23T00:00_rolling,2025-09-23 00:00:00,2025-09-23 00:10:00,2025-09-24 00:00:00,2025-09-23 00:00:00,2025-09-23 08:30:00,510,4731.5954,788.5992333333334,attachment3_10min_interpolation,0.0,2025-09-23 00:00:00,1082.415,2025-09-16 08:30:00,actual_same_interval_7_days_ago,2025-09-23 00:00:00,0,36,False,0.0,0.0,324.0,30.184233333333395,2520.0,2160.0,0.0,120.0
2025-09-23T00:00_rolling,2025-09-23 00:00:00,2025-09-23 00:10:00,2025-09-24 00:00:00,2025-09-23 00:00:00,2025-09-23 08:40:00,520,5045.276433333333,840.8794055555555,attachment3_10min_interpolation,0.0,2025-09-23 00:00:00,1072.1440333333333,2025-09-16 08:40:00,actual_same_interval_7_days_ago,2025-09-23 00:00:00,0,36,False,15.264627777777719,0.0,216.0,0.0,2160.0,1920.0,15.264627777777719,120.0
2025-09-23T00:00_rolling,2025-09-23 00:00:00,2025-09-23 00:10:00,2025-09-24 00:00:00,2025-09-23 00:00:00,2025-09-23 08:50:00,530,5358.957466666667,893.1595777777778,attachment3_10min_interpolation,0.0,2025-09-23 00:00:00,1073.0296833333334,2025-09-16 08:50:00,actual_same_interval_7_days_ago,2025-09-23 00:00:00,0,36,False,0.0,0.0,216.0,36.1298944444444,1920.0,1680.0,0.0,120.0
2025-09-23T00:00_rolling,2025-09-23 00:00:00,2025-09-23 00:10:00,2025-09-24 00:00:00,2025-09-23 00:00:00,2025-09-23 09:00:00,540,5672.6385,945.43975,attachment3_10min_interpolation,0.0,2025-09-23 00:00:00,1083.6983333333333,2025-09-16 09:00:00,actual_same_interval_7_days_ago,2025-09-23 00:00:00,0,36,False,30.258583333333263,0.0,108.0,0.0,1680.0,1560.0,30.258583333333263,120.0
2025-09-23T00:00_rolling,2025-09-23 00:00:00,2025-09-23 00:10:00,2025-09-24 00:00:00,2025-09-23 00:00:00,2025-09-23 09:10:00,550,5843.0529166666665,973.8421527777778,attachment3_10min_interpolation,0.0,2025-09-23 00:00:00,1103.33735,2025-09-16 09:10:00,actual_same_interval_7_days_ago,2025-09-23 00:00:00,0,36,False,21.49519722222226,0.0,108.0,0.0,1560.0,1440.0,21.49519722222226,120.0
2025-09-23T00:00_rolling,2025-09-23 00:00:00,2025-09-23 00:10:00,2025-09-24 00:00:00,2025-09-23 00:00:00,2025-09-23 09:20:00,560,6013.467333333333,1002.2445555555555,attachment3_10min_interpolation,0.0,2025-09-23 00:00:00,1100.6318833333332,2025-09-16 09:20:00,actual_same_interval_7_days_ago,2025-09-23 00:00:00,0,36,False,0.0,0.0,108.0,9.612672222222272,1440.0,1320.0,0.0,120.0
2025-09-23T00:00_rolling,2025-09-23 00:00:00,2025-09-23 00:10:00,2025-09-24 00:00:00,2025-09-23 00:00:00,2025-09-23 09:30:00,570,6183.88175,1030.6469583333333,attachment3_10min_interpolation,0.0,2025-09-23 00:00:00,1067.888333333333,2025-09-16 09:30:00,actual_same_interval_7_days_ago,2025-09-23 00:00:00,0,36,False,37.241374999999834,0.0,0.0,0.0,1320.0,1320.0,37.241374999999834,120.0
2025-09-23T00:00_rolling,2025-09-23 00:00:00,2025-09-23 00:10:00,2025-09-24 00:00:00,2025-09-23 00:00:00,2025-09-23 09:40:00,580,6354.296166666667,1059.0493611111112,attachment3_10min_interpolation,0.0,2025-09-23 00:00:00,1033.42455,2025-09-16 09:40:00,actual_same_interval_7_days_ago,2025-09-23 00:00:00,0,36,False,0.0,0.0,0.0,25.624811111111285,1320.0,1320.0,0.0,120.0
2025-09-23T00:00_rolling,2025-09-23 00:00:00,2025-09-23 00:10:00,2025-09-24 00:00:00,2025-09-23 00:00:00,2025-09-23 09:50:00,590,6524.7105833333335,1087.451763888889,attachment3_10min_interpolation,0.0,2025-09-23 00:00:00,1041.5923333333333,2025-09-16 09:50:00,actual_same_interval_7_days_ago,2025-09-23 00:00:00,0,36,False,0.0,0.0,0.0,45.85943055555572,1320.0,1320.0,0.0,120.0
2025-09-23T00:00_rolling,2025-09-23 00:00:00,2025-09-23 00:10:00,2025-09-24 00:00:00,2025-09-23 00:00:00,2025-09-23 10:00:00,600,6695.125,1115.8541666666667,attachment3_10min_interpolation,0.0,2025-09-23 00:00:00,1080.1366666666663,2025-09-16 10:00:00,actual_same_interval_7_days_ago,2025-09-23 00:00:00,0,36,False,0.0,0.0,0.0,35.71750000000043,1320.0,1320.0,0.0,120.0
2025-09-23T00:00_rolling,2025-09-23 00:00:00,2025-09-23 00:10:00,2025-09-24 00:00:00,2025-09-23 00:00:00,2025-09-23 10:10:00,610,6752.554633333333,1125.4257722222221,attachment3_10min_interpolation,0.0,2025-09-23 00:00:00,1092.8445,2025-09-16 10:10:00,actual_same_interval_7_days_ago,2025-09-23 00:00:00,0,36,False,0.0,0.0,0.0,32.581272222222196,1320.0,1320.0,0.0,120.0
2025-09-23T00:00_rolling,2025-09-23 00:00:00,2025-09-23 00:10:00,2025-09-24 00:00:00,2025-09-23 00:00:00,2025-09-23 10:20:00,620,6809.984266666666,1134.9973777777777,attachment3_10min_interpolation,0.0,2025-09-23 00:00:00,1088.37695,2025-09-16 10:20:00,actual_same_interval_7_days_ago,2025-09-23 00:00:00,0,36,False,0.0,0.0,0.0,46.62042777777765,1320.0,1320.0,0.0,120.0
2025-09-23T00:00_rolling,2025-09-23 00:00:00,2025-09-23 00:10:00,2025-09-24 00:00:00,2025-09-23 00:00:00,2025-09-23 10:30:00,630,6867.4139000000005,1144.5689833333333,attachment3_10min_interpolation,0.0,2025-09-23 00:00:00,1083.6883333333333,2025-09-16 10:30:00,actual_same_interval_7_days_ago,2025-09-23 00:00:00,0,36,False,0.0,0.0,0.0,60.88065000000006,1320.0,1320.0,0.0,120.0
2025-09-23T00:00_rolling,2025-09-23 00:00:00,2025-09-23 00:10:00,2025-09-24 00:00:00,2025-09-23 00:00:00,2025-09-23 10:40:00,640,6924.843533333334,1154.140588888889,attachment3_10min_interpolation,0.0,2025-09-23 00:00:00,1083.5624166666666,2025-09-16 10:40:00,actual_same_interval_7_days_ago,2025-09-23 00:00:00,0,36,False,62.75516111111105,133.33333333333334,0.0,0.0,1320.0,1440.0,62.75516111111105,120.0
2025-09-23T00:00_rolling,2025-09-23 00:00:00,2025-09-23 00:10:00,2025-09-24 00:00:00,2025-09-23 00:00:00,2025-09-23 10:50:00,650,6982.273166666667,1163.7121944444445,attachment3_10min_interpolation,0.0,2025-09-23 00:00:00,1079.1169666666667,2025-09-16 10:50:00,actual_same_interval_7_days_ago,2025-09-23 00:00:00,0,36,False,48.73810555555551,133.33333333333334,0.0,0.0,1440.0,1560.0,48.73810555555551,120.0
2025-09-23T00:00_rolling,2025-09-23 00:00:00,2025-09-23 00:10:00,2025-09-24 00:00:00,2025-09-23 00:00:00,2025-09-23 11:00:00,660,7039.7028,1173.2838,attachment3_10min_interpolation,0.0,2025-09-23 00:00:00,1073.275,2025-09-16 11:00:00,actual_same_interval_7_days_ago,2025-09-23 00:00:00,0,36,False,299.99120000000016,400.0,0.0,0.0,1560.0,1920.0,299.99120000000016,120.0
2025-09-23T00:00_rolling,2025-09-23 00:00:00,2025-09-23 00:10:00,2025-09-24 00:00:00,2025-09-23 00:00:00,2025-09-23 11:10:00,670,7323.365483333334,1220.560913888889,attachment3_10min_interpolation,0.0,2025-09-23 00:00:00,1078.8649333333333,2025-09-16 11:10:00,actual_same_interval_7_days_ago,2025-09-23 00:00:00,0,36,False,658.3040194444443,800.0,0.0,0.0,1920.0,2640.0,658.3040194444443,120.0
2025-09-23T00:00_rolling,2025-09-23 00:00:00,2025-09-23 00:10:00,2025-09-24 00:00:00,2025-09-23 00:00:00,2025-09-23 11:20:00,680,7607.028166666667,1267.8380277777778,attachment3_10min_interpolation,0.0,2025-09-23 00:00:00,1087.894,2025-09-16 11:20:00,actual_same_interval_7_days_ago,2025-09-23 00:00:00,0,36,False,620.0559722222222,800.0,0.0,0.0,2640.0,3360.0,620.0559722222222,120.0
2025-09-23T00:00_rolling,2025-09-23 00:00:00,2025-09-23 00:10:00,2025-09-24 00:00:00,2025-09-23 00:00:00,2025-09-23 11:30:00,690,7890.690850000001,1315.115141666667,attachment3_10min_interpolation,0.0,2025-09-23 00:00:00,1088.5183333333332,2025-09-16 11:30:00,actual_same_interval_7_days_ago,2025-09-23 00:00:00,0,36,False,573.4031916666663,800.0,0.0,0.0,3360.0,4080.0,573.4031916666663,120.0
2025-09-23T00:00_rolling,2025-09-23 00:00:00,2025-09-23 00:10:00,2025-09-24 00:00:00,2025-09-23 00:00:00,2025-09-23 11:40:00,700,8174.353533333334,1362.3922555555557,attachment3_10min_interpolation,0.0,2025-09-23 00:00:00,1072.86995,2025-09-16 11:40:00,actual_same_interval_7_days_ago,2025-09-23 00:00:00,0,36,False,510.4776944444443,800.0,0.0,0.0,4080.0,4800.0,510.4776944444443,120.0
2025-09-23T00:00_rolling,2025-09-23 00:00:00,2025-09-23 00:10:00,2025-09-24 00:00:00,2025-09-23 00:00:00,2025-09-23 11:50:00,710,8458.016216666667,1409.6693694444446,attachment3_10min_interpolation,0.0,2025-09-23 00:00:00,1043.0022166666663,2025-09-16 11:50:00,actual_same_interval_7_days_ago,2025-09-23 00:00:00,0,36,False,433.33284722222174,800.0,0.0,0.0,4800.0,5520.0,433.33284722222174,120.0
2025-09-23T00:00_rolling,2025-09-23 00:00:00,2025-09-23 00:10:00,2025-09-24 00:00:00,2025-09-23 00:00:00,2025-09-23 12:00:00,720,8741.6789,1456.9464833333334,attachment3_10min_interpolation,0.0,2025-09-23 00:00:00,1005.695,2025-09-16 12:00:00,actual_same_interval_7_days_ago,2025-09-23 00:00:00,0,36,False,348.74851666666666,800.0,0.0,0.0,5520.0,6240.0,348.74851666666666,120.0
2025-09-23T00:00_rolling,2025-09-23 00:00:00,2025-09-23 00:10:00,2025-09-24 00:00:00,2025-09-23 00:00:00,2025-09-23 12:10:00,730,8586.03065,1431.0051083333335,attachment3_10min_interpolation,0.0,2025-09-23 00:00:00,976.1704666666666,2025-09-16 12:10:00,actual_same_interval_7_days_ago,2025-09-23 00:00:00,0,36,False,345.1653583333331,800.0,0.0,0.0,6240.0,6960.0,345.1653583333331,120.0
2025-09-23T00:00_rolling,2025-09-23 00:00:00,2025-09-23 00:10:00,2025-09-24 00:00:00,2025-09-23 00:00:00,2025-09-23 12:20:00,740,8430.3824,1405.0637333333334,attachment3_10min_interpolation,0.0,2025-09-23 00:00:00,991.4196666666668,2025-09-16 12:20:00,actual_same_interval_7_days_ago,2025-09-23 00:00:00,0,36,False,386.3559333333334,800.0,0.0,0.0,6960.0,7680.0,386.3559333333334,120.0
2025-09-23T00:00_rolling,2025-09-23 00:00:00,2025-09-23 00:10:00,2025-09-24 00:00:00,2025-09-23 00:00:00,2025-09-23 12:30:00,750,8274.73415,1379.1223583333333,attachment3_10min_interpolation,0.0,2025-09-23 00:00:00,1026.76,2025-09-16 12:30:00,actual_same_interval_7_days_ago,2025-09-23 00:00:00,0,36,False,447.6376416666667,800.0,0.0,0.0,7680.0,8400.0,447.6376416666667,120.0
2025-09-23T00:00_rolling,2025-09-23 00:00:00,2025-09-23 00:10:00,2025-09-24 00:00:00,2025-09-23 00:00:00,2025-09-23 12:40:00,760,8119.0859,1353.1809833333334,attachment3_10min_interpolation,0.0,2025-09-23 00:00:00,1019.67155,2025-09-16 12:40:00,actual_same_interval_7_days_ago,2025-09-23 00:00:00,0,36,False,466.4905666666666,800.0,0.0,0.0,8400.0,9120.0,466.4905666666666,120.0
2025-09-23T00:00_rolling,2025-09-23 00:00:00,2025-09-23 00:10:00,2025-09-24 00:00:00,2025-09-23 00:00:00,2025-09-23 12:50:00,770,7963.43765,1327.2396083333333,attachment3_10min_interpolation,0.0,2025-09-23 00:00:00,1021.65205,2025-09-16 12:50:00,actual_same_interval_7_days_ago,2025-09-23 00:00:00,0,36,False,94.41244166666672,400.0,0.0,0.0,9120.0,9480.0,94.41244166666672,120.0
2025-09-23T00:00_rolling,2025-09-23 00:00:00,2025-09-23 00:10:00,2025-09-24 00:00:00,2025-09-23 00:00:00,2025-09-23 13:00:00,780,7807.7894,1301.2982333333332,attachment3_10min_interpolation,0.0,2025-09-23 00:00:00,1045.2616666666663,2025-09-16 13:00:00,actual_same_interval_7_days_ago,2025-09-23 00:00:00,0,36,False,10.6300999999998,266.6666666666667,0.0,0.0,9480.0,9720.0,10.6300999999998,120.0
2025-09-23T00:00_rolling,2025-09-23 00:00:00,2025-09-23 00:10:00,2025-09-24 00:00:00,2025-09-23 00:00:00,2025-09-23 13:10:00,790,7639.810333333333,1273.3017222222222,attachment3_10min_interpolation,0.0,2025-09-23 00:00:00,1044.5670833333334,2025-09-16 13:10:00,actual_same_interval_7_days_ago,2025-09-23 00:00:00,0,36,False,37.93202777777782,266.6666666666667,0.0,0.0,9720.0,9960.0,37.93202777777782,120.0
2025-09-23T00:00_rolling,2025-09-23 00:00:00,2025-09-23 00:10:00,2025-09-24 00:00:00,2025-09-23 00:00:00,2025-09-23 13:20:00,800,7471.831266666666,1245.305211111111,attachment3_10min_interpolation,0.0,2025-09-23 00:00:00,1014.05495,2025-09-16 13:20:00,actual_same_interval_7_days_ago,2025-09-23 00:00:00,0,36,False,35.41640555555563,266.6666666666667,0.0,0.0,9960.0,10200.0,35.41640555555563,120.0
2025-09-23T00:00_rolling,2025-09-23 00:00:00,2025-09-23 00:10:00,2025-09-24 00:00:00,2025-09-23 00:00:00,2025-09-23 13:30:00,810,7303.852199999999,1217.3086999999998,attachment3_10min_interpolation,0.0,2025-09-23 00:00:00,997.2083333333334,2025-09-16 13:30:00,actual_same_interval_7_days_ago,2025-09-23 00:00:00,0,36,False,46.56630000000024,266.6666666666667,0.0,0.0,10200.0,10440.0,46.56630000000024,120.0
2025-09-23T00:00_rolling,2025-09-23 00:00:00,2025-09-23 00:10:00,2025-09-24 00:00:00,2025-09-23 00:00:00,2025-09-23 13:40:00,820,7135.8731333333335,1189.3121888888888,attachment3_10min_interpolation,0.0,2025-09-23 00:00:00,1041.6591166666667,2025-09-16 13:40:00,actual_same_interval_7_days_ago,2025-09-23 00:00:00,0,36,False,0.0,133.33333333333334,0.0,14.319738888888793,10440.0,10560.0,0.0,120.0
2025-09-23T00:00_rolling,2025-09-23 00:00:00,2025-09-23 00:10:00,2025-09-24 00:00:00,2025-09-23 00:00:00,2025-09-23 13:50:00,830,6967.894066666667,1161.3156777777779,attachment3_10min_interpolation,0.0,2025-09-23 00:00:00,1062.9396333333334,2025-09-16 13:50:00,actual_same_interval_7_days_ago,2025-09-23 00:00:00,0,36,False,34.95728888888888,133.33333333333334,0.0,0.0,10560.0,10680.0,34.95728888888888,120.0
2025-09-23T00:00_rolling,2025-09-23 00:00:00,2025-09-23 00:10:00,2025-09-24 00:00:00,2025-09-23 00:00:00,2025-09-23 14:00:00,840,6799.915,1133.3191666666667,attachment3_10min_interpolation,0.0,2025-09-23 00:00:00,1031.275,2025-09-16 14:00:00,actual_same_interval_7_days_ago,2025-09-23 00:00:00,0,36,False,31.289166666666773,133.33333333333334,0.0,0.0,10680.0,10800.0,31.289166666666773,120.0
2025-09-23T00:00_rolling,2025-09-23 00:00:00,2025-09-23 00:10:00,2025-09-24 00:00:00,2025-09-23 00:00:00,2025-09-23 14:10:00,850,6389.757633333334,1064.9596055555555,attachment3_10min_interpolation,0.0,2025-09-23 00:00:00,1000.7743333333332,2025-09-16 14:10:00,actual_same_interval_7_days_ago,2025-09-23 00:00:00,0,36,False,0.0,0.0,0.0,64.18527222222235,10800.0,10800.0,0.0,120.0
2025-09-23T00:00_rolling,2025-09-23 00:00:00,2025-09-23 00:10:00,2025-09-24 00:00:00,2025-09-23 00:00:00,2025-09-23 14:20:00,860,5979.600266666666,996.6000444444444,attachment3_10min_interpolation,0.0,2025-09-23 00:00:00,1006.6453166666666,2025-09-16 14:20:00,actual_same_interval_7_days_ago,2025-09-23 00:00:00,0,36,False,10.045272222222252,0.0,0.0,0.0,10800.0,10800.0,10.045272222222252,120.0
2025-09-23T00:00_rolling,2025-09-23 00:00:00,2025-09-23 00:10:00,2025-09-24 00:00:00,2025-09-23 00:00:00,2025-09-23 14:30:00,870,5569.4429,928.2404833333334,attachment3_10min_interpolation,0.0,2025-09-23 00:00:00,1035.3933333333332,2025-09-16 14:30:00,actual_same_interval_7_days_ago,2025-09-23 00:00:00,0,36,False,0.0,0.0,108.0,0.8471500000001697,10800.0,10680.0,0.0,120.0
2025-09-23T00:00_rolling,2025-09-23 00:00:00,2025-09-23 00:10:00,2025-09-24 00:00:00,2025-09-23 00:00:00,2025-09-23 14:40:00,880,5159.285533333334,859.8809222222222,attachment3_10min_interpolation,0.0,2025-09-23 00:00:00,1043.5381,2025-09-16 14:40:00,actual_same_interval_7_days_ago,2025-09-23 00:00:00,0,36,False,75.65717777777775,0.0,108.0,0.0,10680.0,10560.0,75.65717777777775,120.0
2025-09-23T00:00_rolling,2025-09-23 00:00:00,2025-09-23 00:10:00,2025-09-24 00:00:00,2025-09-23 00:00:00,2025-09-23 14:50:00,890,4749.128166666666,791.5213611111111,attachment3_10min_interpolation,0.0,2025-09-23 00:00:00,1039.13225,2025-09-16 14:50:00,actual_same_interval_7_days_ago,2025-09-23 00:00:00,0,36,False,31.610888888889008,0.0,216.0,0.0,10560.0,10320.0,31.610888888889008,120.0
2025-09-23T00:00_rolling,2025-09-23 00:00:00,2025-09-23 00:10:00,2025-09-24 00:00:00,2025-09-23 00:00:00,2025-09-23 15:00:00,900,4338.9708,723.1618,attachment3_10min_interpolation,0.0,2025-09-23 00:00:00,1030.8866666666663,2025-09-16 15:00:00,actual_same_interval_7_days_ago,2025-09-23 00:00:00,0,36,False,307.72486666666634,0.0,0.0,0.0,10320.0,10320.0,307.72486666666634,120.0
2025-09-23T00:00_rolling,2025-09-23 00:00:00,2025-09-23 00:10:00,2025-09-24 00:00:00,2025-09-23 00:00:00,2025-09-23 15:10:00,910,4149.818816666667,691.6364694444445,attachment3_10min_interpolation,0.0,2025-09-23 00:00:00,1024.69835,2025-09-16 15:10:00,actual_same_interval_7_days_ago,2025-09-23 00:00:00,0,36,False,866.3952138888887,533.3333333333334,0.0,0.0,10320.0,10800.0,866.3952138888887,120.0
2025-09-23T00:00_rolling,2025-09-23 00:00:00,2025-09-23 00:10:00,2025-09-24 00:00:00,2025-09-23 00:00:00,2025-09-23 15:20:00,920,3960.666833333333,660.1111388888888,attachment3_10min_interpolation,0.0,2025-09-23 00:00:00,1062.3220666666666,2025-09-16 15:20:00,actual_same_interval_7_days_ago,2025-09-23 00:00:00,0,36,False,402.2109277777778,0.0,0.0,0.0,10800.0,10800.0,402.2109277777778,120.0
2025-09-23T00:00_rolling,2025-09-23 00:00:00,2025-09-23 00:10:00,2025-09-24 00:00:00,2025-09-23 00:00:00,2025-09-23 15:30:00,930,3771.51485,628.5858083333334,attachment3_10min_interpolation,0.0,2025-09-23 00:00:00,1110.9633333333334,2025-09-16 15:30:00,actual_same_interval_7_days_ago,2025-09-23 00:00:00,0,36,False,482.377525,0.0,0.0,0.0,10800.0,10800.0,482.377525,120.0
2025-09-23T00:00_rolling,2025-09-23 00:00:00,2025-09-23 00:10:00,2025-09-24 00:00:00,2025-09-23 00:00:00,2025-09-23 15:40:00,940,3582.362866666667,597.0604777777778,attachment3_10min_interpolation,0.0,2025-09-23 00:00:00,1087.0565166666668,2025-09-16 15:40:00,actual_same_interval_7_days_ago,2025-09-23 00:00:00,0,36,False,489.99603888888896,0.0,0.0,0.0,10800.0,10800.0,489.99603888888896,120.0
2025-09-23T00:00_rolling,2025-09-23 00:00:00,2025-09-23 00:10:00,2025-09-24 00:00:00,2025-09-23 00:00:00,2025-09-23 15:50:00,950,3393.210883333333,565.5351472222222,attachment3_10min_interpolation,0.0,2025-09-23 00:00:00,1037.8845833333332,2025-09-16 15:50:00,actual_same_interval_7_days_ago,2025-09-23 00:00:00,0,36,False,472.349436111111,0.0,0.0,0.0,10800.0,10800.0,472.349436111111,120.0
2025-09-23T00:00_rolling,2025-09-23 00:00:00,2025-09-23 00:10:00,2025-09-24 00:00:00,2025-09-23 00:00:00,2025-09-23 16:00:00,960,3204.0589,534.0098166666667,attachment3_10min_interpolation,0.0,2025-09-23 00:00:00,1028.8983333333333,2025-09-16 16:00:00,actual_same_interval_7_days_ago,2025-09-23 00:00:00,0,36,False,494.88851666666665,0.0,0.0,0.0,10800.0,10800.0,494.88851666666665,120.0
2025-09-23T00:00_rolling,2025-09-23 00:00:00,2025-09-23 00:10:00,2025-09-24 00:00:00,2025-09-23 00:00:00,2025-09-23 16:10:00,970,2884.747333333333,480.79122222222213,attachment3_10min_interpolation,0.0,2025-09-23 00:00:00,1079.5205166666667,2025-09-16 16:10:00,actual_same_interval_7_days_ago,2025-09-23 00:00:00,0,36,False,598.7292944444446,0.0,0.0,0.0,10800.0,10800.0,598.7292944444446,120.0
2025-09-23T00:00_rolling,2025-09-23 00:00:00,2025-09-23 00:10:00,2025-09-24 00:00:00,2025-09-23 00:00:00,2025-09-23 16:20:00,980,2565.4357666666665,427.57262777777777,attachment3_10min_interpolation,0.0,2025-09-23 00:00:00,1092.01325,2025-09-16 16:20:00,actual_same_interval_7_days_ago,2025-09-23 00:00:00,0,36,False,664.4406222222221,0.0,0.0,0.0,10800.0,10800.0,664.4406222222221,120.0
2025-09-23T00:00_rolling,2025-09-23 00:00:00,2025-09-23 00:10:00,2025-09-24 00:00:00,2025-09-23 00:00:00,2025-09-23 16:30:00,990,2246.1242,374.35403333333335,attachment3_10min_interpolation,0.0,2025-09-23 00:00:00,1055.49,2025-09-16 16:30:00,actual_same_interval_7_days_ago,2025-09-23 00:00:00,0,36,False,681.1359666666667,0.0,0.0,0.0,10800.0,10800.0,681.1359666666667,120.0
2025-09-23T00:00_rolling,2025-09-23 00:00:00,2025-09-23 00:10:00,2025-09-24 00:00:00,2025-09-23 00:00:00,2025-09-23 16:40:00,1000,1926.8126333333332,321.13543888888887,attachment3_10min_interpolation,0.0,2025-09-23 00:00:00,1053.40615,2025-09-16 16:40:00,actual_same_interval_7_days_ago,2025-09-23 00:00:00,0,36,False,732.2707111111112,0.0,0.0,0.0,10800.0,10800.0,732.2707111111112,120.0
2025-09-23T00:00_rolling,2025-09-23 00:00:00,2025-09-23 00:10:00,2025-09-24 00:00:00,2025-09-23 00:00:00,2025-09-23 16:50:00,1010,1607.5010666666667,267.91684444444445,attachment3_10min_interpolation,0.0,2025-09-23 00:00:00,1082.0534666666667,2025-09-16 16:50:00,actual_same_interval_7_days_ago,2025-09-23 00:00:00,0,36,False,814.1366222222223,0.0,0.0,0.0,10800.0,10800.0,814.1366222222223,120.0
2025-09-23T00:00_rolling,2025-09-23 00:00:00,2025-09-23 00:10:00,2025-09-24 00:00:00,2025-09-23 00:00:00,2025-09-23 17:00:00,1020,1288.1895,214.69825,attachment3_10min_interpolation,0.0,2025-09-23 00:00:00,1099.9783333333332,2025-09-16 17:00:00,actual_same_interval_7_days_ago,2025-09-23 00:00:00,0,36,False,885.2800833333332,0.0,0.0,0.0,10800.0,10800.0,885.2800833333332,120.0
2025-09-23T00:00_rolling,2025-09-23 00:00:00,2025-09-23 00:10:00,2025-09-24 00:00:00,2025-09-23 00:00:00,2025-09-23 17:10:00,1030,1073.49125,178.91520833333334,attachment3_10min_interpolation,0.0,2025-09-23 00:00:00,1074.0366833333333,2025-09-16 17:10:00,actual_same_interval_7_days_ago,2025-09-23 00:00:00,0,36,False,895.1214749999999,0.0,0.0,0.0,10800.0,10800.0,895.1214749999999,120.0
2025-09-23T00:00_rolling,2025-09-23 00:00:00,2025-09-23 00:10:00,2025-09-24 00:00:00,2025-09-23 00:00:00,2025-09-23 17:20:00,1040,858.793,143.13216666666668,attachment3_10min_interpolation,0.0,2025-09-23 00:00:00,1060.8777166666666,2025-09-16 17:20:00,actual_same_interval_7_days_ago,2025-09-23 00:00:00,0,36,False,917.74555,0.0,0.0,0.0,10800.0,10800.0,917.74555,120.0
2025-09-23T00:00_rolling,2025-09-23 00:00:00,2025-09-23 00:10:00,2025-09-24 00:00:00,2025-09-23 00:00:00,2025-09-23 17:30:00,1050,644.09475,107.349125,attachment3_10min_interpolation,0.0,2025-09-23 00:00:00,1090.513333333333,2025-09-16 17:30:00,actual_same_interval_7_days_ago,2025-09-23 00:00:00,0,36,False,983.1642083333331,0.0,0.0,0.0,10800.0,10800.0,983.1642083333331,120.0
2025-09-23T00:00_rolling,2025-09-23 00:00:00,2025-09-23 00:10:00,2025-09-24 00:00:00,2025-09-23 00:00:00,2025-09-23 17:40:00,1060,429.3965,71.56608333333334,attachment3_10min_interpolation,0.0,2025-09-23 00:00:00,1117.1051666666667,2025-09-16 17:40:00,actual_same_interval_7_days_ago,2025-09-23 00:00:00,0,36,False,1045.5390833333333,0.0,0.0,0.0,10800.0,10800.0,1045.5390833333333,120.0
2025-09-23T00:00_rolling,2025-09-23 00:00:00,2025-09-23 00:10:00,2025-09-24 00:00:00,2025-09-23 00:00:00,2025-09-23 17:50:00,1070,214.69825,35.78304166666667,attachment3_10min_interpolation,0.0,2025-09-23 00:00:00,998.7632333333332,2025-09-16 17:50:00,actual_same_interval_7_days_ago,2025-09-23 00:00:00,0,36,False,962.9801916666665,0.0,0.0,0.0,10800.0,10800.0,962.9801916666665,120.0
2025-09-23T00:00_rolling,2025-09-23 00:00:00,2025-09-23 00:10:00,2025-09-24 00:00:00,2025-09-23 00:00:00,2025-09-23 18:00:00,1080,0.0,0.0,attachment3_10min_interpolation,0.0,2025-09-23 00:00:00,805.8466666666667,2025-09-16 18:00:00,actual_same_interval_7_days_ago,2025-09-23 00:00:00,0,36,False,805.8466666666667,0.0,0.0,0.0,10800.0,10800.0,805.8466666666667,120.0
2025-09-23T00:00_rolling,2025-09-23 00:00:00,2025-09-23 00:10:00,2025-09-24 00:00:00,2025-09-23 00:00:00,2025-09-23 18:10:00,1090,0.0,0.0,attachment3_10min_interpolation,0.0,2025-09-23 00:00:00,764.1748666666667,2025-09-16 18:10:00,actual_same_interval_7_days_ago,2025-09-23 00:00:00,0,36,False,764.1748666666667,0.0,0.0,0.0,10800.0,10800.0,764.1748666666667,120.0
2025-09-23T00:00_rolling,2025-09-23 00:00:00,2025-09-23 00:10:00,2025-09-24 00:00:00,2025-09-23 00:00:00,2025-09-23 18:20:00,1100,0.0,0.0,attachment3_10min_interpolation,0.0,2025-09-23 00:00:00,783.3493333333332,2025-09-16 18:20:00,actual_same_interval_7_days_ago,2025-09-23 00:00:00,0,36,False,783.3493333333332,0.0,0.0,0.0,10800.0,10800.0,783.3493333333332,120.0
2025-09-23T00:00_rolling,2025-09-23 00:00:00,2025-09-23 00:10:00,2025-09-24 00:00:00,2025-09-23 00:00:00,2025-09-23 18:30:00,1110,0.0,0.0,attachment3_10min_interpolation,0.0,2025-09-23 00:00:00,801.09,2025-09-16 18:30:00,actual_same_interval_7_days_ago,2025-09-23 00:00:00,0,36,False,801.09,0.0,0.0,0.0,10800.0,10800.0,801.09,120.0
2025-09-23T00:00_rolling,2025-09-23 00:00:00,2025-09-23 00:10:00,2025-09-24 00:00:00,2025-09-23 00:00:00,2025-09-23 18:40:00,1120,0.0,0.0,attachment3_10min_interpolation,0.0,2025-09-23 00:00:00,838.19785,2025-09-16 18:40:00,actual_same_interval_7_days_ago,2025-09-23 00:00:00,0,36,False,838.19785,0.0,0.0,0.0,10800.0,10800.0,838.19785,120.0
2025-09-23T00:00_rolling,2025-09-23 00:00:00,2025-09-23 00:10:00,2025-09-24 00:00:00,2025-09-23 00:00:00,2025-09-23 18:50:00,1130,0.0,0.0,attachment3_10min_interpolation,0.0,2025-09-23 00:00:00,814.9752333333332,2025-09-16 18:50:00,actual_same_interval_7_days_ago,2025-09-23 00:00:00,0,36,False,490.9752333333332,0.0,324.0,0.0,10800.0,10440.0,490.9752333333332,120.0
2025-09-23T00:00_rolling,2025-09-23 00:00:00,2025-09-23 00:10:00,2025-09-24 00:00:00,2025-09-23 00:00:00,2025-09-23 19:00:00,1140,0.0,0.0,attachment3_10min_interpolation,0.0,2025-09-23 00:00:00,767.1333333333333,2025-09-16 19:00:00,actual_same_interval_7_days_ago,2025-09-23 00:00:00,0,36,False,11.133333333333326,0.0,756.0,0.0,10440.0,9600.0,11.133333333333326,120.0
2025-09-23T00:00_rolling,2025-09-23 00:00:00,2025-09-23 00:10:00,2025-09-24 00:00:00,2025-09-23 00:00:00,2025-09-23 19:10:00,1150,0.0,0.0,attachment3_10min_interpolation,0.0,2025-09-23 00:00:00,813.1525166666667,2025-09-16 19:10:00,actual_same_interval_7_days_ago,2025-09-23 00:00:00,0,36,False,57.152516666666656,0.0,756.0,0.0,9600.0,8760.0,57.152516666666656,120.0
2025-09-23T00:00_rolling,2025-09-23 00:00:00,2025-09-23 00:10:00,2025-09-24 00:00:00,2025-09-23 00:00:00,2025-09-23 19:20:00,1160,0.0,0.0,attachment3_10min_interpolation,0.0,2025-09-23 00:00:00,841.5716000000001,2025-09-16 19:20:00,actual_same_interval_7_days_ago,2025-09-23 00:00:00,0,36,False,85.5716000000001,0.0,756.0,0.0,8760.0,7920.0,85.5716000000001,120.0
2025-09-23T00:00_rolling,2025-09-23 00:00:00,2025-09-23 00:10:00,2025-09-24 00:00:00,2025-09-23 00:00:00,2025-09-23 19:30:00,1170,0.0,0.0,attachment3_10min_interpolation,0.0,2025-09-23 00:00:00,817.0316666666666,2025-09-16 19:30:00,actual_same_interval_7_days_ago,2025-09-23 00:00:00,0,36,False,61.03166666666664,0.0,756.0,0.0,7920.0,7080.0,61.03166666666664,120.0
2025-09-23T00:00_rolling,2025-09-23 00:00:00,2025-09-23 00:10:00,2025-09-24 00:00:00,2025-09-23 00:00:00,2025-09-23 19:40:00,1180,0.0,0.0,attachment3_10min_interpolation,0.0,2025-09-23 00:00:00,815.3069833333334,2025-09-16 19:40:00,actual_same_interval_7_days_ago,2025-09-23 00:00:00,0,36,False,59.30698333333339,0.0,756.0,0.0,7080.0,6240.0,59.30698333333339,120.0
2025-09-23T00:00_rolling,2025-09-23 00:00:00,2025-09-23 00:10:00,2025-09-24 00:00:00,2025-09-23 00:00:00,2025-09-23 19:50:00,1190,0.0,0.0,attachment3_10min_interpolation,0.0,2025-09-23 00:00:00,817.2126166666667,2025-09-16 19:50:00,actual_same_interval_7_days_ago,2025-09-23 00:00:00,0,36,False,61.21261666666669,0.0,756.0,0.0,6240.0,5400.0,61.21261666666669,120.0
2025-09-23T00:00_rolling,2025-09-23 00:00:00,2025-09-23 00:10:00,2025-09-24 00:00:00,2025-09-23 00:00:00,2025-09-23 20:00:00,1200,0.0,0.0,attachment3_10min_interpolation,0.0,2025-09-23 00:00:00,803.1133333333333,2025-09-16 20:00:00,actual_same_interval_7_days_ago,2025-09-23 00:00:00,0,36,False,47.113333333333344,0.0,756.0,0.0,5400.0,4560.0,47.113333333333344,120.0
2025-09-23T00:00_rolling,2025-09-23 00:00:00,2025-09-23 00:10:00,2025-09-24 00:00:00,2025-09-23 00:00:00,2025-09-23 20:10:00,1210,0.0,0.0,attachment3_10min_interpolation,0.0,2025-09-23 00:00:00,782.7836666666667,2025-09-16 20:10:00,actual_same_interval_7_days_ago,2025-09-23 00:00:00,0,36,False,26.783666666666704,0.0,756.0,0.0,4560.0,3720.0,26.783666666666704,120.0
2025-09-23T00:00_rolling,2025-09-23 00:00:00,2025-09-23 00:10:00,2025-09-24 00:00:00,2025-09-23 00:00:00,2025-09-23 20:20:00,1220,0.0,0.0,attachment3_10min_interpolation,0.0,2025-09-23 00:00:00,783.34075,2025-09-16 20:20:00,actual_same_interval_7_days_ago,2025-09-23 00:00:00,0,36,False,27.340749999999957,0.0,756.0,0.0,3720.0,2880.0,27.340749999999957,120.0
2025-09-23T00:00_rolling,2025-09-23 00:00:00,2025-09-23 00:10:00,2025-09-24 00:00:00,2025-09-23 00:00:00,2025-09-23 20:30:00,1230,0.0,0.0,attachment3_10min_interpolation,0.0,2025-09-23 00:00:00,808.7033333333334,2025-09-16 20:30:00,actual_same_interval_7_days_ago,2025-09-23 00:00:00,0,36,False,52.703333333333376,0.0,756.0,0.0,2880.0,2040.0,52.703333333333376,120.0
2025-09-23T00:00_rolling,2025-09-23 00:00:00,2025-09-23 00:10:00,2025-09-24 00:00:00,2025-09-23 00:00:00,2025-09-23 20:40:00,1240,0.0,0.0,attachment3_10min_interpolation,0.0,2025-09-23 00:00:00,832.6574999999999,2025-09-16 20:40:00,actual_same_interval_7_days_ago,2025-09-23 00:00:00,0,36,False,76.65749999999991,0.0,756.0,0.0,2040.0,1200.0,76.65749999999991,120.0
2025-09-23T00:00_rolling,2025-09-23 00:00:00,2025-09-23 00:10:00,2025-09-24 00:00:00,2025-09-23 00:00:00,2025-09-23 20:50:00,1250,0.0,0.0,attachment3_10min_interpolation,0.0,2025-09-23 00:00:00,820.2962833333332,2025-09-16 20:50:00,actual_same_interval_7_days_ago,2025-09-23 00:00:00,0,36,False,820.2962833333332,0.0,0.0,0.0,1200.0,1200.0,820.2962833333332,120.0
2025-09-23T00:00_rolling,2025-09-23 00:00:00,2025-09-23 00:10:00,2025-09-24 00:00:00,2025-09-23 00:00:00,2025-09-23 21:00:00,1260,0.0,0.0,attachment3_10min_interpolation,0.0,2025-09-23 00:00:00,798.3233333333333,2025-09-16 21:00:00,actual_same_interval_7_days_ago,2025-09-23 00:00:00,0,36,False,798.3233333333333,0.0,0.0,0.0,1200.0,1200.0,798.3233333333333,120.0
2025-09-23T00:00_rolling,2025-09-23 00:00:00,2025-09-23 00:10:00,2025-09-24 00:00:00,2025-09-23 00:00:00,2025-09-23 21:10:00,1270,0.0,0.0,attachment3_10min_interpolation,0.0,2025-09-23 00:00:00,820.2095333333333,2025-09-16 21:10:00,actual_same_interval_7_days_ago,2025-09-23 00:00:00,0,36,False,820.2095333333333,0.0,0.0,0.0,1200.0,1200.0,820.2095333333333,120.0
2025-09-23T00:00_rolling,2025-09-23 00:00:00,2025-09-23 00:10:00,2025-09-24 00:00:00,2025-09-23 00:00:00,2025-09-23 21:20:00,1280,0.0,0.0,attachment3_10min_interpolation,0.0,2025-09-23 00:00:00,799.1934333333334,2025-09-16 21:20:00,actual_same_interval_7_days_ago,2025-09-23 00:00:00,0,36,False,799.1934333333334,0.0,0.0,0.0,1200.0,1200.0,799.1934333333334,120.0
2025-09-23T00:00_rolling,2025-09-23 00:00:00,2025-09-23 00:10:00,2025-09-24 00:00:00,2025-09-23 00:00:00,2025-09-23 21:30:00,1290,0.0,0.0,attachment3_10min_interpolation,0.0,2025-09-23 00:00:00,763.7166666666667,2025-09-16 21:30:00,actual_same_interval_7_days_ago,2025-09-23 00:00:00,0,36,False,763.7166666666667,0.0,0.0,0.0,1200.0,1200.0,763.7166666666667,120.0
2025-09-23T00:00_rolling,2025-09-23 00:00:00,2025-09-23 00:10:00,2025-09-24 00:00:00,2025-09-23 00:00:00,2025-09-23 21:40:00,1300,0.0,0.0,attachment3_10min_interpolation,0.0,2025-09-23 00:00:00,818.0142999999999,2025-09-16 21:40:00,actual_same_interval_7_days_ago,2025-09-23 00:00:00,0,36,False,818.0142999999999,0.0,0.0,0.0,1200.0,1200.0,818.0142999999999,120.0
2025-09-23T00:00_rolling,2025-09-23 00:00:00,2025-09-23 00:10:00,2025-09-24 00:00:00,2025-09-23 00:00:00,2025-09-23 21:50:00,1310,0.0,0.0,attachment3_10min_interpolation,0.0,2025-09-23 00:00:00,776.9880833333333,2025-09-16 21:50:00,actual_same_interval_7_days_ago,2025-09-23 00:00:00,0,36,False,776.9880833333333,0.0,0.0,0.0,1200.0,1200.0,776.9880833333333,120.0
2025-09-23T00:00_rolling,2025-09-23 00:00:00,2025-09-23 00:10:00,2025-09-24 00:00:00,2025-09-23 00:00:00,2025-09-23 22:00:00,1320,0.0,0.0,attachment3_10min_interpolation,0.0,2025-09-23 00:00:00,639.2716666666666,2025-09-16 22:00:00,actual_same_interval_7_days_ago,2025-09-23 00:00:00,0,36,False,639.2716666666666,0.0,0.0,0.0,1200.0,1200.0,639.2716666666666,120.0
2025-09-23T00:00_rolling,2025-09-23 00:00:00,2025-09-23 00:10:00,2025-09-24 00:00:00,2025-09-23 00:00:00,2025-09-23 22:10:00,1330,0.0,0.0,attachment3_10min_interpolation,0.0,2025-09-23 00:00:00,599.7292166666667,2025-09-16 22:10:00,actual_same_interval_7_days_ago,2025-09-23 00:00:00,0,36,False,599.7292166666667,0.0,0.0,0.0,1200.0,1200.0,599.7292166666667,120.0
2025-09-23T00:00_rolling,2025-09-23 00:00:00,2025-09-23 00:10:00,2025-09-24 00:00:00,2025-09-23 00:00:00,2025-09-23 22:20:00,1340,0.0,0.0,attachment3_10min_interpolation,0.0,2025-09-23 00:00:00,609.7264833333334,2025-09-16 22:20:00,actual_same_interval_7_days_ago,2025-09-23 00:00:00,0,36,False,609.7264833333334,0.0,0.0,0.0,1200.0,1200.0,609.7264833333334,120.0
2025-09-23T00:00_rolling,2025-09-23 00:00:00,2025-09-23 00:10:00,2025-09-24 00:00:00,2025-09-23 00:00:00,2025-09-23 22:30:00,1350,0.0,0.0,attachment3_10min_interpolation,0.0,2025-09-23 00:00:00,613.2483333333333,2025-09-16 22:30:00,actual_same_interval_7_days_ago,2025-09-23 00:00:00,0,36,False,613.2483333333333,0.0,0.0,0.0,1200.0,1200.0,613.2483333333333,120.0
2025-09-23T00:00_rolling,2025-09-23 00:00:00,2025-09-23 00:10:00,2025-09-24 00:00:00,2025-09-23 00:00:00,2025-09-23 22:40:00,1360,0.0,0.0,attachment3_10min_interpolation,0.0,2025-09-23 00:00:00,612.6178833333333,2025-09-16 22:40:00,actual_same_interval_7_days_ago,2025-09-23 00:00:00,0,36,False,612.6178833333333,0.0,0.0,0.0,1200.0,1200.0,612.6178833333333,120.0
2025-09-23T00:00_rolling,2025-09-23 00:00:00,2025-09-23 00:10:00,2025-09-24 00:00:00,2025-09-23 00:00:00,2025-09-23 22:50:00,1370,0.0,0.0,attachment3_10min_interpolation,0.0,2025-09-23 00:00:00,617.3649666666666,2025-09-16 22:50:00,actual_same_interval_7_days_ago,2025-09-23 00:00:00,0,36,False,617.3649666666666,0.0,0.0,0.0,1200.0,1200.0,617.3649666666666,120.0
2025-09-23T00:00_rolling,2025-09-23 00:00:00,2025-09-23 00:10:00,2025-09-24 00:00:00,2025-09-23 00:00:00,2025-09-23 23:00:00,1380,0.0,0.0,attachment3_10min_interpolation,0.0,2025-09-23 00:00:00,619.0216666666666,2025-09-16 23:00:00,actual_same_interval_7_days_ago,2025-09-23 00:00:00,0,36,False,619.0216666666666,0.0,0.0,0.0,1200.0,1200.0,619.0216666666666,120.0
2025-09-23T00:00_rolling,2025-09-23 00:00:00,2025-09-23 00:10:00,2025-09-24 00:00:00,2025-09-23 00:00:00,2025-09-23 23:10:00,1390,0.0,0.0,attachment3_10min_interpolation,0.0,2025-09-23 00:00:00,604.4078166666667,2025-09-16 23:10:00,actual_same_interval_7_days_ago,2025-09-23 00:00:00,0,36,False,604.4078166666667,0.0,0.0,0.0,1200.0,1200.0,604.4078166666667,120.0
2025-09-23T00:00_rolling,2025-09-23 00:00:00,2025-09-23 00:10:00,2025-09-24 00:00:00,2025-09-23 00:00:00,2025-09-23 23:20:00,1400,0.0,0.0,attachment3_10min_interpolation,0.0,2025-09-23 00:00:00,615.0140166666666,2025-09-16 23:20:00,actual_same_interval_7_days_ago,2025-09-23 00:00:00,0,36,False,615.0140166666666,0.0,0.0,0.0,1200.0,1200.0,615.0140166666666,120.0
2025-09-23T00:00_rolling,2025-09-23 00:00:00,2025-09-23 00:10:00,2025-09-24 00:00:00,2025-09-23 00:00:00,2025-09-23 23:30:00,1410,0.0,0.0,attachment3_10min_interpolation,0.0,2025-09-23 00:00:00,633.3716666666667,2025-09-16 23:30:00,actual_same_interval_7_days_ago,2025-09-23 00:00:00,0,36,False,633.3716666666667,0.0,0.0,0.0,1200.0,1200.0,633.3716666666667,120.0
2025-09-23T00:00_rolling,2025-09-23 00:00:00,2025-09-23 00:10:00,2025-09-24 00:00:00,2025-09-23 00:00:00,2025-09-23 23:40:00,1420,0.0,0.0,attachment3_10min_interpolation,0.0,2025-09-23 00:00:00,605.49435,2025-09-16 23:40:00,actual_same_interval_7_days_ago,2025-09-23 00:00:00,0,36,False,605.49435,0.0,0.0,0.0,1200.0,1200.0,605.49435,120.0
2025-09-23T00:00_rolling,2025-09-23 00:00:00,2025-09-23 00:10:00,2025-09-24 00:00:00,2025-09-23 00:00:00,2025-09-23 23:50:00,1430,0.0,0.0,attachment3_10min_interpolation,0.0,2025-09-23 00:00:00,616.7699,2025-09-16 23:50:00,actual_same_interval_7_days_ago,2025-09-23 00:00:00,0,36,False,616.7699,0.0,0.0,0.0,1200.0,1200.0,616.7699,120.0
2025-09-23T00:00_rolling,2025-09-23 00:00:00,2025-09-23 00:10:00,2025-09-24 00:00:00,2025-09-23 00:00:00,2025-09-24 00:00:00,1440,0.0,0.0,attachment3_10min_interpolation,0.0,2025-09-23 00:00:00,653.885,2025-09-17 00:00:00,actual_same_interval_7_days_ago,2025-09-23 00:00:00,0,36,False,653.885,0.0,0.0,0.0,1200.0,1200.0,653.885,120.0
2025-09-23T06:00_rolling,2025-09-23 06:00:00,2025-09-23 06:10:00,2025-09-24 06:00:00,2025-09-23 06:00:00,2025-09-23 06:10:00,10,251.5366,41.92276666666667,observed_anchor_linear_to_h1,0.0,2025-09-23 06:00:00,810.2949333333332,2025-09-16 06:10:00,actual_same_interval_7_days_ago,2025-09-23 06:00:00,36,72,True,12.372166666666544,0.0,756.0,0.0,9960.0,9120.0,11.035424999999918,120.0
2025-09-23T06:00_rolling,2025-09-23 06:00:00,2025-09-23 06:10:00,2025-09-24 06:00:00,2025-09-23 06:00:00,2025-09-23 06:20:00,20,503.0732,83.84553333333334,observed_anchor_linear_to_h1,0.0,2025-09-23 06:00:00,792.0891166666667,2025-09-16 06:20:00,actual_same_interval_7_days_ago,2025-09-23 06:00:00,36,72,True,60.24358333333328,0.0,648.0,0.0,9120.0,8400.0,57.570100000000025,120.0
2025-09-23T06:00_rolling,2025-09-23 06:00:00,2025-09-23 06:10:00,2025-09-24 06:00:00,2025-09-23 06:00:00,2025-09-23 06:30:00,30,754.6098,125.7683,observed_anchor_linear_to_h1,0.0,2025-09-23 06:00:00,785.2883333333333,2025-09-16 06:30:00,actual_same_interval_7_days_ago,2025-09-23 06:00:00,36,72,True,11.520033333333345,0.0,648.0,0.0,8400.0,7680.0,7.50980833333324,120.0
2025-09-23T06:00_rolling,2025-09-23 06:00:00,2025-09-23 06:10:00,2025-09-24 06:00:00,2025-09-23 06:00:00,2025-09-23 06:40:00,40,1006.1464,167.69106666666667,observed_anchor_linear_to_h1,0.0,2025-09-23 06:00:00,791.64315,2025-09-16 06:40:00,actual_same_interval_7_days_ago,2025-09-23 06:00:00,36,72,True,0.0,0.0,648.0,24.04791666666665,7680.0,6960.0,0.0,120.0
2025-09-23T06:00_rolling,2025-09-23 06:00:00,2025-09-23 06:10:00,2025-09-24 06:00:00,2025-09-23 06:00:00,2025-09-23 06:50:00,50,1257.683,209.61383333333333,observed_anchor_linear_to_h1,0.0,2025-09-23 06:00:00,793.81895,2025-09-16 06:50:00,actual_same_interval_7_days_ago,2025-09-23 06:00:00,36,72,True,44.20511666666664,0.0,540.0,0.0,6960.0,6360.0,37.521408333333284,120.0
2025-09-23T06:00_rolling,2025-09-23 06:00:00,2025-09-23 06:10:00,2025-09-24 06:00:00,2025-09-23 06:00:00,2025-09-23 07:00:00,60,1509.2196,251.5366,attachment3_10min_interpolation,0.0,2025-09-23 06:00:00,786.6700000000001,2025-09-16 07:00:00,actual_same_interval_7_days_ago,2025-09-23 06:00:00,36,72,True,0.0,0.0,540.0,4.8665999999999485,6360.0,5760.0,0.0,120.0
2025-09-23T06:00_rolling,2025-09-23 06:00:00,2025-09-23 06:10:00,2025-09-24 06:00:00,2025-09-23 06:00:00,2025-09-23 07:10:00,70,1886.3592666666664,314.39321111111104,attachment3_10min_interpolation,0.0,2025-09-23 06:00:00,783.764,2025-09-16 07:10:00,actual_same_interval_7_days_ago,2025-09-23 06:00:00,36,72,True,37.37078888888897,0.0,432.0,0.0,5760.0,5280.0,30.173338888888964,120.0
2025-09-23T06:00_rolling,2025-09-23 06:00:00,2025-09-23 06:10:00,2025-09-24 06:00:00,2025-09-23 06:00:00,2025-09-23 07:20:00,80,2263.4989333333333,377.24982222222224,attachment3_10min_interpolation,0.0,2025-09-23 06:00:00,805.6249833333333,2025-09-16 07:20:00,actual_same_interval_7_days_ago,2025-09-23 06:00:00,36,72,True,0.0,0.0,432.0,3.6248388888889735,5280.0,4800.0,0.0,120.0
2025-09-23T06:00_rolling,2025-09-23 06:00:00,2025-09-23 06:10:00,2025-09-24 06:00:00,2025-09-23 06:00:00,2025-09-23 07:30:00,90,2640.6386,440.10643333333337,attachment3_10min_interpolation,0.0,2025-09-23 06:00:00,823.2566666666667,2025-09-16 07:30:00,actual_same_interval_7_days_ago,2025-09-23 06:00:00,36,72,True,59.15023333333329,0.0,324.0,0.0,4800.0,4440.0,53.59878333333336,120.0
2025-09-23T06:00_rolling,2025-09-23 06:00:00,2025-09-23 06:10:00,2025-09-24 06:00:00,2025-09-23 06:00:00,2025-09-23 07:40:00,100,3017.7782666666667,502.96304444444445,attachment3_10min_interpolation,0.0,2025-09-23 06:00:00,804.7937499999999,2025-09-16 07:40:00,actual_same_interval_7_days_ago,2025-09-23 06:00:00,36,72,True,85.83070555555548,0.0,216.0,0.0,4440.0,4200.0,81.10225555555559,120.0
2025-09-23T06:00_rolling,2025-09-23 06:00:00,2025-09-23 06:10:00,2025-09-24 06:00:00,2025-09-23 06:00:00,2025-09-23 07:50:00,110,3394.917933333333,565.8196555555555,attachment3_10min_interpolation,0.0,2025-09-23 06:00:00,901.0201,2025-09-16 07:50:00,actual_same_interval_7_days_ago,2025-09-23 06:00:00,36,72,True,11.200444444444429,0.0,324.0,0.0,4200.0,3840.0,7.294994444444455,120.0
2025-09-23T06:00_rolling,2025-09-23 06:00:00,2025-09-23 06:10:00,2025-09-24 06:00:00,2025-09-23 06:00:00,2025-09-23 08:00:00,120,3772.0576,628.6762666666667,attachment3_10min_interpolation,0.0,2025-09-23 06:00:00,1077.0916666666667,2025-09-16 08:00:00,actual_same_interval_7_days_ago,2025-09-23 06:00:00,36,72,True,16.415399999999977,0.0,432.0,0.0,3840.0,3360.0,13.332950000000096,120.0
2025-09-23T06:00_rolling,2025-09-23 06:00:00,2025-09-23 06:10:00,2025-09-24 06:00:00,2025-09-23 06:00:00,2025-09-23 08:10:00,130,4114.9793666666665,685.8298944444444,attachment3_10min_interpolation,0.0,2025-09-23 06:00:00,1129.8349833333334,2025-09-16 08:10:00,actual_same_interval_7_days_ago,2025-09-23 06:00:00,36,72,True,12.005088888888963,0.0,432.0,0.0,3360.0,2880.0,13.79609444444452,120.0
2025-09-23T06:00_rolling,2025-09-23 06:00:00,2025-09-23 06:10:00,2025-09-24 06:00:00,2025-09-23 06:00:00,2025-09-23 08:20:00,140,4457.901133333334,742.9835222222223,attachment3_10min_interpolation,0.0,2025-09-23 06:00:00,1108.21465,2025-09-16 08:20:00,actual_same_interval_7_days_ago,2025-09-23 06:00:00,36,72,True,41.2311277777776,0.0,324.0,0.0,2880.0,2520.0,47.89558888888871,120.0
2025-09-23T06:00_rolling,2025-09-23 06:00:00,2025-09-23 06:10:00,2025-09-24 06:00:00,2025-09-23 06:00:00,2025-09-23 08:30:00,150,4800.8229,800.13715,attachment3_10min_interpolation,0.0,2025-09-23 06:00:00,1082.415,2025-09-16 08:30:00,actual_same_interval_7_days_ago,2025-09-23 06:00:00,36,72,True,0.0,0.0,324.0,41.722150000000056,2520.0,2160.0,0.0,120.0
2025-09-23T06:00_rolling,2025-09-23 06:00:00,2025-09-23 06:10:00,2025-09-24 06:00:00,2025-09-23 06:00:00,2025-09-23 08:40:00,160,5143.7446666666665,857.2907777777777,attachment3_10min_interpolation,0.0,2025-09-23 06:00:00,1072.1440333333333,2025-09-16 08:40:00,actual_same_interval_7_days_ago,2025-09-23 06:00:00,36,72,True,0.0,0.0,216.0,1.1467444444444936,2160.0,1920.0,15.264627777777719,120.0
2025-09-23T06:00_rolling,2025-09-23 06:00:00,2025-09-23 06:10:00,2025-09-24 06:00:00,2025-09-23 06:00:00,2025-09-23 08:50:00,170,5486.666433333334,914.4444055555556,attachment3_10min_interpolation,0.0,2025-09-23 06:00:00,1073.0296833333334,2025-09-16 08:50:00,actual_same_interval_7_days_ago,2025-09-23 06:00:00,36,72,True,0.0,0.0,216.0,57.41472222222217,1920.0,1680.0,0.0,120.0
2025-09-23T06:00_rolling,2025-09-23 06:00:00,2025-09-23 06:10:00,2025-09-24 06:00:00,2025-09-23 06:00:00,2025-09-23 09:00:00,180,5829.5882,971.5980333333333,attachment3_10min_interpolation,0.0,2025-09-23 06:00:00,1083.6983333333333,2025-09-16 09:00:00,actual_same_interval_7_days_ago,2025-09-23 06:00:00,36,72,True,4.100299999999947,0.0,108.0,0.0,1680.0,1560.0,30.258583333333263,120.0
2025-09-23T06:00_rolling,2025-09-23 06:00:00,2025-09-23 06:10:00,2025-09-24 06:00:00,2025-09-23 06:00:00,2025-09-23 09:10:00,190,5942.855983333334,990.4759972222223,attachment3_10min_interpolation,0.0,2025-09-23 06:00:00,1103.33735,2025-09-16 09:10:00,actual_same_interval_7_days_ago,2025-09-23 06:00:00,36,72,True,4.861352777777711,0.0,108.0,0.0,1560.0,1440.0,21.49519722222226,120.0
2025-09-23T06:00_rolling,2025-09-23 06:00:00,2025-09-23 06:10:00,2025-09-24 06:00:00,2025-09-23 06:00:00,2025-09-23 09:20:00,200,6056.123766666667,1009.3539611111111,attachment3_10min_interpolation,0.0,2025-09-23 06:00:00,1100.6318833333332,2025-09-16 09:20:00,actual_same_interval_7_days_ago,2025-09-23 06:00:00,36,72,True,0.0,0.0,108.0,16.722077777777827,1440.0,1320.0,0.0,120.0
2025-09-23T06:00_rolling,2025-09-23 06:00:00,2025-09-23 06:10:00,2025-09-24 06:00:00,2025-09-23 06:00:00,2025-09-23 09:30:00,210,6169.39155,1028.231925,attachment3_10min_interpolation,0.0,2025-09-23 06:00:00,1067.888333333333,2025-09-16 09:30:00,actual_same_interval_7_days_ago,2025-09-23 06:00:00,36,72,True,39.65640833333305,0.0,0.0,0.0,1320.0,1320.0,37.241374999999834,120.0
2025-09-23T06:00_rolling,2025-09-23 06:00:00,2025-09-23 06:10:00,2025-09-24 06:00:00,2025-09-23 06:00:00,2025-09-23 09:40:00,220,6282.659333333334,1047.109888888889,attachment3_10min_interpolation,0.0,2025-09-23 06:00:00,1033.42455,2025-09-16 09:40:00,actual_same_interval_7_days_ago,2025-09-23 06:00:00,36,72,True,0.0,0.0,0.0,13.685338888888964,1320.0,1320.0,0.0,120.0
2025-09-23T06:00_rolling,2025-09-23 06:00:00,2025-09-23 06:10:00,2025-09-24 06:00:00,2025-09-23 06:00:00,2025-09-23 09:50:00,230,6395.927116666667,1065.9878527777778,attachment3_10min_interpolation,0.0,2025-09-23 06:00:00,1041.5923333333333,2025-09-16 09:50:00,actual_same_interval_7_days_ago,2025-09-23 06:00:00,36,72,True,0.0,0.0,0.0,24.395519444444517,1320.0,1320.0,0.0,120.0
2025-09-23T06:00_rolling,2025-09-23 06:00:00,2025-09-23 06:10:00,2025-09-24 06:00:00,2025-09-23 06:00:00,2025-09-23 10:00:00,240,6509.1949,1084.8658166666667,attachment3_10min_interpolation,0.0,2025-09-23 06:00:00,1080.1366666666663,2025-09-16 10:00:00,actual_same_interval_7_days_ago,2025-09-23 06:00:00,36,72,True,0.0,0.0,0.0,4.729150000000345,1320.0,1320.0,0.0,120.0
2025-09-23T06:00_rolling,2025-09-23 06:00:00,2025-09-23 06:10:00,2025-09-24 06:00:00,2025-09-23 06:00:00,2025-09-23 10:10:00,250,6679.203283333334,1113.2005472222224,attachment3_10min_interpolation,0.0,2025-09-23 06:00:00,1092.8445,2025-09-16 10:10:00,actual_same_interval_7_days_ago,2025-09-23 06:00:00,36,72,True,0.0,0.0,0.0,20.356047222222514,1320.0,1320.0,0.0,120.0
2025-09-23T06:00_rolling,2025-09-23 06:00:00,2025-09-23 06:10:00,2025-09-24 06:00:00,2025-09-23 06:00:00,2025-09-23 10:20:00,260,6849.211666666667,1141.5352777777778,attachment3_10min_interpolation,0.0,2025-09-23 06:00:00,1088.37695,2025-09-16 10:20:00,actual_same_interval_7_days_ago,2025-09-23 06:00:00,36,72,True,0.0,0.0,0.0,53.158327777777686,1320.0,1320.0,0.0,120.0
2025-09-23T06:00_rolling,2025-09-23 06:00:00,2025-09-23 06:10:00,2025-09-24 06:00:00,2025-09-23 06:00:00,2025-09-23 10:30:00,270,7019.220050000001,1169.8700083333335,attachment3_10min_interpolation,0.0,2025-09-23 06:00:00,1083.6883333333333,2025-09-16 10:30:00,actual_same_interval_7_days_ago,2025-09-23 06:00:00,36,72,True,0.0,0.0,0.0,86.18167500000027,1320.0,1320.0,0.0,120.0
2025-09-23T06:00_rolling,2025-09-23 06:00:00,2025-09-23 06:10:00,2025-09-24 06:00:00,2025-09-23 06:00:00,2025-09-23 10:40:00,280,7189.228433333334,1198.2047388888889,attachment3_10min_interpolation,0.0,2025-09-23 06:00:00,1083.5624166666666,2025-09-16 10:40:00,actual_same_interval_7_days_ago,2025-09-23 06:00:00,36,72,True,18.691011111111123,133.33333333333334,0.0,0.0,1320.0,1440.0,62.75516111111105,120.0
2025-09-23T06:00_rolling,2025-09-23 06:00:00,2025-09-23 06:10:00,2025-09-24 06:00:00,2025-09-23 06:00:00,2025-09-23 10:50:00,290,7359.236816666667,1226.5394694444446,attachment3_10min_interpolation,0.0,2025-09-23 06:00:00,1079.1169666666667,2025-09-16 10:50:00,actual_same_interval_7_days_ago,2025-09-23 06:00:00,36,72,True,0.0,133.33333333333334,0.0,14.089169444444593,1440.0,1560.0,48.73810555555551,120.0
2025-09-23T06:00_rolling,2025-09-23 06:00:00,2025-09-23 06:10:00,2025-09-24 06:00:00,2025-09-23 06:00:00,2025-09-23 11:00:00,300,7529.2452,1254.8742,attachment3_10min_interpolation,0.0,2025-09-23 06:00:00,1073.275,2025-09-16 11:00:00,actual_same_interval_7_days_ago,2025-09-23 06:00:00,36,72,True,218.40080000000012,400.0,0.0,0.0,1560.0,1920.0,299.99120000000016,120.0
2025-09-23T06:00_rolling,2025-09-23 06:00:00,2025-09-23 06:10:00,2025-09-24 06:00:00,2025-09-23 06:00:00,2025-09-23 11:10:00,310,7741.659933333333,1290.2766555555556,attachment3_10min_interpolation,0.0,2025-09-23 06:00:00,1078.8649333333333,2025-09-16 11:10:00,actual_same_interval_7_days_ago,2025-09-23 06:00:00,36,72,True,588.5882777777776,800.0,0.0,0.0,1920.0,2640.0,658.3040194444443,120.0
2025-09-23T06:00_rolling,2025-09-23 06:00:00,2025-09-23 06:10:00,2025-09-24 06:00:00,2025-09-23 06:00:00,2025-09-23 11:20:00,320,7954.074666666666,1325.679111111111,attachment3_10min_interpolation,0.0,2025-09-23 06:00:00,1087.894,2025-09-16 11:20:00,actual_same_interval_7_days_ago,2025-09-23 06:00:00,36,72,True,562.2148888888889,800.0,0.0,0.0,2640.0,3360.0,620.0559722222222,120.0
2025-09-23T06:00_rolling,2025-09-23 06:00:00,2025-09-23 06:10:00,2025-09-24 06:00:00,2025-09-23 06:00:00,2025-09-23 11:30:00,330,8166.489399999999,1361.0815666666665,attachment3_10min_interpolation,0.0,2025-09-23 06:00:00,1088.5183333333332,2025-09-16 11:30:00,actual_same_interval_7_days_ago,2025-09-23 06:00:00,36,72,True,527.4367666666667,800.0,0.0,0.0,3360.0,4080.0,573.4031916666663,120.0
2025-09-23T06:00_rolling,2025-09-23 06:00:00,2025-09-23 06:10:00,2025-09-24 06:00:00,2025-09-23 06:00:00,2025-09-23 11:40:00,340,8378.904133333333,1396.4840222222222,attachment3_10min_interpolation,0.0,2025-09-23 06:00:00,1072.86995,2025-09-16 11:40:00,actual_same_interval_7_days_ago,2025-09-23 06:00:00,36,72,True,476.38592777777785,800.0,0.0,0.0,4080.0,4800.0,510.4776944444443,120.0
2025-09-23T06:00_rolling,2025-09-23 06:00:00,2025-09-23 06:10:00,2025-09-24 06:00:00,2025-09-23 06:00:00,2025-09-23 11:50:00,350,8591.318866666667,1431.8864777777778,attachment3_10min_interpolation,0.0,2025-09-23 06:00:00,1043.0022166666663,2025-09-16 11:50:00,actual_same_interval_7_days_ago,2025-09-23 06:00:00,36,72,True,411.1157388888885,800.0,0.0,0.0,4800.0,5520.0,433.33284722222174,120.0
2025-09-23T06:00_rolling,2025-09-23 06:00:00,2025-09-23 06:10:00,2025-09-24 06:00:00,2025-09-23 06:00:00,2025-09-23 12:00:00,360,8803.7336,1467.2889333333333,attachment3_10min_interpolation,0.0,2025-09-23 06:00:00,1005.695,2025-09-16 12:00:00,actual_same_interval_7_days_ago,2025-09-23 06:00:00,36,72,True,338.4060666666668,800.0,0.0,0.0,5520.0,6240.0,348.74851666666666,120.0
2025-09-23T06:00_rolling,2025-09-23 06:00:00,2025-09-23 06:10:00,2025-09-24 06:00:00,2025-09-23 06:00:00,2025-09-23 12:10:00,370,8660.202766666665,1443.3671277777776,attachment3_10min_interpolation,0.0,2025-09-23 06:00:00,976.1704666666666,2025-09-16 12:10:00,actual_same_interval_7_days_ago,2025-09-23 06:00:00,36,72,False,332.803338888889,800.0,0.0,0.0,6240.0,6960.0,345.1653583333331,120.0
2025-09-23T06:00_rolling,2025-09-23 06:00:00,2025-09-23 06:10:00,2025-09-24 06:00:00,2025-09-23 06:00:00,2025-09-23 12:20:00,380,8516.671933333333,1419.445322222222,attachment3_10min_interpolation,0.0,2025-09-23 06:00:00,991.4196666666668,2025-09-16 12:20:00,actual_same_interval_7_days_ago,2025-09-23 06:00:00,36,72,False,371.9743444444447,800.0,0.0,0.0,6960.0,7680.0,386.3559333333334,120.0
2025-09-23T06:00_rolling,2025-09-23 06:00:00,2025-09-23 06:10:00,2025-09-24 06:00:00,2025-09-23 06:00:00,2025-09-23 12:30:00,390,8373.141099999999,1395.5235166666664,attachment3_10min_interpolation,0.0,2025-09-23 06:00:00,1026.76,2025-09-16 12:30:00,actual_same_interval_7_days_ago,2025-09-23 06:00:00,36,72,False,431.2364833333336,800.0,0.0,0.0,7680.0,8400.0,447.6376416666667,120.0
2025-09-23T06:00_rolling,2025-09-23 06:00:00,2025-09-23 06:10:00,2025-09-24 06:00:00,2025-09-23 06:00:00,2025-09-23 12:40:00,400,8229.610266666667,1371.6017111111112,attachment3_10min_interpolation,0.0,2025-09-23 06:00:00,1019.67155,2025-09-16 12:40:00,actual_same_interval_7_days_ago,2025-09-23 06:00:00,36,72,False,448.06983888888885,800.0,0.0,0.0,8400.0,9120.0,466.4905666666666,120.0
2025-09-23T06:00_rolling,2025-09-23 06:00:00,2025-09-23 06:10:00,2025-09-24 06:00:00,2025-09-23 06:00:00,2025-09-23 12:50:00,410,8086.079433333333,1347.6799055555555,attachment3_10min_interpolation,0.0,2025-09-23 06:00:00,1021.65205,2025-09-16 12:50:00,actual_same_interval_7_days_ago,2025-09-23 06:00:00,36,72,False,73.97214444444455,400.0,0.0,0.0,9120.0,9480.0,94.41244166666672,120.0
2025-09-23T06:00_rolling,2025-09-23 06:00:00,2025-09-23 06:10:00,2025-09-24 06:00:00,2025-09-23 06:00:00,2025-09-23 13:00:00,420,7942.5486,1323.7581,attachment3_10min_interpolation,0.0,2025-09-23 06:00:00,1045.2616666666663,2025-09-16 13:00:00,actual_same_interval_7_days_ago,2025-09-23 06:00:00,36,72,False,0.0,266.6666666666667,0.0,11.829766666667012,9480.0,9720.0,10.6300999999998,120.0
2025-09-23T06:00_rolling,2025-09-23 06:00:00,2025-09-23 06:10:00,2025-09-24 06:00:00,2025-09-23 06:00:00,2025-09-23 13:10:00,430,7776.20325,1296.0338749999999,attachment3_10min_interpolation,0.0,2025-09-23 06:00:00,1044.5670833333334,2025-09-16 13:10:00,actual_same_interval_7_days_ago,2025-09-23 06:00:00,36,72,False,15.19987500000019,266.6666666666667,0.0,0.0,9720.0,9960.0,37.93202777777782,120.0
2025-09-23T06:00_rolling,2025-09-23 06:00:00,2025-09-23 06:10:00,2025-09-24 06:00:00,2025-09-23 06:00:00,2025-09-23 13:20:00,440,7609.8579,1268.30965,attachment3_10min_interpolation,0.0,2025-09-23 06:00:00,1014.05495,2025-09-16 13:20:00,actual_same_interval_7_days_ago,2025-09-23 06:00:00,36,72,False,12.411966666666729,266.6666666666667,0.0,0.0,9960.0,10200.0,35.41640555555563,120.0
2025-09-23T06:00_rolling,2025-09-23 06:00:00,2025-09-23 06:10:00,2025-09-24 06:00:00,2025-09-23 06:00:00,2025-09-23 13:30:00,450,7443.512549999999,1240.5854249999998,attachment3_10min_interpolation,0.0,2025-09-23 06:00:00,997.2083333333334,2025-09-16 13:30:00,actual_same_interval_7_days_ago,2025-09-23 06:00:00,36,72,False,23.289575000000298,266.6666666666667,0.0,0.0,10200.0,10440.0,46.56630000000024,120.0
2025-09-23T06:00_rolling,2025-09-23 06:00:00,2025-09-23 06:10:00,2025-09-24 06:00:00,2025-09-23 06:00:00,2025-09-23 13:40:00,460,7277.1672,1212.8612,attachment3_10min_interpolation,0.0,2025-09-23 06:00:00,1041.6591166666667,2025-09-16 13:40:00,actual_same_interval_7_days_ago,2025-09-23 06:00:00,36,72,False,0.0,133.33333333333334,0.0,37.868750000000006,10440.0,10560.0,0.0,120.0
2025-09-23T06:00_rolling,2025-09-23 06:00:00,2025-09-23 06:10:00,2025-09-24 06:00:00,2025-09-23 06:00:00,2025-09-23 13:50:00,470,7110.821849999999,1185.136975,attachment3_10min_interpolation,0.0,2025-09-23 06:00:00,1062.9396333333334,2025-09-16 13:50:00,actual_same_interval_7_days_ago,2025-09-23 06:00:00,36,72,False,11.135991666666854,133.33333333333334,0.0,0.0,10560.0,10680.0,34.95728888888888,120.0
2025-09-23T06:00_rolling,2025-09-23 06:00:00,2025-09-23 06:10:00,2025-09-24 06:00:00,2025-09-23 06:00:00,2025-09-23 14:00:00,480,6944.4765,1157.41275,attachment3_10min_interpolation,0.0,2025-09-23 06:00:00,1031.275,2025-09-16 14:00:00,actual_same_interval_7_days_ago,2025-09-23 06:00:00,36,72,False,7.195583333333474,133.33333333333334,0.0,0.0,10680.0,10800.0,31.289166666666773,120.0
2025-09-23T06:00_rolling,2025-09-23 06:00:00,2025-09-23 06:10:00,2025-09-24 06:00:00,2025-09-23 06:00:00,2025-09-23 14:10:00,490,6552.097733333333,1092.0162888888888,attachment3_10min_interpolation,0.0,2025-09-23 06:00:00,1000.7743333333332,2025-09-16 14:10:00,actual_same_interval_7_days_ago,2025-09-23 06:00:00,36,72,False,0.0,0.0,0.0,91.24195555555559,10800.0,10800.0,0.0,120.0
2025-09-23T06:00_rolling,2025-09-23 06:00:00,2025-09-23 06:10:00,2025-09-24 06:00:00,2025-09-23 06:00:00,2025-09-23 14:20:00,500,6159.718966666666,1026.6198277777778,attachment3_10min_interpolation,0.0,2025-09-23 06:00:00,1006.6453166666666,2025-09-16 14:20:00,actual_same_interval_7_days_ago,2025-09-23 06:00:00,36,72,False,0.0,0.0,0.0,19.974511111111156,10800.0,10800.0,10.045272222222252,120.0
2025-09-23T06:00_rolling,2025-09-23 06:00:00,2025-09-23 06:10:00,2025-09-24 06:00:00,2025-09-23 06:00:00,2025-09-23 14:30:00,510,5767.340200000001,961.2233666666667,attachment3_10min_interpolation,0.0,2025-09-23 06:00:00,1035.3933333333332,2025-09-16 14:30:00,actual_same_interval_7_days_ago,2025-09-23 06:00:00,36,72,False,0.0,0.0,108.0,33.83003333333352,10800.0,10680.0,0.0,120.0
2025-09-23T06:00_rolling,2025-09-23 06:00:00,2025-09-23 06:10:00,2025-09-24 06:00:00,2025-09-23 06:00:00,2025-09-23 14:40:00,520,5374.961433333334,895.8269055555556,attachment3_10min_interpolation,0.0,2025-09-23 06:00:00,1043.5381,2025-09-16 14:40:00,actual_same_interval_7_days_ago,2025-09-23 06:00:00,36,72,False,39.711194444444345,0.0,108.0,0.0,10680.0,10560.0,75.65717777777775,120.0
2025-09-23T06:00_rolling,2025-09-23 06:00:00,2025-09-23 06:10:00,2025-09-24 06:00:00,2025-09-23 06:00:00,2025-09-23 14:50:00,530,4982.582666666667,830.4304444444446,attachment3_10min_interpolation,0.0,2025-09-23 06:00:00,1039.13225,2025-09-16 14:50:00,actual_same_interval_7_days_ago,2025-09-23 06:00:00,36,72,False,0.0,0.0,216.0,7.298194444444448,10560.0,10320.0,31.610888888889008,120.0
2025-09-23T06:00_rolling,2025-09-23 06:00:00,2025-09-23 06:10:00,2025-09-24 06:00:00,2025-09-23 06:00:00,2025-09-23 15:00:00,540,4590.2039,765.0339833333334,attachment3_10min_interpolation,0.0,2025-09-23 06:00:00,1030.8866666666663,2025-09-16 15:00:00,actual_same_interval_7_days_ago,2025-09-23 06:00:00,36,72,False,265.85268333333295,0.0,0.0,0.0,10320.0,10320.0,307.72486666666634,120.0
2025-09-23T06:00_rolling,2025-09-23 06:00:00,2025-09-23 06:10:00,2025-09-24 06:00:00,2025-09-23 06:00:00,2025-09-23 15:10:00,550,4378.207983333334,729.7013305555556,attachment3_10min_interpolation,0.0,2025-09-23 06:00:00,1024.69835,2025-09-16 15:10:00,actual_same_interval_7_days_ago,2025-09-23 06:00:00,36,72,False,828.3303527777776,533.3333333333334,0.0,0.0,10320.0,10800.0,866.3952138888887,120.0
2025-09-23T06:00_rolling,2025-09-23 06:00:00,2025-09-23 06:10:00,2025-09-24 06:00:00,2025-09-23 06:00:00,2025-09-23 15:20:00,560,4166.212066666667,694.3686777777779,attachment3_10min_interpolation,0.0,2025-09-23 06:00:00,1062.3220666666666,2025-09-16 15:20:00,actual_same_interval_7_days_ago,2025-09-23 06:00:00,36,72,False,367.95338888888875,0.0,0.0,0.0,10800.0,10800.0,402.2109277777778,120.0
2025-09-23T06:00_rolling,2025-09-23 06:00:00,2025-09-23 06:10:00,2025-09-24 06:00:00,2025-09-23 06:00:00,2025-09-23 15:30:00,570,3954.21615,659.036025,attachment3_10min_interpolation,0.0,2025-09-23 06:00:00,1110.9633333333334,2025-09-16 15:30:00,actual_same_interval_7_days_ago,2025-09-23 06:00:00,36,72,False,451.9273083333334,0.0,0.0,0.0,10800.0,10800.0,482.377525,120.0
2025-09-23T06:00_rolling,2025-09-23 06:00:00,2025-09-23 06:10:00,2025-09-24 06:00:00,2025-09-23 06:00:00,2025-09-23 15:40:00,580,3742.2202333333335,623.7033722222222,attachment3_10min_interpolation,0.0,2025-09-23 06:00:00,1087.0565166666668,2025-09-16 15:40:00,actual_same_interval_7_days_ago,2025-09-23 06:00:00,36,72,False,463.3531444444445,0.0,0.0,0.0,10800.0,10800.0,489.99603888888896,120.0
2025-09-23T06:00_rolling,2025-09-23 06:00:00,2025-09-23 06:10:00,2025-09-24 06:00:00,2025-09-23 06:00:00,2025-09-23 15:50:00,590,3530.2243166666667,588.3707194444445,attachment3_10min_interpolation,0.0,2025-09-23 06:00:00,1037.8845833333332,2025-09-16 15:50:00,actual_same_interval_7_days_ago,2025-09-23 06:00:00,36,72,False,449.51386388888875,0.0,0.0,0.0,10800.0,10800.0,472.349436111111,120.0
2025-09-23T06:00_rolling,2025-09-23 06:00:00,2025-09-23 06:10:00,2025-09-24 06:00:00,2025-09-23 06:00:00,2025-09-23 16:00:00,600,3318.2284,553.0380666666666,attachment3_10min_interpolation,0.0,2025-09-23 06:00:00,1028.8983333333333,2025-09-16 16:00:00,actual_same_interval_7_days_ago,2025-09-23 06:00:00,36,72,False,475.8602666666667,0.0,0.0,0.0,10800.0,10800.0,494.88851666666665,120.0
2025-09-23T06:00_rolling,2025-09-23 06:00:00,2025-09-23 06:10:00,2025-09-24 06:00:00,2025-09-23 06:00:00,2025-09-23 16:10:00,610,2998.205966666667,499.70099444444446,attachment3_10min_interpolation,0.0,2025-09-23 06:00:00,1079.5205166666667,2025-09-16 16:10:00,actual_same_interval_7_days_ago,2025-09-23 06:00:00,36,72,False,579.8195222222223,0.0,0.0,0.0,10800.0,10800.0,598.7292944444446,120.0
2025-09-23T06:00_rolling,2025-09-23 06:00:00,2025-09-23 06:10:00,2025-09-24 06:00:00,2025-09-23 06:00:00,2025-09-23 16:20:00,620,2678.1835333333333,446.36392222222224,attachment3_10min_interpolation,0.0,2025-09-23 06:00:00,1092.01325,2025-09-16 16:20:00,actual_same_interval_7_days_ago,2025-09-23 06:00:00,36,72,False,645.6493277777777,0.0,0.0,0.0,10800.0,10800.0,664.4406222222221,120.0
2025-09-23T06:00_rolling,2025-09-23 06:00:00,2025-09-23 06:10:00,2025-09-24 06:00:00,2025-09-23 06:00:00,2025-09-23 16:30:00,630,2358.1611000000003,393.02685,attachment3_10min_interpolation,0.0,2025-09-23 06:00:00,1055.49,2025-09-16 16:30:00,actual_same_interval_7_days_ago,2025-09-23 06:00:00,36,72,False,662.46315,0.0,0.0,0.0,10800.0,10800.0,681.1359666666667,120.0
2025-09-23T06:00_rolling,2025-09-23 06:00:00,2025-09-23 06:10:00,2025-09-24 06:00:00,2025-09-23 06:00:00,2025-09-23 16:40:00,640,2038.1386666666667,339.6897777777778,attachment3_10min_interpolation,0.0,2025-09-23 06:00:00,1053.40615,2025-09-16 16:40:00,actual_same_interval_7_days_ago,2025-09-23 06:00:00,36,72,False,713.7163722222222,0.0,0.0,0.0,10800.0,10800.0,732.2707111111112,120.0
2025-09-23T06:00_rolling,2025-09-23 06:00:00,2025-09-23 06:10:00,2025-09-24 06:00:00,2025-09-23 06:00:00,2025-09-23 16:50:00,650,1718.1162333333334,286.3527055555556,attachment3_10min_interpolation,0.0,2025-09-23 06:00:00,1082.0534666666667,2025-09-16 16:50:00,actual_same_interval_7_days_ago,2025-09-23 06:00:00,36,72,False,795.7007611111112,0.0,0.0,0.0,10800.0,10800.0,814.1366222222223,120.0
2025-09-23T06:00_rolling,2025-09-23 06:00:00,2025-09-23 06:10:00,2025-09-24 06:00:00,2025-09-23 06:00:00,2025-09-23 17:00:00,660,1398.0938,233.01563333333334,attachment3_10min_interpolation,0.0,2025-09-23 06:00:00,1099.9783333333332,2025-09-16 17:00:00,actual_same_interval_7_days_ago,2025-09-23 06:00:00,36,72,False,866.9626999999999,0.0,0.0,0.0,10800.0,10800.0,885.2800833333332,120.0
2025-09-23T06:00_rolling,2025-09-23 06:00:00,2025-09-23 06:10:00,2025-09-24 06:00:00,2025-09-23 06:00:00,2025-09-23 17:10:00,670,1165.078166666667,194.1796944444445,attachment3_10min_interpolation,0.0,2025-09-23 06:00:00,1074.0366833333333,2025-09-16 17:10:00,actual_same_interval_7_days_ago,2025-09-23 06:00:00,36,72,False,879.8569888888887,0.0,0.0,0.0,10800.0,10800.0,895.1214749999999,120.0
2025-09-23T06:00_rolling,2025-09-23 06:00:00,2025-09-23 06:10:00,2025-09-24 06:00:00,2025-09-23 06:00:00,2025-09-23 17:20:00,680,932.0625333333334,155.34375555555556,attachment3_10min_interpolation,0.0,2025-09-23 06:00:00,1060.8777166666666,2025-09-16 17:20:00,actual_same_interval_7_days_ago,2025-09-23 06:00:00,36,72,False,905.533961111111,0.0,0.0,0.0,10800.0,10800.0,917.74555,120.0
2025-09-23T06:00_rolling,2025-09-23 06:00:00,2025-09-23 06:10:00,2025-09-24 06:00:00,2025-09-23 06:00:00,2025-09-23 17:30:00,690,699.0469,116.50781666666667,attachment3_10min_interpolation,0.0,2025-09-23 06:00:00,1090.513333333333,2025-09-16 17:30:00,actual_same_interval_7_days_ago,2025-09-23 06:00:00,36,72,False,974.0055166666664,0.0,0.0,0.0,10800.0,10800.0,983.1642083333331,120.0
2025-09-23T06:00_rolling,2025-09-23 06:00:00,2025-09-23 06:10:00,2025-09-24 06:00:00,2025-09-23 06:00:00,2025-09-23 17:40:00,700,466.0312666666667,77.67187777777778,attachment3_10min_interpolation,0.0,2025-09-23 06:00:00,1117.1051666666667,2025-09-16 17:40:00,actual_same_interval_7_days_ago,2025-09-23 06:00:00,36,72,False,1039.433288888889,0.0,0.0,0.0,10800.0,10800.0,1045.5390833333333,120.0
2025-09-23T06:00_rolling,2025-09-23 06:00:00,2025-09-23 06:10:00,2025-09-24 06:00:00,2025-09-23 06:00:00,2025-09-23 17:50:00,710,233.0156333333333,38.83593888888888,attachment3_10min_interpolation,0.0,2025-09-23 06:00:00,998.7632333333332,2025-09-16 17:50:00,actual_same_interval_7_days_ago,2025-09-23 06:00:00,36,72,False,959.9272944444443,0.0,0.0,0.0,10800.0,10800.0,962.9801916666665,120.0
2025-09-23T06:00_rolling,2025-09-23 06:00:00,2025-09-23 06:10:00,2025-09-24 06:00:00,2025-09-23 06:00:00,2025-09-23 18:00:00,720,0.0,0.0,attachment3_10min_interpolation,0.0,2025-09-23 06:00:00,805.8466666666667,2025-09-16 18:00:00,actual_same_interval_7_days_ago,2025-09-23 06:00:00,36,72,False,805.8466666666667,0.0,0.0,0.0,10800.0,10800.0,805.8466666666667,120.0
2025-09-23T06:00_rolling,2025-09-23 06:00:00,2025-09-23 06:10:00,2025-09-24 06:00:00,2025-09-23 06:00:00,2025-09-23 18:10:00,730,0.0,0.0,attachment3_10min_interpolation,0.0,2025-09-23 06:00:00,764.1748666666667,2025-09-16 18:10:00,actual_same_interval_7_days_ago,2025-09-23 06:00:00,36,72,False,764.1748666666667,0.0,0.0,0.0,10800.0,10800.0,764.1748666666667,120.0
2025-09-23T06:00_rolling,2025-09-23 06:00:00,2025-09-23 06:10:00,2025-09-24 06:00:00,2025-09-23 06:00:00,2025-09-23 18:20:00,740,0.0,0.0,attachment3_10min_interpolation,0.0,2025-09-23 06:00:00,783.3493333333332,2025-09-16 18:20:00,actual_same_interval_7_days_ago,2025-09-23 06:00:00,36,72,False,783.3493333333332,0.0,0.0,0.0,10800.0,10800.0,783.3493333333332,120.0
2025-09-23T06:00_rolling,2025-09-23 06:00:00,2025-09-23 06:10:00,2025-09-24 06:00:00,2025-09-23 06:00:00,2025-09-23 18:30:00,750,0.0,0.0,attachment3_10min_interpolation,0.0,2025-09-23 06:00:00,801.09,2025-09-16 18:30:00,actual_same_interval_7_days_ago,2025-09-23 06:00:00,36,72,False,801.09,0.0,0.0,0.0,10800.0,10800.0,801.09,120.0
2025-09-23T06:00_rolling,2025-09-23 06:00:00,2025-09-23 06:10:00,2025-09-24 06:00:00,2025-09-23 06:00:00,2025-09-23 18:40:00,760,0.0,0.0,attachment3_10min_interpolation,0.0,2025-09-23 06:00:00,838.19785,2025-09-16 18:40:00,actual_same_interval_7_days_ago,2025-09-23 06:00:00,36,72,False,838.19785,0.0,0.0,0.0,10800.0,10800.0,838.19785,120.0
2025-09-23T06:00_rolling,2025-09-23 06:00:00,2025-09-23 06:10:00,2025-09-24 06:00:00,2025-09-23 06:00:00,2025-09-23 18:50:00,770,0.0,0.0,attachment3_10min_interpolation,0.0,2025-09-23 06:00:00,814.9752333333332,2025-09-16 18:50:00,actual_same_interval_7_days_ago,2025-09-23 06:00:00,36,72,False,490.9752333333332,0.0,324.0,0.0,10800.0,10440.0,490.9752333333332,120.0
2025-09-23T06:00_rolling,2025-09-23 06:00:00,2025-09-23 06:10:00,2025-09-24 06:00:00,2025-09-23 06:00:00,2025-09-23 19:00:00,780,0.0,0.0,attachment3_10min_interpolation,0.0,2025-09-23 06:00:00,767.1333333333333,2025-09-16 19:00:00,actual_same_interval_7_days_ago,2025-09-23 06:00:00,36,72,False,11.133333333333326,0.0,756.0,0.0,10440.0,9600.0,11.133333333333326,120.0
2025-09-23T06:00_rolling,2025-09-23 06:00:00,2025-09-23 06:10:00,2025-09-24 06:00:00,2025-09-23 06:00:00,2025-09-23 19:10:00,790,0.0,0.0,attachment3_10min_interpolation,0.0,2025-09-23 06:00:00,813.1525166666667,2025-09-16 19:10:00,actual_same_interval_7_days_ago,2025-09-23 06:00:00,36,72,False,57.152516666666656,0.0,756.0,0.0,9600.0,8760.0,57.152516666666656,120.0
2025-09-23T06:00_rolling,2025-09-23 06:00:00,2025-09-23 06:10:00,2025-09-24 06:00:00,2025-09-23 06:00:00,2025-09-23 19:20:00,800,0.0,0.0,attachment3_10min_interpolation,0.0,2025-09-23 06:00:00,841.5716000000001,2025-09-16 19:20:00,actual_same_interval_7_days_ago,2025-09-23 06:00:00,36,72,False,85.5716000000001,0.0,756.0,0.0,8760.0,7920.0,85.5716000000001,120.0
2025-09-23T06:00_rolling,2025-09-23 06:00:00,2025-09-23 06:10:00,2025-09-24 06:00:00,2025-09-23 06:00:00,2025-09-23 19:30:00,810,0.0,0.0,attachment3_10min_interpolation,0.0,2025-09-23 06:00:00,817.0316666666666,2025-09-16 19:30:00,actual_same_interval_7_days_ago,2025-09-23 06:00:00,36,72,False,61.03166666666664,0.0,756.0,0.0,7920.0,7080.0,61.03166666666664,120.0
2025-09-23T06:00_rolling,2025-09-23 06:00:00,2025-09-23 06:10:00,2025-09-24 06:00:00,2025-09-23 06:00:00,2025-09-23 19:40:00,820,0.0,0.0,attachment3_10min_interpolation,0.0,2025-09-23 06:00:00,815.3069833333334,2025-09-16 19:40:00,actual_same_interval_7_days_ago,2025-09-23 06:00:00,36,72,False,59.30698333333339,0.0,756.0,0.0,7080.0,6240.0,59.30698333333339,120.0
2025-09-23T06:00_rolling,2025-09-23 06:00:00,2025-09-23 06:10:00,2025-09-24 06:00:00,2025-09-23 06:00:00,2025-09-23 19:50:00,830,0.0,0.0,attachment3_10min_interpolation,0.0,2025-09-23 06:00:00,817.2126166666667,2025-09-16 19:50:00,actual_same_interval_7_days_ago,2025-09-23 06:00:00,36,72,False,61.21261666666669,0.0,756.0,0.0,6240.0,5400.0,61.21261666666669,120.0
2025-09-23T06:00_rolling,2025-09-23 06:00:00,2025-09-23 06:10:00,2025-09-24 06:00:00,2025-09-23 06:00:00,2025-09-23 20:00:00,840,0.0,0.0,attachment3_10min_interpolation,0.0,2025-09-23 06:00:00,803.1133333333333,2025-09-16 20:00:00,actual_same_interval_7_days_ago,2025-09-23 06:00:00,36,72,False,47.113333333333344,0.0,756.0,0.0,5400.0,4560.0,47.113333333333344,120.0
2025-09-23T06:00_rolling,2025-09-23 06:00:00,2025-09-23 06:10:00,2025-09-24 06:00:00,2025-09-23 06:00:00,2025-09-23 20:10:00,850,0.0,0.0,attachment3_10min_interpolation,0.0,2025-09-23 06:00:00,782.7836666666667,2025-09-16 20:10:00,actual_same_interval_7_days_ago,2025-09-23 06:00:00,36,72,False,26.783666666666704,0.0,756.0,0.0,4560.0,3720.0,26.783666666666704,120.0
2025-09-23T06:00_rolling,2025-09-23 06:00:00,2025-09-23 06:10:00,2025-09-24 06:00:00,2025-09-23 06:00:00,2025-09-23 20:20:00,860,0.0,0.0,attachment3_10min_interpolation,0.0,2025-09-23 06:00:00,783.34075,2025-09-16 20:20:00,actual_same_interval_7_days_ago,2025-09-23 06:00:00,36,72,False,27.340749999999957,0.0,756.0,0.0,3720.0,2880.0,27.340749999999957,120.0
2025-09-23T06:00_rolling,2025-09-23 06:00:00,2025-09-23 06:10:00,2025-09-24 06:00:00,2025-09-23 06:00:00,2025-09-23 20:30:00,870,0.0,0.0,attachment3_10min_interpolation,0.0,2025-09-23 06:00:00,808.7033333333334,2025-09-16 20:30:00,actual_same_interval_7_days_ago,2025-09-23 06:00:00,36,72,False,52.703333333333376,0.0,756.0,0.0,2880.0,2040.0,52.703333333333376,120.0
2025-09-23T06:00_rolling,2025-09-23 06:00:00,2025-09-23 06:10:00,2025-09-24 06:00:00,2025-09-23 06:00:00,2025-09-23 20:40:00,880,0.0,0.0,attachment3_10min_interpolation,0.0,2025-09-23 06:00:00,832.6574999999999,2025-09-16 20:40:00,actual_same_interval_7_days_ago,2025-09-23 06:00:00,36,72,False,76.65749999999991,0.0,756.0,0.0,2040.0,1200.0,76.65749999999991,120.0
2025-09-23T06:00_rolling,2025-09-23 06:00:00,2025-09-23 06:10:00,2025-09-24 06:00:00,2025-09-23 06:00:00,2025-09-23 20:50:00,890,0.0,0.0,attachment3_10min_interpolation,0.0,2025-09-23 06:00:00,820.2962833333332,2025-09-16 20:50:00,actual_same_interval_7_days_ago,2025-09-23 06:00:00,36,72,False,820.2962833333332,0.0,0.0,0.0,1200.0,1200.0,820.2962833333332,120.0
2025-09-23T06:00_rolling,2025-09-23 06:00:00,2025-09-23 06:10:00,2025-09-24 06:00:00,2025-09-23 06:00:00,2025-09-23 21:00:00,900,0.0,0.0,attachment3_10min_interpolation,0.0,2025-09-23 06:00:00,798.3233333333333,2025-09-16 21:00:00,actual_same_interval_7_days_ago,2025-09-23 06:00:00,36,72,False,798.3233333333333,0.0,0.0,0.0,1200.0,1200.0,798.3233333333333,120.0
2025-09-23T06:00_rolling,2025-09-23 06:00:00,2025-09-23 06:10:00,2025-09-24 06:00:00,2025-09-23 06:00:00,2025-09-23 21:10:00,910,0.0,0.0,attachment3_10min_interpolation,0.0,2025-09-23 06:00:00,820.2095333333333,2025-09-16 21:10:00,actual_same_interval_7_days_ago,2025-09-23 06:00:00,36,72,False,820.2095333333333,0.0,0.0,0.0,1200.0,1200.0,820.2095333333333,120.0
2025-09-23T06:00_rolling,2025-09-23 06:00:00,2025-09-23 06:10:00,2025-09-24 06:00:00,2025-09-23 06:00:00,2025-09-23 21:20:00,920,0.0,0.0,attachment3_10min_interpolation,0.0,2025-09-23 06:00:00,799.1934333333334,2025-09-16 21:20:00,actual_same_interval_7_days_ago,2025-09-23 06:00:00,36,72,False,799.1934333333334,0.0,0.0,0.0,1200.0,1200.0,799.1934333333334,120.0
2025-09-23T06:00_rolling,2025-09-23 06:00:00,2025-09-23 06:10:00,2025-09-24 06:00:00,2025-09-23 06:00:00,2025-09-23 21:30:00,930,0.0,0.0,attachment3_10min_interpolation,0.0,2025-09-23 06:00:00,763.7166666666667,2025-09-16 21:30:00,actual_same_interval_7_days_ago,2025-09-23 06:00:00,36,72,False,763.7166666666667,0.0,0.0,0.0,1200.0,1200.0,763.7166666666667,120.0
2025-09-23T06:00_rolling,2025-09-23 06:00:00,2025-09-23 06:10:00,2025-09-24 06:00:00,2025-09-23 06:00:00,2025-09-23 21:40:00,940,0.0,0.0,attachment3_10min_interpolation,0.0,2025-09-23 06:00:00,818.0142999999999,2025-09-16 21:40:00,actual_same_interval_7_days_ago,2025-09-23 06:00:00,36,72,False,818.0142999999999,0.0,0.0,0.0,1200.0,1200.0,818.0142999999999,120.0
2025-09-23T06:00_rolling,2025-09-23 06:00:00,2025-09-23 06:10:00,2025-09-24 06:00:00,2025-09-23 06:00:00,2025-09-23 21:50:00,950,0.0,0.0,attachment3_10min_interpolation,0.0,2025-09-23 06:00:00,776.9880833333333,2025-09-16 21:50:00,actual_same_interval_7_days_ago,2025-09-23 06:00:00,36,72,False,776.9880833333333,0.0,0.0,0.0,1200.0,1200.0,776.9880833333333,120.0
2025-09-23T06:00_rolling,2025-09-23 06:00:00,2025-09-23 06:10:00,2025-09-24 06:00:00,2025-09-23 06:00:00,2025-09-23 22:00:00,960,0.0,0.0,attachment3_10min_interpolation,0.0,2025-09-23 06:00:00,639.2716666666666,2025-09-16 22:00:00,actual_same_interval_7_days_ago,2025-09-23 06:00:00,36,72,False,639.2716666666666,0.0,0.0,0.0,1200.0,1200.0,639.2716666666666,120.0
2025-09-23T06:00_rolling,2025-09-23 06:00:00,2025-09-23 06:10:00,2025-09-24 06:00:00,2025-09-23 06:00:00,2025-09-23 22:10:00,970,0.0,0.0,attachment3_10min_interpolation,0.0,2025-09-23 06:00:00,599.7292166666667,2025-09-16 22:10:00,actual_same_interval_7_days_ago,2025-09-23 06:00:00,36,72,False,599.7292166666667,0.0,0.0,0.0,1200.0,1200.0,599.7292166666667,120.0
2025-09-23T06:00_rolling,2025-09-23 06:00:00,2025-09-23 06:10:00,2025-09-24 06:00:00,2025-09-23 06:00:00,2025-09-23 22:20:00,980,0.0,0.0,attachment3_10min_interpolation,0.0,2025-09-23 06:00:00,609.7264833333334,2025-09-16 22:20:00,actual_same_interval_7_days_ago,2025-09-23 06:00:00,36,72,False,609.7264833333334,0.0,0.0,0.0,1200.0,1200.0,609.7264833333334,120.0
2025-09-23T06:00_rolling,2025-09-23 06:00:00,2025-09-23 06:10:00,2025-09-24 06:00:00,2025-09-23 06:00:00,2025-09-23 22:30:00,990,0.0,0.0,attachment3_10min_interpolation,0.0,2025-09-23 06:00:00,613.2483333333333,2025-09-16 22:30:00,actual_same_interval_7_days_ago,2025-09-23 06:00:00,36,72,False,613.2483333333333,0.0,0.0,0.0,1200.0,1200.0,613.2483333333333,120.0
2025-09-23T06:00_rolling,2025-09-23 06:00:00,2025-09-23 06:10:00,2025-09-24 06:00:00,2025-09-23 06:00:00,2025-09-23 22:40:00,1000,0.0,0.0,attachment3_10min_interpolation,0.0,2025-09-23 06:00:00,612.6178833333333,2025-09-16 22:40:00,actual_same_interval_7_days_ago,2025-09-23 06:00:00,36,72,False,612.6178833333333,0.0,0.0,0.0,1200.0,1200.0,612.6178833333333,120.0
2025-09-23T06:00_rolling,2025-09-23 06:00:00,2025-09-23 06:10:00,2025-09-24 06:00:00,2025-09-23 06:00:00,2025-09-23 22:50:00,1010,0.0,0.0,attachment3_10min_interpolation,0.0,2025-09-23 06:00:00,617.3649666666666,2025-09-16 22:50:00,actual_same_interval_7_days_ago,2025-09-23 06:00:00,36,72,False,617.3649666666666,0.0,0.0,0.0,1200.0,1200.0,617.3649666666666,120.0
2025-09-23T06:00_rolling,2025-09-23 06:00:00,2025-09-23 06:10:00,2025-09-24 06:00:00,2025-09-23 06:00:00,2025-09-23 23:00:00,1020,0.0,0.0,attachment3_10min_interpolation,0.0,2025-09-23 06:00:00,619.0216666666666,2025-09-16 23:00:00,actual_same_interval_7_days_ago,2025-09-23 06:00:00,36,72,False,619.0216666666666,0.0,0.0,0.0,1200.0,1200.0,619.0216666666666,120.0
2025-09-23T06:00_rolling,2025-09-23 06:00:00,2025-09-23 06:10:00,2025-09-24 06:00:00,2025-09-23 06:00:00,2025-09-23 23:10:00,1030,0.0,0.0,attachment3_10min_interpolation,0.0,2025-09-23 06:00:00,604.4078166666667,2025-09-16 23:10:00,actual_same_interval_7_days_ago,2025-09-23 06:00:00,36,72,False,604.4078166666667,0.0,0.0,0.0,1200.0,1200.0,604.4078166666667,120.0
2025-09-23T06:00_rolling,2025-09-23 06:00:00,2025-09-23 06:10:00,2025-09-24 06:00:00,2025-09-23 06:00:00,2025-09-23 23:20:00,1040,0.0,0.0,attachment3_10min_interpolation,0.0,2025-09-23 06:00:00,615.0140166666666,2025-09-16 23:20:00,actual_same_interval_7_days_ago,2025-09-23 06:00:00,36,72,False,615.0140166666666,0.0,0.0,0.0,1200.0,1200.0,615.0140166666666,120.0
2025-09-23T06:00_rolling,2025-09-23 06:00:00,2025-09-23 06:10:00,2025-09-24 06:00:00,2025-09-23 06:00:00,2025-09-23 23:30:00,1050,0.0,0.0,attachment3_10min_interpolation,0.0,2025-09-23 06:00:00,633.3716666666667,2025-09-16 23:30:00,actual_same_interval_7_days_ago,2025-09-23 06:00:00,36,72,False,633.3716666666667,0.0,0.0,0.0,1200.0,1200.0,633.3716666666667,120.0
2025-09-23T06:00_rolling,2025-09-23 06:00:00,2025-09-23 06:10:00,2025-09-24 06:00:00,2025-09-23 06:00:00,2025-09-23 23:40:00,1060,0.0,0.0,attachment3_10min_interpolation,0.0,2025-09-23 06:00:00,605.49435,2025-09-16 23:40:00,actual_same_interval_7_days_ago,2025-09-23 06:00:00,36,72,False,605.49435,0.0,0.0,0.0,1200.0,1200.0,605.49435,120.0
2025-09-23T06:00_rolling,2025-09-23 06:00:00,2025-09-23 06:10:00,2025-09-24 06:00:00,2025-09-23 06:00:00,2025-09-23 23:50:00,1070,0.0,0.0,attachment3_10min_interpolation,0.0,2025-09-23 06:00:00,616.7699,2025-09-16 23:50:00,actual_same_interval_7_days_ago,2025-09-23 06:00:00,36,72,False,616.7699,0.0,0.0,0.0,1200.0,1200.0,616.7699,120.0
2025-09-23T06:00_rolling,2025-09-23 06:00:00,2025-09-23 06:10:00,2025-09-24 06:00:00,2025-09-23 06:00:00,2025-09-24 00:00:00,1080,0.0,0.0,attachment3_10min_interpolation,0.0,2025-09-23 06:00:00,653.885,2025-09-17 00:00:00,actual_same_interval_7_days_ago,2025-09-23 06:00:00,36,72,False,653.885,0.0,0.0,0.0,1200.0,1200.0,653.885,120.0
2025-09-23T06:00_rolling,2025-09-23 06:00:00,2025-09-23 06:10:00,2025-09-24 06:00:00,2025-09-23 06:00:00,2025-09-24 00:10:00,1090,0.0,0.0,attachment3_10min_interpolation,0.0,2025-09-23 06:00:00,617.9920833333333,2025-09-17 00:10:00,actual_same_interval_7_days_ago,2025-09-23 06:00:00,36,72,False,751.3254166666667,133.33333333333334,0.0,0.0,1200.0,1320.0,,120.0
2025-09-23T06:00_rolling,2025-09-23 06:00:00,2025-09-23 06:10:00,2025-09-24 06:00:00,2025-09-23 06:00:00,2025-09-24 00:20:00,1100,0.0,0.0,attachment3_10min_interpolation,0.0,2025-09-23 06:00:00,599.7917666666666,2025-09-17 00:20:00,actual_same_interval_7_days_ago,2025-09-23 06:00:00,36,72,False,1399.7917666666667,800.0,0.0,0.0,1320.0,2040.0,,120.0
2025-09-23T06:00_rolling,2025-09-23 06:00:00,2025-09-23 06:10:00,2025-09-24 06:00:00,2025-09-23 06:00:00,2025-09-24 00:30:00,1110,0.0,0.0,attachment3_10min_interpolation,0.0,2025-09-23 06:00:00,609.285,2025-09-17 00:30:00,actual_same_interval_7_days_ago,2025-09-23 06:00:00,36,72,False,609.285,0.0,0.0,0.0,2040.0,2040.0,,120.0
2025-09-23T06:00_rolling,2025-09-23 06:00:00,2025-09-23 06:10:00,2025-09-24 06:00:00,2025-09-23 06:00:00,2025-09-24 00:40:00,1120,0.0,0.0,attachment3_10min_interpolation,0.0,2025-09-23 06:00:00,569.9721666666667,2025-09-17 00:40:00,actual_same_interval_7_days_ago,2025-09-23 06:00:00,36,72,False,569.9721666666667,0.0,0.0,0.0,2040.0,2040.0,,120.0
2025-09-23T06:00_rolling,2025-09-23 06:00:00,2025-09-23 06:10:00,2025-09-24 06:00:00,2025-09-23 06:00:00,2025-09-24 00:50:00,1130,0.0,0.0,attachment3_10min_interpolation,0.0,2025-09-23 06:00:00,571.90115,2025-09-17 00:50:00,actual_same_interval_7_days_ago,2025-09-23 06:00:00,36,72,False,571.90115,0.0,0.0,0.0,2040.0,2040.0,,120.0
2025-09-23T06:00_rolling,2025-09-23 06:00:00,2025-09-23 06:10:00,2025-09-24 06:00:00,2025-09-23 06:00:00,2025-09-24 01:00:00,1140,0.0,0.0,attachment3_10min_interpolation,0.0,2025-09-23 06:00:00,618.455,2025-09-17 01:00:00,actual_same_interval_7_days_ago,2025-09-23 06:00:00,36,72,False,618.455,0.0,0.0,0.0,2040.0,2040.0,,120.0
2025-09-23T06:00_rolling,2025-09-23 06:00:00,2025-09-23 06:10:00,2025-09-24 06:00:00,2025-09-23 06:00:00,2025-09-24 01:10:00,1150,0.0,0.0,attachment3_10min_interpolation,0.0,2025-09-23 06:00:00,615.7982333333333,2025-09-17 01:10:00,actual_same_interval_7_days_ago,2025-09-23 06:00:00,36,72,False,615.7982333333333,0.0,0.0,0.0,2040.0,2040.0,,120.0
2025-09-23T06:00_rolling,2025-09-23 06:00:00,2025-09-23 06:10:00,2025-09-24 06:00:00,2025-09-23 06:00:00,2025-09-24 01:20:00,1160,0.0,0.0,attachment3_10min_interpolation,0.0,2025-09-23 06:00:00,598.2117999999999,2025-09-17 01:20:00,actual_same_interval_7_days_ago,2025-09-23 06:00:00,36,72,False,598.2117999999999,0.0,0.0,0.0,2040.0,2040.0,,120.0
2025-09-23T06:00_rolling,2025-09-23 06:00:00,2025-09-23 06:10:00,2025-09-24 06:00:00,2025-09-23 06:00:00,2025-09-24 01:30:00,1170,0.0,0.0,attachment3_10min_interpolation,0.0,2025-09-23 06:00:00,589.9616666666667,2025-09-17 01:30:00,actual_same_interval_7_days_ago,2025-09-23 06:00:00,36,72,False,589.9616666666667,0.0,0.0,0.0,2040.0,2040.0,,120.0
2025-09-23T06:00_rolling,2025-09-23 06:00:00,2025-09-23 06:10:00,2025-09-24 06:00:00,2025-09-23 06:00:00,2025-09-24 01:40:00,1180,0.0,0.0,attachment3_10min_interpolation,0.0,2025-09-23 06:00:00,576.0774666666667,2025-09-17 01:40:00,actual_same_interval_7_days_ago,2025-09-23 06:00:00,36,72,False,576.0774666666667,0.0,0.0,0.0,2040.0,2040.0,,120.0
2025-09-23T06:00_rolling,2025-09-23 06:00:00,2025-09-23 06:10:00,2025-09-24 06:00:00,2025-09-23 06:00:00,2025-09-24 01:50:00,1190,0.0,0.0,attachment3_10min_interpolation,0.0,2025-09-23 06:00:00,559.0685500000001,2025-09-17 01:50:00,actual_same_interval_7_days_ago,2025-09-23 06:00:00,36,72,False,559.0685500000001,0.0,0.0,0.0,2040.0,2040.0,,120.0
2025-09-23T06:00_rolling,2025-09-23 06:00:00,2025-09-23 06:10:00,2025-09-24 06:00:00,2025-09-23 06:00:00,2025-09-24 02:00:00,1200,0.0,0.0,attachment3_10min_interpolation,0.0,2025-09-23 06:00:00,558.715,2025-09-17 02:00:00,actual_same_interval_7_days_ago,2025-09-23 06:00:00,36,72,False,558.715,0.0,0.0,0.0,2040.0,2040.0,,120.0
2025-09-23T06:00_rolling,2025-09-23 06:00:00,2025-09-23 06:10:00,2025-09-24 06:00:00,2025-09-23 06:00:00,2025-09-24 02:10:00,1210,0.0,0.0,attachment3_10min_interpolation,0.0,2025-09-23 06:00:00,589.0452,2025-09-17 02:10:00,actual_same_interval_7_days_ago,2025-09-23 06:00:00,36,72,False,589.0452,0.0,0.0,0.0,2040.0,2040.0,,120.0
2025-09-23T06:00_rolling,2025-09-23 06:00:00,2025-09-23 06:10:00,2025-09-24 06:00:00,2025-09-23 06:00:00,2025-09-24 02:20:00,1220,0.0,0.0,attachment3_10min_interpolation,0.0,2025-09-23 06:00:00,594.7271333333333,2025-09-17 02:20:00,actual_same_interval_7_days_ago,2025-09-23 06:00:00,36,72,False,594.7271333333333,0.0,0.0,0.0,2040.0,2040.0,,120.0
2025-09-23T06:00_rolling,2025-09-23 06:00:00,2025-09-23 06:10:00,2025-09-24 06:00:00,2025-09-23 06:00:00,2025-09-24 02:30:00,1230,0.0,0.0,attachment3_10min_interpolation,0.0,2025-09-23 06:00:00,578.9,2025-09-17 02:30:00,actual_same_interval_7_days_ago,2025-09-23 06:00:00,36,72,False,578.9,0.0,0.0,0.0,2040.0,2040.0,,120.0
2025-09-23T06:00_rolling,2025-09-23 06:00:00,2025-09-23 06:10:00,2025-09-24 06:00:00,2025-09-23 06:00:00,2025-09-24 02:40:00,1240,0.0,0.0,attachment3_10min_interpolation,0.0,2025-09-23 06:00:00,596.0978166666666,2025-09-17 02:40:00,actual_same_interval_7_days_ago,2025-09-23 06:00:00,36,72,False,596.0978166666666,0.0,0.0,0.0,2040.0,2040.0,,120.0
2025-09-23T06:00_rolling,2025-09-23 06:00:00,2025-09-23 06:10:00,2025-09-24 06:00:00,2025-09-23 06:00:00,2025-09-24 02:50:00,1250,0.0,0.0,attachment3_10min_interpolation,0.0,2025-09-23 06:00:00,604.8680333333333,2025-09-17 02:50:00,actual_same_interval_7_days_ago,2025-09-23 06:00:00,36,72,False,604.8680333333333,0.0,0.0,0.0,2040.0,2040.0,,120.0
2025-09-23T06:00_rolling,2025-09-23 06:00:00,2025-09-23 06:10:00,2025-09-24 06:00:00,2025-09-23 06:00:00,2025-09-24 03:00:00,1260,0.0,0.0,attachment3_10min_interpolation,0.0,2025-09-23 06:00:00,589.5633333333334,2025-09-17 03:00:00,actual_same_interval_7_days_ago,2025-09-23 06:00:00,36,72,False,589.5633333333334,0.0,0.0,0.0,2040.0,2040.0,,120.0
2025-09-23T06:00_rolling,2025-09-23 06:00:00,2025-09-23 06:10:00,2025-09-24 06:00:00,2025-09-23 06:00:00,2025-09-24 03:10:00,1270,0.0,0.0,attachment3_10min_interpolation,0.0,2025-09-23 06:00:00,582.2100666666666,2025-09-17 03:10:00,actual_same_interval_7_days_ago,2025-09-23 06:00:00,36,72,False,582.2100666666666,0.0,0.0,0.0,2040.0,2040.0,,120.0
2025-09-23T06:00_rolling,2025-09-23 06:00:00,2025-09-23 06:10:00,2025-09-24 06:00:00,2025-09-23 06:00:00,2025-09-24 03:20:00,1280,0.0,0.0,attachment3_10min_interpolation,0.0,2025-09-23 06:00:00,601.25675,2025-09-17 03:20:00,actual_same_interval_7_days_ago,2025-09-23 06:00:00,36,72,False,601.25675,0.0,0.0,0.0,2040.0,2040.0,,120.0
2025-09-23T06:00_rolling,2025-09-23 06:00:00,2025-09-23 06:10:00,2025-09-24 06:00:00,2025-09-23 06:00:00,2025-09-24 03:30:00,1290,0.0,0.0,attachment3_10min_interpolation,0.0,2025-09-23 06:00:00,621.9133333333333,2025-09-17 03:30:00,actual_same_interval_7_days_ago,2025-09-23 06:00:00,36,72,False,621.9133333333333,0.0,0.0,0.0,2040.0,2040.0,,120.0
2025-09-23T06:00_rolling,2025-09-23 06:00:00,2025-09-23 06:10:00,2025-09-24 06:00:00,2025-09-23 06:00:00,2025-09-24 03:40:00,1300,0.0,0.0,attachment3_10min_interpolation,0.0,2025-09-23 06:00:00,603.3189666666666,2025-09-17 03:40:00,actual_same_interval_7_days_ago,2025-09-23 06:00:00,36,72,False,603.3189666666666,0.0,0.0,0.0,2040.0,2040.0,,120.0
2025-09-23T06:00_rolling,2025-09-23 06:00:00,2025-09-23 06:10:00,2025-09-24 06:00:00,2025-09-23 06:00:00,2025-09-24 03:50:00,1310,0.0,0.0,attachment3_10min_interpolation,0.0,2025-09-23 06:00:00,594.5952,2025-09-17 03:50:00,actual_same_interval_7_days_ago,2025-09-23 06:00:00,36,72,False,594.5952,0.0,0.0,0.0,2040.0,2040.0,,120.0
2025-09-23T06:00_rolling,2025-09-23 06:00:00,2025-09-23 06:10:00,2025-09-24 06:00:00,2025-09-23 06:00:00,2025-09-24 04:00:00,1320,0.0,0.0,attachment3_10min_interpolation,0.0,2025-09-23 06:00:00,602.1583333333333,2025-09-17 04:00:00,actual_same_interval_7_days_ago,2025-09-23 06:00:00,36,72,False,602.1583333333333,0.0,0.0,0.0,2040.0,2040.0,,120.0
2025-09-23T06:00_rolling,2025-09-23 06:00:00,2025-09-23 06:10:00,2025-09-24 06:00:00,2025-09-23 06:00:00,2025-09-24 04:10:00,1330,0.0,0.0,attachment3_10min_interpolation,0.0,2025-09-23 06:00:00,586.0359666666667,2025-09-17 04:10:00,actual_same_interval_7_days_ago,2025-09-23 06:00:00,36,72,False,586.0359666666667,0.0,0.0,0.0,2040.0,2040.0,,120.0
2025-09-23T06:00_rolling,2025-09-23 06:00:00,2025-09-23 06:10:00,2025-09-24 06:00:00,2025-09-23 06:00:00,2025-09-24 04:20:00,1340,0.0,0.0,attachment3_10min_interpolation,0.0,2025-09-23 06:00:00,581.0748833333333,2025-09-17 04:20:00,actual_same_interval_7_days_ago,2025-09-23 06:00:00,36,72,False,581.0748833333333,0.0,0.0,0.0,2040.0,2040.0,,120.0
2025-09-23T06:00_rolling,2025-09-23 06:00:00,2025-09-23 06:10:00,2025-09-24 06:00:00,2025-09-23 06:00:00,2025-09-24 04:30:00,1350,0.0,0.0,attachment3_10min_interpolation,0.0,2025-09-23 06:00:00,592.495,2025-09-17 04:30:00,actual_same_interval_7_days_ago,2025-09-23 06:00:00,36,72,False,592.495,0.0,0.0,0.0,2040.0,2040.0,,120.0
2025-09-23T06:00_rolling,2025-09-23 06:00:00,2025-09-23 06:10:00,2025-09-24 06:00:00,2025-09-23 06:00:00,2025-09-24 04:40:00,1360,0.0,0.0,attachment3_10min_interpolation,0.0,2025-09-23 06:00:00,590.5858333333333,2025-09-17 04:40:00,actual_same_interval_7_days_ago,2025-09-23 06:00:00,36,72,False,590.5858333333333,0.0,0.0,0.0,2040.0,2040.0,,120.0
2025-09-23T06:00_rolling,2025-09-23 06:00:00,2025-09-23 06:10:00,2025-09-24 06:00:00,2025-09-23 06:00:00,2025-09-24 04:50:00,1370,0.0,0.0,attachment3_10min_interpolation,0.0,2025-09-23 06:00:00,599.9555166666667,2025-09-17 04:50:00,actual_same_interval_7_days_ago,2025-09-23 06:00:00,36,72,False,599.9555166666667,0.0,0.0,0.0,2040.0,2040.0,,120.0
2025-09-23T06:00_rolling,2025-09-23 06:00:00,2025-09-23 06:10:00,2025-09-24 06:00:00,2025-09-23 06:00:00,2025-09-24 05:00:00,1380,0.0,0.0,attachment3_10min_interpolation,0.0,2025-09-23 06:00:00,609.9333333333333,2025-09-17 05:00:00,actual_same_interval_7_days_ago,2025-09-23 06:00:00,36,72,False,609.9333333333333,0.0,0.0,0.0,2040.0,2040.0,,120.0
2025-09-23T06:00_rolling,2025-09-23 06:00:00,2025-09-23 06:10:00,2025-09-24 06:00:00,2025-09-23 06:00:00,2025-09-24 05:10:00,1390,0.0,0.0,attachment3_10min_interpolation,0.0,2025-09-23 06:00:00,588.64295,2025-09-17 05:10:00,actual_same_interval_7_days_ago,2025-09-23 06:00:00,36,72,False,588.64295,0.0,0.0,0.0,2040.0,2040.0,,120.0
2025-09-23T06:00_rolling,2025-09-23 06:00:00,2025-09-23 06:10:00,2025-09-24 06:00:00,2025-09-23 06:00:00,2025-09-24 05:20:00,1400,0.0,0.0,attachment3_10min_interpolation,0.0,2025-09-23 06:00:00,610.9923166666666,2025-09-17 05:20:00,actual_same_interval_7_days_ago,2025-09-23 06:00:00,36,72,False,610.9923166666666,0.0,0.0,0.0,2040.0,2040.0,,120.0
2025-09-23T06:00_rolling,2025-09-23 06:00:00,2025-09-23 06:10:00,2025-09-24 06:00:00,2025-09-23 06:00:00,2025-09-24 05:30:00,1410,0.0,0.0,attachment3_10min_interpolation,0.0,2025-09-23 06:00:00,642.9916666666667,2025-09-17 05:30:00,actual_same_interval_7_days_ago,2025-09-23 06:00:00,36,72,False,642.9916666666667,0.0,0.0,0.0,2040.0,2040.0,,120.0
2025-09-23T06:00_rolling,2025-09-23 06:00:00,2025-09-23 06:10:00,2025-09-24 06:00:00,2025-09-23 06:00:00,2025-09-24 05:40:00,1420,0.0,0.0,attachment3_10min_interpolation,0.0,2025-09-23 06:00:00,594.7523,2025-09-17 05:40:00,actual_same_interval_7_days_ago,2025-09-23 06:00:00,36,72,False,1394.7523,800.0,0.0,0.0,2040.0,2760.0,,120.0
2025-09-23T06:00_rolling,2025-09-23 06:00:00,2025-09-23 06:10:00,2025-09-24 06:00:00,2025-09-23 06:00:00,2025-09-24 05:50:00,1430,0.0,0.0,attachment3_10min_interpolation,0.0,2025-09-23 06:00:00,682.0191833333333,2025-09-17 05:50:00,actual_same_interval_7_days_ago,2025-09-23 06:00:00,36,72,False,34.01918333333333,0.0,648.0,0.0,2760.0,2040.0,,120.0
2025-09-23T06:00_rolling,2025-09-23 06:00:00,2025-09-23 06:10:00,2025-09-24 06:00:00,2025-09-23 06:00:00,2025-09-24 06:00:00,1440,0.0,0.0,attachment3_10min_interpolation,0.0,2025-09-23 06:00:00,849.975,2025-09-17 06:00:00,actual_same_interval_7_days_ago,2025-09-23 06:00:00,36,72,False,93.97500000000002,0.0,756.0,0.0,2040.0,1200.0,,120.0
2025-09-23T12:00_rolling,2025-09-23 12:00:00,2025-09-23 12:10:00,2025-09-24 12:00:00,2025-09-23 12:00:00,2025-09-23 12:10:00,10,8544.144683333334,1424.024113888889,observed_anchor_linear_to_h1,8613.5625,2025-09-23 12:00:00,976.1704666666666,2025-09-16 12:10:00,actual_same_interval_7_days_ago,2025-09-23 12:00:00,72,108,True,218.8130194444443,666.6666666666666,0.0,0.0,6240.0,6840.0,345.1653583333331,120.0
2025-09-23T12:00_rolling,2025-09-23 12:00:00,2025-09-23 12:10:00,2025-09-24 12:00:00,2025-09-23 12:00:00,2025-09-23 12:20:00,20,8474.726866666666,1412.4544777777776,observed_anchor_linear_to_h1,8613.5625,2025-09-23 12:00:00,991.4196666666668,2025-09-16 12:20:00,actual_same_interval_7_days_ago,2025-09-23 12:00:00,72,108,True,378.9651888888892,800.0,0.0,0.0,6840.0,7560.0,386.3559333333334,120.0
2025-09-23T12:00_rolling,2025-09-23 12:00:00,2025-09-23 12:10:00,2025-09-24 12:00:00,2025-09-23 12:00:00,2025-09-23 12:30:00,30,8405.30905,1400.8848416666667,observed_anchor_linear_to_h1,8613.5625,2025-09-23 12:00:00,1026.76,2025-09-16 12:30:00,actual_same_interval_7_days_ago,2025-09-23 12:00:00,72,108,True,425.8751583333333,800.0,0.0,0.0,7560.0,8280.0,447.6376416666667,120.0
2025-09-23T12:00_rolling,2025-09-23 12:00:00,2025-09-23 12:10:00,2025-09-24 12:00:00,2025-09-23 12:00:00,2025-09-23 12:40:00,40,8335.891233333334,1389.3152055555556,observed_anchor_linear_to_h1,8613.5625,2025-09-23 12:00:00,1019.67155,2025-09-16 12:40:00,actual_same_interval_7_days_ago,2025-09-23 12:00:00,72,108,True,430.3563444444444,800.0,0.0,0.0,8280.0,9000.0,466.4905666666666,120.0
2025-09-23T12:00_rolling,2025-09-23 12:00:00,2025-09-23 12:10:00,2025-09-24 12:00:00,2025-09-23 12:00:00,2025-09-23 12:50:00,50,8266.473416666666,1377.7455694444443,observed_anchor_linear_to_h1,8613.5625,2025-09-23 12:00:00,1021.65205,2025-09-16 12:50:00,actual_same_interval_7_days_ago,2025-09-23 12:00:00,72,108,True,43.90648055555573,400.0,0.0,0.0,9000.0,9360.0,94.41244166666672,120.0
2025-09-23T12:00_rolling,2025-09-23 12:00:00,2025-09-23 12:10:00,2025-09-24 12:00:00,2025-09-23 12:00:00,2025-09-23 13:00:00,60,8197.0556,1366.1759333333332,attachment3_10min_interpolation,8613.5625,2025-09-23 12:00:00,1045.2616666666663,2025-09-16 13:00:00,actual_same_interval_7_days_ago,2025-09-23 12:00:00,72,108,True,0.0,266.6666666666667,0.0,54.247600000000205,9360.0,9600.0,10.6300999999998,120.0
2025-09-23T12:00_rolling,2025-09-23 12:00:00,2025-09-23 12:10:00,2025-09-24 12:00:00,2025-09-23 12:00:00,2025-09-23 13:10:00,70,8027.901699999999,1337.9836166666666,attachment3_10min_interpolation,8613.5625,2025-09-23 12:00:00,1044.5670833333334,2025-09-16 13:10:00,actual_same_interval_7_days_ago,2025-09-23 12:00:00,72,108,True,0.0,266.6666666666667,0.0,26.749866666666605,9600.0,9840.0,37.93202777777782,120.0
2025-09-23T12:00_rolling,2025-09-23 12:00:00,2025-09-23 12:10:00,2025-09-24 12:00:00,2025-09-23 12:00:00,2025-09-23 13:20:00,80,7858.7478,1309.7913,attachment3_10min_interpolation,8613.5625,2025-09-23 12:00:00,1014.05495,2025-09-16 13:20:00,actual_same_interval_7_days_ago,2025-09-23 12:00:00,72,108,True,0.0,266.6666666666667,0.0,29.069683333333444,9840.0,10080.0,35.41640555555563,120.0
2025-09-23T12:00_rolling,2025-09-23 12:00:00,2025-09-23 12:10:00,2025-09-24 12:00:00,2025-09-23 12:00:00,2025-09-23 13:30:00,90,7689.5939,1281.5989833333333,attachment3_10min_interpolation,8613.5625,2025-09-23 12:00:00,997.2083333333334,2025-09-16 13:30:00,actual_same_interval_7_days_ago,2025-09-23 12:00:00,72,108,True,0.0,266.6666666666667,0.0,17.72398333333325,10080.0,10320.0,46.56630000000024,120.0
2025-09-23T12:00_rolling,2025-09-23 12:00:00,2025-09-23 12:10:00,2025-09-24 12:00:00,2025-09-23 12:00:00,2025-09-23 13:40:00,100,7520.44,1253.4066666666665,attachment3_10min_interpolation,8613.5625,2025-09-23 12:00:00,1041.6591166666667,2025-09-16 13:40:00,actual_same_interval_7_days_ago,2025-09-23 12:00:00,72,108,True,0.0,133.33333333333334,0.0,78.41421666666648,10320.0,10440.0,0.0,120.0
2025-09-23T12:00_rolling,2025-09-23 12:00:00,2025-09-23 12:10:00,2025-09-24 12:00:00,2025-09-23 12:00:00,2025-09-23 13:50:00,110,7351.2861,1225.21435,attachment3_10min_interpolation,8613.5625,2025-09-23 12:00:00,1062.9396333333334,2025-09-16 13:50:00,actual_same_interval_7_days_ago,2025-09-23 12:00:00,72,108,True,0.0,133.33333333333334,0.0,28.94138333333322,10440.0,10560.0,34.95728888888888,120.0
2025-09-23T12:00_rolling,2025-09-23 12:00:00,2025-09-23 12:10:00,2025-09-24 12:00:00,2025-09-23 12:00:00,2025-09-23 14:00:00,120,7182.1322,1197.0220333333334,attachment3_10min_interpolation,8613.5625,2025-09-23 12:00:00,1031.275,2025-09-16 14:00:00,actual_same_interval_7_days_ago,2025-09-23 12:00:00,72,108,True,0.0,133.33333333333334,0.0,32.41369999999998,10560.0,10680.0,31.289166666666773,120.0
2025-09-23T12:00_rolling,2025-09-23 12:00:00,2025-09-23 12:10:00,2025-09-24 12:00:00,2025-09-23 12:00:00,2025-09-23 14:10:00,130,6783.6456,1130.6076,attachment3_10min_interpolation,8613.5625,2025-09-23 12:00:00,1000.7743333333332,2025-09-16 14:10:00,actual_same_interval_7_days_ago,2025-09-23 12:00:00,72,108,True,3.50006666666647,133.33333333333334,0.0,0.0,10680.0,10800.0,0.0,120.0
2025-09-23T12:00_rolling,2025-09-23 12:00:00,2025-09-23 12:10:00,2025-09-24 12:00:00,2025-09-23 12:00:00,2025-09-23 14:20:00,140,6385.159,1064.1931666666667,attachment3_10min_interpolation,8613.5625,2025-09-23 12:00:00,1006.6453166666666,2025-09-16 14:20:00,actual_same_interval_7_days_ago,2025-09-23 12:00:00,72,108,True,0.0,0.0,0.0,57.54785000000004,10800.0,10800.0,10.045272222222252,120.0
2025-09-23T12:00_rolling,2025-09-23 12:00:00,2025-09-23 12:10:00,2025-09-24 12:00:00,2025-09-23 12:00:00,2025-09-23 14:30:00,150,5986.6724,997.7787333333334,attachment3_10min_interpolation,8613.5625,2025-09-23 12:00:00,1035.3933333333332,2025-09-16 14:30:00,actual_same_interval_7_days_ago,2025-09-23 12:00:00,72,108,True,0.0,0.0,108.0,70.38540000000023,10800.0,10680.0,0.0,120.0
2025-09-23T12:00_rolling,2025-09-23 12:00:00,2025-09-23 12:10:00,2025-09-24 12:00:00,2025-09-23 12:00:00,2025-09-23 14:40:00,160,5588.1858,931.3643000000001,attachment3_10min_interpolation,8613.5625,2025-09-23 12:00:00,1043.5381,2025-09-16 14:40:00,actual_same_interval_7_days_ago,2025-09-23 12:00:00,72,108,True,4.173799999999915,0.0,108.0,0.0,10680.0,10560.0,75.65717777777775,120.0
2025-09-23T12:00_rolling,2025-09-23 12:00:00,2025-09-23 12:10:00,2025-09-24 12:00:00,2025-09-23 12:00:00,2025-09-23 14:50:00,170,5189.6992,864.9498666666667,attachment3_10min_interpolation,8613.5625,2025-09-23 12:00:00,1039.13225,2025-09-16 14:50:00,actual_same_interval_7_days_ago,2025-09-23 12:00:00,72,108,True,0.0,0.0,216.0,41.817616666666595,10560.0,10320.0,31.610888888889008,120.0
2025-09-23T12:00_rolling,2025-09-23 12:00:00,2025-09-23 12:10:00,2025-09-24 12:00:00,2025-09-23 12:00:00,2025-09-23 15:00:00,180,4791.2126,798.5354333333333,attachment3_10min_interpolation,8613.5625,2025-09-23 12:00:00,1030.8866666666663,2025-09-16 15:00:00,actual_same_interval_7_days_ago,2025-09-23 12:00:00,72,108,True,232.35123333333297,0.0,0.0,0.0,10320.0,10320.0,307.72486666666634,120.0
2025-09-23T12:00_rolling,2025-09-23 12:00:00,2025-09-23 12:10:00,2025-09-24 12:00:00,2025-09-23 12:00:00,2025-09-23 15:10:00,190,4590.26555,765.0442583333333,attachment3_10min_interpolation,8613.5625,2025-09-23 12:00:00,1024.69835,2025-09-16 15:10:00,actual_same_interval_7_days_ago,2025-09-23 12:00:00,72,108,True,792.9874249999999,533.3333333333334,0.0,0.0,10320.0,10800.0,866.3952138888887,120.0
2025-09-23T12:00_rolling,2025-09-23 12:00:00,2025-09-23 12:10:00,2025-09-24 12:00:00,2025-09-23 12:00:00,2025-09-23 15:20:00,200,4389.3185,731.5530833333333,attachment3_10min_interpolation,8613.5625,2025-09-23 12:00:00,1062.3220666666666,2025-09-16 15:20:00,actual_same_interval_7_days_ago,2025-09-23 12:00:00,72,108,True,330.76898333333327,0.0,0.0,0.0,10800.0,10800.0,402.2109277777778,120.0
2025-09-23T12:00_rolling,2025-09-23 12:00:00,2025-09-23 12:10:00,2025-09-24 12:00:00,2025-09-23 12:00:00,2025-09-23 15:30:00,210,4188.37145,698.0619083333332,attachment3_10min_interpolation,8613.5625,2025-09-23 12:00:00,1110.9633333333334,2025-09-16 15:30:00,actual_same_interval_7_days_ago,2025-09-23 12:00:00,72,108,True,412.90142500000013,0.0,0.0,0.0,10800.0,10800.0,482.377525,120.0
2025-09-23T12:00_rolling,2025-09-23 12:00:00,2025-09-23 12:10:00,2025-09-24 12:00:00,2025-09-23 12:00:00,2025-09-23 15:40:00,220,3987.4244,664.5707333333334,attachment3_10min_interpolation,8613.5625,2025-09-23 12:00:00,1087.0565166666668,2025-09-16 15:40:00,actual_same_interval_7_days_ago,2025-09-23 12:00:00,72,108,True,422.4857833333334,0.0,0.0,0.0,10800.0,10800.0,489.99603888888896,120.0
2025-09-23T12:00_rolling,2025-09-23 12:00:00,2025-09-23 12:10:00,2025-09-24 12:00:00,2025-09-23 12:00:00,2025-09-23 15:50:00,230,3786.47735,631.0795583333334,attachment3_10min_interpolation,8613.5625,2025-09-23 12:00:00,1037.8845833333332,2025-09-16 15:50:00,actual_same_interval_7_days_ago,2025-09-23 12:00:00,72,108,True,406.8050249999999,0.0,0.0,0.0,10800.0,10800.0,472.349436111111,120.0
2025-09-23T12:00_rolling,2025-09-23 12:00:00,2025-09-23 12:10:00,2025-09-24 12:00:00,2025-09-23 12:00:00,2025-09-23 16:00:00,240,3585.5303,597.5883833333334,attachment3_10min_interpolation,8613.5625,2025-09-23 12:00:00,1028.8983333333333,2025-09-16 16:00:00,actual_same_interval_7_days_ago,2025-09-23 12:00:00,72,108,True,431.30994999999996,0.0,0.0,0.0,10800.0,10800.0,494.88851666666665,120.0
2025-09-23T12:00_rolling,2025-09-23 12:00:00,2025-09-23 12:10:00,2025-09-24 12:00:00,2025-09-23 12:00:00,2025-09-23 16:10:00,250,3228.23035,538.0383916666666,attachment3_10min_interpolation,8613.5625,2025-09-23 12:00:00,1079.5205166666667,2025-09-16 16:10:00,actual_same_interval_7_days_ago,2025-09-23 12:00:00,72,108,True,541.4821250000001,0.0,0.0,0.0,10800.0,10800.0,598.7292944444446,120.0
2025-09-23T12:00_rolling,2025-09-23 12:00:00,2025-09-23 12:10:00,2025-09-24 12:00:00,2025-09-23 12:00:00,2025-09-23 16:20:00,260,2870.9304,478.4884,attachment3_10min_interpolation,8613.5625,2025-09-23 12:00:00,1092.01325,2025-09-16 16:20:00,actual_same_interval_7_days_ago,2025-09-23 12:00:00,72,108,True,613.52485,0.0,0.0,0.0,10800.0,10800.0,664.4406222222221,120.0
2025-09-23T12:00_rolling,2025-09-23 12:00:00,2025-09-23 12:10:00,2025-09-24 12:00:00,2025-09-23 12:00:00,2025-09-23 16:30:00,270,2513.63045,418.93840833333337,attachment3_10min_interpolation,8613.5625,2025-09-23 12:00:00,1055.49,2025-09-16 16:30:00,actual_same_interval_7_days_ago,2025-09-23 12:00:00,72,108,True,636.5515916666666,0.0,0.0,0.0,10800.0,10800.0,681.1359666666667,120.0
2025-09-23T12:00_rolling,2025-09-23 12:00:00,2025-09-23 12:10:00,2025-09-24 12:00:00,2025-09-23 12:00:00,2025-09-23 16:40:00,280,2156.3305,359.38841666666667,attachment3_10min_interpolation,8613.5625,2025-09-23 12:00:00,1053.40615,2025-09-16 16:40:00,actual_same_interval_7_days_ago,2025-09-23 12:00:00,72,108,True,694.0177333333334,0.0,0.0,0.0,10800.0,10800.0,732.2707111111112,120.0
2025-09-23T12:00_rolling,2025-09-23 12:00:00,2025-09-23 12:10:00,2025-09-24 12:00:00,2025-09-23 12:00:00,2025-09-23 16:50:00,290,1799.0305500000002,299.83842500000003,attachment3_10min_interpolation,8613.5625,2025-09-23 12:00:00,1082.0534666666667,2025-09-16 16:50:00,actual_same_interval_7_days_ago,2025-09-23 12:00:00,72,108,True,782.2150416666667,0.0,0.0,0.0,10800.0,10800.0,814.1366222222223,120.0
2025-09-23T12:00_rolling,2025-09-23 12:00:00,2025-09-23 12:10:00,2025-09-24 12:00:00,2025-09-23 12:00:00,2025-09-23 17:00:00,300,1441.7306,240.28843333333336,attachment3_10min_interpolation,8613.5625,2025-09-23 12:00:00,1099.9783333333332,2025-09-16 17:00:00,actual_same_interval_7_days_ago,2025-09-23 12:00:00,72,108,True,859.6898999999999,0.0,0.0,0.0,10800.0,10800.0,885.2800833333332,120.0
2025-09-23T12:00_rolling,2025-09-23 12:00:00,2025-09-23 12:10:00,2025-09-24 12:00:00,2025-09-23 12:00:00,2025-09-23 17:10:00,310,1201.4421666666667,200.24036111111113,attachment3_10min_interpolation,8613.5625,2025-09-23 12:00:00,1074.0366833333333,2025-09-16 17:10:00,actual_same_interval_7_days_ago,2025-09-23 12:00:00,72,108,True,873.7963222222221,0.0,0.0,0.0,10800.0,10800.0,895.1214749999999,120.0
2025-09-23T12:00_rolling,2025-09-23 12:00:00,2025-09-23 12:10:00,2025-09-24 12:00:00,2025-09-23 12:00:00,2025-09-23 17:20:00,320,961.1537333333332,160.19228888888887,attachment3_10min_interpolation,8613.5625,2025-09-23 12:00:00,1060.8777166666666,2025-09-16 17:20:00,actual_same_interval_7_days_ago,2025-09-23 12:00:00,72,108,True,900.6854277777777,0.0,0.0,0.0,10800.0,10800.0,917.74555,120.0
2025-09-23T12:00_rolling,2025-09-23 12:00:00,2025-09-23 12:10:00,2025-09-24 12:00:00,2025-09-23 12:00:00,2025-09-23 17:30:00,330,720.8653,120.14421666666668,attachment3_10min_interpolation,8613.5625,2025-09-23 12:00:00,1090.513333333333,2025-09-16 17:30:00,actual_same_interval_7_days_ago,2025-09-23 12:00:00,72,108,True,970.3691166666664,0.0,0.0,0.0,10800.0,10800.0,983.1642083333331,120.0
2025-09-23T12:00_rolling,2025-09-23 12:00:00,2025-09-23 12:10:00,2025-09-24 12:00:00,2025-09-23 12:00:00,2025-09-23 17:40:00,340,480.57686666666666,80.09614444444445,attachment3_10min_interpolation,8613.5625,2025-09-23 12:00:00,1117.1051666666667,2025-09-16 17:40:00,actual_same_interval_7_days_ago,2025-09-23 12:00:00,72,108,True,1037.0090222222223,0.0,0.0,0.0,10800.0,10800.0,1045.5390833333333,120.0
2025-09-23T12:00_rolling,2025-09-23 12:00:00,2025-09-23 12:10:00,2025-09-24 12:00:00,2025-09-23 12:00:00,2025-09-23 17:50:00,350,240.2884333333333,40.04807222222222,attachment3_10min_interpolation,8613.5625,2025-09-23 12:00:00,998.7632333333332,2025-09-16 17:50:00,actual_same_interval_7_days_ago,2025-09-23 12:00:00,72,108,True,958.715161111111,0.0,0.0,0.0,10800.0,10800.0,962.9801916666665,120.0
2025-09-23T12:00_rolling,2025-09-23 12:00:00,2025-09-23 12:10:00,2025-09-24 12:00:00,2025-09-23 12:00:00,2025-09-23 18:00:00,360,0.0,0.0,attachment3_10min_interpolation,8613.5625,2025-09-23 12:00:00,805.8466666666667,2025-09-16 18:00:00,actual_same_interval_7_days_ago,2025-09-23 12:00:00,72,108,True,805.8466666666667,0.0,0.0,0.0,10800.0,10800.0,805.8466666666667,120.0
2025-09-23T12:00_rolling,2025-09-23 12:00:00,2025-09-23 12:10:00,2025-09-24 12:00:00,2025-09-23 12:00:00,2025-09-23 18:10:00,370,0.0,0.0,attachment3_10min_interpolation,8613.5625,2025-09-23 12:00:00,764.1748666666667,2025-09-16 18:10:00,actual_same_interval_7_days_ago,2025-09-23 12:00:00,72,108,False,764.1748666666667,0.0,0.0,0.0,10800.0,10800.0,764.1748666666667,120.0
2025-09-23T12:00_rolling,2025-09-23 12:00:00,2025-09-23 12:10:00,2025-09-24 12:00:00,2025-09-23 12:00:00,2025-09-23 18:20:00,380,0.0,0.0,attachment3_10min_interpolation,8613.5625,2025-09-23 12:00:00,783.3493333333332,2025-09-16 18:20:00,actual_same_interval_7_days_ago,2025-09-23 12:00:00,72,108,False,783.3493333333332,0.0,0.0,0.0,10800.0,10800.0,783.3493333333332,120.0
2025-09-23T12:00_rolling,2025-09-23 12:00:00,2025-09-23 12:10:00,2025-09-24 12:00:00,2025-09-23 12:00:00,2025-09-23 18:30:00,390,0.0,0.0,attachment3_10min_interpolation,8613.5625,2025-09-23 12:00:00,801.09,2025-09-16 18:30:00,actual_same_interval_7_days_ago,2025-09-23 12:00:00,72,108,False,801.09,0.0,0.0,0.0,10800.0,10800.0,801.09,120.0
2025-09-23T12:00_rolling,2025-09-23 12:00:00,2025-09-23 12:10:00,2025-09-24 12:00:00,2025-09-23 12:00:00,2025-09-23 18:40:00,400,0.0,0.0,attachment3_10min_interpolation,8613.5625,2025-09-23 12:00:00,838.19785,2025-09-16 18:40:00,actual_same_interval_7_days_ago,2025-09-23 12:00:00,72,108,False,838.19785,0.0,0.0,0.0,10800.0,10800.0,838.19785,120.0
2025-09-23T12:00_rolling,2025-09-23 12:00:00,2025-09-23 12:10:00,2025-09-24 12:00:00,2025-09-23 12:00:00,2025-09-23 18:50:00,410,0.0,0.0,attachment3_10min_interpolation,8613.5625,2025-09-23 12:00:00,814.9752333333332,2025-09-16 18:50:00,actual_same_interval_7_days_ago,2025-09-23 12:00:00,72,108,False,490.9752333333332,0.0,324.0,0.0,10800.0,10440.0,490.9752333333332,120.0
2025-09-23T12:00_rolling,2025-09-23 12:00:00,2025-09-23 12:10:00,2025-09-24 12:00:00,2025-09-23 12:00:00,2025-09-23 19:00:00,420,0.0,0.0,attachment3_10min_interpolation,8613.5625,2025-09-23 12:00:00,767.1333333333333,2025-09-16 19:00:00,actual_same_interval_7_days_ago,2025-09-23 12:00:00,72,108,False,11.133333333333326,0.0,756.0,0.0,10440.0,9600.0,11.133333333333326,120.0
2025-09-23T12:00_rolling,2025-09-23 12:00:00,2025-09-23 12:10:00,2025-09-24 12:00:00,2025-09-23 12:00:00,2025-09-23 19:10:00,430,0.0,0.0,attachment3_10min_interpolation,8613.5625,2025-09-23 12:00:00,813.1525166666667,2025-09-16 19:10:00,actual_same_interval_7_days_ago,2025-09-23 12:00:00,72,108,False,57.152516666666656,0.0,756.0,0.0,9600.0,8760.0,57.152516666666656,120.0
2025-09-23T12:00_rolling,2025-09-23 12:00:00,2025-09-23 12:10:00,2025-09-24 12:00:00,2025-09-23 12:00:00,2025-09-23 19:20:00,440,0.0,0.0,attachment3_10min_interpolation,8613.5625,2025-09-23 12:00:00,841.5716000000001,2025-09-16 19:20:00,actual_same_interval_7_days_ago,2025-09-23 12:00:00,72,108,False,85.5716000000001,0.0,756.0,0.0,8760.0,7920.0,85.5716000000001,120.0
2025-09-23T12:00_rolling,2025-09-23 12:00:00,2025-09-23 12:10:00,2025-09-24 12:00:00,2025-09-23 12:00:00,2025-09-23 19:30:00,450,0.0,0.0,attachment3_10min_interpolation,8613.5625,2025-09-23 12:00:00,817.0316666666666,2025-09-16 19:30:00,actual_same_interval_7_days_ago,2025-09-23 12:00:00,72,108,False,61.03166666666664,0.0,756.0,0.0,7920.0,7080.0,61.03166666666664,120.0
2025-09-23T12:00_rolling,2025-09-23 12:00:00,2025-09-23 12:10:00,2025-09-24 12:00:00,2025-09-23 12:00:00,2025-09-23 19:40:00,460,0.0,0.0,attachment3_10min_interpolation,8613.5625,2025-09-23 12:00:00,815.3069833333334,2025-09-16 19:40:00,actual_same_interval_7_days_ago,2025-09-23 12:00:00,72,108,False,59.30698333333339,0.0,756.0,0.0,7080.0,6240.0,59.30698333333339,120.0
2025-09-23T12:00_rolling,2025-09-23 12:00:00,2025-09-23 12:10:00,2025-09-24 12:00:00,2025-09-23 12:00:00,2025-09-23 19:50:00,470,0.0,0.0,attachment3_10min_interpolation,8613.5625,2025-09-23 12:00:00,817.2126166666667,2025-09-16 19:50:00,actual_same_interval_7_days_ago,2025-09-23 12:00:00,72,108,False,61.21261666666669,0.0,756.0,0.0,6240.0,5400.0,61.21261666666669,120.0
2025-09-23T12:00_rolling,2025-09-23 12:00:00,2025-09-23 12:10:00,2025-09-24 12:00:00,2025-09-23 12:00:00,2025-09-23 20:00:00,480,0.0,0.0,attachment3_10min_interpolation,8613.5625,2025-09-23 12:00:00,803.1133333333333,2025-09-16 20:00:00,actual_same_interval_7_days_ago,2025-09-23 12:00:00,72,108,False,47.113333333333344,0.0,756.0,0.0,5400.0,4560.0,47.113333333333344,120.0
2025-09-23T12:00_rolling,2025-09-23 12:00:00,2025-09-23 12:10:00,2025-09-24 12:00:00,2025-09-23 12:00:00,2025-09-23 20:10:00,490,0.0,0.0,attachment3_10min_interpolation,8613.5625,2025-09-23 12:00:00,782.7836666666667,2025-09-16 20:10:00,actual_same_interval_7_days_ago,2025-09-23 12:00:00,72,108,False,26.783666666666704,0.0,756.0,0.0,4560.0,3720.0,26.783666666666704,120.0
2025-09-23T12:00_rolling,2025-09-23 12:00:00,2025-09-23 12:10:00,2025-09-24 12:00:00,2025-09-23 12:00:00,2025-09-23 20:20:00,500,0.0,0.0,attachment3_10min_interpolation,8613.5625,2025-09-23 12:00:00,783.34075,2025-09-16 20:20:00,actual_same_interval_7_days_ago,2025-09-23 12:00:00,72,108,False,27.340749999999957,0.0,756.0,0.0,3720.0,2880.0,27.340749999999957,120.0
2025-09-23T12:00_rolling,2025-09-23 12:00:00,2025-09-23 12:10:00,2025-09-24 12:00:00,2025-09-23 12:00:00,2025-09-23 20:30:00,510,0.0,0.0,attachment3_10min_interpolation,8613.5625,2025-09-23 12:00:00,808.7033333333334,2025-09-16 20:30:00,actual_same_interval_7_days_ago,2025-09-23 12:00:00,72,108,False,52.703333333333376,0.0,756.0,0.0,2880.0,2040.0,52.703333333333376,120.0
2025-09-23T12:00_rolling,2025-09-23 12:00:00,2025-09-23 12:10:00,2025-09-24 12:00:00,2025-09-23 12:00:00,2025-09-23 20:40:00,520,0.0,0.0,attachment3_10min_interpolation,8613.5625,2025-09-23 12:00:00,832.6574999999999,2025-09-16 20:40:00,actual_same_interval_7_days_ago,2025-09-23 12:00:00,72,108,False,76.65749999999991,0.0,756.0,0.0,2040.0,1200.0,76.65749999999991,120.0
2025-09-23T12:00_rolling,2025-09-23 12:00:00,2025-09-23 12:10:00,2025-09-24 12:00:00,2025-09-23 12:00:00,2025-09-23 20:50:00,530,0.0,0.0,attachment3_10min_interpolation,8613.5625,2025-09-23 12:00:00,820.2962833333332,2025-09-16 20:50:00,actual_same_interval_7_days_ago,2025-09-23 12:00:00,72,108,False,820.2962833333332,0.0,0.0,0.0,1200.0,1200.0,820.2962833333332,120.0
2025-09-23T12:00_rolling,2025-09-23 12:00:00,2025-09-23 12:10:00,2025-09-24 12:00:00,2025-09-23 12:00:00,2025-09-23 21:00:00,540,0.0,0.0,attachment3_10min_interpolation,8613.5625,2025-09-23 12:00:00,798.3233333333333,2025-09-16 21:00:00,actual_same_interval_7_days_ago,2025-09-23 12:00:00,72,108,False,798.3233333333333,0.0,0.0,0.0,1200.0,1200.0,798.3233333333333,120.0
2025-09-23T12:00_rolling,2025-09-23 12:00:00,2025-09-23 12:10:00,2025-09-24 12:00:00,2025-09-23 12:00:00,2025-09-23 21:10:00,550,0.0,0.0,attachment3_10min_interpolation,8613.5625,2025-09-23 12:00:00,820.2095333333333,2025-09-16 21:10:00,actual_same_interval_7_days_ago,2025-09-23 12:00:00,72,108,False,820.2095333333333,0.0,0.0,0.0,1200.0,1200.0,820.2095333333333,120.0
2025-09-23T12:00_rolling,2025-09-23 12:00:00,2025-09-23 12:10:00,2025-09-24 12:00:00,2025-09-23 12:00:00,2025-09-23 21:20:00,560,0.0,0.0,attachment3_10min_interpolation,8613.5625,2025-09-23 12:00:00,799.1934333333334,2025-09-16 21:20:00,actual_same_interval_7_days_ago,2025-09-23 12:00:00,72,108,False,799.1934333333334,0.0,0.0,0.0,1200.0,1200.0,799.1934333333334,120.0
2025-09-23T12:00_rolling,2025-09-23 12:00:00,2025-09-23 12:10:00,2025-09-24 12:00:00,2025-09-23 12:00:00,2025-09-23 21:30:00,570,0.0,0.0,attachment3_10min_interpolation,8613.5625,2025-09-23 12:00:00,763.7166666666667,2025-09-16 21:30:00,actual_same_interval_7_days_ago,2025-09-23 12:00:00,72,108,False,763.7166666666667,0.0,0.0,0.0,1200.0,1200.0,763.7166666666667,120.0
2025-09-23T12:00_rolling,2025-09-23 12:00:00,2025-09-23 12:10:00,2025-09-24 12:00:00,2025-09-23 12:00:00,2025-09-23 21:40:00,580,0.0,0.0,attachment3_10min_interpolation,8613.5625,2025-09-23 12:00:00,818.0142999999999,2025-09-16 21:40:00,actual_same_interval_7_days_ago,2025-09-23 12:00:00,72,108,False,818.0142999999999,0.0,0.0,0.0,1200.0,1200.0,818.0142999999999,120.0
2025-09-23T12:00_rolling,2025-09-23 12:00:00,2025-09-23 12:10:00,2025-09-24 12:00:00,2025-09-23 12:00:00,2025-09-23 21:50:00,590,0.0,0.0,attachment3_10min_interpolation,8613.5625,2025-09-23 12:00:00,776.9880833333333,2025-09-16 21:50:00,actual_same_interval_7_days_ago,2025-09-23 12:00:00,72,108,False,776.9880833333333,0.0,0.0,0.0,1200.0,1200.0,776.9880833333333,120.0
2025-09-23T12:00_rolling,2025-09-23 12:00:00,2025-09-23 12:10:00,2025-09-24 12:00:00,2025-09-23 12:00:00,2025-09-23 22:00:00,600,0.0,0.0,attachment3_10min_interpolation,8613.5625,2025-09-23 12:00:00,639.2716666666666,2025-09-16 22:00:00,actual_same_interval_7_days_ago,2025-09-23 12:00:00,72,108,False,639.2716666666666,0.0,0.0,0.0,1200.0,1200.0,639.2716666666666,120.0
2025-09-23T12:00_rolling,2025-09-23 12:00:00,2025-09-23 12:10:00,2025-09-24 12:00:00,2025-09-23 12:00:00,2025-09-23 22:10:00,610,0.0,0.0,attachment3_10min_interpolation,8613.5625,2025-09-23 12:00:00,599.7292166666667,2025-09-16 22:10:00,actual_same_interval_7_days_ago,2025-09-23 12:00:00,72,108,False,599.7292166666667,0.0,0.0,0.0,1200.0,1200.0,599.7292166666667,120.0
2025-09-23T12:00_rolling,2025-09-23 12:00:00,2025-09-23 12:10:00,2025-09-24 12:00:00,2025-09-23 12:00:00,2025-09-23 22:20:00,620,0.0,0.0,attachment3_10min_interpolation,8613.5625,2025-09-23 12:00:00,609.7264833333334,2025-09-16 22:20:00,actual_same_interval_7_days_ago,2025-09-23 12:00:00,72,108,False,609.7264833333334,0.0,0.0,0.0,1200.0,1200.0,609.7264833333334,120.0
2025-09-23T12:00_rolling,2025-09-23 12:00:00,2025-09-23 12:10:00,2025-09-24 12:00:00,2025-09-23 12:00:00,2025-09-23 22:30:00,630,0.0,0.0,attachment3_10min_interpolation,8613.5625,2025-09-23 12:00:00,613.2483333333333,2025-09-16 22:30:00,actual_same_interval_7_days_ago,2025-09-23 12:00:00,72,108,False,613.2483333333333,0.0,0.0,0.0,1200.0,1200.0,613.2483333333333,120.0
2025-09-23T12:00_rolling,2025-09-23 12:00:00,2025-09-23 12:10:00,2025-09-24 12:00:00,2025-09-23 12:00:00,2025-09-23 22:40:00,640,0.0,0.0,attachment3_10min_interpolation,8613.5625,2025-09-23 12:00:00,612.6178833333333,2025-09-16 22:40:00,actual_same_interval_7_days_ago,2025-09-23 12:00:00,72,108,False,612.6178833333333,0.0,0.0,0.0,1200.0,1200.0,612.6178833333333,120.0
2025-09-23T12:00_rolling,2025-09-23 12:00:00,2025-09-23 12:10:00,2025-09-24 12:00:00,2025-09-23 12:00:00,2025-09-23 22:50:00,650,0.0,0.0,attachment3_10min_interpolation,8613.5625,2025-09-23 12:00:00,617.3649666666666,2025-09-16 22:50:00,actual_same_interval_7_days_ago,2025-09-23 12:00:00,72,108,False,617.3649666666666,0.0,0.0,0.0,1200.0,1200.0,617.3649666666666,120.0
2025-09-23T12:00_rolling,2025-09-23 12:00:00,2025-09-23 12:10:00,2025-09-24 12:00:00,2025-09-23 12:00:00,2025-09-23 23:00:00,660,0.0,0.0,attachment3_10min_interpolation,8613.5625,2025-09-23 12:00:00,619.0216666666666,2025-09-16 23:00:00,actual_same_interval_7_days_ago,2025-09-23 12:00:00,72,108,False,619.0216666666666,0.0,0.0,0.0,1200.0,1200.0,619.0216666666666,120.0
2025-09-23T12:00_rolling,2025-09-23 12:00:00,2025-09-23 12:10:00,2025-09-24 12:00:00,2025-09-23 12:00:00,2025-09-23 23:10:00,670,0.0,0.0,attachment3_10min_interpolation,8613.5625,2025-09-23 12:00:00,604.4078166666667,2025-09-16 23:10:00,actual_same_interval_7_days_ago,2025-09-23 12:00:00,72,108,False,604.4078166666667,0.0,0.0,0.0,1200.0,1200.0,604.4078166666667,120.0
2025-09-23T12:00_rolling,2025-09-23 12:00:00,2025-09-23 12:10:00,2025-09-24 12:00:00,2025-09-23 12:00:00,2025-09-23 23:20:00,680,0.0,0.0,attachment3_10min_interpolation,8613.5625,2025-09-23 12:00:00,615.0140166666666,2025-09-16 23:20:00,actual_same_interval_7_days_ago,2025-09-23 12:00:00,72,108,False,615.0140166666666,0.0,0.0,0.0,1200.0,1200.0,615.0140166666666,120.0
2025-09-23T12:00_rolling,2025-09-23 12:00:00,2025-09-23 12:10:00,2025-09-24 12:00:00,2025-09-23 12:00:00,2025-09-23 23:30:00,690,0.0,0.0,attachment3_10min_interpolation,8613.5625,2025-09-23 12:00:00,633.3716666666667,2025-09-16 23:30:00,actual_same_interval_7_days_ago,2025-09-23 12:00:00,72,108,False,633.3716666666667,0.0,0.0,0.0,1200.0,1200.0,633.3716666666667,120.0
2025-09-23T12:00_rolling,2025-09-23 12:00:00,2025-09-23 12:10:00,2025-09-24 12:00:00,2025-09-23 12:00:00,2025-09-23 23:40:00,700,0.0,0.0,attachment3_10min_interpolation,8613.5625,2025-09-23 12:00:00,605.49435,2025-09-16 23:40:00,actual_same_interval_7_days_ago,2025-09-23 12:00:00,72,108,False,605.49435,0.0,0.0,0.0,1200.0,1200.0,605.49435,120.0
2025-09-23T12:00_rolling,2025-09-23 12:00:00,2025-09-23 12:10:00,2025-09-24 12:00:00,2025-09-23 12:00:00,2025-09-23 23:50:00,710,0.0,0.0,attachment3_10min_interpolation,8613.5625,2025-09-23 12:00:00,616.7699,2025-09-16 23:50:00,actual_same_interval_7_days_ago,2025-09-23 12:00:00,72,108,False,616.7699,0.0,0.0,0.0,1200.0,1200.0,616.7699,120.0
2025-09-23T12:00_rolling,2025-09-23 12:00:00,2025-09-23 12:10:00,2025-09-24 12:00:00,2025-09-23 12:00:00,2025-09-24 00:00:00,720,0.0,0.0,attachment3_10min_interpolation,8613.5625,2025-09-23 12:00:00,653.885,2025-09-17 00:00:00,actual_same_interval_7_days_ago,2025-09-23 12:00:00,72,108,False,653.885,0.0,0.0,0.0,1200.0,1200.0,653.885,120.0
2025-09-23T12:00_rolling,2025-09-23 12:00:00,2025-09-23 12:10:00,2025-09-24 12:00:00,2025-09-23 12:00:00,2025-09-24 00:10:00,730,0.0,0.0,attachment3_10min_interpolation,8613.5625,2025-09-23 12:00:00,617.9920833333333,2025-09-17 00:10:00,actual_same_interval_7_days_ago,2025-09-23 12:00:00,72,108,False,1417.9920833333333,800.0,0.0,0.0,1200.0,1920.0,,120.0
2025-09-23T12:00_rolling,2025-09-23 12:00:00,2025-09-23 12:10:00,2025-09-24 12:00:00,2025-09-23 12:00:00,2025-09-24 00:20:00,740,0.0,0.0,attachment3_10min_interpolation,8613.5625,2025-09-23 12:00:00,599.7917666666666,2025-09-17 00:20:00,actual_same_interval_7_days_ago,2025-09-23 12:00:00,72,108,False,1399.7917666666667,800.0,0.0,0.0,1920.0,2640.0,,120.0
2025-09-23T12:00_rolling,2025-09-23 12:00:00,2025-09-23 12:10:00,2025-09-24 12:00:00,2025-09-23 12:00:00,2025-09-24 00:30:00,750,0.0,0.0,attachment3_10min_interpolation,8613.5625,2025-09-23 12:00:00,609.285,2025-09-17 00:30:00,actual_same_interval_7_days_ago,2025-09-23 12:00:00,72,108,False,1409.2849999999999,800.0,0.0,0.0,2640.0,3360.0,,120.0
2025-09-23T12:00_rolling,2025-09-23 12:00:00,2025-09-23 12:10:00,2025-09-24 12:00:00,2025-09-23 12:00:00,2025-09-24 00:40:00,760,0.0,0.0,attachment3_10min_interpolation,8613.5625,2025-09-23 12:00:00,569.9721666666667,2025-09-17 00:40:00,actual_same_interval_7_days_ago,2025-09-23 12:00:00,72,108,False,1369.9721666666667,800.0,0.0,0.0,3360.0,4080.0,,120.0
2025-09-23T12:00_rolling,2025-09-23 12:00:00,2025-09-23 12:10:00,2025-09-24 12:00:00,2025-09-23 12:00:00,2025-09-24 00:50:00,770,0.0,0.0,attachment3_10min_interpolation,8613.5625,2025-09-23 12:00:00,571.90115,2025-09-17 00:50:00,actual_same_interval_7_days_ago,2025-09-23 12:00:00,72,108,False,1371.9011500000001,800.0,0.0,0.0,4080.0,4800.0,,120.0
2025-09-23T12:00_rolling,2025-09-23 12:00:00,2025-09-23 12:10:00,2025-09-24 12:00:00,2025-09-23 12:00:00,2025-09-24 01:00:00,780,0.0,0.0,attachment3_10min_interpolation,8613.5625,2025-09-23 12:00:00,618.455,2025-09-17 01:00:00,actual_same_interval_7_days_ago,2025-09-23 12:00:00,72,108,False,1418.455,800.0,0.0,0.0,4800.0,5520.0,,120.0
2025-09-23T12:00_rolling,2025-09-23 12:00:00,2025-09-23 12:10:00,2025-09-24 12:00:00,2025-09-23 12:00:00,2025-09-24 01:10:00,790,0.0,0.0,attachment3_10min_interpolation,8613.5625,2025-09-23 12:00:00,615.7982333333333,2025-09-17 01:10:00,actual_same_interval_7_days_ago,2025-09-23 12:00:00,72,108,False,1415.7982333333334,800.0,0.0,0.0,5520.0,6240.0,,120.0
2025-09-23T12:00_rolling,2025-09-23 12:00:00,2025-09-23 12:10:00,2025-09-24 12:00:00,2025-09-23 12:00:00,2025-09-24 01:20:00,800,0.0,0.0,attachment3_10min_interpolation,8613.5625,2025-09-23 12:00:00,598.2117999999999,2025-09-17 01:20:00,actual_same_interval_7_days_ago,2025-09-23 12:00:00,72,108,False,1398.2118,800.0,0.0,0.0,6240.0,6960.0,,120.0
2025-09-23T12:00_rolling,2025-09-23 12:00:00,2025-09-23 12:10:00,2025-09-24 12:00:00,2025-09-23 12:00:00,2025-09-24 01:30:00,810,0.0,0.0,attachment3_10min_interpolation,8613.5625,2025-09-23 12:00:00,589.9616666666667,2025-09-17 01:30:00,actual_same_interval_7_days_ago,2025-09-23 12:00:00,72,108,False,1389.9616666666666,800.0,0.0,0.0,6960.0,7680.0,,120.0
2025-09-23T12:00_rolling,2025-09-23 12:00:00,2025-09-23 12:10:00,2025-09-24 12:00:00,2025-09-23 12:00:00,2025-09-24 01:40:00,820,0.0,0.0,attachment3_10min_interpolation,8613.5625,2025-09-23 12:00:00,576.0774666666667,2025-09-17 01:40:00,actual_same_interval_7_days_ago,2025-09-23 12:00:00,72,108,False,842.7441333333334,266.6666666666667,0.0,0.0,7680.0,7920.0,,120.0
2025-09-23T12:00_rolling,2025-09-23 12:00:00,2025-09-23 12:10:00,2025-09-24 12:00:00,2025-09-23 12:00:00,2025-09-24 01:50:00,830,0.0,0.0,attachment3_10min_interpolation,8613.5625,2025-09-23 12:00:00,559.0685500000001,2025-09-17 01:50:00,actual_same_interval_7_days_ago,2025-09-23 12:00:00,72,108,False,559.0685500000001,0.0,0.0,0.0,7920.0,7920.0,,120.0
2025-09-23T12:00_rolling,2025-09-23 12:00:00,2025-09-23 12:10:00,2025-09-24 12:00:00,2025-09-23 12:00:00,2025-09-24 02:00:00,840,0.0,0.0,attachment3_10min_interpolation,8613.5625,2025-09-23 12:00:00,558.715,2025-09-17 02:00:00,actual_same_interval_7_days_ago,2025-09-23 12:00:00,72,108,False,1358.7150000000001,800.0,0.0,0.0,7920.0,8640.0,,120.0
2025-09-23T12:00_rolling,2025-09-23 12:00:00,2025-09-23 12:10:00,2025-09-24 12:00:00,2025-09-23 12:00:00,2025-09-24 02:10:00,850,0.0,0.0,attachment3_10min_interpolation,8613.5625,2025-09-23 12:00:00,589.0452,2025-09-17 02:10:00,actual_same_interval_7_days_ago,2025-09-23 12:00:00,72,108,False,1389.0452,800.0,0.0,0.0,8640.0,9360.0,,120.0
2025-09-23T12:00_rolling,2025-09-23 12:00:00,2025-09-23 12:10:00,2025-09-24 12:00:00,2025-09-23 12:00:00,2025-09-24 02:20:00,860,0.0,0.0,attachment3_10min_interpolation,8613.5625,2025-09-23 12:00:00,594.7271333333333,2025-09-17 02:20:00,actual_same_interval_7_days_ago,2025-09-23 12:00:00,72,108,False,594.7271333333333,0.0,0.0,0.0,9360.0,9360.0,,120.0
2025-09-23T12:00_rolling,2025-09-23 12:00:00,2025-09-23 12:10:00,2025-09-24 12:00:00,2025-09-23 12:00:00,2025-09-24 02:30:00,870,0.0,0.0,attachment3_10min_interpolation,8613.5625,2025-09-23 12:00:00,578.9,2025-09-17 02:30:00,actual_same_interval_7_days_ago,2025-09-23 12:00:00,72,108,False,578.9,0.0,0.0,0.0,9360.0,9360.0,,120.0
2025-09-23T12:00_rolling,2025-09-23 12:00:00,2025-09-23 12:10:00,2025-09-24 12:00:00,2025-09-23 12:00:00,2025-09-24 02:40:00,880,0.0,0.0,attachment3_10min_interpolation,8613.5625,2025-09-23 12:00:00,596.0978166666666,2025-09-17 02:40:00,actual_same_interval_7_days_ago,2025-09-23 12:00:00,72,108,False,596.0978166666666,0.0,0.0,0.0,9360.0,9360.0,,120.0
2025-09-23T12:00_rolling,2025-09-23 12:00:00,2025-09-23 12:10:00,2025-09-24 12:00:00,2025-09-23 12:00:00,2025-09-24 02:50:00,890,0.0,0.0,attachment3_10min_interpolation,8613.5625,2025-09-23 12:00:00,604.8680333333333,2025-09-17 02:50:00,actual_same_interval_7_days_ago,2025-09-23 12:00:00,72,108,False,604.8680333333333,0.0,0.0,0.0,9360.0,9360.0,,120.0
2025-09-23T12:00_rolling,2025-09-23 12:00:00,2025-09-23 12:10:00,2025-09-24 12:00:00,2025-09-23 12:00:00,2025-09-24 03:00:00,900,0.0,0.0,attachment3_10min_interpolation,8613.5625,2025-09-23 12:00:00,589.5633333333334,2025-09-17 03:00:00,actual_same_interval_7_days_ago,2025-09-23 12:00:00,72,108,False,589.5633333333334,0.0,0.0,0.0,9360.0,9360.0,,120.0
2025-09-23T12:00_rolling,2025-09-23 12:00:00,2025-09-23 12:10:00,2025-09-24 12:00:00,2025-09-23 12:00:00,2025-09-24 03:10:00,910,0.0,0.0,attachment3_10min_interpolation,8613.5625,2025-09-23 12:00:00,582.2100666666666,2025-09-17 03:10:00,actual_same_interval_7_days_ago,2025-09-23 12:00:00,72,108,False,582.2100666666666,0.0,0.0,0.0,9360.0,9360.0,,120.0
2025-09-23T12:00_rolling,2025-09-23 12:00:00,2025-09-23 12:10:00,2025-09-24 12:00:00,2025-09-23 12:00:00,2025-09-24 03:20:00,920,0.0,0.0,attachment3_10min_interpolation,8613.5625,2025-09-23 12:00:00,601.25675,2025-09-17 03:20:00,actual_same_interval_7_days_ago,2025-09-23 12:00:00,72,108,False,601.25675,0.0,0.0,0.0,9360.0,9360.0,,120.0
2025-09-23T12:00_rolling,2025-09-23 12:00:00,2025-09-23 12:10:00,2025-09-24 12:00:00,2025-09-23 12:00:00,2025-09-24 03:30:00,930,0.0,0.0,attachment3_10min_interpolation,8613.5625,2025-09-23 12:00:00,621.9133333333333,2025-09-17 03:30:00,actual_same_interval_7_days_ago,2025-09-23 12:00:00,72,108,False,621.9133333333333,0.0,0.0,0.0,9360.0,9360.0,,120.0
2025-09-23T12:00_rolling,2025-09-23 12:00:00,2025-09-23 12:10:00,2025-09-24 12:00:00,2025-09-23 12:00:00,2025-09-24 03:40:00,940,0.0,0.0,attachment3_10min_interpolation,8613.5625,2025-09-23 12:00:00,603.3189666666666,2025-09-17 03:40:00,actual_same_interval_7_days_ago,2025-09-23 12:00:00,72,108,False,603.3189666666666,0.0,0.0,0.0,9360.0,9360.0,,120.0
2025-09-23T12:00_rolling,2025-09-23 12:00:00,2025-09-23 12:10:00,2025-09-24 12:00:00,2025-09-23 12:00:00,2025-09-24 03:50:00,950,0.0,0.0,attachment3_10min_interpolation,8613.5625,2025-09-23 12:00:00,594.5952,2025-09-17 03:50:00,actual_same_interval_7_days_ago,2025-09-23 12:00:00,72,108,False,594.5952,0.0,0.0,0.0,9360.0,9360.0,,120.0
2025-09-23T12:00_rolling,2025-09-23 12:00:00,2025-09-23 12:10:00,2025-09-24 12:00:00,2025-09-23 12:00:00,2025-09-24 04:00:00,960,0.0,0.0,attachment3_10min_interpolation,8613.5625,2025-09-23 12:00:00,602.1583333333333,2025-09-17 04:00:00,actual_same_interval_7_days_ago,2025-09-23 12:00:00,72,108,False,602.1583333333333,0.0,0.0,0.0,9360.0,9360.0,,120.0
2025-09-23T12:00_rolling,2025-09-23 12:00:00,2025-09-23 12:10:00,2025-09-24 12:00:00,2025-09-23 12:00:00,2025-09-24 04:10:00,970,0.0,0.0,attachment3_10min_interpolation,8613.5625,2025-09-23 12:00:00,586.0359666666667,2025-09-17 04:10:00,actual_same_interval_7_days_ago,2025-09-23 12:00:00,72,108,False,586.0359666666667,0.0,0.0,0.0,9360.0,9360.0,,120.0
2025-09-23T12:00_rolling,2025-09-23 12:00:00,2025-09-23 12:10:00,2025-09-24 12:00:00,2025-09-23 12:00:00,2025-09-24 04:20:00,980,0.0,0.0,attachment3_10min_interpolation,8613.5625,2025-09-23 12:00:00,581.0748833333333,2025-09-17 04:20:00,actual_same_interval_7_days_ago,2025-09-23 12:00:00,72,108,False,581.0748833333333,0.0,0.0,0.0,9360.0,9360.0,,120.0
2025-09-23T12:00_rolling,2025-09-23 12:00:00,2025-09-23 12:10:00,2025-09-24 12:00:00,2025-09-23 12:00:00,2025-09-24 04:30:00,990,0.0,0.0,attachment3_10min_interpolation,8613.5625,2025-09-23 12:00:00,592.495,2025-09-17 04:30:00,actual_same_interval_7_days_ago,2025-09-23 12:00:00,72,108,False,592.495,0.0,0.0,0.0,9360.0,9360.0,,120.0
2025-09-23T12:00_rolling,2025-09-23 12:00:00,2025-09-23 12:10:00,2025-09-24 12:00:00,2025-09-23 12:00:00,2025-09-24 04:40:00,1000,0.0,0.0,attachment3_10min_interpolation,8613.5625,2025-09-23 12:00:00,590.5858333333333,2025-09-17 04:40:00,actual_same_interval_7_days_ago,2025-09-23 12:00:00,72,108,False,590.5858333333333,0.0,0.0,0.0,9360.0,9360.0,,120.0
2025-09-23T12:00_rolling,2025-09-23 12:00:00,2025-09-23 12:10:00,2025-09-24 12:00:00,2025-09-23 12:00:00,2025-09-24 04:50:00,1010,0.0,0.0,attachment3_10min_interpolation,8613.5625,2025-09-23 12:00:00,599.9555166666667,2025-09-17 04:50:00,actual_same_interval_7_days_ago,2025-09-23 12:00:00,72,108,False,599.9555166666667,0.0,0.0,0.0,9360.0,9360.0,,120.0
2025-09-23T12:00_rolling,2025-09-23 12:00:00,2025-09-23 12:10:00,2025-09-24 12:00:00,2025-09-23 12:00:00,2025-09-24 05:00:00,1020,0.0,0.0,attachment3_10min_interpolation,8613.5625,2025-09-23 12:00:00,609.9333333333333,2025-09-17 05:00:00,actual_same_interval_7_days_ago,2025-09-23 12:00:00,72,108,False,609.9333333333333,0.0,0.0,0.0,9360.0,9360.0,,120.0
2025-09-23T12:00_rolling,2025-09-23 12:00:00,2025-09-23 12:10:00,2025-09-24 12:00:00,2025-09-23 12:00:00,2025-09-24 05:10:00,1030,0.0,0.0,attachment3_10min_interpolation,8613.5625,2025-09-23 12:00:00,588.64295,2025-09-17 05:10:00,actual_same_interval_7_days_ago,2025-09-23 12:00:00,72,108,False,588.64295,0.0,0.0,0.0,9360.0,9360.0,,120.0
2025-09-23T12:00_rolling,2025-09-23 12:00:00,2025-09-23 12:10:00,2025-09-24 12:00:00,2025-09-23 12:00:00,2025-09-24 05:20:00,1040,0.0,0.0,attachment3_10min_interpolation,8613.5625,2025-09-23 12:00:00,610.9923166666666,2025-09-17 05:20:00,actual_same_interval_7_days_ago,2025-09-23 12:00:00,72,108,False,610.9923166666666,0.0,0.0,0.0,9360.0,9360.0,,120.0
2025-09-23T12:00_rolling,2025-09-23 12:00:00,2025-09-23 12:10:00,2025-09-24 12:00:00,2025-09-23 12:00:00,2025-09-24 05:30:00,1050,0.0,0.0,attachment3_10min_interpolation,8613.5625,2025-09-23 12:00:00,642.9916666666667,2025-09-17 05:30:00,actual_same_interval_7_days_ago,2025-09-23 12:00:00,72,108,False,1442.9916666666668,800.0,0.0,0.0,9360.0,10080.0,,120.0
2025-09-23T12:00_rolling,2025-09-23 12:00:00,2025-09-23 12:10:00,2025-09-24 12:00:00,2025-09-23 12:00:00,2025-09-24 05:40:00,1060,0.0,0.0,attachment3_10min_interpolation,8613.5625,2025-09-23 12:00:00,594.7523,2025-09-17 05:40:00,actual_same_interval_7_days_ago,2025-09-23 12:00:00,72,108,False,1394.7523,800.0,0.0,0.0,10080.0,10800.0,,120.0
2025-09-23T12:00_rolling,2025-09-23 12:00:00,2025-09-23 12:10:00,2025-09-24 12:00:00,2025-09-23 12:00:00,2025-09-24 05:50:00,1070,0.0,0.0,attachment3_10min_interpolation,8613.5625,2025-09-23 12:00:00,682.0191833333333,2025-09-17 05:50:00,actual_same_interval_7_days_ago,2025-09-23 12:00:00,72,108,False,682.0191833333333,0.0,0.0,0.0,10800.0,10800.0,,120.0
2025-09-23T12:00_rolling,2025-09-23 12:00:00,2025-09-23 12:10:00,2025-09-24 12:00:00,2025-09-23 12:00:00,2025-09-24 06:00:00,1080,0.0,0.0,attachment3_10min_interpolation,8613.5625,2025-09-23 12:00:00,849.975,2025-09-17 06:00:00,actual_same_interval_7_days_ago,2025-09-23 12:00:00,72,108,False,93.97500000000002,0.0,756.0,0.0,10800.0,9960.0,,120.0
2025-09-23T12:00_rolling,2025-09-23 12:00:00,2025-09-23 12:10:00,2025-09-24 12:00:00,2025-09-23 12:00:00,2025-09-24 06:10:00,1090,247.1640833333333,41.19401388888888,attachment3_10min_interpolation,8613.5625,2025-09-23 12:00:00,814.3226666666666,2025-09-17 06:10:00,actual_same_interval_7_days_ago,2025-09-23 12:00:00,72,108,False,17.12865277777769,0.0,756.0,0.0,9960.0,9120.0,,120.0
2025-09-23T12:00_rolling,2025-09-23 12:00:00,2025-09-23 12:10:00,2025-09-24 12:00:00,2025-09-23 12:00:00,2025-09-24 06:20:00,1100,494.3281666666667,82.38802777777778,attachment3_10min_interpolation,8613.5625,2025-09-23 12:00:00,757.7532666666666,2025-09-17 06:20:00,actual_same_interval_7_days_ago,2025-09-23 12:00:00,72,108,False,27.365238888888825,0.0,648.0,0.0,9120.0,8400.0,,120.0
2025-09-23T12:00_rolling,2025-09-23 12:00:00,2025-09-23 12:10:00,2025-09-24 12:00:00,2025-09-23 12:00:00,2025-09-24 06:30:00,1110,741.49225,123.58204166666667,attachment3_10min_interpolation,8613.5625,2025-09-23 12:00:00,779.6983333333333,2025-09-17 06:30:00,actual_same_interval_7_days_ago,2025-09-23 12:00:00,72,108,False,8.116291666666598,0.0,648.0,0.0,8400.0,7680.0,,120.0
2025-09-23T12:00_rolling,2025-09-23 12:00:00,2025-09-23 12:10:00,2025-09-24 12:00:00,2025-09-23 12:00:00,2025-09-24 06:40:00,1120,988.6563333333334,164.77605555555556,attachment3_10min_interpolation,8613.5625,2025-09-23 12:00:00,794.9991333333334,2025-09-17 06:40:00,actual_same_interval_7_days_ago,2025-09-23 12:00:00,72,108,False,90.2230777777778,0.0,540.0,0.0,7680.0,7080.0,,120.0
2025-09-23T12:00_rolling,2025-09-23 12:00:00,2025-09-23 12:10:00,2025-09-24 12:00:00,2025-09-23 12:00:00,2025-09-24 06:50:00,1130,1235.8204166666667,205.97006944444445,attachment3_10min_interpolation,8613.5625,2025-09-23 12:00:00,795.48105,2025-09-17 06:50:00,actual_same_interval_7_days_ago,2025-09-23 12:00:00,72,108,False,49.510980555555534,0.0,540.0,0.0,7080.0,6480.0,,120.0
2025-09-23T12:00_rolling,2025-09-23 12:00:00,2025-09-23 12:10:00,2025-09-24 12:00:00,2025-09-23 12:00:00,2025-09-24 07:00:00,1140,1482.9845,247.16408333333334,attachment3_10min_interpolation,8613.5625,2025-09-23 12:00:00,794.4933333333333,2025-09-17 07:00:00,actual_same_interval_7_days_ago,2025-09-23 12:00:00,72,108,False,7.329250000000002,0.0,540.0,0.0,6480.0,5880.0,,120.0
2025-09-23T12:00_rolling,2025-09-23 12:00:00,2025-09-23 12:10:00,2025-09-24 12:00:00,2025-09-23 12:00:00,2025-09-24 07:10:00,1150,1777.279266666667,296.21321111111115,attachment3_10min_interpolation,8613.5625,2025-09-23 12:00:00,800.2560333333332,2025-09-17 07:10:00,actual_same_interval_7_days_ago,2025-09-23 12:00:00,72,108,False,72.04282222222207,0.0,432.0,0.0,5880.0,5400.0,,120.0
2025-09-23T12:00_rolling,2025-09-23 12:00:00,2025-09-23 12:10:00,2025-09-24 12:00:00,2025-09-23 12:00:00,2025-09-24 07:20:00,1160,2071.5740333333333,345.2623388888889,attachment3_10min_interpolation,8613.5625,2025-09-23 12:00:00,800.6249166666666,2025-09-17 07:20:00,actual_same_interval_7_days_ago,2025-09-23 12:00:00,72,108,False,23.362577777777744,0.0,432.0,0.0,5400.0,4920.0,,120.0
2025-09-23T12:00_rolling,2025-09-23 12:00:00,2025-09-23 12:10:00,2025-09-24 12:00:00,2025-09-23 12:00:00,2025-09-24 07:30:00,1170,2365.8688,394.3114666666667,attachment3_10min_interpolation,8613.5625,2025-09-23 12:00:00,785.2816666666666,2025-09-17 07:30:00,actual_same_interval_7_days_ago,2025-09-23 12:00:00,72,108,False,66.97019999999992,0.0,324.0,0.0,4920.0,4560.0,,120.0
2025-09-23T12:00_rolling,2025-09-23 12:00:00,2025-09-23 12:10:00,2025-09-24 12:00:00,2025-09-23 12:00:00,2025-09-24 07:40:00,1180,2660.1635666666666,443.3605944444444,attachment3_10min_interpolation,8613.5625,2025-09-23 12:00:00,779.6579333333334,2025-09-17 07:40:00,actual_same_interval_7_days_ago,2025-09-23 12:00:00,72,108,False,336.297338888889,0.0,0.0,0.0,4560.0,4560.0,,120.0
2025-09-23T12:00_rolling,2025-09-23 12:00:00,2025-09-23 12:10:00,2025-09-24 12:00:00,2025-09-23 12:00:00,2025-09-24 07:50:00,1190,2954.458333333333,492.4097222222222,attachment3_10min_interpolation,8613.5625,2025-09-23 12:00:00,914.0335166666669,2025-09-17 07:50:00,actual_same_interval_7_days_ago,2025-09-23 12:00:00,72,108,False,0.0,0.0,432.0,10.376205555555316,4560.0,4080.0,,120.0
2025-09-23T12:00_rolling,2025-09-23 12:00:00,2025-09-23 12:10:00,2025-09-24 12:00:00,2025-09-23 12:00:00,2025-09-24 08:00:00,1200,3248.7531,541.45885,attachment3_10min_interpolation,8613.5625,2025-09-23 12:00:00,1106.3583333333331,2025-09-17 08:00:00,actual_same_interval_7_days_ago,2025-09-23 12:00:00,72,108,False,24.899483333333137,0.0,540.0,0.0,4080.0,3480.0,,120.0
2025-09-23T12:00_rolling,2025-09-23 12:00:00,2025-09-23 12:10:00,2025-09-24 12:00:00,2025-09-23 12:00:00,2025-09-24 08:10:00,1210,3617.4908166666655,602.9151361111109,attachment3_10min_interpolation,8613.5625,2025-09-23 12:00:00,1127.6770333333334,2025-09-17 08:10:00,actual_same_interval_7_days_ago,2025-09-23 12:00:00,72,108,False,0.0,0.0,540.0,15.238102777777499,3480.0,2880.0,,120.0
2025-09-23T12:00_rolling,2025-09-23 12:00:00,2025-09-23 12:10:00,2025-09-24 12:00:00,2025-09-23 12:00:00,2025-09-24 08:20:00,1220,3986.228533333333,664.3714222222221,attachment3_10min_interpolation,8613.5625,2025-09-23 12:00:00,1108.553766666667,2025-09-17 08:20:00,actual_same_interval_7_days_ago,2025-09-23 12:00:00,72,108,False,12.182344444444766,0.0,432.0,0.0,2880.0,2400.0,,120.0
2025-09-23T12:00_rolling,2025-09-23 12:00:00,2025-09-23 12:10:00,2025-09-24 12:00:00,2025-09-23 12:00:00,2025-09-24 08:30:00,1230,4354.96625,725.8277083333334,attachment3_10min_interpolation,8613.5625,2025-09-23 12:00:00,1119.105,2025-09-17 08:30:00,actual_same_interval_7_days_ago,2025-09-23 12:00:00,72,108,False,69.27729166666666,0.0,324.0,0.0,2400.0,2040.0,,120.0
2025-09-23T12:00_rolling,2025-09-23 12:00:00,2025-09-23 12:10:00,2025-09-24 12:00:00,2025-09-23 12:00:00,2025-09-24 08:40:00,1240,4723.703966666667,787.2839944444445,attachment3_10min_interpolation,8613.5625,2025-09-23 12:00:00,1098.90735,2025-09-17 08:40:00,actual_same_interval_7_days_ago,2025-09-23 12:00:00,72,108,False,0.0,0.0,324.0,12.376644444444537,2040.0,1680.0,,120.0
2025-09-23T12:00_rolling,2025-09-23 12:00:00,2025-09-23 12:10:00,2025-09-24 12:00:00,2025-09-23 12:00:00,2025-09-24 08:50:00,1250,5092.4416833333335,848.7402805555556,attachment3_10min_interpolation,8613.5625,2025-09-23 12:00:00,1075.7503833333333,2025-09-17 08:50:00,actual_same_interval_7_days_ago,2025-09-23 12:00:00,72,108,False,11.01010277777766,0.0,216.0,0.0,1680.0,1440.0,,120.0
2025-09-23T12:00_rolling,2025-09-23 12:00:00,2025-09-23 12:10:00,2025-09-24 12:00:00,2025-09-23 12:00:00,2025-09-24 09:00:00,1260,5461.1794,910.1965666666666,attachment3_10min_interpolation,8613.5625,2025-09-23 12:00:00,1068.861666666667,2025-09-17 09:00:00,actual_same_interval_7_days_ago,2025-09-23 12:00:00,72,108,False,50.66510000000028,0.0,108.0,0.0,1440.0,1320.0,,120.0
2025-09-23T12:00_rolling,2025-09-23 12:00:00,2025-09-23 12:10:00,2025-09-24 12:00:00,2025-09-23 12:00:00,2025-09-24 09:10:00,1270,5840.444816666667,973.4074694444445,attachment3_10min_interpolation,8613.5625,2025-09-23 12:00:00,1069.1498833333333,2025-09-17 09:10:00,actual_same_interval_7_days_ago,2025-09-23 12:00:00,72,108,False,0.0,0.0,108.0,12.257586111111209,1320.0,1200.0,,120.0
2025-09-23T12:00_rolling,2025-09-23 12:00:00,2025-09-23 12:10:00,2025-09-24 12:00:00,2025-09-23 12:00:00,2025-09-24 09:20:00,1280,6219.710233333333,1036.6183722222222,attachment3_10min_interpolation,8613.5625,2025-09-23 12:00:00,1082.463083333333,2025-09-17 09:20:00,actual_same_interval_7_days_ago,2025-09-23 12:00:00,72,108,False,45.84471111111088,0.0,0.0,0.0,1200.0,1200.0,,120.0
2025-09-23T12:00_rolling,2025-09-23 12:00:00,2025-09-23 12:10:00,2025-09-24 12:00:00,2025-09-23 12:00:00,2025-09-24 09:30:00,1290,6598.97565,1099.829275,attachment3_10min_interpolation,8613.5625,2025-09-23 12:00:00,1096.6883333333333,2025-09-17 09:30:00,actual_same_interval_7_days_ago,2025-09-23 12:00:00,72,108,False,0.0,0.0,0.0,3.1409416666667767,1200.0,1200.0,,120.0
2025-09-23T12:00_rolling,2025-09-23 12:00:00,2025-09-23 12:10:00,2025-09-24 12:00:00,2025-09-23 12:00:00,2025-09-24 09:40:00,1300,6978.2410666666665,1163.0401777777777,attachment3_10min_interpolation,8613.5625,2025-09-23 12:00:00,1089.8279333333332,2025-09-17 09:40:00,actual_same_interval_7_days_ago,2025-09-23 12:00:00,72,108,False,0.0,0.0,0.0,73.21224444444442,1200.0,1200.0,,120.0
2025-09-23T12:00_rolling,2025-09-23 12:00:00,2025-09-23 12:10:00,2025-09-24 12:00:00,2025-09-23 12:00:00,2025-09-24 09:50:00,1310,7357.506483333334,1226.2510805555555,attachment3_10min_interpolation,8613.5625,2025-09-23 12:00:00,1087.071683333333,2025-09-17 09:50:00,actual_same_interval_7_days_ago,2025-09-23 12:00:00,72,108,False,0.0,0.0,0.0,139.1793972222224,1200.0,1200.0,,120.0
2025-09-23T12:00_rolling,2025-09-23 12:00:00,2025-09-23 12:10:00,2025-09-24 12:00:00,2025-09-23 12:00:00,2025-09-24 10:00:00,1320,7736.7719,1289.4619833333334,attachment3_10min_interpolation,8613.5625,2025-09-23 12:00:00,1092.0566666666666,2025-09-17 10:00:00,actual_same_interval_7_days_ago,2025-09-23 12:00:00,72,108,False,0.0,0.0,0.0,197.40531666666675,1200.0,1200.0,,120.0
2025-09-23T12:00_rolling,2025-09-23 12:00:00,2025-09-23 12:10:00,2025-09-24 12:00:00,2025-09-23 12:00:00,2025-09-24 10:10:00,1330,7779.208266666666,1296.534711111111,attachment3_10min_interpolation,8613.5625,2025-09-23 12:00:00,1085.1481833333337,2025-09-17 10:10:00,actual_same_interval_7_days_ago,2025-09-23 12:00:00,72,108,False,0.0,0.0,0.0,211.38652777777725,1200.0,1200.0,,120.0
2025-09-23T12:00_rolling,2025-09-23 12:00:00,2025-09-23 12:10:00,2025-09-24 12:00:00,2025-09-23 12:00:00,2025-09-24 10:20:00,1340,7821.644633333333,1303.607438888889,attachment3_10min_interpolation,8613.5625,2025-09-23 12:00:00,1086.5008,2025-09-17 10:20:00,actual_same_interval_7_days_ago,2025-09-23 12:00:00,72,108,False,0.0,0.0,0.0,217.10663888888894,1200.0,1200.0,,120.0
2025-09-23T12:00_rolling,2025-09-23 12:00:00,2025-09-23 12:10:00,2025-09-24 12:00:00,2025-09-23 12:00:00,2025-09-24 10:30:00,1350,7864.081,1310.6801666666668,attachment3_10min_interpolation,8613.5625,2025-09-23 12:00:00,1092.67,2025-09-17 10:30:00,actual_same_interval_7_days_ago,2025-09-23 12:00:00,72,108,False,0.0,0.0,0.0,218.0101666666667,1200.0,1200.0,,120.0
2025-09-23T12:00_rolling,2025-09-23 12:00:00,2025-09-23 12:10:00,2025-09-24 12:00:00,2025-09-23 12:00:00,2025-09-24 10:40:00,1360,7906.517366666666,1317.7528944444443,attachment3_10min_interpolation,8613.5625,2025-09-23 12:00:00,1078.056283333333,2025-09-17 10:40:00,actual_same_interval_7_days_ago,2025-09-23 12:00:00,72,108,False,0.0,0.0,0.0,239.69661111111122,1200.0,1200.0,,120.0
2025-09-23T12:00_rolling,2025-09-23 12:00:00,2025-09-23 12:10:00,2025-09-24 12:00:00,2025-09-23 12:00:00,2025-09-24 10:50:00,1370,7948.953733333333,1324.8256222222221,attachment3_10min_interpolation,8613.5625,2025-09-23 12:00:00,1063.2094333333332,2025-09-17 10:50:00,actual_same_interval_7_days_ago,2025-09-23 12:00:00,72,108,False,0.0,0.0,0.0,261.6161888888889,1200.0,1200.0,,120.0
2025-09-23T12:00_rolling,2025-09-23 12:00:00,2025-09-23 12:10:00,2025-09-24 12:00:00,2025-09-23 12:00:00,2025-09-24 11:00:00,1380,7991.3901,1331.89835,attachment3_10min_interpolation,8613.5625,2025-09-23 12:00:00,1060.2766666666666,2025-09-17 11:00:00,actual_same_interval_7_days_ago,2025-09-23 12:00:00,72,108,False,0.0,0.0,0.0,271.6216833333333,1200.0,1200.0,,120.0
2025-09-23T12:00_rolling,2025-09-23 12:00:00,2025-09-23 12:10:00,2025-09-24 12:00:00,2025-09-23 12:00:00,2025-09-24 11:10:00,1390,8189.077466666667,1364.8462444444444,attachment3_10min_interpolation,8613.5625,2025-09-23 12:00:00,1058.400033333333,2025-09-17 11:10:00,actual_same_interval_7_days_ago,2025-09-23 12:00:00,72,108,False,0.0,0.0,0.0,306.4462111111113,1200.0,1200.0,,120.0
2025-09-23T12:00_rolling,2025-09-23 12:00:00,2025-09-23 12:10:00,2025-09-24 12:00:00,2025-09-23 12:00:00,2025-09-24 11:20:00,1400,8386.764833333333,1397.7941388888887,attachment3_10min_interpolation,8613.5625,2025-09-23 12:00:00,1038.0423,2025-09-17 11:20:00,actual_same_interval_7_days_ago,2025-09-23 12:00:00,72,108,False,0.0,0.0,0.0,359.75183888888864,1200.0,1200.0,,120.0
2025-09-23T12:00_rolling,2025-09-23 12:00:00,2025-09-23 12:10:00,2025-09-24 12:00:00,2025-09-23 12:00:00,2025-09-24 11:30:00,1410,8584.4522,1430.7420333333332,attachment3_10min_interpolation,8613.5625,2025-09-23 12:00:00,1025.285,2025-09-17 11:30:00,actual_same_interval_7_days_ago,2025-09-23 12:00:00,72,108,False,0.0,0.0,0.0,405.45703333333313,1200.0,1200.0,,120.0
2025-09-23T12:00_rolling,2025-09-23 12:00:00,2025-09-23 12:10:00,2025-09-24 12:00:00,2025-09-23 12:00:00,2025-09-24 11:40:00,1420,8782.139566666667,1463.6899277777777,attachment3_10min_interpolation,8613.5625,2025-09-23 12:00:00,1059.120683333333,2025-09-17 11:40:00,actual_same_interval_7_days_ago,2025-09-23 12:00:00,72,108,False,0.0,0.0,0.0,404.5692444444446,1200.0,1200.0,,120.0
2025-09-23T12:00_rolling,2025-09-23 12:00:00,2025-09-23 12:10:00,2025-09-24 12:00:00,2025-09-23 12:00:00,2025-09-24 11:50:00,1430,8979.826933333334,1496.6378222222222,attachment3_10min_interpolation,8613.5625,2025-09-23 12:00:00,1045.7641333333331,2025-09-17 11:50:00,actual_same_interval_7_days_ago,2025-09-23 12:00:00,72,108,False,0.0,0.0,0.0,450.8736888888891,1200.0,1200.0,,120.0
2025-09-23T12:00_rolling,2025-09-23 12:00:00,2025-09-23 12:10:00,2025-09-24 12:00:00,2025-09-23 12:00:00,2025-09-24 12:00:00,1440,9177.5143,1529.5857166666667,attachment3_10min_interpolation,8613.5625,2025-09-23 12:00:00,990.5666666666666,2025-09-17 12:00:00,actual_same_interval_7_days_ago,2025-09-23 12:00:00,72,108,False,0.0,0.0,0.0,539.0190500000001,1200.0,1200.0,,120.0
2025-09-23T18:00_rolling,2025-09-23 18:00:00,2025-09-23 18:10:00,2025-09-24 18:00:00,2025-09-23 18:00:00,2025-09-23 18:10:00,10,0.0,0.0,observed_anchor_linear_to_h1,0.0,2025-09-23 18:00:00,764.1748666666667,2025-09-16 18:10:00,actual_same_interval_7_days_ago,2025-09-23 18:00:00,108,144,True,764.1748666666667,0.0,0.0,0.0,10800.0,10800.0,764.1748666666667,120.0
2025-09-23T18:00_rolling,2025-09-23 18:00:00,2025-09-23 18:10:00,2025-09-24 18:00:00,2025-09-23 18:00:00,2025-09-23 18:20:00,20,0.0,0.0,observed_anchor_linear_to_h1,0.0,2025-09-23 18:00:00,783.3493333333332,2025-09-16 18:20:00,actual_same_interval_7_days_ago,2025-09-23 18:00:00,108,144,True,783.3493333333332,0.0,0.0,0.0,10800.0,10800.0,783.3493333333332,120.0
2025-09-23T18:00_rolling,2025-09-23 18:00:00,2025-09-23 18:10:00,2025-09-24 18:00:00,2025-09-23 18:00:00,2025-09-23 18:30:00,30,0.0,0.0,observed_anchor_linear_to_h1,0.0,2025-09-23 18:00:00,801.09,2025-09-16 18:30:00,actual_same_interval_7_days_ago,2025-09-23 18:00:00,108,144,True,801.09,0.0,0.0,0.0,10800.0,10800.0,801.09,120.0
2025-09-23T18:00_rolling,2025-09-23 18:00:00,2025-09-23 18:10:00,2025-09-24 18:00:00,2025-09-23 18:00:00,2025-09-23 18:40:00,40,0.0,0.0,observed_anchor_linear_to_h1,0.0,2025-09-23 18:00:00,838.19785,2025-09-16 18:40:00,actual_same_interval_7_days_ago,2025-09-23 18:00:00,108,144,True,838.19785,0.0,0.0,0.0,10800.0,10800.0,838.19785,120.0
2025-09-23T18:00_rolling,2025-09-23 18:00:00,2025-09-23 18:10:00,2025-09-24 18:00:00,2025-09-23 18:00:00,2025-09-23 18:50:00,50,0.0,0.0,observed_anchor_linear_to_h1,0.0,2025-09-23 18:00:00,814.9752333333332,2025-09-16 18:50:00,actual_same_interval_7_days_ago,2025-09-23 18:00:00,108,144,True,490.9752333333332,0.0,324.0,0.0,10800.0,10440.0,490.9752333333332,120.0
2025-09-23T18:00_rolling,2025-09-23 18:00:00,2025-09-23 18:10:00,2025-09-24 18:00:00,2025-09-23 18:00:00,2025-09-23 19:00:00,60,0.0,0.0,attachment3_10min_interpolation,0.0,2025-09-23 18:00:00,767.1333333333333,2025-09-16 19:00:00,actual_same_interval_7_days_ago,2025-09-23 18:00:00,108,144,True,11.133333333333326,0.0,756.0,0.0,10440.0,9600.0,11.133333333333326,120.0
2025-09-23T18:00_rolling,2025-09-23 18:00:00,2025-09-23 18:10:00,2025-09-24 18:00:00,2025-09-23 18:00:00,2025-09-23 19:10:00,70,0.0,0.0,attachment3_10min_interpolation,0.0,2025-09-23 18:00:00,813.1525166666667,2025-09-16 19:10:00,actual_same_interval_7_days_ago,2025-09-23 18:00:00,108,144,True,57.152516666666656,0.0,756.0,0.0,9600.0,8760.0,57.152516666666656,120.0
2025-09-23T18:00_rolling,2025-09-23 18:00:00,2025-09-23 18:10:00,2025-09-24 18:00:00,2025-09-23 18:00:00,2025-09-23 19:20:00,80,0.0,0.0,attachment3_10min_interpolation,0.0,2025-09-23 18:00:00,841.5716000000001,2025-09-16 19:20:00,actual_same_interval_7_days_ago,2025-09-23 18:00:00,108,144,True,85.5716000000001,0.0,756.0,0.0,8760.0,7920.0,85.5716000000001,120.0
2025-09-23T18:00_rolling,2025-09-23 18:00:00,2025-09-23 18:10:00,2025-09-24 18:00:00,2025-09-23 18:00:00,2025-09-23 19:30:00,90,0.0,0.0,attachment3_10min_interpolation,0.0,2025-09-23 18:00:00,817.0316666666666,2025-09-16 19:30:00,actual_same_interval_7_days_ago,2025-09-23 18:00:00,108,144,True,61.03166666666664,0.0,756.0,0.0,7920.0,7080.0,61.03166666666664,120.0
2025-09-23T18:00_rolling,2025-09-23 18:00:00,2025-09-23 18:10:00,2025-09-24 18:00:00,2025-09-23 18:00:00,2025-09-23 19:40:00,100,0.0,0.0,attachment3_10min_interpolation,0.0,2025-09-23 18:00:00,815.3069833333334,2025-09-16 19:40:00,actual_same_interval_7_days_ago,2025-09-23 18:00:00,108,144,True,59.30698333333339,0.0,756.0,0.0,7080.0,6240.0,59.30698333333339,120.0
2025-09-23T18:00_rolling,2025-09-23 18:00:00,2025-09-23 18:10:00,2025-09-24 18:00:00,2025-09-23 18:00:00,2025-09-23 19:50:00,110,0.0,0.0,attachment3_10min_interpolation,0.0,2025-09-23 18:00:00,817.2126166666667,2025-09-16 19:50:00,actual_same_interval_7_days_ago,2025-09-23 18:00:00,108,144,True,61.21261666666669,0.0,756.0,0.0,6240.0,5400.0,61.21261666666669,120.0
2025-09-23T18:00_rolling,2025-09-23 18:00:00,2025-09-23 18:10:00,2025-09-24 18:00:00,2025-09-23 18:00:00,2025-09-23 20:00:00,120,0.0,0.0,attachment3_10min_interpolation,0.0,2025-09-23 18:00:00,803.1133333333333,2025-09-16 20:00:00,actual_same_interval_7_days_ago,2025-09-23 18:00:00,108,144,True,47.113333333333344,0.0,756.0,0.0,5400.0,4560.0,47.113333333333344,120.0
2025-09-23T18:00_rolling,2025-09-23 18:00:00,2025-09-23 18:10:00,2025-09-24 18:00:00,2025-09-23 18:00:00,2025-09-23 20:10:00,130,0.0,0.0,attachment3_10min_interpolation,0.0,2025-09-23 18:00:00,782.7836666666667,2025-09-16 20:10:00,actual_same_interval_7_days_ago,2025-09-23 18:00:00,108,144,True,26.783666666666704,0.0,756.0,0.0,4560.0,3720.0,26.783666666666704,120.0
2025-09-23T18:00_rolling,2025-09-23 18:00:00,2025-09-23 18:10:00,2025-09-24 18:00:00,2025-09-23 18:00:00,2025-09-23 20:20:00,140,0.0,0.0,attachment3_10min_interpolation,0.0,2025-09-23 18:00:00,783.34075,2025-09-16 20:20:00,actual_same_interval_7_days_ago,2025-09-23 18:00:00,108,144,True,27.340749999999957,0.0,756.0,0.0,3720.0,2880.0,27.340749999999957,120.0
2025-09-23T18:00_rolling,2025-09-23 18:00:00,2025-09-23 18:10:00,2025-09-24 18:00:00,2025-09-23 18:00:00,2025-09-23 20:30:00,150,0.0,0.0,attachment3_10min_interpolation,0.0,2025-09-23 18:00:00,808.7033333333334,2025-09-16 20:30:00,actual_same_interval_7_days_ago,2025-09-23 18:00:00,108,144,True,52.703333333333376,0.0,756.0,0.0,2880.0,2040.0,52.703333333333376,120.0
2025-09-23T18:00_rolling,2025-09-23 18:00:00,2025-09-23 18:10:00,2025-09-24 18:00:00,2025-09-23 18:00:00,2025-09-23 20:40:00,160,0.0,0.0,attachment3_10min_interpolation,0.0,2025-09-23 18:00:00,832.6574999999999,2025-09-16 20:40:00,actual_same_interval_7_days_ago,2025-09-23 18:00:00,108,144,True,76.65749999999991,0.0,756.0,0.0,2040.0,1200.0,76.65749999999991,120.0
2025-09-23T18:00_rolling,2025-09-23 18:00:00,2025-09-23 18:10:00,2025-09-24 18:00:00,2025-09-23 18:00:00,2025-09-23 20:50:00,170,0.0,0.0,attachment3_10min_interpolation,0.0,2025-09-23 18:00:00,820.2962833333332,2025-09-16 20:50:00,actual_same_interval_7_days_ago,2025-09-23 18:00:00,108,144,True,820.2962833333332,0.0,0.0,0.0,1200.0,1200.0,820.2962833333332,120.0
2025-09-23T18:00_rolling,2025-09-23 18:00:00,2025-09-23 18:10:00,2025-09-24 18:00:00,2025-09-23 18:00:00,2025-09-23 21:00:00,180,0.0,0.0,attachment3_10min_interpolation,0.0,2025-09-23 18:00:00,798.3233333333333,2025-09-16 21:00:00,actual_same_interval_7_days_ago,2025-09-23 18:00:00,108,144,True,798.3233333333333,0.0,0.0,0.0,1200.0,1200.0,798.3233333333333,120.0
2025-09-23T18:00_rolling,2025-09-23 18:00:00,2025-09-23 18:10:00,2025-09-24 18:00:00,2025-09-23 18:00:00,2025-09-23 21:10:00,190,0.0,0.0,attachment3_10min_interpolation,0.0,2025-09-23 18:00:00,820.2095333333333,2025-09-16 21:10:00,actual_same_interval_7_days_ago,2025-09-23 18:00:00,108,144,True,820.2095333333333,0.0,0.0,0.0,1200.0,1200.0,820.2095333333333,120.0
2025-09-23T18:00_rolling,2025-09-23 18:00:00,2025-09-23 18:10:00,2025-09-24 18:00:00,2025-09-23 18:00:00,2025-09-23 21:20:00,200,0.0,0.0,attachment3_10min_interpolation,0.0,2025-09-23 18:00:00,799.1934333333334,2025-09-16 21:20:00,actual_same_interval_7_days_ago,2025-09-23 18:00:00,108,144,True,799.1934333333334,0.0,0.0,0.0,1200.0,1200.0,799.1934333333334,120.0
2025-09-23T18:00_rolling,2025-09-23 18:00:00,2025-09-23 18:10:00,2025-09-24 18:00:00,2025-09-23 18:00:00,2025-09-23 21:30:00,210,0.0,0.0,attachment3_10min_interpolation,0.0,2025-09-23 18:00:00,763.7166666666667,2025-09-16 21:30:00,actual_same_interval_7_days_ago,2025-09-23 18:00:00,108,144,True,763.7166666666667,0.0,0.0,0.0,1200.0,1200.0,763.7166666666667,120.0
2025-09-23T18:00_rolling,2025-09-23 18:00:00,2025-09-23 18:10:00,2025-09-24 18:00:00,2025-09-23 18:00:00,2025-09-23 21:40:00,220,0.0,0.0,attachment3_10min_interpolation,0.0,2025-09-23 18:00:00,818.0142999999999,2025-09-16 21:40:00,actual_same_interval_7_days_ago,2025-09-23 18:00:00,108,144,True,818.0142999999999,0.0,0.0,0.0,1200.0,1200.0,818.0142999999999,120.0
2025-09-23T18:00_rolling,2025-09-23 18:00:00,2025-09-23 18:10:00,2025-09-24 18:00:00,2025-09-23 18:00:00,2025-09-23 21:50:00,230,0.0,0.0,attachment3_10min_interpolation,0.0,2025-09-23 18:00:00,776.9880833333333,2025-09-16 21:50:00,actual_same_interval_7_days_ago,2025-09-23 18:00:00,108,144,True,776.9880833333333,0.0,0.0,0.0,1200.0,1200.0,776.9880833333333,120.0
2025-09-23T18:00_rolling,2025-09-23 18:00:00,2025-09-23 18:10:00,2025-09-24 18:00:00,2025-09-23 18:00:00,2025-09-23 22:00:00,240,0.0,0.0,attachment3_10min_interpolation,0.0,2025-09-23 18:00:00,639.2716666666666,2025-09-16 22:00:00,actual_same_interval_7_days_ago,2025-09-23 18:00:00,108,144,True,639.2716666666666,0.0,0.0,0.0,1200.0,1200.0,639.2716666666666,120.0
2025-09-23T18:00_rolling,2025-09-23 18:00:00,2025-09-23 18:10:00,2025-09-24 18:00:00,2025-09-23 18:00:00,2025-09-23 22:10:00,250,0.0,0.0,attachment3_10min_interpolation,0.0,2025-09-23 18:00:00,599.7292166666667,2025-09-16 22:10:00,actual_same_interval_7_days_ago,2025-09-23 18:00:00,108,144,True,599.7292166666667,0.0,0.0,0.0,1200.0,1200.0,599.7292166666667,120.0
2025-09-23T18:00_rolling,2025-09-23 18:00:00,2025-09-23 18:10:00,2025-09-24 18:00:00,2025-09-23 18:00:00,2025-09-23 22:20:00,260,0.0,0.0,attachment3_10min_interpolation,0.0,2025-09-23 18:00:00,609.7264833333334,2025-09-16 22:20:00,actual_same_interval_7_days_ago,2025-09-23 18:00:00,108,144,True,609.7264833333334,0.0,0.0,0.0,1200.0,1200.0,609.7264833333334,120.0
2025-09-23T18:00_rolling,2025-09-23 18:00:00,2025-09-23 18:10:00,2025-09-24 18:00:00,2025-09-23 18:00:00,2025-09-23 22:30:00,270,0.0,0.0,attachment3_10min_interpolation,0.0,2025-09-23 18:00:00,613.2483333333333,2025-09-16 22:30:00,actual_same_interval_7_days_ago,2025-09-23 18:00:00,108,144,True,613.2483333333333,0.0,0.0,0.0,1200.0,1200.0,613.2483333333333,120.0
2025-09-23T18:00_rolling,2025-09-23 18:00:00,2025-09-23 18:10:00,2025-09-24 18:00:00,2025-09-23 18:00:00,2025-09-23 22:40:00,280,0.0,0.0,attachment3_10min_interpolation,0.0,2025-09-23 18:00:00,612.6178833333333,2025-09-16 22:40:00,actual_same_interval_7_days_ago,2025-09-23 18:00:00,108,144,True,612.6178833333333,0.0,0.0,0.0,1200.0,1200.0,612.6178833333333,120.0
2025-09-23T18:00_rolling,2025-09-23 18:00:00,2025-09-23 18:10:00,2025-09-24 18:00:00,2025-09-23 18:00:00,2025-09-23 22:50:00,290,0.0,0.0,attachment3_10min_interpolation,0.0,2025-09-23 18:00:00,617.3649666666666,2025-09-16 22:50:00,actual_same_interval_7_days_ago,2025-09-23 18:00:00,108,144,True,617.3649666666666,0.0,0.0,0.0,1200.0,1200.0,617.3649666666666,120.0
2025-09-23T18:00_rolling,2025-09-23 18:00:00,2025-09-23 18:10:00,2025-09-24 18:00:00,2025-09-23 18:00:00,2025-09-23 23:00:00,300,0.0,0.0,attachment3_10min_interpolation,0.0,2025-09-23 18:00:00,619.0216666666666,2025-09-16 23:00:00,actual_same_interval_7_days_ago,2025-09-23 18:00:00,108,144,True,619.0216666666666,0.0,0.0,0.0,1200.0,1200.0,619.0216666666666,120.0
2025-09-23T18:00_rolling,2025-09-23 18:00:00,2025-09-23 18:10:00,2025-09-24 18:00:00,2025-09-23 18:00:00,2025-09-23 23:10:00,310,0.0,0.0,attachment3_10min_interpolation,0.0,2025-09-23 18:00:00,604.4078166666667,2025-09-16 23:10:00,actual_same_interval_7_days_ago,2025-09-23 18:00:00,108,144,True,604.4078166666667,0.0,0.0,0.0,1200.0,1200.0,604.4078166666667,120.0
2025-09-23T18:00_rolling,2025-09-23 18:00:00,2025-09-23 18:10:00,2025-09-24 18:00:00,2025-09-23 18:00:00,2025-09-23 23:20:00,320,0.0,0.0,attachment3_10min_interpolation,0.0,2025-09-23 18:00:00,615.0140166666666,2025-09-16 23:20:00,actual_same_interval_7_days_ago,2025-09-23 18:00:00,108,144,True,615.0140166666666,0.0,0.0,0.0,1200.0,1200.0,615.0140166666666,120.0
2025-09-23T18:00_rolling,2025-09-23 18:00:00,2025-09-23 18:10:00,2025-09-24 18:00:00,2025-09-23 18:00:00,2025-09-23 23:30:00,330,0.0,0.0,attachment3_10min_interpolation,0.0,2025-09-23 18:00:00,633.3716666666667,2025-09-16 23:30:00,actual_same_interval_7_days_ago,2025-09-23 18:00:00,108,144,True,633.3716666666667,0.0,0.0,0.0,1200.0,1200.0,633.3716666666667,120.0
2025-09-23T18:00_rolling,2025-09-23 18:00:00,2025-09-23 18:10:00,2025-09-24 18:00:00,2025-09-23 18:00:00,2025-09-23 23:40:00,340,0.0,0.0,attachment3_10min_interpolation,0.0,2025-09-23 18:00:00,605.49435,2025-09-16 23:40:00,actual_same_interval_7_days_ago,2025-09-23 18:00:00,108,144,True,605.49435,0.0,0.0,0.0,1200.0,1200.0,605.49435,120.0
2025-09-23T18:00_rolling,2025-09-23 18:00:00,2025-09-23 18:10:00,2025-09-24 18:00:00,2025-09-23 18:00:00,2025-09-23 23:50:00,350,0.0,0.0,attachment3_10min_interpolation,0.0,2025-09-23 18:00:00,616.7699,2025-09-16 23:50:00,actual_same_interval_7_days_ago,2025-09-23 18:00:00,108,144,True,616.7699,0.0,0.0,0.0,1200.0,1200.0,616.7699,120.0
2025-09-23T18:00_rolling,2025-09-23 18:00:00,2025-09-23 18:10:00,2025-09-24 18:00:00,2025-09-23 18:00:00,2025-09-24 00:00:00,360,0.0,0.0,attachment3_10min_interpolation,0.0,2025-09-23 18:00:00,653.885,2025-09-17 00:00:00,actual_same_interval_7_days_ago,2025-09-23 18:00:00,108,144,True,653.885,0.0,0.0,0.0,1200.0,1200.0,653.885,120.0
2025-09-23T18:00_rolling,2025-09-23 18:00:00,2025-09-23 18:10:00,2025-09-24 18:00:00,2025-09-23 18:00:00,2025-09-24 00:10:00,370,0.0,0.0,attachment3_10min_interpolation,0.0,2025-09-23 18:00:00,617.9920833333333,2025-09-17 00:10:00,actual_same_interval_7_days_ago,2025-09-23 18:00:00,108,144,False,1417.9920833333333,800.0,0.0,0.0,1200.0,1920.0,,120.0
2025-09-23T18:00_rolling,2025-09-23 18:00:00,2025-09-23 18:10:00,2025-09-24 18:00:00,2025-09-23 18:00:00,2025-09-24 00:20:00,380,0.0,0.0,attachment3_10min_interpolation,0.0,2025-09-23 18:00:00,599.7917666666666,2025-09-17 00:20:00,actual_same_interval_7_days_ago,2025-09-23 18:00:00,108,144,False,1399.7917666666667,800.0,0.0,0.0,1920.0,2640.0,,120.0
2025-09-23T18:00_rolling,2025-09-23 18:00:00,2025-09-23 18:10:00,2025-09-24 18:00:00,2025-09-23 18:00:00,2025-09-24 00:30:00,390,0.0,0.0,attachment3_10min_interpolation,0.0,2025-09-23 18:00:00,609.285,2025-09-17 00:30:00,actual_same_interval_7_days_ago,2025-09-23 18:00:00,108,144,False,1409.2849999999999,800.0,0.0,0.0,2640.0,3360.0,,120.0
2025-09-23T18:00_rolling,2025-09-23 18:00:00,2025-09-23 18:10:00,2025-09-24 18:00:00,2025-09-23 18:00:00,2025-09-24 00:40:00,400,0.0,0.0,attachment3_10min_interpolation,0.0,2025-09-23 18:00:00,569.9721666666667,2025-09-17 00:40:00,actual_same_interval_7_days_ago,2025-09-23 18:00:00,108,144,False,1369.9721666666667,800.0,0.0,0.0,3360.0,4080.0,,120.0
2025-09-23T18:00_rolling,2025-09-23 18:00:00,2025-09-23 18:10:00,2025-09-24 18:00:00,2025-09-23 18:00:00,2025-09-24 00:50:00,410,0.0,0.0,attachment3_10min_interpolation,0.0,2025-09-23 18:00:00,571.90115,2025-09-17 00:50:00,actual_same_interval_7_days_ago,2025-09-23 18:00:00,108,144,False,1371.9011500000001,800.0,0.0,0.0,4080.0,4800.0,,120.0
2025-09-23T18:00_rolling,2025-09-23 18:00:00,2025-09-23 18:10:00,2025-09-24 18:00:00,2025-09-23 18:00:00,2025-09-24 01:00:00,420,0.0,0.0,attachment3_10min_interpolation,0.0,2025-09-23 18:00:00,618.455,2025-09-17 01:00:00,actual_same_interval_7_days_ago,2025-09-23 18:00:00,108,144,False,1418.455,800.0,0.0,0.0,4800.0,5520.0,,120.0
2025-09-23T18:00_rolling,2025-09-23 18:00:00,2025-09-23 18:10:00,2025-09-24 18:00:00,2025-09-23 18:00:00,2025-09-24 01:10:00,430,0.0,0.0,attachment3_10min_interpolation,0.0,2025-09-23 18:00:00,615.7982333333333,2025-09-17 01:10:00,actual_same_interval_7_days_ago,2025-09-23 18:00:00,108,144,False,1415.7982333333334,800.0,0.0,0.0,5520.0,6240.0,,120.0
2025-09-23T18:00_rolling,2025-09-23 18:00:00,2025-09-23 18:10:00,2025-09-24 18:00:00,2025-09-23 18:00:00,2025-09-24 01:20:00,440,0.0,0.0,attachment3_10min_interpolation,0.0,2025-09-23 18:00:00,598.2117999999999,2025-09-17 01:20:00,actual_same_interval_7_days_ago,2025-09-23 18:00:00,108,144,False,1398.2118,800.0,0.0,0.0,6240.0,6960.0,,120.0
2025-09-23T18:00_rolling,2025-09-23 18:00:00,2025-09-23 18:10:00,2025-09-24 18:00:00,2025-09-23 18:00:00,2025-09-24 01:30:00,450,0.0,0.0,attachment3_10min_interpolation,0.0,2025-09-23 18:00:00,589.9616666666667,2025-09-17 01:30:00,actual_same_interval_7_days_ago,2025-09-23 18:00:00,108,144,False,1389.9616666666666,800.0,0.0,0.0,6960.0,7680.0,,120.0
2025-09-23T18:00_rolling,2025-09-23 18:00:00,2025-09-23 18:10:00,2025-09-24 18:00:00,2025-09-23 18:00:00,2025-09-24 01:40:00,460,0.0,0.0,attachment3_10min_interpolation,0.0,2025-09-23 18:00:00,576.0774666666667,2025-09-17 01:40:00,actual_same_interval_7_days_ago,2025-09-23 18:00:00,108,144,False,842.7441333333334,266.6666666666667,0.0,0.0,7680.0,7920.0,,120.0
2025-09-23T18:00_rolling,2025-09-23 18:00:00,2025-09-23 18:10:00,2025-09-24 18:00:00,2025-09-23 18:00:00,2025-09-24 01:50:00,470,0.0,0.0,attachment3_10min_interpolation,0.0,2025-09-23 18:00:00,559.0685500000001,2025-09-17 01:50:00,actual_same_interval_7_days_ago,2025-09-23 18:00:00,108,144,False,559.0685500000001,0.0,0.0,0.0,7920.0,7920.0,,120.0
2025-09-23T18:00_rolling,2025-09-23 18:00:00,2025-09-23 18:10:00,2025-09-24 18:00:00,2025-09-23 18:00:00,2025-09-24 02:00:00,480,0.0,0.0,attachment3_10min_interpolation,0.0,2025-09-23 18:00:00,558.715,2025-09-17 02:00:00,actual_same_interval_7_days_ago,2025-09-23 18:00:00,108,144,False,1358.7150000000001,800.0,0.0,0.0,7920.0,8640.0,,120.0
2025-09-23T18:00_rolling,2025-09-23 18:00:00,2025-09-23 18:10:00,2025-09-24 18:00:00,2025-09-23 18:00:00,2025-09-24 02:10:00,490,0.0,0.0,attachment3_10min_interpolation,0.0,2025-09-23 18:00:00,589.0452,2025-09-17 02:10:00,actual_same_interval_7_days_ago,2025-09-23 18:00:00,108,144,False,1389.0452,800.0,0.0,0.0,8640.0,9360.0,,120.0
2025-09-23T18:00_rolling,2025-09-23 18:00:00,2025-09-23 18:10:00,2025-09-24 18:00:00,2025-09-23 18:00:00,2025-09-24 02:20:00,500,0.0,0.0,attachment3_10min_interpolation,0.0,2025-09-23 18:00:00,594.7271333333333,2025-09-17 02:20:00,actual_same_interval_7_days_ago,2025-09-23 18:00:00,108,144,False,594.7271333333333,0.0,0.0,0.0,9360.0,9360.0,,120.0
2025-09-23T18:00_rolling,2025-09-23 18:00:00,2025-09-23 18:10:00,2025-09-24 18:00:00,2025-09-23 18:00:00,2025-09-24 02:30:00,510,0.0,0.0,attachment3_10min_interpolation,0.0,2025-09-23 18:00:00,578.9,2025-09-17 02:30:00,actual_same_interval_7_days_ago,2025-09-23 18:00:00,108,144,False,578.9,0.0,0.0,0.0,9360.0,9360.0,,120.0
2025-09-23T18:00_rolling,2025-09-23 18:00:00,2025-09-23 18:10:00,2025-09-24 18:00:00,2025-09-23 18:00:00,2025-09-24 02:40:00,520,0.0,0.0,attachment3_10min_interpolation,0.0,2025-09-23 18:00:00,596.0978166666666,2025-09-17 02:40:00,actual_same_interval_7_days_ago,2025-09-23 18:00:00,108,144,False,596.0978166666666,0.0,0.0,0.0,9360.0,9360.0,,120.0
2025-09-23T18:00_rolling,2025-09-23 18:00:00,2025-09-23 18:10:00,2025-09-24 18:00:00,2025-09-23 18:00:00,2025-09-24 02:50:00,530,0.0,0.0,attachment3_10min_interpolation,0.0,2025-09-23 18:00:00,604.8680333333333,2025-09-17 02:50:00,actual_same_interval_7_days_ago,2025-09-23 18:00:00,108,144,False,604.8680333333333,0.0,0.0,0.0,9360.0,9360.0,,120.0
2025-09-23T18:00_rolling,2025-09-23 18:00:00,2025-09-23 18:10:00,2025-09-24 18:00:00,2025-09-23 18:00:00,2025-09-24 03:00:00,540,0.0,0.0,attachment3_10min_interpolation,0.0,2025-09-23 18:00:00,589.5633333333334,2025-09-17 03:00:00,actual_same_interval_7_days_ago,2025-09-23 18:00:00,108,144,False,589.5633333333334,0.0,0.0,0.0,9360.0,9360.0,,120.0
2025-09-23T18:00_rolling,2025-09-23 18:00:00,2025-09-23 18:10:00,2025-09-24 18:00:00,2025-09-23 18:00:00,2025-09-24 03:10:00,550,0.0,0.0,attachment3_10min_interpolation,0.0,2025-09-23 18:00:00,582.2100666666666,2025-09-17 03:10:00,actual_same_interval_7_days_ago,2025-09-23 18:00:00,108,144,False,582.2100666666666,0.0,0.0,0.0,9360.0,9360.0,,120.0
2025-09-23T18:00_rolling,2025-09-23 18:00:00,2025-09-23 18:10:00,2025-09-24 18:00:00,2025-09-23 18:00:00,2025-09-24 03:20:00,560,0.0,0.0,attachment3_10min_interpolation,0.0,2025-09-23 18:00:00,601.25675,2025-09-17 03:20:00,actual_same_interval_7_days_ago,2025-09-23 18:00:00,108,144,False,601.25675,0.0,0.0,0.0,9360.0,9360.0,,120.0
2025-09-23T18:00_rolling,2025-09-23 18:00:00,2025-09-23 18:10:00,2025-09-24 18:00:00,2025-09-23 18:00:00,2025-09-24 03:30:00,570,0.0,0.0,attachment3_10min_interpolation,0.0,2025-09-23 18:00:00,621.9133333333333,2025-09-17 03:30:00,actual_same_interval_7_days_ago,2025-09-23 18:00:00,108,144,False,621.9133333333333,0.0,0.0,0.0,9360.0,9360.0,,120.0
2025-09-23T18:00_rolling,2025-09-23 18:00:00,2025-09-23 18:10:00,2025-09-24 18:00:00,2025-09-23 18:00:00,2025-09-24 03:40:00,580,0.0,0.0,attachment3_10min_interpolation,0.0,2025-09-23 18:00:00,603.3189666666666,2025-09-17 03:40:00,actual_same_interval_7_days_ago,2025-09-23 18:00:00,108,144,False,603.3189666666666,0.0,0.0,0.0,9360.0,9360.0,,120.0
2025-09-23T18:00_rolling,2025-09-23 18:00:00,2025-09-23 18:10:00,2025-09-24 18:00:00,2025-09-23 18:00:00,2025-09-24 03:50:00,590,0.0,0.0,attachment3_10min_interpolation,0.0,2025-09-23 18:00:00,594.5952,2025-09-17 03:50:00,actual_same_interval_7_days_ago,2025-09-23 18:00:00,108,144,False,594.5952,0.0,0.0,0.0,9360.0,9360.0,,120.0
2025-09-23T18:00_rolling,2025-09-23 18:00:00,2025-09-23 18:10:00,2025-09-24 18:00:00,2025-09-23 18:00:00,2025-09-24 04:00:00,600,0.0,0.0,attachment3_10min_interpolation,0.0,2025-09-23 18:00:00,602.1583333333333,2025-09-17 04:00:00,actual_same_interval_7_days_ago,2025-09-23 18:00:00,108,144,False,602.1583333333333,0.0,0.0,0.0,9360.0,9360.0,,120.0
2025-09-23T18:00_rolling,2025-09-23 18:00:00,2025-09-23 18:10:00,2025-09-24 18:00:00,2025-09-23 18:00:00,2025-09-24 04:10:00,610,0.0,0.0,attachment3_10min_interpolation,0.0,2025-09-23 18:00:00,586.0359666666667,2025-09-17 04:10:00,actual_same_interval_7_days_ago,2025-09-23 18:00:00,108,144,False,586.0359666666667,0.0,0.0,0.0,9360.0,9360.0,,120.0
2025-09-23T18:00_rolling,2025-09-23 18:00:00,2025-09-23 18:10:00,2025-09-24 18:00:00,2025-09-23 18:00:00,2025-09-24 04:20:00,620,0.0,0.0,attachment3_10min_interpolation,0.0,2025-09-23 18:00:00,581.0748833333333,2025-09-17 04:20:00,actual_same_interval_7_days_ago,2025-09-23 18:00:00,108,144,False,581.0748833333333,0.0,0.0,0.0,9360.0,9360.0,,120.0
2025-09-23T18:00_rolling,2025-09-23 18:00:00,2025-09-23 18:10:00,2025-09-24 18:00:00,2025-09-23 18:00:00,2025-09-24 04:30:00,630,0.0,0.0,attachment3_10min_interpolation,0.0,2025-09-23 18:00:00,592.495,2025-09-17 04:30:00,actual_same_interval_7_days_ago,2025-09-23 18:00:00,108,144,False,592.495,0.0,0.0,0.0,9360.0,9360.0,,120.0
2025-09-23T18:00_rolling,2025-09-23 18:00:00,2025-09-23 18:10:00,2025-09-24 18:00:00,2025-09-23 18:00:00,2025-09-24 04:40:00,640,0.0,0.0,attachment3_10min_interpolation,0.0,2025-09-23 18:00:00,590.5858333333333,2025-09-17 04:40:00,actual_same_interval_7_days_ago,2025-09-23 18:00:00,108,144,False,590.5858333333333,0.0,0.0,0.0,9360.0,9360.0,,120.0
2025-09-23T18:00_rolling,2025-09-23 18:00:00,2025-09-23 18:10:00,2025-09-24 18:00:00,2025-09-23 18:00:00,2025-09-24 04:50:00,650,0.0,0.0,attachment3_10min_interpolation,0.0,2025-09-23 18:00:00,599.9555166666667,2025-09-17 04:50:00,actual_same_interval_7_days_ago,2025-09-23 18:00:00,108,144,False,599.9555166666667,0.0,0.0,0.0,9360.0,9360.0,,120.0
2025-09-23T18:00_rolling,2025-09-23 18:00:00,2025-09-23 18:10:00,2025-09-24 18:00:00,2025-09-23 18:00:00,2025-09-24 05:00:00,660,0.0,0.0,attachment3_10min_interpolation,0.0,2025-09-23 18:00:00,609.9333333333333,2025-09-17 05:00:00,actual_same_interval_7_days_ago,2025-09-23 18:00:00,108,144,False,609.9333333333333,0.0,0.0,0.0,9360.0,9360.0,,120.0
2025-09-23T18:00_rolling,2025-09-23 18:00:00,2025-09-23 18:10:00,2025-09-24 18:00:00,2025-09-23 18:00:00,2025-09-24 05:10:00,670,0.0,0.0,attachment3_10min_interpolation,0.0,2025-09-23 18:00:00,588.64295,2025-09-17 05:10:00,actual_same_interval_7_days_ago,2025-09-23 18:00:00,108,144,False,588.64295,0.0,0.0,0.0,9360.0,9360.0,,120.0
2025-09-23T18:00_rolling,2025-09-23 18:00:00,2025-09-23 18:10:00,2025-09-24 18:00:00,2025-09-23 18:00:00,2025-09-24 05:20:00,680,0.0,0.0,attachment3_10min_interpolation,0.0,2025-09-23 18:00:00,610.9923166666666,2025-09-17 05:20:00,actual_same_interval_7_days_ago,2025-09-23 18:00:00,108,144,False,610.9923166666666,0.0,0.0,0.0,9360.0,9360.0,,120.0
2025-09-23T18:00_rolling,2025-09-23 18:00:00,2025-09-23 18:10:00,2025-09-24 18:00:00,2025-09-23 18:00:00,2025-09-24 05:30:00,690,0.0,0.0,attachment3_10min_interpolation,0.0,2025-09-23 18:00:00,642.9916666666667,2025-09-17 05:30:00,actual_same_interval_7_days_ago,2025-09-23 18:00:00,108,144,False,1442.9916666666668,800.0,0.0,0.0,9360.0,10080.0,,120.0
2025-09-23T18:00_rolling,2025-09-23 18:00:00,2025-09-23 18:10:00,2025-09-24 18:00:00,2025-09-23 18:00:00,2025-09-24 05:40:00,700,0.0,0.0,attachment3_10min_interpolation,0.0,2025-09-23 18:00:00,594.7523,2025-09-17 05:40:00,actual_same_interval_7_days_ago,2025-09-23 18:00:00,108,144,False,1394.7523,800.0,0.0,0.0,10080.0,10800.0,,120.0
2025-09-23T18:00_rolling,2025-09-23 18:00:00,2025-09-23 18:10:00,2025-09-24 18:00:00,2025-09-23 18:00:00,2025-09-24 05:50:00,710,0.0,0.0,attachment3_10min_interpolation,0.0,2025-09-23 18:00:00,682.0191833333333,2025-09-17 05:50:00,actual_same_interval_7_days_ago,2025-09-23 18:00:00,108,144,False,682.0191833333333,0.0,0.0,0.0,10800.0,10800.0,,120.0
2025-09-23T18:00_rolling,2025-09-23 18:00:00,2025-09-23 18:10:00,2025-09-24 18:00:00,2025-09-23 18:00:00,2025-09-24 06:00:00,720,0.0,0.0,attachment3_10min_interpolation,0.0,2025-09-23 18:00:00,849.975,2025-09-17 06:00:00,actual_same_interval_7_days_ago,2025-09-23 18:00:00,108,144,False,93.97500000000002,0.0,756.0,0.0,10800.0,9960.0,,120.0
2025-09-23T18:00_rolling,2025-09-23 18:00:00,2025-09-23 18:10:00,2025-09-24 18:00:00,2025-09-23 18:00:00,2025-09-24 06:10:00,730,238.89718333333332,39.81619722222222,attachment3_10min_interpolation,0.0,2025-09-23 18:00:00,814.3226666666666,2025-09-17 06:10:00,actual_same_interval_7_days_ago,2025-09-23 18:00:00,108,144,False,18.506469444444406,0.0,756.0,0.0,9960.0,9120.0,,120.0
2025-09-23T18:00_rolling,2025-09-23 18:00:00,2025-09-23 18:10:00,2025-09-24 18:00:00,2025-09-23 18:00:00,2025-09-24 06:20:00,740,477.7943666666667,79.63239444444444,attachment3_10min_interpolation,0.0,2025-09-23 18:00:00,757.7532666666666,2025-09-17 06:20:00,actual_same_interval_7_days_ago,2025-09-23 18:00:00,108,144,False,30.120872222222147,0.0,648.0,0.0,9120.0,8400.0,,120.0
2025-09-23T18:00_rolling,2025-09-23 18:00:00,2025-09-23 18:10:00,2025-09-24 18:00:00,2025-09-23 18:00:00,2025-09-24 06:30:00,750,716.69155,119.44859166666667,attachment3_10min_interpolation,0.0,2025-09-23 18:00:00,779.6983333333333,2025-09-17 06:30:00,actual_same_interval_7_days_ago,2025-09-23 18:00:00,108,144,False,12.249741666666637,0.0,648.0,0.0,8400.0,7680.0,,120.0
2025-09-23T18:00_rolling,2025-09-23 18:00:00,2025-09-23 18:10:00,2025-09-24 18:00:00,2025-09-23 18:00:00,2025-09-24 06:40:00,760,955.5887333333334,159.2647888888889,attachment3_10min_interpolation,0.0,2025-09-23 18:00:00,794.9991333333334,2025-09-17 06:40:00,actual_same_interval_7_days_ago,2025-09-23 18:00:00,108,144,False,95.73434444444445,0.0,540.0,0.0,7680.0,7080.0,,120.0
2025-09-23T18:00_rolling,2025-09-23 18:00:00,2025-09-23 18:10:00,2025-09-24 18:00:00,2025-09-23 18:00:00,2025-09-24 06:50:00,770,1194.4859166666668,199.08098611111112,attachment3_10min_interpolation,0.0,2025-09-23 18:00:00,795.48105,2025-09-17 06:50:00,actual_same_interval_7_days_ago,2025-09-23 18:00:00,108,144,False,56.400063888888894,0.0,540.0,0.0,7080.0,6480.0,,120.0
2025-09-23T18:00_rolling,2025-09-23 18:00:00,2025-09-23 18:10:00,2025-09-24 18:00:00,2025-09-23 18:00:00,2025-09-24 07:00:00,780,1433.3831,238.89718333333334,attachment3_10min_interpolation,0.0,2025-09-23 18:00:00,794.4933333333333,2025-09-17 07:00:00,actual_same_interval_7_days_ago,2025-09-23 18:00:00,108,144,False,15.596149999999966,0.0,540.0,0.0,6480.0,5880.0,,120.0
2025-09-23T18:00_rolling,2025-09-23 18:00:00,2025-09-23 18:10:00,2025-09-24 18:00:00,2025-09-23 18:00:00,2025-09-24 07:10:00,790,1726.8115333333333,287.80192222222223,attachment3_10min_interpolation,0.0,2025-09-23 18:00:00,800.2560333333332,2025-09-17 07:10:00,actual_same_interval_7_days_ago,2025-09-23 18:00:00,108,144,False,80.45411111111093,0.0,432.0,0.0,5880.0,5400.0,,120.0
2025-09-23T18:00_rolling,2025-09-23 18:00:00,2025-09-23 18:10:00,2025-09-24 18:00:00,2025-09-23 18:00:00,2025-09-24 07:20:00,800,2020.2399666666663,336.70666111111103,attachment3_10min_interpolation,0.0,2025-09-23 18:00:00,800.6249166666666,2025-09-17 07:20:00,actual_same_interval_7_days_ago,2025-09-23 18:00:00,108,144,False,31.918255555555618,0.0,432.0,0.0,5400.0,4920.0,,120.0
2025-09-23T18:00_rolling,2025-09-23 18:00:00,2025-09-23 18:10:00,2025-09-24 18:00:00,2025-09-23 18:00:00,2025-09-24 07:30:00,810,2313.6684,385.6114,attachment3_10min_interpolation,0.0,2025-09-23 18:00:00,785.2816666666666,2025-09-17 07:30:00,actual_same_interval_7_days_ago,2025-09-23 18:00:00,108,144,False,291.67026666666663,0.0,108.0,0.0,4920.0,4800.0,,120.0
2025-09-23T18:00_rolling,2025-09-23 18:00:00,2025-09-23 18:10:00,2025-09-24 18:00:00,2025-09-23 18:00:00,2025-09-24 07:40:00,820,2607.096833333333,434.51613888888886,attachment3_10min_interpolation,0.0,2025-09-23 18:00:00,779.6579333333334,2025-09-17 07:40:00,actual_same_interval_7_days_ago,2025-09-23 18:00:00,108,144,False,345.14179444444454,0.0,0.0,0.0,4800.0,4800.0,,120.0
2025-09-23T18:00_rolling,2025-09-23 18:00:00,2025-09-23 18:10:00,2025-09-24 18:00:00,2025-09-23 18:00:00,2025-09-24 07:50:00,830,2900.5252666666665,483.4208777777778,attachment3_10min_interpolation,0.0,2025-09-23 18:00:00,914.0335166666669,2025-09-17 07:50:00,actual_same_interval_7_days_ago,2025-09-23 18:00:00,108,144,False,0.0,0.0,432.0,1.3873611111109199,4800.0,4320.0,,120.0
2025-09-23T18:00_rolling,2025-09-23 18:00:00,2025-09-23 18:10:00,2025-09-24 18:00:00,2025-09-23 18:00:00,2025-09-24 08:00:00,840,3193.9537,532.3256166666666,attachment3_10min_interpolation,0.0,2025-09-23 18:00:00,1106.3583333333331,2025-09-17 08:00:00,actual_same_interval_7_days_ago,2025-09-23 18:00:00,108,144,False,34.03271666666649,0.0,540.0,0.0,4320.0,3720.0,,120.0
2025-09-23T18:00_rolling,2025-09-23 18:00:00,2025-09-23 18:10:00,2025-09-24 18:00:00,2025-09-23 18:00:00,2025-09-24 08:10:00,850,3560.2356,593.3726,attachment3_10min_interpolation,0.0,2025-09-23 18:00:00,1127.6770333333334,2025-09-17 08:10:00,actual_same_interval_7_days_ago,2025-09-23 18:00:00,108,144,False,0.0,0.0,540.0,5.69556666666665,3720.0,3120.0,,120.0
2025-09-23T18:00_rolling,2025-09-23 18:00:00,2025-09-23 18:10:00,2025-09-24 18:00:00,2025-09-23 18:00:00,2025-09-24 08:20:00,860,3926.5175,654.4195833333333,attachment3_10min_interpolation,0.0,2025-09-23 18:00:00,1108.553766666667,2025-09-17 08:20:00,actual_same_interval_7_days_ago,2025-09-23 18:00:00,108,144,False,22.134183333333567,0.0,432.0,0.0,3120.0,2640.0,,120.0
2025-09-23T18:00_rolling,2025-09-23 18:00:00,2025-09-23 18:10:00,2025-09-24 18:00:00,2025-09-23 18:00:00,2025-09-24 08:30:00,870,4292.7994,715.4665666666666,attachment3_10min_interpolation,0.0,2025-09-23 18:00:00,1119.105,2025-09-17 08:30:00,actual_same_interval_7_days_ago,2025-09-23 18:00:00,108,144,False,0.0,0.0,432.0,28.36156666666659,2640.0,2160.0,,120.0
2025-09-23T18:00_rolling,2025-09-23 18:00:00,2025-09-23 18:10:00,2025-09-24 18:00:00,2025-09-23 18:00:00,2025-09-24 08:40:00,880,4659.0813,776.51355,attachment3_10min_interpolation,0.0,2025-09-23 18:00:00,1098.90735,2025-09-17 08:40:00,actual_same_interval_7_days_ago,2025-09-23 18:00:00,108,144,False,0.0,0.0,324.0,1.606200000000058,2160.0,1800.0,,120.0
2025-09-23T18:00_rolling,2025-09-23 18:00:00,2025-09-23 18:10:00,2025-09-24 18:00:00,2025-09-23 18:00:00,2025-09-24 08:50:00,890,5025.3632,837.5605333333333,attachment3_10min_interpolation,0.0,2025-09-23 18:00:00,1075.7503833333333,2025-09-17 08:50:00,actual_same_interval_7_days_ago,2025-09-23 18:00:00,108,144,False,22.18984999999998,0.0,216.0,0.0,1800.0,1560.0,,120.0
2025-09-23T18:00_rolling,2025-09-23 18:00:00,2025-09-23 18:10:00,2025-09-24 18:00:00,2025-09-23 18:00:00,2025-09-24 09:00:00,900,5391.6451,898.6075166666666,attachment3_10min_interpolation,0.0,2025-09-23 18:00:00,1068.861666666667,2025-09-17 09:00:00,actual_same_interval_7_days_ago,2025-09-23 18:00:00,108,144,False,62.25415000000032,0.0,108.0,0.0,1560.0,1440.0,,120.0
2025-09-23T18:00_rolling,2025-09-23 18:00:00,2025-09-23 18:10:00,2025-09-24 18:00:00,2025-09-23 18:00:00,2025-09-24 09:10:00,910,5648.683383333333,941.4472305555555,attachment3_10min_interpolation,0.0,2025-09-23 18:00:00,1069.1498833333333,2025-09-17 09:10:00,actual_same_interval_7_days_ago,2025-09-23 18:00:00,108,144,False,19.702652777777757,0.0,108.0,0.0,1440.0,1320.0,,120.0
2025-09-23T18:00_rolling,2025-09-23 18:00:00,2025-09-23 18:10:00,2025-09-24 18:00:00,2025-09-23 18:00:00,2025-09-24 09:20:00,920,5905.721666666666,984.2869444444444,attachment3_10min_interpolation,0.0,2025-09-23 18:00:00,1082.463083333333,2025-09-17 09:20:00,actual_same_interval_7_days_ago,2025-09-23 18:00:00,108,144,False,0.0,0.0,108.0,9.823861111111341,1320.0,1200.0,,120.0
2025-09-23T18:00_rolling,2025-09-23 18:00:00,2025-09-23 18:10:00,2025-09-24 18:00:00,2025-09-23 18:00:00,2025-09-24 09:30:00,930,6162.75995,1027.1266583333334,attachment3_10min_interpolation,0.0,2025-09-23 18:00:00,1096.6883333333333,2025-09-17 09:30:00,actual_same_interval_7_days_ago,2025-09-23 18:00:00,108,144,False,69.56167499999992,0.0,0.0,0.0,1200.0,1200.0,,120.0
2025-09-23T18:00_rolling,2025-09-23 18:00:00,2025-09-23 18:10:00,2025-09-24 18:00:00,2025-09-23 18:00:00,2025-09-24 09:40:00,940,6419.798233333333,1069.9663722222222,attachment3_10min_interpolation,0.0,2025-09-23 18:00:00,1089.8279333333332,2025-09-17 09:40:00,actual_same_interval_7_days_ago,2025-09-23 18:00:00,108,144,False,19.861561111111087,0.0,0.0,0.0,1200.0,1200.0,,120.0
2025-09-23T18:00_rolling,2025-09-23 18:00:00,2025-09-23 18:10:00,2025-09-24 18:00:00,2025-09-23 18:00:00,2025-09-24 09:50:00,950,6676.836516666666,1112.806086111111,attachment3_10min_interpolation,0.0,2025-09-23 18:00:00,1087.071683333333,2025-09-17 09:50:00,actual_same_interval_7_days_ago,2025-09-23 18:00:00,108,144,False,0.0,0.0,0.0,25.73440277777786,1200.0,1200.0,,120.0
2025-09-23T18:00_rolling,2025-09-23 18:00:00,2025-09-23 18:10:00,2025-09-24 18:00:00,2025-09-23 18:00:00,2025-09-24 10:00:00,960,6933.8748,1155.6458,attachment3_10min_interpolation,0.0,2025-09-23 18:00:00,1092.0566666666666,2025-09-17 10:00:00,actual_same_interval_7_days_ago,2025-09-23 18:00:00,108,144,False,0.0,0.0,0.0,63.58913333333339,1200.0,1200.0,,120.0
2025-09-23T18:00_rolling,2025-09-23 18:00:00,2025-09-23 18:10:00,2025-09-24 18:00:00,2025-09-23 18:00:00,2025-09-24 10:10:00,970,7064.761433333333,1177.4602388888889,attachment3_10min_interpolation,0.0,2025-09-23 18:00:00,1085.1481833333337,2025-09-17 10:10:00,actual_same_interval_7_days_ago,2025-09-23 18:00:00,108,144,False,41.02127777777818,133.33333333333334,0.0,0.0,1200.0,1320.0,,120.0
2025-09-23T18:00_rolling,2025-09-23 18:00:00,2025-09-23 18:10:00,2025-09-24 18:00:00,2025-09-23 18:00:00,2025-09-24 10:20:00,980,7195.648066666667,1199.2746777777777,attachment3_10min_interpolation,0.0,2025-09-23 18:00:00,1086.5008,2025-09-17 10:20:00,actual_same_interval_7_days_ago,2025-09-23 18:00:00,108,144,False,20.559455555555672,133.33333333333334,0.0,0.0,1320.0,1440.0,,120.0
2025-09-23T18:00_rolling,2025-09-23 18:00:00,2025-09-23 18:10:00,2025-09-24 18:00:00,2025-09-23 18:00:00,2025-09-24 10:30:00,990,7326.534699999999,1221.0891166666665,attachment3_10min_interpolation,0.0,2025-09-23 18:00:00,1092.67,2025-09-17 10:30:00,actual_same_interval_7_days_ago,2025-09-23 18:00:00,108,144,False,4.914216666666874,133.33333333333334,0.0,0.0,1440.0,1560.0,,120.0
2025-09-23T18:00_rolling,2025-09-23 18:00:00,2025-09-23 18:10:00,2025-09-24 18:00:00,2025-09-23 18:00:00,2025-09-24 10:40:00,1000,7457.421333333333,1242.9035555555554,attachment3_10min_interpolation,0.0,2025-09-23 18:00:00,1078.056283333333,2025-09-17 10:40:00,actual_same_interval_7_days_ago,2025-09-23 18:00:00,108,144,False,0.0,133.33333333333334,0.0,31.51393888888893,1560.0,1680.0,,120.0
2025-09-23T18:00_rolling,2025-09-23 18:00:00,2025-09-23 18:10:00,2025-09-24 18:00:00,2025-09-23 18:00:00,2025-09-24 10:50:00,1010,7588.307966666666,1264.7179944444445,attachment3_10min_interpolation,0.0,2025-09-23 18:00:00,1063.2094333333332,2025-09-17 10:50:00,actual_same_interval_7_days_ago,2025-09-23 18:00:00,108,144,False,65.15810555555544,266.6666666666667,0.0,0.0,1680.0,1920.0,,120.0
2025-09-23T18:00_rolling,2025-09-23 18:00:00,2025-09-23 18:10:00,2025-09-24 18:00:00,2025-09-23 18:00:00,2025-09-24 11:00:00,1020,7719.1946,1286.5324333333333,attachment3_10min_interpolation,0.0,2025-09-23 18:00:00,1060.2766666666666,2025-09-17 11:00:00,actual_same_interval_7_days_ago,2025-09-23 18:00:00,108,144,False,173.74423333333334,400.0,0.0,0.0,1920.0,2280.0,,120.0
2025-09-23T18:00_rolling,2025-09-23 18:00:00,2025-09-23 18:10:00,2025-09-24 18:00:00,2025-09-23 18:00:00,2025-09-24 11:10:00,1030,7743.175583333333,1290.5292638888889,attachment3_10min_interpolation,0.0,2025-09-23 18:00:00,1058.400033333333,2025-09-17 11:10:00,actual_same_interval_7_days_ago,2025-09-23 18:00:00,108,144,False,567.8707694444442,800.0,0.0,0.0,2280.0,3000.0,,120.0
2025-09-23T18:00_rolling,2025-09-23 18:00:00,2025-09-23 18:10:00,2025-09-24 18:00:00,2025-09-23 18:00:00,2025-09-24 11:20:00,1040,7767.156566666667,1294.5260944444444,attachment3_10min_interpolation,0.0,2025-09-23 18:00:00,1038.0423,2025-09-17 11:20:00,actual_same_interval_7_days_ago,2025-09-23 18:00:00,108,144,False,543.5162055555556,800.0,0.0,0.0,3000.0,3720.0,,120.0
2025-09-23T18:00_rolling,2025-09-23 18:00:00,2025-09-23 18:10:00,2025-09-24 18:00:00,2025-09-23 18:00:00,2025-09-24 11:30:00,1050,7791.137549999999,1298.5229249999998,attachment3_10min_interpolation,0.0,2025-09-23 18:00:00,1025.285,2025-09-17 11:30:00,actual_same_interval_7_days_ago,2025-09-23 18:00:00,108,144,False,526.7620750000003,800.0,0.0,0.0,3720.0,4440.0,,120.0
2025-09-23T18:00_rolling,2025-09-23 18:00:00,2025-09-23 18:10:00,2025-09-24 18:00:00,2025-09-23 18:00:00,2025-09-24 11:40:00,1060,7815.118533333333,1302.5197555555555,attachment3_10min_interpolation,0.0,2025-09-23 18:00:00,1059.120683333333,2025-09-17 11:40:00,actual_same_interval_7_days_ago,2025-09-23 18:00:00,108,144,False,556.6009277777775,800.0,0.0,0.0,4440.0,5160.0,,120.0
2025-09-23T18:00_rolling,2025-09-23 18:00:00,2025-09-23 18:10:00,2025-09-24 18:00:00,2025-09-23 18:00:00,2025-09-24 11:50:00,1070,7839.099516666666,1306.516586111111,attachment3_10min_interpolation,0.0,2025-09-23 18:00:00,1045.7641333333331,2025-09-17 11:50:00,actual_same_interval_7_days_ago,2025-09-23 18:00:00,108,144,False,539.247547222222,800.0,0.0,0.0,5160.0,5880.0,,120.0
2025-09-23T18:00_rolling,2025-09-23 18:00:00,2025-09-23 18:10:00,2025-09-24 18:00:00,2025-09-23 18:00:00,2025-09-24 12:00:00,1080,7863.0805,1310.5134166666667,attachment3_10min_interpolation,0.0,2025-09-23 18:00:00,990.5666666666666,2025-09-17 12:00:00,actual_same_interval_7_days_ago,2025-09-23 18:00:00,108,144,False,480.05324999999993,800.0,0.0,0.0,5880.0,6600.0,,120.0
2025-09-23T18:00_rolling,2025-09-23 18:00:00,2025-09-23 18:10:00,2025-09-24 18:00:00,2025-09-23 18:00:00,2025-09-24 12:10:00,1090,7857.91835,1309.6530583333333,attachment3_10min_interpolation,0.0,2025-09-23 18:00:00,993.9371666666666,2025-09-17 12:10:00,actual_same_interval_7_days_ago,2025-09-23 18:00:00,108,144,False,484.2841083333333,800.0,0.0,0.0,6600.0,7320.0,,120.0
2025-09-23T18:00_rolling,2025-09-23 18:00:00,2025-09-23 18:10:00,2025-09-24 18:00:00,2025-09-23 18:00:00,2025-09-24 12:20:00,1100,7852.7562,1308.7927,attachment3_10min_interpolation,0.0,2025-09-23 18:00:00,1007.1474333333334,2025-09-17 12:20:00,actual_same_interval_7_days_ago,2025-09-23 18:00:00,108,144,False,498.35473333333346,800.0,0.0,0.0,7320.0,8040.0,,120.0
2025-09-23T18:00_rolling,2025-09-23 18:00:00,2025-09-23 18:10:00,2025-09-24 18:00:00,2025-09-23 18:00:00,2025-09-24 12:30:00,1110,7847.59405,1307.9323416666666,attachment3_10min_interpolation,0.0,2025-09-23 18:00:00,989.2933333333334,2025-09-17 12:30:00,actual_same_interval_7_days_ago,2025-09-23 18:00:00,108,144,False,481.3609916666668,800.0,0.0,0.0,8040.0,8760.0,,120.0
2025-09-23T18:00_rolling,2025-09-23 18:00:00,2025-09-23 18:10:00,2025-09-24 18:00:00,2025-09-23 18:00:00,2025-09-24 12:40:00,1120,7842.4319,1307.0719833333333,attachment3_10min_interpolation,0.0,2025-09-23 18:00:00,958.4087833333332,2025-09-17 12:40:00,actual_same_interval_7_days_ago,2025-09-23 18:00:00,108,144,False,451.3367999999999,800.0,0.0,0.0,8760.0,9480.0,,120.0
2025-09-23T18:00_rolling,2025-09-23 18:00:00,2025-09-23 18:10:00,2025-09-24 18:00:00,2025-09-23 18:00:00,2025-09-24 12:50:00,1130,7837.26975,1306.2116250000001,attachment3_10min_interpolation,0.0,2025-09-23 18:00:00,978.049,2025-09-17 12:50:00,actual_same_interval_7_days_ago,2025-09-23 18:00:00,108,144,False,71.83737499999984,400.0,0.0,0.0,9480.0,9840.0,,120.0
2025-09-23T18:00_rolling,2025-09-23 18:00:00,2025-09-23 18:10:00,2025-09-24 18:00:00,2025-09-23 18:00:00,2025-09-24 13:00:00,1140,7832.1076,1305.3512666666668,attachment3_10min_interpolation,0.0,2025-09-23 18:00:00,1032.6066666666668,2025-09-17 13:00:00,actual_same_interval_7_days_ago,2025-09-23 18:00:00,108,144,False,0.0,266.6666666666667,0.0,6.077933333333306,9840.0,10080.0,,120.0
2025-09-23T18:00_rolling,2025-09-23 18:00:00,2025-09-23 18:10:00,2025-09-24 18:00:00,2025-09-23 18:00:00,2025-09-24 13:10:00,1150,7580.3831,1263.3971833333333,attachment3_10min_interpolation,0.0,2025-09-23 18:00:00,1045.9828833333331,2025-09-17 13:10:00,actual_same_interval_7_days_ago,2025-09-23 18:00:00,108,144,False,49.252366666666546,266.6666666666667,0.0,0.0,10080.0,10320.0,,120.0
2025-09-23T18:00_rolling,2025-09-23 18:00:00,2025-09-23 18:10:00,2025-09-24 18:00:00,2025-09-23 18:00:00,2025-09-24 13:20:00,1160,7328.6586,1221.4431,attachment3_10min_interpolation,0.0,2025-09-23 18:00:00,1057.5490166666666,2025-09-17 13:20:00,actual_same_interval_7_days_ago,2025-09-23 18:00:00,108,144,False,0.0,133.33333333333334,0.0,30.560750000000013,10320.0,10440.0,,120.0
2025-09-23T18:00_rolling,2025-09-23 18:00:00,2025-09-23 18:10:00,2025-09-24 18:00:00,2025-09-23 18:00:00,2025-09-24 13:30:00,1170,7076.9341,1179.4890166666667,attachment3_10min_interpolation,0.0,2025-09-23 18:00:00,1075.39,2025-09-17 13:30:00,actual_same_interval_7_days_ago,2025-09-23 18:00:00,108,144,False,29.234316666666786,133.33333333333334,0.0,0.0,10440.0,10560.0,,120.0
2025-09-23T18:00_rolling,2025-09-23 18:00:00,2025-09-23 18:10:00,2025-09-24 18:00:00,2025-09-23 18:00:00,2025-09-24 13:40:00,1180,6825.2096,1137.5349333333334,attachment3_10min_interpolation,0.0,2025-09-23 18:00:00,1060.9434166666667,2025-09-17 13:40:00,actual_same_interval_7_days_ago,2025-09-23 18:00:00,108,144,False,56.74181666666672,133.33333333333334,0.0,0.0,10560.0,10680.0,,120.0
2025-09-23T18:00_rolling,2025-09-23 18:00:00,2025-09-23 18:10:00,2025-09-24 18:00:00,2025-09-23 18:00:00,2025-09-24 13:50:00,1190,6573.4851,1095.58085,attachment3_10min_interpolation,0.0,2025-09-23 18:00:00,1033.56385,2025-09-17 13:50:00,actual_same_interval_7_days_ago,2025-09-23 18:00:00,108,144,False,71.31633333333329,133.33333333333334,0.0,0.0,10680.0,10800.0,,120.0
2025-09-23T18:00_rolling,2025-09-23 18:00:00,2025-09-23 18:10:00,2025-09-24 18:00:00,2025-09-23 18:00:00,2025-09-24 14:00:00,1200,6321.7606,1053.6267666666665,attachment3_10min_interpolation,0.0,2025-09-23 18:00:00,1026.2483333333332,2025-09-17 14:00:00,actual_same_interval_7_days_ago,2025-09-23 18:00:00,108,144,False,0.0,0.0,0.0,27.378433333333305,10800.0,10800.0,,120.0
2025-09-23T18:00_rolling,2025-09-23 18:00:00,2025-09-23 18:10:00,2025-09-24 18:00:00,2025-09-23 18:00:00,2025-09-24 14:10:00,1210,6219.937433333333,1036.6562388888888,attachment3_10min_interpolation,0.0,2025-09-23 18:00:00,1052.8753166666668,2025-09-17 14:10:00,actual_same_interval_7_days_ago,2025-09-23 18:00:00,108,144,False,16.21907777777801,0.0,0.0,0.0,10800.0,10800.0,,120.0
2025-09-23T18:00_rolling,2025-09-23 18:00:00,2025-09-23 18:10:00,2025-09-24 18:00:00,2025-09-23 18:00:00,2025-09-24 14:20:00,1220,6118.1142666666665,1019.6857111111111,attachment3_10min_interpolation,0.0,2025-09-23 18:00:00,1059.6477666666667,2025-09-17 14:20:00,actual_same_interval_7_days_ago,2025-09-23 18:00:00,108,144,False,39.962055555555594,0.0,0.0,0.0,10800.0,10800.0,,120.0
2025-09-23T18:00_rolling,2025-09-23 18:00:00,2025-09-23 18:10:00,2025-09-24 18:00:00,2025-09-23 18:00:00,2025-09-24 14:30:00,1230,6016.2911,1002.7151833333334,attachment3_10min_interpolation,0.0,2025-09-23 18:00:00,1038.735,2025-09-17 14:30:00,actual_same_interval_7_days_ago,2025-09-23 18:00:00,108,144,False,36.01981666666654,0.0,0.0,0.0,10800.0,10800.0,,120.0
2025-09-23T18:00_rolling,2025-09-23 18:00:00,2025-09-23 18:10:00,2025-09-24 18:00:00,2025-09-23 18:00:00,2025-09-24 14:40:00,1240,5914.467933333333,985.7446555555556,attachment3_10min_interpolation,0.0,2025-09-23 18:00:00,1031.2027333333333,2025-09-17 14:40:00,actual_same_interval_7_days_ago,2025-09-23 18:00:00,108,144,False,45.4580777777777,0.0,0.0,0.0,10800.0,10800.0,,120.0
2025-09-23T18:00_rolling,2025-09-23 18:00:00,2025-09-23 18:10:00,2025-09-24 18:00:00,2025-09-23 18:00:00,2025-09-24 14:50:00,1250,5812.644766666666,968.7741277777777,attachment3_10min_interpolation,0.0,2025-09-23 18:00:00,1023.5158,2025-09-17 14:50:00,actual_same_interval_7_days_ago,2025-09-23 18:00:00,108,144,False,54.74167222222229,0.0,0.0,0.0,10800.0,10800.0,,120.0
2025-09-23T18:00_rolling,2025-09-23 18:00:00,2025-09-23 18:10:00,2025-09-24 18:00:00,2025-09-23 18:00:00,2025-09-24 15:00:00,1260,5710.8216,951.8036000000001,attachment3_10min_interpolation,0.0,2025-09-23 18:00:00,1017.1116666666668,2025-09-17 15:00:00,actual_same_interval_7_days_ago,2025-09-23 18:00:00,108,144,False,65.30806666666672,0.0,0.0,0.0,10800.0,10800.0,,120.0
2025-09-23T18:00_rolling,2025-09-23 18:00:00,2025-09-23 18:10:00,2025-09-24 18:00:00,2025-09-23 18:00:00,2025-09-24 15:10:00,1270,5395.523916666667,899.2539861111112,attachment3_10min_interpolation,0.0,2025-09-23 18:00:00,1030.5911666666666,2025-09-17 15:10:00,actual_same_interval_7_days_ago,2025-09-23 18:00:00,108,144,False,131.3371805555554,0.0,0.0,0.0,10800.0,10800.0,,120.0
2025-09-23T18:00_rolling,2025-09-23 18:00:00,2025-09-23 18:10:00,2025-09-24 18:00:00,2025-09-23 18:00:00,2025-09-24 15:20:00,1280,5080.226233333334,846.7043722222223,attachment3_10min_interpolation,0.0,2025-09-23 18:00:00,1035.6900333333333,2025-09-17 15:20:00,actual_same_interval_7_days_ago,2025-09-23 18:00:00,108,144,False,188.98566111111097,0.0,0.0,0.0,10800.0,10800.0,,120.0
2025-09-23T18:00_rolling,2025-09-23 18:00:00,2025-09-23 18:10:00,2025-09-24 18:00:00,2025-09-23 18:00:00,2025-09-24 15:30:00,1290,4764.92855,794.1547583333332,attachment3_10min_interpolation,0.0,2025-09-23 18:00:00,1031.6033333333332,2025-09-17 15:30:00,actual_same_interval_7_days_ago,2025-09-23 18:00:00,108,144,False,237.448575,0.0,0.0,0.0,10800.0,10800.0,,120.0
2025-09-23T18:00_rolling,2025-09-23 18:00:00,2025-09-23 18:10:00,2025-09-24 18:00:00,2025-09-23 18:00:00,2025-09-24 15:40:00,1300,4449.630866666666,741.6051444444444,attachment3_10min_interpolation,0.0,2025-09-23 18:00:00,1048.1844166666667,2025-09-17 15:40:00,actual_same_interval_7_days_ago,2025-09-23 18:00:00,108,144,False,306.57927222222236,0.0,0.0,0.0,10800.0,10800.0,,120.0
2025-09-23T18:00_rolling,2025-09-23 18:00:00,2025-09-23 18:10:00,2025-09-24 18:00:00,2025-09-23 18:00:00,2025-09-24 15:50:00,1310,4134.333183333333,689.0555305555555,attachment3_10min_interpolation,0.0,2025-09-23 18:00:00,1078.7795333333331,2025-09-17 15:50:00,actual_same_interval_7_days_ago,2025-09-23 18:00:00,108,144,False,389.7240027777776,0.0,0.0,0.0,10800.0,10800.0,,120.0
2025-09-23T18:00_rolling,2025-09-23 18:00:00,2025-09-23 18:10:00,2025-09-24 18:00:00,2025-09-23 18:00:00,2025-09-24 16:00:00,1320,3819.0355,636.5059166666666,attachment3_10min_interpolation,0.0,2025-09-23 18:00:00,1081.015,2025-09-17 16:00:00,actual_same_interval_7_days_ago,2025-09-23 18:00:00,108,144,False,12.509083333333479,0.0,432.0,0.0,10800.0,10320.0,,120.0
2025-09-23T18:00_rolling,2025-09-23 18:00:00,2025-09-23 18:10:00,2025-09-24 18:00:00,2025-09-23 18:00:00,2025-09-24 16:10:00,1330,3447.85645,574.6427416666667,attachment3_10min_interpolation,0.0,2025-09-23 18:00:00,1025.534216666667,2025-09-17 16:10:00,actual_same_interval_7_days_ago,2025-09-23 18:00:00,108,144,False,18.89147500000024,0.0,432.0,0.0,10320.0,9840.0,,120.0
2025-09-23T18:00_rolling,2025-09-23 18:00:00,2025-09-23 18:10:00,2025-09-24 18:00:00,2025-09-23 18:00:00,2025-09-24 16:20:00,1340,3076.6774,512.7795666666667,attachment3_10min_interpolation,0.0,2025-09-23 18:00:00,1032.5273333333332,2025-09-17 16:20:00,actual_same_interval_7_days_ago,2025-09-23 18:00:00,108,144,False,87.74776666666651,0.0,432.0,0.0,9840.0,9360.0,,120.0
2025-09-23T18:00_rolling,2025-09-23 18:00:00,2025-09-23 18:10:00,2025-09-24 18:00:00,2025-09-23 18:00:00,2025-09-24 16:30:00,1350,2705.49835,450.91639166666664,attachment3_10min_interpolation,0.0,2025-09-23 18:00:00,1097.0183333333332,2025-09-17 16:30:00,actual_same_interval_7_days_ago,2025-09-23 18:00:00,108,144,False,0.0,0.0,648.0,1.898058333333438,9360.0,8640.0,,120.0
2025-09-23T18:00_rolling,2025-09-23 18:00:00,2025-09-23 18:10:00,2025-09-24 18:00:00,2025-09-23 18:00:00,2025-09-24 16:40:00,1360,2334.3193,389.0532166666667,attachment3_10min_interpolation,0.0,2025-09-23 18:00:00,1094.3124,2025-09-17 16:40:00,actual_same_interval_7_days_ago,2025-09-23 18:00:00,108,144,False,57.25918333333334,0.0,648.0,0.0,8640.0,7920.0,,120.0
2025-09-23T18:00_rolling,2025-09-23 18:00:00,2025-09-23 18:10:00,2025-09-24 18:00:00,2025-09-23 18:00:00,2025-09-24 16:50:00,1370,1963.14025,327.1900416666667,attachment3_10min_interpolation,0.0,2025-09-23 18:00:00,1069.7247333333332,2025-09-17 16:50:00,actual_same_interval_7_days_ago,2025-09-23 18:00:00,108,144,False,0.0,0.0,756.0,13.465308333333496,7920.0,7080.0,,120.0
2025-09-23T18:00_rolling,2025-09-23 18:00:00,2025-09-23 18:10:00,2025-09-24 18:00:00,2025-09-23 18:00:00,2025-09-24 17:00:00,1380,1591.9612,265.32686666666666,attachment3_10min_interpolation,0.0,2025-09-23 18:00:00,1056.5383333333332,2025-09-17 17:00:00,actual_same_interval_7_days_ago,2025-09-23 18:00:00,108,144,False,35.211466666666524,0.0,756.0,0.0,7080.0,6240.0,,120.0
2025-09-23T18:00_rolling,2025-09-23 18:00:00,2025-09-23 18:10:00,2025-09-24 18:00:00,2025-09-23 18:00:00,2025-09-24 17:10:00,1390,1326.6343333333332,221.1057222222222,attachment3_10min_interpolation,0.0,2025-09-23 18:00:00,1042.4458666666667,2025-09-17 17:10:00,actual_same_interval_7_days_ago,2025-09-23 18:00:00,108,144,False,65.34014444444449,0.0,756.0,0.0,6240.0,5400.0,,120.0
2025-09-23T18:00_rolling,2025-09-23 18:00:00,2025-09-23 18:10:00,2025-09-24 18:00:00,2025-09-23 18:00:00,2025-09-24 17:20:00,1400,1061.3074666666666,176.88457777777776,attachment3_10min_interpolation,0.0,2025-09-23 18:00:00,1056.5888,2025-09-17 17:20:00,actual_same_interval_7_days_ago,2025-09-23 18:00:00,108,144,False,123.70422222222226,0.0,756.0,0.0,5400.0,4560.0,,120.0
2025-09-23T18:00_rolling,2025-09-23 18:00:00,2025-09-23 18:10:00,2025-09-24 18:00:00,2025-09-23 18:00:00,2025-09-24 17:30:00,1410,795.9806,132.66343333333333,attachment3_10min_interpolation,0.0,2025-09-23 18:00:00,1105.263333333333,2025-09-17 17:30:00,actual_same_interval_7_days_ago,2025-09-23 18:00:00,108,144,False,216.5998999999997,0.0,756.0,0.0,4560.0,3720.0,,120.0
2025-09-23T18:00_rolling,2025-09-23 18:00:00,2025-09-23 18:10:00,2025-09-24 18:00:00,2025-09-23 18:00:00,2025-09-24 17:40:00,1420,530.6537333333333,88.44228888888888,attachment3_10min_interpolation,0.0,2025-09-23 18:00:00,1129.5181666666667,2025-09-17 17:40:00,actual_same_interval_7_days_ago,2025-09-23 18:00:00,108,144,False,285.0758777777778,0.0,756.0,0.0,3720.0,2880.0,,120.0
2025-09-23T18:00_rolling,2025-09-23 18:00:00,2025-09-23 18:10:00,2025-09-24 18:00:00,2025-09-23 18:00:00,2025-09-24 17:50:00,1430,265.3268666666666,44.221144444444434,attachment3_10min_interpolation,0.0,2025-09-23 18:00:00,959.1968666666668,2025-09-17 17:50:00,actual_same_interval_7_days_ago,2025-09-23 18:00:00,108,144,False,158.97572222222232,0.0,756.0,0.0,2880.0,2040.0,,120.0
2025-09-23T18:00_rolling,2025-09-23 18:00:00,2025-09-23 18:10:00,2025-09-24 18:00:00,2025-09-23 18:00:00,2025-09-24 18:00:00,1440,0.0,0.0,attachment3_10min_interpolation,0.0,2025-09-23 18:00:00,726.1266666666667,2025-09-17 18:00:00,actual_same_interval_7_days_ago,2025-09-23 18:00:00,108,144,False,0.0,0.0,756.0,29.873333333333335,2040.0,1200.0,,120.0
