optimization_run_id,update_time,forecast_coverage_start,forecast_coverage_end,issue_time,target_time,forecast_horizon_minutes,pv_forecast_kw,pv_forecast_kwh,pv_forecast_source,pv_anchor_observed_at_issue_kw,pv_anchor_observed_time,load_forecast_kwh,load_forecast_source_time,load_forecast_source,information_cutoff,execution_start_index,execution_stop_index_exclusive,executed_in_this_update,planned_grid_kwh,planned_charge_kwh,planned_discharge_kwh,planned_curtailment_kwh,planned_soc_start_kwh,planned_soc_end_kwh,base_plan_grid_kwh,soc_grid_step_kwh
2025-12-21T00:00_rolling,2025-12-21 00:00:00,2025-12-21 00:10:00,2025-12-22 00:00:00,2025-12-21 00:00:00,2025-12-21 00:10:00,10,0.0,0.0,observed_anchor_linear_to_h1,0.0,2025-12-21 00:00:00,592.6912333333333,2025-12-14 00:10:00,actual_same_interval_7_days_ago,2025-12-21 00:00:00,0,36,True,1392.6912333333335,800.0,0.0,0.0,1200.0,1920.0,1392.6912333333335,120.0
2025-12-21T00:00_rolling,2025-12-21 00:00:00,2025-12-21 00:10:00,2025-12-22 00:00:00,2025-12-21 00:00:00,2025-12-21 00:20:00,20,0.0,0.0,observed_anchor_linear_to_h1,0.0,2025-12-21 00:00:00,561.2439,2025-12-14 00:20:00,actual_same_interval_7_days_ago,2025-12-21 00:00:00,0,36,True,1361.2439,800.0,0.0,0.0,1920.0,2640.0,1361.2439,120.0
2025-12-21T00:00_rolling,2025-12-21 00:00:00,2025-12-21 00:10:00,2025-12-22 00:00:00,2025-12-21 00:00:00,2025-12-21 00:30:00,30,0.0,0.0,observed_anchor_linear_to_h1,0.0,2025-12-21 00:00:00,571.5483333333333,2025-12-14 00:30:00,actual_same_interval_7_days_ago,2025-12-21 00:00:00,0,36,True,1371.5483333333332,800.0,0.0,0.0,2640.0,3360.0,1371.5483333333332,120.0
2025-12-21T00:00_rolling,2025-12-21 00:00:00,2025-12-21 00:10:00,2025-12-22 00:00:00,2025-12-21 00:00:00,2025-12-21 00:40:00,40,0.0,0.0,observed_anchor_linear_to_h1,0.0,2025-12-21 00:00:00,612.7311666666667,2025-12-14 00:40:00,actual_same_interval_7_days_ago,2025-12-21 00:00:00,0,36,True,1412.7311666666667,800.0,0.0,0.0,3360.0,4080.0,1412.7311666666667,120.0
2025-12-21T00:00_rolling,2025-12-21 00:00:00,2025-12-21 00:10:00,2025-12-22 00:00:00,2025-12-21 00:00:00,2025-12-21 00:50:00,50,0.0,0.0,observed_anchor_linear_to_h1,0.0,2025-12-21 00:00:00,626.2757666666666,2025-12-14 00:50:00,actual_same_interval_7_days_ago,2025-12-21 00:00:00,0,36,True,1426.2757666666666,800.0,0.0,0.0,4080.0,4800.0,1426.2757666666666,120.0
2025-12-21T00:00_rolling,2025-12-21 00:00:00,2025-12-21 00:10:00,2025-12-22 00:00:00,2025-12-21 00:00:00,2025-12-21 01:00:00,60,0.0,0.0,attachment3_10min_interpolation,0.0,2025-12-21 00:00:00,608.4616666666667,2025-12-14 01:00:00,actual_same_interval_7_days_ago,2025-12-21 00:00:00,0,36,True,1408.4616666666666,800.0,0.0,0.0,4800.0,5520.0,1408.4616666666666,120.0
2025-12-21T00:00_rolling,2025-12-21 00:00:00,2025-12-21 00:10:00,2025-12-22 00:00:00,2025-12-21 00:00:00,2025-12-21 01:10:00,70,0.0,0.0,attachment3_10min_interpolation,0.0,2025-12-21 00:00:00,606.02975,2025-12-14 01:10:00,actual_same_interval_7_days_ago,2025-12-21 00:00:00,0,36,True,1406.0297500000001,800.0,0.0,0.0,5520.0,6240.0,1406.0297500000001,120.0
2025-12-21T00:00_rolling,2025-12-21 00:00:00,2025-12-21 00:10:00,2025-12-22 00:00:00,2025-12-21 00:00:00,2025-12-21 01:20:00,80,0.0,0.0,attachment3_10min_interpolation,0.0,2025-12-21 00:00:00,605.0776,2025-12-14 01:20:00,actual_same_interval_7_days_ago,2025-12-21 00:00:00,0,36,True,1405.0776,800.0,0.0,0.0,6240.0,6960.0,1405.0776,120.0
2025-12-21T00:00_rolling,2025-12-21 00:00:00,2025-12-21 00:10:00,2025-12-22 00:00:00,2025-12-21 00:00:00,2025-12-21 01:30:00,90,0.0,0.0,attachment3_10min_interpolation,0.0,2025-12-21 00:00:00,598.8383333333334,2025-12-14 01:30:00,actual_same_interval_7_days_ago,2025-12-21 00:00:00,0,36,True,1398.8383333333334,800.0,0.0,0.0,6960.0,7680.0,1398.8383333333334,120.0
2025-12-21T00:00_rolling,2025-12-21 00:00:00,2025-12-21 00:10:00,2025-12-22 00:00:00,2025-12-21 00:00:00,2025-12-21 01:40:00,100,0.0,0.0,attachment3_10min_interpolation,0.0,2025-12-21 00:00:00,600.3714333333334,2025-12-14 01:40:00,actual_same_interval_7_days_ago,2025-12-21 00:00:00,0,36,True,867.0381,266.6666666666667,0.0,0.0,7680.0,7920.0,867.0381,120.0
2025-12-21T00:00_rolling,2025-12-21 00:00:00,2025-12-21 00:10:00,2025-12-22 00:00:00,2025-12-21 00:00:00,2025-12-21 01:50:00,110,0.0,0.0,attachment3_10min_interpolation,0.0,2025-12-21 00:00:00,609.7503833333334,2025-12-14 01:50:00,actual_same_interval_7_days_ago,2025-12-21 00:00:00,0,36,True,609.7503833333334,0.0,0.0,0.0,7920.0,7920.0,609.7503833333334,120.0
2025-12-21T00:00_rolling,2025-12-21 00:00:00,2025-12-21 00:10:00,2025-12-22 00:00:00,2025-12-21 00:00:00,2025-12-21 02:00:00,120,0.0,0.0,attachment3_10min_interpolation,0.0,2025-12-21 00:00:00,618.77,2025-12-14 02:00:00,actual_same_interval_7_days_ago,2025-12-21 00:00:00,0,36,True,1418.77,800.0,0.0,0.0,7920.0,8640.0,1418.77,120.0
2025-12-21T00:00_rolling,2025-12-21 00:00:00,2025-12-21 00:10:00,2025-12-22 00:00:00,2025-12-21 00:00:00,2025-12-21 02:10:00,130,0.0,0.0,attachment3_10min_interpolation,0.0,2025-12-21 00:00:00,620.9696333333333,2025-12-14 02:10:00,actual_same_interval_7_days_ago,2025-12-21 00:00:00,0,36,True,1420.9696333333331,800.0,0.0,0.0,8640.0,9360.0,1420.9696333333331,120.0
2025-12-21T00:00_rolling,2025-12-21 00:00:00,2025-12-21 00:10:00,2025-12-22 00:00:00,2025-12-21 00:00:00,2025-12-21 02:20:00,140,0.0,0.0,attachment3_10min_interpolation,0.0,2025-12-21 00:00:00,634.80715,2025-12-14 02:20:00,actual_same_interval_7_days_ago,2025-12-21 00:00:00,0,36,True,634.80715,0.0,0.0,0.0,9360.0,9360.0,634.80715,120.0
2025-12-21T00:00_rolling,2025-12-21 00:00:00,2025-12-21 00:10:00,2025-12-22 00:00:00,2025-12-21 00:00:00,2025-12-21 02:30:00,150,0.0,0.0,attachment3_10min_interpolation,0.0,2025-12-21 00:00:00,658.2583333333333,2025-12-14 02:30:00,actual_same_interval_7_days_ago,2025-12-21 00:00:00,0,36,True,658.2583333333333,0.0,0.0,0.0,9360.0,9360.0,658.2583333333333,120.0
2025-12-21T00:00_rolling,2025-12-21 00:00:00,2025-12-21 00:10:00,2025-12-22 00:00:00,2025-12-21 00:00:00,2025-12-21 02:40:00,160,0.0,0.0,attachment3_10min_interpolation,0.0,2025-12-21 00:00:00,668.0974666666667,2025-12-14 02:40:00,actual_same_interval_7_days_ago,2025-12-21 00:00:00,0,36,True,668.0974666666667,0.0,0.0,0.0,9360.0,9360.0,668.0974666666667,120.0
2025-12-21T00:00_rolling,2025-12-21 00:00:00,2025-12-21 00:10:00,2025-12-22 00:00:00,2025-12-21 00:00:00,2025-12-21 02:50:00,170,0.0,0.0,attachment3_10min_interpolation,0.0,2025-12-21 00:00:00,663.4041833333333,2025-12-14 02:50:00,actual_same_interval_7_days_ago,2025-12-21 00:00:00,0,36,True,663.4041833333333,0.0,0.0,0.0,9360.0,9360.0,663.4041833333333,120.0
2025-12-21T00:00_rolling,2025-12-21 00:00:00,2025-12-21 00:10:00,2025-12-22 00:00:00,2025-12-21 00:00:00,2025-12-21 03:00:00,180,0.0,0.0,attachment3_10min_interpolation,0.0,2025-12-21 00:00:00,650.38,2025-12-14 03:00:00,actual_same_interval_7_days_ago,2025-12-21 00:00:00,0,36,True,650.38,0.0,0.0,0.0,9360.0,9360.0,650.38,120.0
2025-12-21T00:00_rolling,2025-12-21 00:00:00,2025-12-21 00:10:00,2025-12-22 00:00:00,2025-12-21 00:00:00,2025-12-21 03:10:00,190,0.0,0.0,attachment3_10min_interpolation,0.0,2025-12-21 00:00:00,640.1669833333334,2025-12-14 03:10:00,actual_same_interval_7_days_ago,2025-12-21 00:00:00,0,36,True,640.1669833333334,0.0,0.0,0.0,9360.0,9360.0,640.1669833333334,120.0
2025-12-21T00:00_rolling,2025-12-21 00:00:00,2025-12-21 00:10:00,2025-12-22 00:00:00,2025-12-21 00:00:00,2025-12-21 03:20:00,200,0.0,0.0,attachment3_10min_interpolation,0.0,2025-12-21 00:00:00,656.3656333333333,2025-12-14 03:20:00,actual_same_interval_7_days_ago,2025-12-21 00:00:00,0,36,True,656.3656333333333,0.0,0.0,0.0,9360.0,9360.0,656.3656333333333,120.0
2025-12-21T00:00_rolling,2025-12-21 00:00:00,2025-12-21 00:10:00,2025-12-22 00:00:00,2025-12-21 00:00:00,2025-12-21 03:30:00,210,0.0,0.0,attachment3_10min_interpolation,0.0,2025-12-21 00:00:00,673.39,2025-12-14 03:30:00,actual_same_interval_7_days_ago,2025-12-21 00:00:00,0,36,True,673.39,0.0,0.0,0.0,9360.0,9360.0,673.39,120.0
2025-12-21T00:00_rolling,2025-12-21 00:00:00,2025-12-21 00:10:00,2025-12-22 00:00:00,2025-12-21 00:00:00,2025-12-21 03:40:00,220,0.0,0.0,attachment3_10min_interpolation,0.0,2025-12-21 00:00:00,643.2212833333333,2025-12-14 03:40:00,actual_same_interval_7_days_ago,2025-12-21 00:00:00,0,36,True,643.2212833333333,0.0,0.0,0.0,9360.0,9360.0,643.2212833333333,120.0
2025-12-21T00:00_rolling,2025-12-21 00:00:00,2025-12-21 00:10:00,2025-12-22 00:00:00,2025-12-21 00:00:00,2025-12-21 03:50:00,230,0.0,0.0,attachment3_10min_interpolation,0.0,2025-12-21 00:00:00,633.5718333333333,2025-12-14 03:50:00,actual_same_interval_7_days_ago,2025-12-21 00:00:00,0,36,True,633.5718333333333,0.0,0.0,0.0,9360.0,9360.0,633.5718333333333,120.0
2025-12-21T00:00_rolling,2025-12-21 00:00:00,2025-12-21 00:10:00,2025-12-22 00:00:00,2025-12-21 00:00:00,2025-12-21 04:00:00,240,0.0,0.0,attachment3_10min_interpolation,0.0,2025-12-21 00:00:00,657.7816666666666,2025-12-14 04:00:00,actual_same_interval_7_days_ago,2025-12-21 00:00:00,0,36,True,657.7816666666666,0.0,0.0,0.0,9360.0,9360.0,657.7816666666666,120.0
2025-12-21T00:00_rolling,2025-12-21 00:00:00,2025-12-21 00:10:00,2025-12-22 00:00:00,2025-12-21 00:00:00,2025-12-21 04:10:00,250,0.0,0.0,attachment3_10min_interpolation,0.0,2025-12-21 00:00:00,664.0071,2025-12-14 04:10:00,actual_same_interval_7_days_ago,2025-12-21 00:00:00,0,36,True,664.0071,0.0,0.0,0.0,9360.0,9360.0,664.0071,120.0
2025-12-21T00:00_rolling,2025-12-21 00:00:00,2025-12-21 00:10:00,2025-12-22 00:00:00,2025-12-21 00:00:00,2025-12-21 04:20:00,260,0.0,0.0,attachment3_10min_interpolation,0.0,2025-12-21 00:00:00,673.98475,2025-12-14 04:20:00,actual_same_interval_7_days_ago,2025-12-21 00:00:00,0,36,True,673.98475,0.0,0.0,0.0,9360.0,9360.0,673.98475,120.0
2025-12-21T00:00_rolling,2025-12-21 00:00:00,2025-12-21 00:10:00,2025-12-22 00:00:00,2025-12-21 00:00:00,2025-12-21 04:30:00,270,0.0,0.0,attachment3_10min_interpolation,0.0,2025-12-21 00:00:00,701.39,2025-12-14 04:30:00,actual_same_interval_7_days_ago,2025-12-21 00:00:00,0,36,True,701.39,0.0,0.0,0.0,9360.0,9360.0,701.39,120.0
2025-12-21T00:00_rolling,2025-12-21 00:00:00,2025-12-21 00:10:00,2025-12-22 00:00:00,2025-12-21 00:00:00,2025-12-21 04:40:00,280,0.0,0.0,attachment3_10min_interpolation,0.0,2025-12-21 00:00:00,726.9617833333333,2025-12-14 04:40:00,actual_same_interval_7_days_ago,2025-12-21 00:00:00,0,36,True,726.9617833333333,0.0,0.0,0.0,9360.0,9360.0,726.9617833333333,120.0
2025-12-21T00:00_rolling,2025-12-21 00:00:00,2025-12-21 00:10:00,2025-12-22 00:00:00,2025-12-21 00:00:00,2025-12-21 04:50:00,290,0.0,0.0,attachment3_10min_interpolation,0.0,2025-12-21 00:00:00,712.0232166666666,2025-12-14 04:50:00,actual_same_interval_7_days_ago,2025-12-21 00:00:00,0,36,True,712.0232166666666,0.0,0.0,0.0,9360.0,9360.0,712.0232166666666,120.0
2025-12-21T00:00_rolling,2025-12-21 00:00:00,2025-12-21 00:10:00,2025-12-22 00:00:00,2025-12-21 00:00:00,2025-12-21 05:00:00,300,0.0,0.0,attachment3_10min_interpolation,0.0,2025-12-21 00:00:00,677.4466666666666,2025-12-14 05:00:00,actual_same_interval_7_days_ago,2025-12-21 00:00:00,0,36,True,677.4466666666666,0.0,0.0,0.0,9360.0,9360.0,677.4466666666666,120.0
2025-12-21T00:00_rolling,2025-12-21 00:00:00,2025-12-21 00:10:00,2025-12-22 00:00:00,2025-12-21 00:00:00,2025-12-21 05:10:00,310,0.0,0.0,attachment3_10min_interpolation,0.0,2025-12-21 00:00:00,682.5563833333333,2025-12-14 05:10:00,actual_same_interval_7_days_ago,2025-12-21 00:00:00,0,36,True,682.5563833333333,0.0,0.0,0.0,9360.0,9360.0,682.5563833333333,120.0
2025-12-21T00:00_rolling,2025-12-21 00:00:00,2025-12-21 00:10:00,2025-12-22 00:00:00,2025-12-21 00:00:00,2025-12-21 05:20:00,320,0.0,0.0,attachment3_10min_interpolation,0.0,2025-12-21 00:00:00,686.3402500000001,2025-12-14 05:20:00,actual_same_interval_7_days_ago,2025-12-21 00:00:00,0,36,True,686.3402500000001,0.0,0.0,0.0,9360.0,9360.0,686.3402500000001,120.0
2025-12-21T00:00_rolling,2025-12-21 00:00:00,2025-12-21 00:10:00,2025-12-22 00:00:00,2025-12-21 00:00:00,2025-12-21 05:30:00,330,0.0,0.0,attachment3_10min_interpolation,0.0,2025-12-21 00:00:00,673.5266666666666,2025-12-14 05:30:00,actual_same_interval_7_days_ago,2025-12-21 00:00:00,0,36,True,1473.5266666666666,800.0,0.0,0.0,9360.0,10080.0,1473.5266666666666,120.0
2025-12-21T00:00_rolling,2025-12-21 00:00:00,2025-12-21 00:10:00,2025-12-22 00:00:00,2025-12-21 00:00:00,2025-12-21 05:40:00,340,0.0,0.0,attachment3_10min_interpolation,0.0,2025-12-21 00:00:00,683.5421,2025-12-14 05:40:00,actual_same_interval_7_days_ago,2025-12-21 00:00:00,0,36,True,1483.5421000000001,800.0,0.0,0.0,10080.0,10800.0,1483.5421000000001,120.0
2025-12-21T00:00_rolling,2025-12-21 00:00:00,2025-12-21 00:10:00,2025-12-22 00:00:00,2025-12-21 00:00:00,2025-12-21 05:50:00,350,0.0,0.0,attachment3_10min_interpolation,0.0,2025-12-21 00:00:00,764.3458833333334,2025-12-14 05:50:00,actual_same_interval_7_days_ago,2025-12-21 00:00:00,0,36,True,764.3458833333334,0.0,0.0,0.0,10800.0,10800.0,764.3458833333334,120.0
2025-12-21T00:00_rolling,2025-12-21 00:00:00,2025-12-21 00:10:00,2025-12-22 00:00:00,2025-12-21 00:00:00,2025-12-21 06:00:00,360,0.0,0.0,attachment3_10min_interpolation,0.0,2025-12-21 00:00:00,871.2116666666667,2025-12-14 06:00:00,actual_same_interval_7_days_ago,2025-12-21 00:00:00,0,36,True,871.2116666666667,0.0,0.0,0.0,10800.0,10800.0,871.2116666666667,120.0
2025-12-21T00:00_rolling,2025-12-21 00:00:00,2025-12-21 00:10:00,2025-12-22 00:00:00,2025-12-21 00:00:00,2025-12-21 06:10:00,370,0.0,0.0,attachment3_10min_interpolation,0.0,2025-12-21 00:00:00,900.34945,2025-12-14 06:10:00,actual_same_interval_7_days_ago,2025-12-21 00:00:00,0,36,False,252.34945000000005,0.0,648.0,0.0,10800.0,10080.0,252.34945000000005,120.0
2025-12-21T00:00_rolling,2025-12-21 00:00:00,2025-12-21 00:10:00,2025-12-22 00:00:00,2025-12-21 00:00:00,2025-12-21 06:20:00,380,0.0,0.0,attachment3_10min_interpolation,0.0,2025-12-21 00:00:00,887.5913,2025-12-14 06:20:00,actual_same_interval_7_days_ago,2025-12-21 00:00:00,0,36,False,887.5913,0.0,0.0,0.0,10080.0,10080.0,887.5913,120.0
2025-12-21T00:00_rolling,2025-12-21 00:00:00,2025-12-21 00:10:00,2025-12-22 00:00:00,2025-12-21 00:00:00,2025-12-21 06:30:00,390,0.0,0.0,attachment3_10min_interpolation,0.0,2025-12-21 00:00:00,878.9016666666666,2025-12-14 06:30:00,actual_same_interval_7_days_ago,2025-12-21 00:00:00,0,36,False,878.9016666666666,0.0,0.0,0.0,10080.0,10080.0,878.9016666666666,120.0
2025-12-21T00:00_rolling,2025-12-21 00:00:00,2025-12-21 00:10:00,2025-12-22 00:00:00,2025-12-21 00:00:00,2025-12-21 06:40:00,400,0.0,0.0,attachment3_10min_interpolation,0.0,2025-12-21 00:00:00,888.7171333333334,2025-12-14 06:40:00,actual_same_interval_7_days_ago,2025-12-21 00:00:00,0,36,False,888.7171333333334,0.0,0.0,0.0,10080.0,10080.0,888.7171333333334,120.0
2025-12-21T00:00_rolling,2025-12-21 00:00:00,2025-12-21 00:10:00,2025-12-22 00:00:00,2025-12-21 00:00:00,2025-12-21 06:50:00,410,0.0,0.0,attachment3_10min_interpolation,0.0,2025-12-21 00:00:00,908.1604166666666,2025-12-14 06:50:00,actual_same_interval_7_days_ago,2025-12-21 00:00:00,0,36,False,908.1604166666666,0.0,0.0,0.0,10080.0,10080.0,908.1604166666666,120.0
2025-12-21T00:00_rolling,2025-12-21 00:00:00,2025-12-21 00:10:00,2025-12-22 00:00:00,2025-12-21 00:00:00,2025-12-21 07:00:00,420,0.0,0.0,attachment3_10min_interpolation,0.0,2025-12-21 00:00:00,912.8483333333334,2025-12-14 07:00:00,actual_same_interval_7_days_ago,2025-12-21 00:00:00,0,36,False,912.8483333333334,0.0,0.0,0.0,10080.0,10080.0,912.8483333333334,120.0
2025-12-21T00:00_rolling,2025-12-21 00:00:00,2025-12-21 00:10:00,2025-12-22 00:00:00,2025-12-21 00:00:00,2025-12-21 07:10:00,430,262.33206666666666,43.72201111111111,attachment3_10min_interpolation,0.0,2025-12-21 00:00:00,885.2799,2025-12-14 07:10:00,actual_same_interval_7_days_ago,2025-12-21 00:00:00,0,36,False,841.5578888888889,0.0,0.0,0.0,10080.0,10080.0,841.5578888888889,120.0
2025-12-21T00:00_rolling,2025-12-21 00:00:00,2025-12-21 00:10:00,2025-12-22 00:00:00,2025-12-21 00:00:00,2025-12-21 07:20:00,440,524.6641333333333,87.44402222222222,attachment3_10min_interpolation,0.0,2025-12-21 00:00:00,872.6423,2025-12-14 07:20:00,actual_same_interval_7_days_ago,2025-12-21 00:00:00,0,36,False,785.1982777777778,0.0,0.0,0.0,10080.0,10080.0,785.1982777777778,120.0
2025-12-21T00:00_rolling,2025-12-21 00:00:00,2025-12-21 00:10:00,2025-12-22 00:00:00,2025-12-21 00:00:00,2025-12-21 07:30:00,450,786.9962,131.16603333333333,attachment3_10min_interpolation,0.0,2025-12-21 00:00:00,877.3249999999999,2025-12-14 07:30:00,actual_same_interval_7_days_ago,2025-12-21 00:00:00,0,36,False,746.1589666666666,0.0,0.0,0.0,10080.0,10080.0,746.1589666666666,120.0
2025-12-21T00:00_rolling,2025-12-21 00:00:00,2025-12-21 00:10:00,2025-12-22 00:00:00,2025-12-21 00:00:00,2025-12-21 07:40:00,460,1049.3282666666669,174.8880444444445,attachment3_10min_interpolation,0.0,2025-12-21 00:00:00,875.7418166666666,2025-12-14 07:40:00,actual_same_interval_7_days_ago,2025-12-21 00:00:00,0,36,False,1500.8537722222222,800.0,0.0,0.0,10080.0,10800.0,1500.8537722222222,120.0
2025-12-21T00:00_rolling,2025-12-21 00:00:00,2025-12-21 00:10:00,2025-12-22 00:00:00,2025-12-21 00:00:00,2025-12-21 07:50:00,470,1311.6603333333333,218.61005555555553,attachment3_10min_interpolation,0.0,2025-12-21 00:00:00,976.711,2025-12-14 07:50:00,actual_same_interval_7_days_ago,2025-12-21 00:00:00,0,36,False,758.1009444444445,0.0,0.0,0.0,10800.0,10800.0,758.1009444444445,120.0
2025-12-21T00:00_rolling,2025-12-21 00:00:00,2025-12-21 00:10:00,2025-12-22 00:00:00,2025-12-21 00:00:00,2025-12-21 08:00:00,480,1573.9924,262.33206666666666,attachment3_10min_interpolation,0.0,2025-12-21 00:00:00,1140.6016666666667,2025-12-14 08:00:00,actual_same_interval_7_days_ago,2025-12-21 00:00:00,0,36,False,122.26960000000008,0.0,756.0,0.0,10800.0,9960.0,122.26960000000008,120.0
2025-12-21T00:00_rolling,2025-12-21 00:00:00,2025-12-21 00:10:00,2025-12-22 00:00:00,2025-12-21 00:00:00,2025-12-21 08:10:00,490,1848.586183333333,308.09769722222217,attachment3_10min_interpolation,0.0,2025-12-21 00:00:00,1198.90715,2025-12-14 08:10:00,actual_same_interval_7_days_ago,2025-12-21 00:00:00,0,36,False,134.80945277777778,0.0,756.0,0.0,9960.0,9120.0,134.80945277777778,120.0
2025-12-21T00:00_rolling,2025-12-21 00:00:00,2025-12-21 00:10:00,2025-12-22 00:00:00,2025-12-21 00:00:00,2025-12-21 08:20:00,500,2123.1799666666666,353.8633277777778,attachment3_10min_interpolation,0.0,2025-12-21 00:00:00,1194.8717833333333,2025-12-14 08:20:00,actual_same_interval_7_days_ago,2025-12-21 00:00:00,0,36,False,85.00845555555543,0.0,756.0,0.0,9120.0,8280.0,85.00845555555543,120.0
2025-12-21T00:00_rolling,2025-12-21 00:00:00,2025-12-21 00:10:00,2025-12-22 00:00:00,2025-12-21 00:00:00,2025-12-21 08:30:00,510,2397.77375,399.6289583333333,attachment3_10min_interpolation,0.0,2025-12-21 00:00:00,1189.555,2025-12-14 08:30:00,actual_same_interval_7_days_ago,2025-12-21 00:00:00,0,36,False,33.92604166666683,0.0,756.0,0.0,8280.0,7440.0,33.92604166666683,120.0
2025-12-21T00:00_rolling,2025-12-21 00:00:00,2025-12-21 00:10:00,2025-12-22 00:00:00,2025-12-21 00:00:00,2025-12-21 08:40:00,520,2672.367533333333,445.39458888888885,attachment3_10min_interpolation,0.0,2025-12-21 00:00:00,1198.6857833333331,2025-12-14 08:40:00,actual_same_interval_7_days_ago,2025-12-21 00:00:00,0,36,False,0.0,0.0,756.0,2.7088055555557276,7440.0,6600.0,0.0,120.0
2025-12-21T00:00_rolling,2025-12-21 00:00:00,2025-12-21 00:10:00,2025-12-22 00:00:00,2025-12-21 00:00:00,2025-12-21 08:50:00,530,2946.961316666667,491.16021944444446,attachment3_10min_interpolation,0.0,2025-12-21 00:00:00,1205.79965,2025-12-14 08:50:00,actual_same_interval_7_days_ago,2025-12-21 00:00:00,0,36,False,66.63943055555546,0.0,648.0,0.0,6600.0,5880.0,66.63943055555546,120.0
2025-12-21T00:00_rolling,2025-12-21 00:00:00,2025-12-21 00:10:00,2025-12-22 00:00:00,2025-12-21 00:00:00,2025-12-21 09:00:00,540,3221.5551,536.92585,attachment3_10min_interpolation,0.0,2025-12-21 00:00:00,1201.075,2025-12-14 09:00:00,actual_same_interval_7_days_ago,2025-12-21 00:00:00,0,36,False,16.149150000000077,0.0,648.0,0.0,5880.0,5160.0,16.149150000000077,120.0
2025-12-21T00:00_rolling,2025-12-21 00:00:00,2025-12-21 00:10:00,2025-12-22 00:00:00,2025-12-21 00:00:00,2025-12-21 09:10:00,550,3443.9850333333334,573.9975055555556,attachment3_10min_interpolation,0.0,2025-12-21 00:00:00,1192.3758833333334,2025-12-14 09:10:00,actual_same_interval_7_days_ago,2025-12-21 00:00:00,0,36,False,78.37837777777781,0.0,540.0,0.0,5160.0,4560.0,78.37837777777781,120.0
2025-12-21T00:00_rolling,2025-12-21 00:00:00,2025-12-21 00:10:00,2025-12-22 00:00:00,2025-12-21 00:00:00,2025-12-21 09:20:00,560,3666.4149666666663,611.069161111111,attachment3_10min_interpolation,0.0,2025-12-21 00:00:00,1199.6451166666668,2025-12-14 09:20:00,actual_same_interval_7_days_ago,2025-12-21 00:00:00,0,36,False,48.575955555555765,0.0,540.0,0.0,4560.0,3960.0,48.575955555555765,120.0
2025-12-21T00:00_rolling,2025-12-21 00:00:00,2025-12-21 00:10:00,2025-12-22 00:00:00,2025-12-21 00:00:00,2025-12-21 09:30:00,570,3888.8449,648.1408166666666,attachment3_10min_interpolation,0.0,2025-12-21 00:00:00,1210.88,2025-12-14 09:30:00,actual_same_interval_7_days_ago,2025-12-21 00:00:00,0,36,False,22.73918333333347,0.0,540.0,0.0,3960.0,3360.0,22.73918333333347,120.0
2025-12-21T00:00_rolling,2025-12-21 00:00:00,2025-12-21 00:10:00,2025-12-22 00:00:00,2025-12-21 00:00:00,2025-12-21 09:40:00,580,4111.274833333333,685.2124722222221,attachment3_10min_interpolation,0.0,2025-12-21 00:00:00,1193.1831,2025-12-14 09:40:00,actual_same_interval_7_days_ago,2025-12-21 00:00:00,0,36,False,507.97062777777785,0.0,0.0,0.0,3360.0,3360.0,507.97062777777785,120.0
2025-12-21T00:00_rolling,2025-12-21 00:00:00,2025-12-21 00:10:00,2025-12-22 00:00:00,2025-12-21 00:00:00,2025-12-21 09:50:00,590,4333.704766666667,722.2841277777778,attachment3_10min_interpolation,0.0,2025-12-21 00:00:00,1168.83485,2025-12-14 09:50:00,actual_same_interval_7_days_ago,2025-12-21 00:00:00,0,36,False,14.550722222222134,0.0,432.0,0.0,3360.0,2880.0,14.550722222222134,120.0
2025-12-21T00:00_rolling,2025-12-21 00:00:00,2025-12-21 00:10:00,2025-12-22 00:00:00,2025-12-21 00:00:00,2025-12-21 10:00:00,600,4556.1347,759.3557833333333,attachment3_10min_interpolation,0.0,2025-12-21 00:00:00,1163.4466666666667,2025-12-14 10:00:00,actual_same_interval_7_days_ago,2025-12-21 00:00:00,0,36,False,80.09088333333341,0.0,324.0,0.0,2880.0,2520.0,80.09088333333341,120.0
2025-12-21T00:00_rolling,2025-12-21 00:00:00,2025-12-21 00:10:00,2025-12-22 00:00:00,2025-12-21 00:00:00,2025-12-21 10:10:00,610,4641.4968,773.5828,attachment3_10min_interpolation,0.0,2025-12-21 00:00:00,1182.4659833333333,2025-12-14 10:10:00,actual_same_interval_7_days_ago,2025-12-21 00:00:00,0,36,False,84.88318333333325,0.0,324.0,0.0,2520.0,2160.0,84.88318333333325,120.0
2025-12-21T00:00_rolling,2025-12-21 00:00:00,2025-12-21 00:10:00,2025-12-22 00:00:00,2025-12-21 00:00:00,2025-12-21 10:20:00,620,4726.8589,787.8098166666667,attachment3_10min_interpolation,0.0,2025-12-21 00:00:00,1194.7524833333334,2025-12-14 10:20:00,actual_same_interval_7_days_ago,2025-12-21 00:00:00,0,36,False,82.9426666666667,0.0,324.0,0.0,2160.0,1800.0,82.9426666666667,120.0
2025-12-21T00:00_rolling,2025-12-21 00:00:00,2025-12-21 00:10:00,2025-12-22 00:00:00,2025-12-21 00:00:00,2025-12-21 10:30:00,630,4812.221,802.0368333333332,attachment3_10min_interpolation,0.0,2025-12-21 00:00:00,1175.695,2025-12-14 10:30:00,actual_same_interval_7_days_ago,2025-12-21 00:00:00,0,36,False,49.658166666666716,0.0,324.0,0.0,1800.0,1440.0,49.658166666666716,120.0
2025-12-21T00:00_rolling,2025-12-21 00:00:00,2025-12-21 00:10:00,2025-12-22 00:00:00,2025-12-21 00:00:00,2025-12-21 10:40:00,640,4897.5831,816.2638499999999,attachment3_10min_interpolation,0.0,2025-12-21 00:00:00,1136.0265,2025-12-14 10:40:00,actual_same_interval_7_days_ago,2025-12-21 00:00:00,0,36,False,103.76265000000001,0.0,216.0,0.0,1440.0,1200.0,103.76265000000001,120.0
2025-12-21T00:00_rolling,2025-12-21 00:00:00,2025-12-21 00:10:00,2025-12-22 00:00:00,2025-12-21 00:00:00,2025-12-21 10:50:00,650,4982.9452,830.4908666666666,attachment3_10min_interpolation,0.0,2025-12-21 00:00:00,1159.3799833333337,2025-12-14 10:50:00,actual_same_interval_7_days_ago,2025-12-21 00:00:00,0,36,False,328.88911666666706,0.0,0.0,0.0,1200.0,1200.0,328.88911666666706,120.0
2025-12-21T00:00_rolling,2025-12-21 00:00:00,2025-12-21 00:10:00,2025-12-22 00:00:00,2025-12-21 00:00:00,2025-12-21 11:00:00,660,5068.3073,844.7178833333334,attachment3_10min_interpolation,0.0,2025-12-21 00:00:00,1205.295,2025-12-14 11:00:00,actual_same_interval_7_days_ago,2025-12-21 00:00:00,0,36,False,1160.5771166666668,800.0,0.0,0.0,1200.0,1920.0,1160.5771166666668,120.0
2025-12-21T00:00_rolling,2025-12-21 00:00:00,2025-12-21 00:10:00,2025-12-22 00:00:00,2025-12-21 00:00:00,2025-12-21 11:10:00,670,5157.5349166666665,859.5891527777777,attachment3_10min_interpolation,0.0,2025-12-21 00:00:00,1149.2718666666667,2025-12-14 11:10:00,actual_same_interval_7_days_ago,2025-12-21 00:00:00,0,36,False,1089.6827138888889,800.0,0.0,0.0,1920.0,2640.0,1089.6827138888889,120.0
2025-12-21T00:00_rolling,2025-12-21 00:00:00,2025-12-21 00:10:00,2025-12-22 00:00:00,2025-12-21 00:00:00,2025-12-21 11:20:00,680,5246.7625333333335,874.4604222222223,attachment3_10min_interpolation,0.0,2025-12-21 00:00:00,1094.902466666667,2025-12-14 11:20:00,actual_same_interval_7_days_ago,2025-12-21 00:00:00,0,36,False,1020.4420444444446,800.0,0.0,0.0,2640.0,3360.0,1020.4420444444446,120.0
2025-12-21T00:00_rolling,2025-12-21 00:00:00,2025-12-21 00:10:00,2025-12-22 00:00:00,2025-12-21 00:00:00,2025-12-21 11:30:00,690,5335.99015,889.3316916666666,attachment3_10min_interpolation,0.0,2025-12-21 00:00:00,1105.59,2025-12-14 11:30:00,actual_same_interval_7_days_ago,2025-12-21 00:00:00,0,36,False,1016.2583083333333,800.0,0.0,0.0,3360.0,4080.0,1016.2583083333333,120.0
2025-12-21T00:00_rolling,2025-12-21 00:00:00,2025-12-21 00:10:00,2025-12-22 00:00:00,2025-12-21 00:00:00,2025-12-21 11:40:00,700,5425.217766666667,904.2029611111111,attachment3_10min_interpolation,0.0,2025-12-21 00:00:00,1139.47885,2025-12-14 11:40:00,actual_same_interval_7_days_ago,2025-12-21 00:00:00,0,36,False,1035.2758888888889,800.0,0.0,0.0,4080.0,4800.0,1035.2758888888889,120.0
2025-12-21T00:00_rolling,2025-12-21 00:00:00,2025-12-21 00:10:00,2025-12-22 00:00:00,2025-12-21 00:00:00,2025-12-21 11:50:00,710,5514.445383333333,919.0742305555555,attachment3_10min_interpolation,0.0,2025-12-21 00:00:00,1131.7959166666667,2025-12-14 11:50:00,actual_same_interval_7_days_ago,2025-12-21 00:00:00,0,36,False,1012.7216861111112,800.0,0.0,0.0,4800.0,5520.0,1012.7216861111112,120.0
2025-12-21T00:00_rolling,2025-12-21 00:00:00,2025-12-21 00:10:00,2025-12-22 00:00:00,2025-12-21 00:00:00,2025-12-21 12:00:00,720,5603.673,933.9454999999999,attachment3_10min_interpolation,0.0,2025-12-21 00:00:00,1081.895,2025-12-14 12:00:00,actual_same_interval_7_days_ago,2025-12-21 00:00:00,0,36,False,947.9495000000001,800.0,0.0,0.0,5520.0,6240.0,947.9495000000001,120.0
2025-12-21T00:00_rolling,2025-12-21 00:00:00,2025-12-21 00:10:00,2025-12-22 00:00:00,2025-12-21 00:00:00,2025-12-21 12:10:00,730,5624.617716666667,937.4362861111111,attachment3_10min_interpolation,0.0,2025-12-21 00:00:00,1049.1536333333331,2025-12-14 12:10:00,actual_same_interval_7_days_ago,2025-12-21 00:00:00,0,36,False,911.717347222222,800.0,0.0,0.0,6240.0,6960.0,911.717347222222,120.0
2025-12-21T00:00_rolling,2025-12-21 00:00:00,2025-12-21 00:10:00,2025-12-22 00:00:00,2025-12-21 00:00:00,2025-12-21 12:20:00,740,5645.5624333333335,940.9270722222223,attachment3_10min_interpolation,0.0,2025-12-21 00:00:00,1055.6512666666663,2025-12-14 12:20:00,actual_same_interval_7_days_ago,2025-12-21 00:00:00,0,36,False,914.724194444444,800.0,0.0,0.0,6960.0,7680.0,914.724194444444,120.0
2025-12-21T00:00_rolling,2025-12-21 00:00:00,2025-12-21 00:10:00,2025-12-22 00:00:00,2025-12-21 00:00:00,2025-12-21 12:30:00,750,5666.50715,944.4178583333334,attachment3_10min_interpolation,0.0,2025-12-21 00:00:00,1060.84,2025-12-14 12:30:00,actual_same_interval_7_days_ago,2025-12-21 00:00:00,0,36,False,916.4221416666666,800.0,0.0,0.0,7680.0,8400.0,916.4221416666666,120.0
2025-12-21T00:00_rolling,2025-12-21 00:00:00,2025-12-21 00:10:00,2025-12-22 00:00:00,2025-12-21 00:00:00,2025-12-21 12:40:00,760,5687.451866666666,947.9086444444443,attachment3_10min_interpolation,0.0,2025-12-21 00:00:00,1015.2818166666666,2025-12-14 12:40:00,actual_same_interval_7_days_ago,2025-12-21 00:00:00,0,36,False,867.3731722222223,800.0,0.0,0.0,8400.0,9120.0,867.3731722222223,120.0
2025-12-21T00:00_rolling,2025-12-21 00:00:00,2025-12-21 00:10:00,2025-12-22 00:00:00,2025-12-21 00:00:00,2025-12-21 12:50:00,770,5708.396583333333,951.3994305555556,attachment3_10min_interpolation,0.0,2025-12-21 00:00:00,1036.7590166666666,2025-12-14 12:50:00,actual_same_interval_7_days_ago,2025-12-21 00:00:00,0,36,False,885.3595861111111,800.0,0.0,0.0,9120.0,9840.0,885.3595861111111,120.0
2025-12-21T00:00_rolling,2025-12-21 00:00:00,2025-12-21 00:10:00,2025-12-22 00:00:00,2025-12-21 00:00:00,2025-12-21 13:00:00,780,5729.3413,954.8902166666667,attachment3_10min_interpolation,0.0,2025-12-21 00:00:00,1116.9,2025-12-14 13:00:00,actual_same_interval_7_days_ago,2025-12-21 00:00:00,0,36,False,162.00978333333342,0.0,0.0,0.0,9840.0,9840.0,162.00978333333342,120.0
2025-12-21T00:00_rolling,2025-12-21 00:00:00,2025-12-21 00:10:00,2025-12-22 00:00:00,2025-12-21 00:00:00,2025-12-21 13:10:00,790,5593.404316666667,932.2340527777778,attachment3_10min_interpolation,0.0,2025-12-21 00:00:00,1124.145166666667,2025-12-14 13:10:00,actual_same_interval_7_days_ago,2025-12-21 00:00:00,0,36,False,191.91111388888908,0.0,0.0,0.0,9840.0,9840.0,191.91111388888908,120.0
2025-12-21T00:00_rolling,2025-12-21 00:00:00,2025-12-21 00:10:00,2025-12-22 00:00:00,2025-12-21 00:00:00,2025-12-21 13:20:00,800,5457.467333333333,909.5778888888889,attachment3_10min_interpolation,0.0,2025-12-21 00:00:00,1105.8272166666668,2025-12-14 13:20:00,actual_same_interval_7_days_ago,2025-12-21 00:00:00,0,36,False,196.24932777777792,0.0,0.0,0.0,9840.0,9840.0,196.24932777777792,120.0
2025-12-21T00:00_rolling,2025-12-21 00:00:00,2025-12-21 00:10:00,2025-12-22 00:00:00,2025-12-21 00:00:00,2025-12-21 13:30:00,810,5321.53035,886.921725,attachment3_10min_interpolation,0.0,2025-12-21 00:00:00,1098.9433333333334,2025-12-14 13:30:00,actual_same_interval_7_days_ago,2025-12-21 00:00:00,0,36,False,212.02160833333335,0.0,0.0,0.0,9840.0,9840.0,212.02160833333335,120.0
2025-12-21T00:00_rolling,2025-12-21 00:00:00,2025-12-21 00:10:00,2025-12-22 00:00:00,2025-12-21 00:00:00,2025-12-21 13:40:00,820,5185.593366666667,864.2655611111112,attachment3_10min_interpolation,0.0,2025-12-21 00:00:00,1087.49465,2025-12-14 13:40:00,actual_same_interval_7_days_ago,2025-12-21 00:00:00,0,36,False,223.2290888888889,0.0,0.0,0.0,9840.0,9840.0,223.2290888888889,120.0
2025-12-21T00:00_rolling,2025-12-21 00:00:00,2025-12-21 00:10:00,2025-12-22 00:00:00,2025-12-21 00:00:00,2025-12-21 13:50:00,830,5049.656383333333,841.6093972222221,attachment3_10min_interpolation,0.0,2025-12-21 00:00:00,1071.4292333333333,2025-12-14 13:50:00,actual_same_interval_7_days_ago,2025-12-21 00:00:00,0,36,False,229.81983611111116,0.0,0.0,0.0,9840.0,9840.0,229.81983611111116,120.0
2025-12-21T00:00_rolling,2025-12-21 00:00:00,2025-12-21 00:10:00,2025-12-22 00:00:00,2025-12-21 00:00:00,2025-12-21 14:00:00,840,4913.7194,818.9532333333333,attachment3_10min_interpolation,0.0,2025-12-21 00:00:00,1061.8733333333332,2025-12-14 14:00:00,actual_same_interval_7_days_ago,2025-12-21 00:00:00,0,36,False,26.920099999999934,0.0,216.0,0.0,9840.0,9600.0,26.920099999999934,120.0
2025-12-21T00:00_rolling,2025-12-21 00:00:00,2025-12-21 00:10:00,2025-12-22 00:00:00,2025-12-21 00:00:00,2025-12-21 14:10:00,850,4652.064616666667,775.3441027777777,attachment3_10min_interpolation,0.0,2025-12-21 00:00:00,1072.4911833333333,2025-12-14 14:10:00,actual_same_interval_7_days_ago,2025-12-21 00:00:00,0,36,False,81.14708055555559,0.0,216.0,0.0,9600.0,9360.0,81.14708055555559,120.0
2025-12-21T00:00_rolling,2025-12-21 00:00:00,2025-12-21 00:10:00,2025-12-22 00:00:00,2025-12-21 00:00:00,2025-12-21 14:20:00,860,4390.409833333333,731.7349722222222,attachment3_10min_interpolation,0.0,2025-12-21 00:00:00,1099.6715000000002,2025-12-14 14:20:00,actual_same_interval_7_days_ago,2025-12-21 00:00:00,0,36,False,43.936527777778,0.0,324.0,0.0,9360.0,9000.0,43.936527777778,120.0
2025-12-21T00:00_rolling,2025-12-21 00:00:00,2025-12-21 00:10:00,2025-12-22 00:00:00,2025-12-21 00:00:00,2025-12-21 14:30:00,870,4128.75505,688.1258416666666,attachment3_10min_interpolation,0.0,2025-12-21 00:00:00,1108.9366666666667,2025-12-14 14:30:00,actual_same_interval_7_days_ago,2025-12-21 00:00:00,0,36,False,96.81082500000014,0.0,324.0,0.0,9000.0,8640.0,96.81082500000014,120.0
2025-12-21T00:00_rolling,2025-12-21 00:00:00,2025-12-21 00:10:00,2025-12-22 00:00:00,2025-12-21 00:00:00,2025-12-21 14:40:00,880,3867.100266666667,644.5167111111111,attachment3_10min_interpolation,0.0,2025-12-21 00:00:00,1068.8516,2025-12-14 14:40:00,actual_same_interval_7_days_ago,2025-12-21 00:00:00,0,36,False,0.0,0.0,432.0,7.665111111111173,8640.0,8160.0,0.0,120.0
2025-12-21T00:00_rolling,2025-12-21 00:00:00,2025-12-21 00:10:00,2025-12-22 00:00:00,2025-12-21 00:00:00,2025-12-21 14:50:00,890,3605.445483333333,600.9075805555555,attachment3_10min_interpolation,0.0,2025-12-21 00:00:00,1061.4604166666666,2025-12-14 14:50:00,actual_same_interval_7_days_ago,2025-12-21 00:00:00,0,36,False,28.552836111111105,0.0,432.0,0.0,8160.0,7680.0,28.552836111111105,120.0
2025-12-21T00:00_rolling,2025-12-21 00:00:00,2025-12-21 00:10:00,2025-12-22 00:00:00,2025-12-21 00:00:00,2025-12-21 15:00:00,900,3343.7907,557.29845,attachment3_10min_interpolation,0.0,2025-12-21 00:00:00,1093.01,2025-12-14 15:00:00,actual_same_interval_7_days_ago,2025-12-21 00:00:00,0,36,False,1335.71155,800.0,0.0,0.0,7680.0,8400.0,1335.71155,120.0
2025-12-21T00:00_rolling,2025-12-21 00:00:00,2025-12-21 00:10:00,2025-12-22 00:00:00,2025-12-21 00:00:00,2025-12-21 15:10:00,910,3028.334516666667,504.7224194444445,attachment3_10min_interpolation,0.0,2025-12-21 00:00:00,1087.8379,2025-12-14 15:10:00,actual_same_interval_7_days_ago,2025-12-21 00:00:00,0,36,False,1383.1154805555555,800.0,0.0,0.0,8400.0,9120.0,1383.1154805555555,120.0
2025-12-21T00:00_rolling,2025-12-21 00:00:00,2025-12-21 00:10:00,2025-12-22 00:00:00,2025-12-21 00:00:00,2025-12-21 15:20:00,920,2712.8783333333336,452.1463888888889,attachment3_10min_interpolation,0.0,2025-12-21 00:00:00,1060.7003333333334,2025-12-14 15:20:00,actual_same_interval_7_days_ago,2025-12-21 00:00:00,0,36,False,1408.5539444444446,800.0,0.0,0.0,9120.0,9840.0,1408.5539444444446,120.0
2025-12-21T00:00_rolling,2025-12-21 00:00:00,2025-12-21 00:10:00,2025-12-22 00:00:00,2025-12-21 00:00:00,2025-12-21 15:30:00,930,2397.42215,399.57035833333333,attachment3_10min_interpolation,0.0,2025-12-21 00:00:00,1055.19,2025-12-14 15:30:00,actual_same_interval_7_days_ago,2025-12-21 00:00:00,0,36,False,1455.6196416666667,800.0,0.0,0.0,9840.0,10560.0,1455.6196416666667,120.0
2025-12-21T00:00_rolling,2025-12-21 00:00:00,2025-12-21 00:10:00,2025-12-22 00:00:00,2025-12-21 00:00:00,2025-12-21 15:40:00,940,2081.965966666666,346.9943277777777,attachment3_10min_interpolation,0.0,2025-12-21 00:00:00,1092.7591166666666,2025-12-14 15:40:00,actual_same_interval_7_days_ago,2025-12-21 00:00:00,0,36,False,1012.4314555555557,266.6666666666667,0.0,0.0,10560.0,10800.0,1012.4314555555557,120.0
2025-12-21T00:00_rolling,2025-12-21 00:00:00,2025-12-21 00:10:00,2025-12-22 00:00:00,2025-12-21 00:00:00,2025-12-21 15:50:00,950,1766.5097833333334,294.41829722222224,attachment3_10min_interpolation,0.0,2025-12-21 00:00:00,1090.3288,2025-12-14 15:50:00,actual_same_interval_7_days_ago,2025-12-21 00:00:00,0,36,False,795.9105027777778,0.0,0.0,0.0,10800.0,10800.0,795.9105027777778,120.0
2025-12-21T00:00_rolling,2025-12-21 00:00:00,2025-12-21 00:10:00,2025-12-22 00:00:00,2025-12-21 00:00:00,2025-12-21 16:00:00,960,1451.0536,241.84226666666666,attachment3_10min_interpolation,0.0,2025-12-21 00:00:00,1037.98,2025-12-14 16:00:00,actual_same_interval_7_days_ago,2025-12-21 00:00:00,0,36,False,796.1377333333334,0.0,0.0,0.0,10800.0,10800.0,796.1377333333334,120.0
2025-12-21T00:00_rolling,2025-12-21 00:00:00,2025-12-21 00:10:00,2025-12-22 00:00:00,2025-12-21 00:00:00,2025-12-21 16:10:00,970,1209.2113333333334,201.53522222222225,attachment3_10min_interpolation,0.0,2025-12-21 00:00:00,1008.14715,2025-12-14 16:10:00,actual_same_interval_7_days_ago,2025-12-21 00:00:00,0,36,False,806.6119277777777,0.0,0.0,0.0,10800.0,10800.0,806.6119277777777,120.0
2025-12-21T00:00_rolling,2025-12-21 00:00:00,2025-12-21 00:10:00,2025-12-22 00:00:00,2025-12-21 00:00:00,2025-12-21 16:20:00,980,967.3690666666666,161.22817777777777,attachment3_10min_interpolation,0.0,2025-12-21 00:00:00,1005.7553166666668,2025-12-14 16:20:00,actual_same_interval_7_days_ago,2025-12-21 00:00:00,0,36,False,844.527138888889,0.0,0.0,0.0,10800.0,10800.0,844.527138888889,120.0
2025-12-21T00:00_rolling,2025-12-21 00:00:00,2025-12-21 00:10:00,2025-12-22 00:00:00,2025-12-21 00:00:00,2025-12-21 16:30:00,990,725.5268,120.92113333333333,attachment3_10min_interpolation,0.0,2025-12-21 00:00:00,1028.465,2025-12-14 16:30:00,actual_same_interval_7_days_ago,2025-12-21 00:00:00,0,36,False,907.5438666666666,0.0,0.0,0.0,10800.0,10800.0,907.5438666666666,120.0
2025-12-21T00:00_rolling,2025-12-21 00:00:00,2025-12-21 00:10:00,2025-12-22 00:00:00,2025-12-21 00:00:00,2025-12-21 16:40:00,1000,483.6845333333334,80.6140888888889,attachment3_10min_interpolation,0.0,2025-12-21 00:00:00,1068.1531333333337,2025-12-14 16:40:00,actual_same_interval_7_days_ago,2025-12-21 00:00:00,0,36,False,987.5390444444448,0.0,0.0,0.0,10800.0,10800.0,987.5390444444448,120.0
2025-12-21T00:00_rolling,2025-12-21 00:00:00,2025-12-21 00:10:00,2025-12-22 00:00:00,2025-12-21 00:00:00,2025-12-21 16:50:00,1010,241.84226666666677,40.307044444444465,attachment3_10min_interpolation,0.0,2025-12-21 00:00:00,1055.5353833333334,2025-12-14 16:50:00,actual_same_interval_7_days_ago,2025-12-21 00:00:00,0,36,False,1015.2283388888889,0.0,0.0,0.0,10800.0,10800.0,1015.2283388888889,120.0
2025-12-21T00:00_rolling,2025-12-21 00:00:00,2025-12-21 00:10:00,2025-12-22 00:00:00,2025-12-21 00:00:00,2025-12-21 17:00:00,1020,0.0,0.0,attachment3_10min_interpolation,0.0,2025-12-21 00:00:00,1014.9216666666666,2025-12-14 17:00:00,actual_same_interval_7_days_ago,2025-12-21 00:00:00,0,36,False,1014.9216666666666,0.0,0.0,0.0,10800.0,10800.0,1014.9216666666666,120.0
2025-12-21T00:00_rolling,2025-12-21 00:00:00,2025-12-21 00:10:00,2025-12-22 00:00:00,2025-12-21 00:00:00,2025-12-21 17:10:00,1030,0.0,0.0,attachment3_10min_interpolation,0.0,2025-12-21 00:00:00,1037.7973,2025-12-14 17:10:00,actual_same_interval_7_days_ago,2025-12-21 00:00:00,0,36,False,1037.7973,0.0,0.0,0.0,10800.0,10800.0,1037.7973,120.0
2025-12-21T00:00_rolling,2025-12-21 00:00:00,2025-12-21 00:10:00,2025-12-22 00:00:00,2025-12-21 00:00:00,2025-12-21 17:20:00,1040,0.0,0.0,attachment3_10min_interpolation,0.0,2025-12-21 00:00:00,1052.7808333333337,2025-12-14 17:20:00,actual_same_interval_7_days_ago,2025-12-21 00:00:00,0,36,False,1052.7808333333337,0.0,0.0,0.0,10800.0,10800.0,1052.7808333333337,120.0
2025-12-21T00:00_rolling,2025-12-21 00:00:00,2025-12-21 00:10:00,2025-12-22 00:00:00,2025-12-21 00:00:00,2025-12-21 17:30:00,1050,0.0,0.0,attachment3_10min_interpolation,0.0,2025-12-21 00:00:00,1047.595,2025-12-14 17:30:00,actual_same_interval_7_days_ago,2025-12-21 00:00:00,0,36,False,1047.595,0.0,0.0,0.0,10800.0,10800.0,1047.595,120.0
2025-12-21T00:00_rolling,2025-12-21 00:00:00,2025-12-21 00:10:00,2025-12-22 00:00:00,2025-12-21 00:00:00,2025-12-21 17:40:00,1060,0.0,0.0,attachment3_10min_interpolation,0.0,2025-12-21 00:00:00,1057.7831833333332,2025-12-14 17:40:00,actual_same_interval_7_days_ago,2025-12-21 00:00:00,0,36,False,1057.7831833333332,0.0,0.0,0.0,10800.0,10800.0,1057.7831833333332,120.0
2025-12-21T00:00_rolling,2025-12-21 00:00:00,2025-12-21 00:10:00,2025-12-22 00:00:00,2025-12-21 00:00:00,2025-12-21 17:50:00,1070,0.0,0.0,attachment3_10min_interpolation,0.0,2025-12-21 00:00:00,919.2911666666668,2025-12-14 17:50:00,actual_same_interval_7_days_ago,2025-12-21 00:00:00,0,36,False,919.2911666666668,0.0,0.0,0.0,10800.0,10800.0,919.2911666666668,120.0
2025-12-21T00:00_rolling,2025-12-21 00:00:00,2025-12-21 00:10:00,2025-12-22 00:00:00,2025-12-21 00:00:00,2025-12-21 18:00:00,1080,0.0,0.0,attachment3_10min_interpolation,0.0,2025-12-21 00:00:00,717.2216666666667,2025-12-14 18:00:00,actual_same_interval_7_days_ago,2025-12-21 00:00:00,0,36,False,717.2216666666667,0.0,0.0,0.0,10800.0,10800.0,717.2216666666667,120.0
2025-12-21T00:00_rolling,2025-12-21 00:00:00,2025-12-21 00:10:00,2025-12-22 00:00:00,2025-12-21 00:00:00,2025-12-21 18:10:00,1090,0.0,0.0,attachment3_10min_interpolation,0.0,2025-12-21 00:00:00,720.8249333333333,2025-12-14 18:10:00,actual_same_interval_7_days_ago,2025-12-21 00:00:00,0,36,False,72.82493333333332,0.0,648.0,0.0,10800.0,10080.0,72.82493333333332,120.0
2025-12-21T00:00_rolling,2025-12-21 00:00:00,2025-12-21 00:10:00,2025-12-22 00:00:00,2025-12-21 00:00:00,2025-12-21 18:20:00,1100,0.0,0.0,attachment3_10min_interpolation,0.0,2025-12-21 00:00:00,744.6798166666667,2025-12-14 18:20:00,actual_same_interval_7_days_ago,2025-12-21 00:00:00,0,36,False,744.6798166666667,0.0,0.0,0.0,10080.0,10080.0,744.6798166666667,120.0
2025-12-21T00:00_rolling,2025-12-21 00:00:00,2025-12-21 00:10:00,2025-12-22 00:00:00,2025-12-21 00:00:00,2025-12-21 18:30:00,1110,0.0,0.0,attachment3_10min_interpolation,0.0,2025-12-21 00:00:00,700.34,2025-12-14 18:30:00,actual_same_interval_7_days_ago,2025-12-21 00:00:00,0,36,False,592.34,0.0,108.0,0.0,10080.0,9960.0,592.34,120.0
2025-12-21T00:00_rolling,2025-12-21 00:00:00,2025-12-21 00:10:00,2025-12-22 00:00:00,2025-12-21 00:00:00,2025-12-21 18:40:00,1120,0.0,0.0,attachment3_10min_interpolation,0.0,2025-12-21 00:00:00,687.4983000000001,2025-12-14 18:40:00,actual_same_interval_7_days_ago,2025-12-21 00:00:00,0,36,False,687.4983000000001,0.0,0.0,0.0,9960.0,9960.0,687.4983000000001,120.0
2025-12-21T00:00_rolling,2025-12-21 00:00:00,2025-12-21 00:10:00,2025-12-22 00:00:00,2025-12-21 00:00:00,2025-12-21 18:50:00,1130,0.0,0.0,attachment3_10min_interpolation,0.0,2025-12-21 00:00:00,702.9292666666666,2025-12-14 18:50:00,actual_same_interval_7_days_ago,2025-12-21 00:00:00,0,36,False,54.92926666666665,0.0,648.0,0.0,9960.0,9240.0,54.92926666666665,120.0
2025-12-21T00:00_rolling,2025-12-21 00:00:00,2025-12-21 00:10:00,2025-12-22 00:00:00,2025-12-21 00:00:00,2025-12-21 19:00:00,1140,0.0,0.0,attachment3_10min_interpolation,0.0,2025-12-21 00:00:00,721.9416666666666,2025-12-14 19:00:00,actual_same_interval_7_days_ago,2025-12-21 00:00:00,0,36,False,73.9416666666666,0.0,648.0,0.0,9240.0,8520.0,73.9416666666666,120.0
2025-12-21T00:00_rolling,2025-12-21 00:00:00,2025-12-21 00:10:00,2025-12-22 00:00:00,2025-12-21 00:00:00,2025-12-21 19:10:00,1150,0.0,0.0,attachment3_10min_interpolation,0.0,2025-12-21 00:00:00,732.0482999999999,2025-12-14 19:10:00,actual_same_interval_7_days_ago,2025-12-21 00:00:00,0,36,False,84.04829999999993,0.0,648.0,0.0,8520.0,7800.0,84.04829999999993,120.0
2025-12-21T00:00_rolling,2025-12-21 00:00:00,2025-12-21 00:10:00,2025-12-22 00:00:00,2025-12-21 00:00:00,2025-12-21 19:20:00,1160,0.0,0.0,attachment3_10min_interpolation,0.0,2025-12-21 00:00:00,742.1127499999999,2025-12-14 19:20:00,actual_same_interval_7_days_ago,2025-12-21 00:00:00,0,36,False,94.11274999999989,0.0,648.0,0.0,7800.0,7080.0,94.11274999999989,120.0
2025-12-21T00:00_rolling,2025-12-21 00:00:00,2025-12-21 00:10:00,2025-12-22 00:00:00,2025-12-21 00:00:00,2025-12-21 19:30:00,1170,0.0,0.0,attachment3_10min_interpolation,0.0,2025-12-21 00:00:00,743.3583333333332,2025-12-14 19:30:00,actual_same_interval_7_days_ago,2025-12-21 00:00:00,0,36,False,95.35833333333323,0.0,648.0,0.0,7080.0,6360.0,95.35833333333323,120.0
2025-12-21T00:00_rolling,2025-12-21 00:00:00,2025-12-21 00:10:00,2025-12-22 00:00:00,2025-12-21 00:00:00,2025-12-21 19:40:00,1180,0.0,0.0,attachment3_10min_interpolation,0.0,2025-12-21 00:00:00,719.89135,2025-12-14 19:40:00,actual_same_interval_7_days_ago,2025-12-21 00:00:00,0,36,False,71.89134999999999,0.0,648.0,0.0,6360.0,5640.0,71.89134999999999,120.0
2025-12-21T00:00_rolling,2025-12-21 00:00:00,2025-12-21 00:10:00,2025-12-22 00:00:00,2025-12-21 00:00:00,2025-12-21 19:50:00,1190,0.0,0.0,attachment3_10min_interpolation,0.0,2025-12-21 00:00:00,716.79235,2025-12-14 19:50:00,actual_same_interval_7_days_ago,2025-12-21 00:00:00,0,36,False,68.79235000000006,0.0,648.0,0.0,5640.0,4920.0,68.79235000000006,120.0
2025-12-21T00:00_rolling,2025-12-21 00:00:00,2025-12-21 00:10:00,2025-12-22 00:00:00,2025-12-21 00:00:00,2025-12-21 20:00:00,1200,0.0,0.0,attachment3_10min_interpolation,0.0,2025-12-21 00:00:00,745.0716666666667,2025-12-14 20:00:00,actual_same_interval_7_days_ago,2025-12-21 00:00:00,0,36,False,97.07166666666672,0.0,648.0,0.0,4920.0,4200.0,97.07166666666672,120.0
2025-12-21T00:00_rolling,2025-12-21 00:00:00,2025-12-21 00:10:00,2025-12-22 00:00:00,2025-12-21 00:00:00,2025-12-21 20:10:00,1210,0.0,0.0,attachment3_10min_interpolation,0.0,2025-12-21 00:00:00,766.45415,2025-12-14 20:10:00,actual_same_interval_7_days_ago,2025-12-21 00:00:00,0,36,False,10.454150000000027,0.0,756.0,0.0,4200.0,3360.0,10.454150000000027,120.0
2025-12-21T00:00_rolling,2025-12-21 00:00:00,2025-12-21 00:10:00,2025-12-22 00:00:00,2025-12-21 00:00:00,2025-12-21 20:20:00,1220,0.0,0.0,attachment3_10min_interpolation,0.0,2025-12-21 00:00:00,746.2377333333334,2025-12-14 20:20:00,actual_same_interval_7_days_ago,2025-12-21 00:00:00,0,36,False,98.23773333333338,0.0,648.0,0.0,3360.0,2640.0,98.23773333333338,120.0
2025-12-21T00:00_rolling,2025-12-21 00:00:00,2025-12-21 00:10:00,2025-12-22 00:00:00,2025-12-21 00:00:00,2025-12-21 20:30:00,1230,0.0,0.0,attachment3_10min_interpolation,0.0,2025-12-21 00:00:00,706.9566666666666,2025-12-14 20:30:00,actual_same_interval_7_days_ago,2025-12-21 00:00:00,0,36,False,58.95666666666659,0.0,648.0,0.0,2640.0,1920.0,58.95666666666659,120.0
2025-12-21T00:00_rolling,2025-12-21 00:00:00,2025-12-21 00:10:00,2025-12-22 00:00:00,2025-12-21 00:00:00,2025-12-21 20:40:00,1240,0.0,0.0,attachment3_10min_interpolation,0.0,2025-12-21 00:00:00,706.8162000000001,2025-12-14 20:40:00,actual_same_interval_7_days_ago,2025-12-21 00:00:00,0,36,False,58.816200000000094,0.0,648.0,0.0,1920.0,1200.0,58.816200000000094,120.0
2025-12-21T00:00_rolling,2025-12-21 00:00:00,2025-12-21 00:10:00,2025-12-22 00:00:00,2025-12-21 00:00:00,2025-12-21 20:50:00,1250,0.0,0.0,attachment3_10min_interpolation,0.0,2025-12-21 00:00:00,724.2105166666666,2025-12-14 20:50:00,actual_same_interval_7_days_ago,2025-12-21 00:00:00,0,36,False,724.2105166666666,0.0,0.0,0.0,1200.0,1200.0,724.2105166666666,120.0
2025-12-21T00:00_rolling,2025-12-21 00:00:00,2025-12-21 00:10:00,2025-12-22 00:00:00,2025-12-21 00:00:00,2025-12-21 21:00:00,1260,0.0,0.0,attachment3_10min_interpolation,0.0,2025-12-21 00:00:00,732.85,2025-12-14 21:00:00,actual_same_interval_7_days_ago,2025-12-21 00:00:00,0,36,False,732.85,0.0,0.0,0.0,1200.0,1200.0,732.85,120.0
2025-12-21T00:00_rolling,2025-12-21 00:00:00,2025-12-21 00:10:00,2025-12-22 00:00:00,2025-12-21 00:00:00,2025-12-21 21:10:00,1270,0.0,0.0,attachment3_10min_interpolation,0.0,2025-12-21 00:00:00,727.7661499999999,2025-12-14 21:10:00,actual_same_interval_7_days_ago,2025-12-21 00:00:00,0,36,False,727.7661499999999,0.0,0.0,0.0,1200.0,1200.0,727.7661499999999,120.0
2025-12-21T00:00_rolling,2025-12-21 00:00:00,2025-12-21 00:10:00,2025-12-22 00:00:00,2025-12-21 00:00:00,2025-12-21 21:20:00,1280,0.0,0.0,attachment3_10min_interpolation,0.0,2025-12-21 00:00:00,725.3740666666666,2025-12-14 21:20:00,actual_same_interval_7_days_ago,2025-12-21 00:00:00,0,36,False,725.3740666666666,0.0,0.0,0.0,1200.0,1200.0,725.3740666666666,120.0
2025-12-21T00:00_rolling,2025-12-21 00:00:00,2025-12-21 00:10:00,2025-12-22 00:00:00,2025-12-21 00:00:00,2025-12-21 21:30:00,1290,0.0,0.0,attachment3_10min_interpolation,0.0,2025-12-21 00:00:00,738.7916666666666,2025-12-14 21:30:00,actual_same_interval_7_days_ago,2025-12-21 00:00:00,0,36,False,738.7916666666666,0.0,0.0,0.0,1200.0,1200.0,738.7916666666666,120.0
2025-12-21T00:00_rolling,2025-12-21 00:00:00,2025-12-21 00:10:00,2025-12-22 00:00:00,2025-12-21 00:00:00,2025-12-21 21:40:00,1300,0.0,0.0,attachment3_10min_interpolation,0.0,2025-12-21 00:00:00,753.2937499999999,2025-12-14 21:40:00,actual_same_interval_7_days_ago,2025-12-21 00:00:00,0,36,False,753.2937499999999,0.0,0.0,0.0,1200.0,1200.0,753.2937499999999,120.0
2025-12-21T00:00_rolling,2025-12-21 00:00:00,2025-12-21 00:10:00,2025-12-22 00:00:00,2025-12-21 00:00:00,2025-12-21 21:50:00,1310,0.0,0.0,attachment3_10min_interpolation,0.0,2025-12-21 00:00:00,683.0635166666666,2025-12-14 21:50:00,actual_same_interval_7_days_ago,2025-12-21 00:00:00,0,36,False,683.0635166666666,0.0,0.0,0.0,1200.0,1200.0,683.0635166666666,120.0
2025-12-21T00:00_rolling,2025-12-21 00:00:00,2025-12-21 00:10:00,2025-12-22 00:00:00,2025-12-21 00:00:00,2025-12-21 22:00:00,1320,0.0,0.0,attachment3_10min_interpolation,0.0,2025-12-21 00:00:00,570.3616666666667,2025-12-14 22:00:00,actual_same_interval_7_days_ago,2025-12-21 00:00:00,0,36,False,570.3616666666667,0.0,0.0,0.0,1200.0,1200.0,570.3616666666667,120.0
2025-12-21T00:00_rolling,2025-12-21 00:00:00,2025-12-21 00:10:00,2025-12-22 00:00:00,2025-12-21 00:00:00,2025-12-21 22:10:00,1330,0.0,0.0,attachment3_10min_interpolation,0.0,2025-12-21 00:00:00,552.9186166666667,2025-12-14 22:10:00,actual_same_interval_7_days_ago,2025-12-21 00:00:00,0,36,False,552.9186166666667,0.0,0.0,0.0,1200.0,1200.0,552.9186166666667,120.0
2025-12-21T00:00_rolling,2025-12-21 00:00:00,2025-12-21 00:10:00,2025-12-22 00:00:00,2025-12-21 00:00:00,2025-12-21 22:20:00,1340,0.0,0.0,attachment3_10min_interpolation,0.0,2025-12-21 00:00:00,569.8221833333333,2025-12-14 22:20:00,actual_same_interval_7_days_ago,2025-12-21 00:00:00,0,36,False,569.8221833333333,0.0,0.0,0.0,1200.0,1200.0,569.8221833333333,120.0
2025-12-21T00:00_rolling,2025-12-21 00:00:00,2025-12-21 00:10:00,2025-12-22 00:00:00,2025-12-21 00:00:00,2025-12-21 22:30:00,1350,0.0,0.0,attachment3_10min_interpolation,0.0,2025-12-21 00:00:00,565.9616666666667,2025-12-14 22:30:00,actual_same_interval_7_days_ago,2025-12-21 00:00:00,0,36,False,565.9616666666667,0.0,0.0,0.0,1200.0,1200.0,565.9616666666667,120.0
2025-12-21T00:00_rolling,2025-12-21 00:00:00,2025-12-21 00:10:00,2025-12-22 00:00:00,2025-12-21 00:00:00,2025-12-21 22:40:00,1360,0.0,0.0,attachment3_10min_interpolation,0.0,2025-12-21 00:00:00,548.3579,2025-12-14 22:40:00,actual_same_interval_7_days_ago,2025-12-21 00:00:00,0,36,False,548.3579,0.0,0.0,0.0,1200.0,1200.0,548.3579,120.0
2025-12-21T00:00_rolling,2025-12-21 00:00:00,2025-12-21 00:10:00,2025-12-22 00:00:00,2025-12-21 00:00:00,2025-12-21 22:50:00,1370,0.0,0.0,attachment3_10min_interpolation,0.0,2025-12-21 00:00:00,543.2948333333333,2025-12-14 22:50:00,actual_same_interval_7_days_ago,2025-12-21 00:00:00,0,36,False,543.2948333333333,0.0,0.0,0.0,1200.0,1200.0,543.2948333333333,120.0
2025-12-21T00:00_rolling,2025-12-21 00:00:00,2025-12-21 00:10:00,2025-12-22 00:00:00,2025-12-21 00:00:00,2025-12-21 23:00:00,1380,0.0,0.0,attachment3_10min_interpolation,0.0,2025-12-21 00:00:00,558.3249999999999,2025-12-14 23:00:00,actual_same_interval_7_days_ago,2025-12-21 00:00:00,0,36,False,558.3249999999999,0.0,0.0,0.0,1200.0,1200.0,558.3249999999999,120.0
2025-12-21T00:00_rolling,2025-12-21 00:00:00,2025-12-21 00:10:00,2025-12-22 00:00:00,2025-12-21 00:00:00,2025-12-21 23:10:00,1390,0.0,0.0,attachment3_10min_interpolation,0.0,2025-12-21 00:00:00,578.14965,2025-12-14 23:10:00,actual_same_interval_7_days_ago,2025-12-21 00:00:00,0,36,False,578.14965,0.0,0.0,0.0,1200.0,1200.0,578.14965,120.0
2025-12-21T00:00_rolling,2025-12-21 00:00:00,2025-12-21 00:10:00,2025-12-22 00:00:00,2025-12-21 00:00:00,2025-12-21 23:20:00,1400,0.0,0.0,attachment3_10min_interpolation,0.0,2025-12-21 00:00:00,587.9633333333334,2025-12-14 23:20:00,actual_same_interval_7_days_ago,2025-12-21 00:00:00,0,36,False,587.9633333333334,0.0,0.0,0.0,1200.0,1200.0,587.9633333333334,120.0
2025-12-21T00:00_rolling,2025-12-21 00:00:00,2025-12-21 00:10:00,2025-12-22 00:00:00,2025-12-21 00:00:00,2025-12-21 23:30:00,1410,0.0,0.0,attachment3_10min_interpolation,0.0,2025-12-21 00:00:00,578.2983333333333,2025-12-14 23:30:00,actual_same_interval_7_days_ago,2025-12-21 00:00:00,0,36,False,578.2983333333333,0.0,0.0,0.0,1200.0,1200.0,578.2983333333333,120.0
2025-12-21T00:00_rolling,2025-12-21 00:00:00,2025-12-21 00:10:00,2025-12-22 00:00:00,2025-12-21 00:00:00,2025-12-21 23:40:00,1420,0.0,0.0,attachment3_10min_interpolation,0.0,2025-12-21 00:00:00,557.10235,2025-12-14 23:40:00,actual_same_interval_7_days_ago,2025-12-21 00:00:00,0,36,False,557.10235,0.0,0.0,0.0,1200.0,1200.0,557.10235,120.0
2025-12-21T00:00_rolling,2025-12-21 00:00:00,2025-12-21 00:10:00,2025-12-22 00:00:00,2025-12-21 00:00:00,2025-12-21 23:50:00,1430,0.0,0.0,attachment3_10min_interpolation,0.0,2025-12-21 00:00:00,577.9149666666666,2025-12-14 23:50:00,actual_same_interval_7_days_ago,2025-12-21 00:00:00,0,36,False,577.9149666666666,0.0,0.0,0.0,1200.0,1200.0,577.9149666666666,120.0
2025-12-21T00:00_rolling,2025-12-21 00:00:00,2025-12-21 00:10:00,2025-12-22 00:00:00,2025-12-21 00:00:00,2025-12-22 00:00:00,1440,0.0,0.0,attachment3_10min_interpolation,0.0,2025-12-21 00:00:00,609.63,2025-12-15 00:00:00,actual_same_interval_7_days_ago,2025-12-21 00:00:00,0,36,False,609.63,0.0,0.0,0.0,1200.0,1200.0,609.63,120.0
2025-12-21T06:00_rolling,2025-12-21 06:00:00,2025-12-21 06:10:00,2025-12-22 06:00:00,2025-12-21 06:00:00,2025-12-21 06:10:00,10,0.0,0.0,observed_anchor_linear_to_h1,0.0,2025-12-21 06:00:00,900.34945,2025-12-14 06:10:00,actual_same_interval_7_days_ago,2025-12-21 06:00:00,36,72,True,252.34945000000005,0.0,648.0,0.0,10800.0,10080.0,252.34945000000005,120.0
2025-12-21T06:00_rolling,2025-12-21 06:00:00,2025-12-21 06:10:00,2025-12-22 06:00:00,2025-12-21 06:00:00,2025-12-21 06:20:00,20,0.0,0.0,observed_anchor_linear_to_h1,0.0,2025-12-21 06:00:00,887.5913,2025-12-14 06:20:00,actual_same_interval_7_days_ago,2025-12-21 06:00:00,36,72,True,887.5913,0.0,0.0,0.0,10080.0,10080.0,887.5913,120.0
2025-12-21T06:00_rolling,2025-12-21 06:00:00,2025-12-21 06:10:00,2025-12-22 06:00:00,2025-12-21 06:00:00,2025-12-21 06:30:00,30,0.0,0.0,observed_anchor_linear_to_h1,0.0,2025-12-21 06:00:00,878.9016666666666,2025-12-14 06:30:00,actual_same_interval_7_days_ago,2025-12-21 06:00:00,36,72,True,878.9016666666666,0.0,0.0,0.0,10080.0,10080.0,878.9016666666666,120.0
2025-12-21T06:00_rolling,2025-12-21 06:00:00,2025-12-21 06:10:00,2025-12-22 06:00:00,2025-12-21 06:00:00,2025-12-21 06:40:00,40,0.0,0.0,observed_anchor_linear_to_h1,0.0,2025-12-21 06:00:00,888.7171333333334,2025-12-14 06:40:00,actual_same_interval_7_days_ago,2025-12-21 06:00:00,36,72,True,888.7171333333334,0.0,0.0,0.0,10080.0,10080.0,888.7171333333334,120.0
2025-12-21T06:00_rolling,2025-12-21 06:00:00,2025-12-21 06:10:00,2025-12-22 06:00:00,2025-12-21 06:00:00,2025-12-21 06:50:00,50,0.0,0.0,observed_anchor_linear_to_h1,0.0,2025-12-21 06:00:00,908.1604166666666,2025-12-14 06:50:00,actual_same_interval_7_days_ago,2025-12-21 06:00:00,36,72,True,908.1604166666666,0.0,0.0,0.0,10080.0,10080.0,908.1604166666666,120.0
2025-12-21T06:00_rolling,2025-12-21 06:00:00,2025-12-21 06:10:00,2025-12-22 06:00:00,2025-12-21 06:00:00,2025-12-21 07:00:00,60,0.0,0.0,attachment3_10min_interpolation,0.0,2025-12-21 06:00:00,912.8483333333334,2025-12-14 07:00:00,actual_same_interval_7_days_ago,2025-12-21 06:00:00,36,72,True,912.8483333333334,0.0,0.0,0.0,10080.0,10080.0,912.8483333333334,120.0
2025-12-21T06:00_rolling,2025-12-21 06:00:00,2025-12-21 06:10:00,2025-12-22 06:00:00,2025-12-21 06:00:00,2025-12-21 07:10:00,70,261.3493833333333,43.558230555555554,attachment3_10min_interpolation,0.0,2025-12-21 06:00:00,885.2799,2025-12-14 07:10:00,actual_same_interval_7_days_ago,2025-12-21 06:00:00,36,72,True,841.7216694444444,0.0,0.0,0.0,10080.0,10080.0,841.5578888888889,120.0
2025-12-21T06:00_rolling,2025-12-21 06:00:00,2025-12-21 06:10:00,2025-12-22 06:00:00,2025-12-21 06:00:00,2025-12-21 07:20:00,80,522.6987666666666,87.11646111111111,attachment3_10min_interpolation,0.0,2025-12-21 06:00:00,872.6423,2025-12-14 07:20:00,actual_same_interval_7_days_ago,2025-12-21 06:00:00,36,72,True,785.5258388888889,0.0,0.0,0.0,10080.0,10080.0,785.1982777777778,120.0
2025-12-21T06:00_rolling,2025-12-21 06:00:00,2025-12-21 06:10:00,2025-12-22 06:00:00,2025-12-21 06:00:00,2025-12-21 07:30:00,90,784.04815,130.67469166666666,attachment3_10min_interpolation,0.0,2025-12-21 06:00:00,877.3249999999999,2025-12-14 07:30:00,actual_same_interval_7_days_ago,2025-12-21 06:00:00,36,72,True,746.6503083333332,0.0,0.0,0.0,10080.0,10080.0,746.1589666666666,120.0
2025-12-21T06:00_rolling,2025-12-21 06:00:00,2025-12-21 06:10:00,2025-12-22 06:00:00,2025-12-21 06:00:00,2025-12-21 07:40:00,100,1045.3975333333333,174.23292222222221,attachment3_10min_interpolation,0.0,2025-12-21 06:00:00,875.7418166666666,2025-12-14 07:40:00,actual_same_interval_7_days_ago,2025-12-21 06:00:00,36,72,True,1501.5088944444444,800.0,0.0,0.0,10080.0,10800.0,1500.8537722222222,120.0
2025-12-21T06:00_rolling,2025-12-21 06:00:00,2025-12-21 06:10:00,2025-12-22 06:00:00,2025-12-21 06:00:00,2025-12-21 07:50:00,110,1306.7469166666665,217.79115277777774,attachment3_10min_interpolation,0.0,2025-12-21 06:00:00,976.711,2025-12-14 07:50:00,actual_same_interval_7_days_ago,2025-12-21 06:00:00,36,72,True,758.9198472222223,0.0,0.0,0.0,10800.0,10800.0,758.1009444444445,120.0
2025-12-21T06:00_rolling,2025-12-21 06:00:00,2025-12-21 06:10:00,2025-12-22 06:00:00,2025-12-21 06:00:00,2025-12-21 08:00:00,120,1568.0963,261.3493833333333,attachment3_10min_interpolation,0.0,2025-12-21 06:00:00,1140.6016666666667,2025-12-14 08:00:00,actual_same_interval_7_days_ago,2025-12-21 06:00:00,36,72,True,123.25228333333337,0.0,756.0,0.0,10800.0,9960.0,122.26960000000008,120.0
2025-12-21T06:00_rolling,2025-12-21 06:00:00,2025-12-21 06:10:00,2025-12-22 06:00:00,2025-12-21 06:00:00,2025-12-21 08:10:00,130,1871.60955,311.93492499999996,attachment3_10min_interpolation,0.0,2025-12-21 06:00:00,1198.90715,2025-12-14 08:10:00,actual_same_interval_7_days_ago,2025-12-21 06:00:00,36,72,True,130.97222499999998,0.0,756.0,0.0,9960.0,9120.0,134.80945277777778,120.0
2025-12-21T06:00_rolling,2025-12-21 06:00:00,2025-12-21 06:10:00,2025-12-22 06:00:00,2025-12-21 06:00:00,2025-12-21 08:20:00,140,2175.1228,362.52046666666666,attachment3_10min_interpolation,0.0,2025-12-21 06:00:00,1194.8717833333333,2025-12-14 08:20:00,actual_same_interval_7_days_ago,2025-12-21 06:00:00,36,72,True,76.35131666666666,0.0,756.0,0.0,9120.0,8280.0,85.00845555555543,120.0
2025-12-21T06:00_rolling,2025-12-21 06:00:00,2025-12-21 06:10:00,2025-12-22 06:00:00,2025-12-21 06:00:00,2025-12-21 08:30:00,150,2478.63605,413.10600833333336,attachment3_10min_interpolation,0.0,2025-12-21 06:00:00,1189.555,2025-12-14 08:30:00,actual_same_interval_7_days_ago,2025-12-21 06:00:00,36,72,True,20.448991666666643,0.0,756.0,0.0,8280.0,7440.0,33.92604166666683,120.0
2025-12-21T06:00_rolling,2025-12-21 06:00:00,2025-12-21 06:10:00,2025-12-22 06:00:00,2025-12-21 06:00:00,2025-12-21 08:40:00,160,2782.1493,463.69155,attachment3_10min_interpolation,0.0,2025-12-21 06:00:00,1198.6857833333331,2025-12-14 08:40:00,actual_same_interval_7_days_ago,2025-12-21 06:00:00,36,72,True,0.0,0.0,756.0,21.005766666666887,7440.0,6600.0,0.0,120.0
2025-12-21T06:00_rolling,2025-12-21 06:00:00,2025-12-21 06:10:00,2025-12-22 06:00:00,2025-12-21 06:00:00,2025-12-21 08:50:00,170,3085.66255,514.2770916666667,attachment3_10min_interpolation,0.0,2025-12-21 06:00:00,1205.79965,2025-12-14 08:50:00,actual_same_interval_7_days_ago,2025-12-21 06:00:00,36,72,True,43.52255833333322,0.0,648.0,0.0,6600.0,5880.0,66.63943055555546,120.0
2025-12-21T06:00_rolling,2025-12-21 06:00:00,2025-12-21 06:10:00,2025-12-22 06:00:00,2025-12-21 06:00:00,2025-12-21 09:00:00,180,3389.1758,564.8626333333333,attachment3_10min_interpolation,0.0,2025-12-21 06:00:00,1201.075,2025-12-14 09:00:00,actual_same_interval_7_days_ago,2025-12-21 06:00:00,36,72,True,0.0,0.0,648.0,11.787633333333247,5880.0,5160.0,16.149150000000077,120.0
2025-12-21T06:00_rolling,2025-12-21 06:00:00,2025-12-21 06:10:00,2025-12-22 06:00:00,2025-12-21 06:00:00,2025-12-21 09:10:00,190,3654.4920166666666,609.0820027777778,attachment3_10min_interpolation,0.0,2025-12-21 06:00:00,1192.3758833333334,2025-12-14 09:10:00,actual_same_interval_7_days_ago,2025-12-21 06:00:00,36,72,True,43.293880555555575,0.0,540.0,0.0,5160.0,4560.0,78.37837777777781,120.0
2025-12-21T06:00_rolling,2025-12-21 06:00:00,2025-12-21 06:10:00,2025-12-22 06:00:00,2025-12-21 06:00:00,2025-12-21 09:20:00,200,3919.808233333333,653.3013722222222,attachment3_10min_interpolation,0.0,2025-12-21 06:00:00,1199.6451166666668,2025-12-14 09:20:00,actual_same_interval_7_days_ago,2025-12-21 06:00:00,36,72,True,6.34374444444461,0.0,540.0,0.0,4560.0,3960.0,48.575955555555765,120.0
2025-12-21T06:00_rolling,2025-12-21 06:00:00,2025-12-21 06:10:00,2025-12-22 06:00:00,2025-12-21 06:00:00,2025-12-21 09:30:00,210,4185.124449999999,697.5207416666666,attachment3_10min_interpolation,0.0,2025-12-21 06:00:00,1210.88,2025-12-14 09:30:00,actual_same_interval_7_days_ago,2025-12-21 06:00:00,36,72,True,0.0,0.0,540.0,26.640741666666486,3960.0,3360.0,22.73918333333347,120.0
2025-12-21T06:00_rolling,2025-12-21 06:00:00,2025-12-21 06:10:00,2025-12-22 06:00:00,2025-12-21 06:00:00,2025-12-21 09:40:00,220,4450.440666666666,741.7401111111111,attachment3_10min_interpolation,0.0,2025-12-21 06:00:00,1193.1831,2025-12-14 09:40:00,actual_same_interval_7_days_ago,2025-12-21 06:00:00,36,72,True,451.44298888888886,0.0,0.0,0.0,3360.0,3360.0,507.97062777777785,120.0
2025-12-21T06:00_rolling,2025-12-21 06:00:00,2025-12-21 06:10:00,2025-12-22 06:00:00,2025-12-21 06:00:00,2025-12-21 09:50:00,230,4715.756883333333,785.9594805555554,attachment3_10min_interpolation,0.0,2025-12-21 06:00:00,1168.83485,2025-12-14 09:50:00,actual_same_interval_7_days_ago,2025-12-21 06:00:00,36,72,True,58.87536944444457,0.0,324.0,0.0,3360.0,3000.0,14.550722222222134,120.0
2025-12-21T06:00_rolling,2025-12-21 06:00:00,2025-12-21 06:10:00,2025-12-22 06:00:00,2025-12-21 06:00:00,2025-12-21 10:00:00,240,4981.0731,830.1788499999999,attachment3_10min_interpolation,0.0,2025-12-21 06:00:00,1163.4466666666667,2025-12-14 10:00:00,actual_same_interval_7_days_ago,2025-12-21 06:00:00,36,72,True,9.267816666666818,0.0,324.0,0.0,3000.0,2640.0,80.09088333333341,120.0
2025-12-21T06:00_rolling,2025-12-21 06:00:00,2025-12-21 06:10:00,2025-12-22 06:00:00,2025-12-21 06:00:00,2025-12-21 10:10:00,250,5013.293633333333,835.5489388888888,attachment3_10min_interpolation,0.0,2025-12-21 06:00:00,1182.4659833333333,2025-12-14 10:10:00,actual_same_interval_7_days_ago,2025-12-21 06:00:00,36,72,True,22.917044444444514,0.0,324.0,0.0,2640.0,2280.0,84.88318333333325,120.0
2025-12-21T06:00_rolling,2025-12-21 06:00:00,2025-12-21 06:10:00,2025-12-22 06:00:00,2025-12-21 06:00:00,2025-12-21 10:20:00,260,5045.514166666667,840.9190277777778,attachment3_10min_interpolation,0.0,2025-12-21 06:00:00,1194.7524833333334,2025-12-14 10:20:00,actual_same_interval_7_days_ago,2025-12-21 06:00:00,36,72,True,29.833455555555588,0.0,324.0,0.0,2280.0,1920.0,82.9426666666667,120.0
2025-12-21T06:00_rolling,2025-12-21 06:00:00,2025-12-21 06:10:00,2025-12-22 06:00:00,2025-12-21 06:00:00,2025-12-21 10:30:00,270,5077.7347,846.2891166666667,attachment3_10min_interpolation,0.0,2025-12-21 06:00:00,1175.695,2025-12-14 10:30:00,actual_same_interval_7_days_ago,2025-12-21 06:00:00,36,72,True,5.405883333333236,0.0,324.0,0.0,1920.0,1560.0,49.658166666666716,120.0
2025-12-21T06:00_rolling,2025-12-21 06:00:00,2025-12-21 06:10:00,2025-12-22 06:00:00,2025-12-21 06:00:00,2025-12-21 10:40:00,280,5109.955233333333,851.6592055555556,attachment3_10min_interpolation,0.0,2025-12-21 06:00:00,1136.0265,2025-12-14 10:40:00,actual_same_interval_7_days_ago,2025-12-21 06:00:00,36,72,True,68.36729444444438,0.0,216.0,0.0,1560.0,1320.0,103.76265000000001,120.0
2025-12-21T06:00_rolling,2025-12-21 06:00:00,2025-12-21 06:10:00,2025-12-22 06:00:00,2025-12-21 06:00:00,2025-12-21 10:50:00,290,5142.175766666667,857.0292944444445,attachment3_10min_interpolation,0.0,2025-12-21 06:00:00,1159.3799833333337,2025-12-14 10:50:00,actual_same_interval_7_days_ago,2025-12-21 06:00:00,36,72,True,302.3506888888892,0.0,0.0,0.0,1320.0,1320.0,328.88911666666706,120.0
2025-12-21T06:00_rolling,2025-12-21 06:00:00,2025-12-21 06:10:00,2025-12-22 06:00:00,2025-12-21 06:00:00,2025-12-21 11:00:00,300,5174.3963,862.3993833333334,attachment3_10min_interpolation,0.0,2025-12-21 06:00:00,1205.295,2025-12-14 11:00:00,actual_same_interval_7_days_ago,2025-12-21 06:00:00,36,72,True,1142.8956166666667,800.0,0.0,0.0,1320.0,2040.0,1160.5771166666668,120.0
2025-12-21T06:00_rolling,2025-12-21 06:00:00,2025-12-21 06:10:00,2025-12-22 06:00:00,2025-12-21 06:00:00,2025-12-21 11:10:00,310,5381.5006,896.9167666666667,attachment3_10min_interpolation,0.0,2025-12-21 06:00:00,1149.2718666666667,2025-12-14 11:10:00,actual_same_interval_7_days_ago,2025-12-21 06:00:00,36,72,True,1052.3551,800.0,0.0,0.0,2040.0,2760.0,1089.6827138888889,120.0
2025-12-21T06:00_rolling,2025-12-21 06:00:00,2025-12-21 06:10:00,2025-12-22 06:00:00,2025-12-21 06:00:00,2025-12-21 11:20:00,320,5588.6049,931.43415,attachment3_10min_interpolation,0.0,2025-12-21 06:00:00,1094.902466666667,2025-12-14 11:20:00,actual_same_interval_7_days_ago,2025-12-21 06:00:00,36,72,True,963.4683166666669,800.0,0.0,0.0,2760.0,3480.0,1020.4420444444446,120.0
2025-12-21T06:00_rolling,2025-12-21 06:00:00,2025-12-21 06:10:00,2025-12-22 06:00:00,2025-12-21 06:00:00,2025-12-21 11:30:00,330,5795.7092,965.9515333333334,attachment3_10min_interpolation,0.0,2025-12-21 06:00:00,1105.59,2025-12-14 11:30:00,actual_same_interval_7_days_ago,2025-12-21 06:00:00,36,72,True,939.6384666666665,800.0,0.0,0.0,3480.0,4200.0,1016.2583083333333,120.0
2025-12-21T06:00_rolling,2025-12-21 06:00:00,2025-12-21 06:10:00,2025-12-22 06:00:00,2025-12-21 06:00:00,2025-12-21 11:40:00,340,6002.8135,1000.4689166666667,attachment3_10min_interpolation,0.0,2025-12-21 06:00:00,1139.47885,2025-12-14 11:40:00,actual_same_interval_7_days_ago,2025-12-21 06:00:00,36,72,True,939.0099333333333,800.0,0.0,0.0,4200.0,4920.0,1035.2758888888889,120.0
2025-12-21T06:00_rolling,2025-12-21 06:00:00,2025-12-21 06:10:00,2025-12-22 06:00:00,2025-12-21 06:00:00,2025-12-21 11:50:00,350,6209.9178,1034.9863,attachment3_10min_interpolation,0.0,2025-12-21 06:00:00,1131.7959166666667,2025-12-14 11:50:00,actual_same_interval_7_days_ago,2025-12-21 06:00:00,36,72,True,896.8096166666667,800.0,0.0,0.0,4920.0,5640.0,1012.7216861111112,120.0
2025-12-21T06:00_rolling,2025-12-21 06:00:00,2025-12-21 06:10:00,2025-12-22 06:00:00,2025-12-21 06:00:00,2025-12-21 12:00:00,360,6417.0221,1069.5036833333334,attachment3_10min_interpolation,0.0,2025-12-21 06:00:00,1081.895,2025-12-14 12:00:00,actual_same_interval_7_days_ago,2025-12-21 06:00:00,36,72,True,812.3913166666666,800.0,0.0,0.0,5640.0,6360.0,947.9495000000001,120.0
2025-12-21T06:00_rolling,2025-12-21 06:00:00,2025-12-21 06:10:00,2025-12-22 06:00:00,2025-12-21 06:00:00,2025-12-21 12:10:00,370,6297.21895,1049.5364916666667,attachment3_10min_interpolation,0.0,2025-12-21 06:00:00,1049.1536333333331,2025-12-14 12:10:00,actual_same_interval_7_days_ago,2025-12-21 06:00:00,36,72,False,799.6171416666664,800.0,0.0,0.0,6360.0,7080.0,911.717347222222,120.0
2025-12-21T06:00_rolling,2025-12-21 06:00:00,2025-12-21 06:10:00,2025-12-22 06:00:00,2025-12-21 06:00:00,2025-12-21 12:20:00,380,6177.4158,1029.5692999999999,attachment3_10min_interpolation,0.0,2025-12-21 06:00:00,1055.6512666666663,2025-12-14 12:20:00,actual_same_interval_7_days_ago,2025-12-21 06:00:00,36,72,False,826.0819666666664,800.0,0.0,0.0,7080.0,7800.0,914.724194444444,120.0
2025-12-21T06:00_rolling,2025-12-21 06:00:00,2025-12-21 06:10:00,2025-12-22 06:00:00,2025-12-21 06:00:00,2025-12-21 12:30:00,390,6057.61265,1009.6021083333334,attachment3_10min_interpolation,0.0,2025-12-21 06:00:00,1060.84,2025-12-14 12:30:00,actual_same_interval_7_days_ago,2025-12-21 06:00:00,36,72,False,851.2378916666665,800.0,0.0,0.0,7800.0,8520.0,916.4221416666666,120.0
2025-12-21T06:00_rolling,2025-12-21 06:00:00,2025-12-21 06:10:00,2025-12-22 06:00:00,2025-12-21 06:00:00,2025-12-21 12:40:00,400,5937.8095,989.6349166666668,attachment3_10min_interpolation,0.0,2025-12-21 06:00:00,1015.2818166666666,2025-12-14 12:40:00,actual_same_interval_7_days_ago,2025-12-21 06:00:00,36,72,False,825.6468999999998,800.0,0.0,0.0,8520.0,9240.0,867.3731722222223,120.0
2025-12-21T06:00_rolling,2025-12-21 06:00:00,2025-12-21 06:10:00,2025-12-22 06:00:00,2025-12-21 06:00:00,2025-12-21 12:50:00,410,5818.00635,969.6677249999999,attachment3_10min_interpolation,0.0,2025-12-21 06:00:00,1036.7590166666666,2025-12-14 12:50:00,actual_same_interval_7_days_ago,2025-12-21 06:00:00,36,72,False,867.0912916666667,800.0,0.0,0.0,9240.0,9960.0,885.3595861111111,120.0
2025-12-21T06:00_rolling,2025-12-21 06:00:00,2025-12-21 06:10:00,2025-12-22 06:00:00,2025-12-21 06:00:00,2025-12-21 13:00:00,420,5698.2032,949.7005333333333,attachment3_10min_interpolation,0.0,2025-12-21 06:00:00,1116.9,2025-12-14 13:00:00,actual_same_interval_7_days_ago,2025-12-21 06:00:00,36,72,False,167.1994666666668,0.0,0.0,0.0,9960.0,9960.0,162.00978333333342,120.0
2025-12-21T06:00_rolling,2025-12-21 06:00:00,2025-12-21 06:10:00,2025-12-22 06:00:00,2025-12-21 06:00:00,2025-12-21 13:10:00,430,5587.822966666667,931.3038277777778,attachment3_10min_interpolation,0.0,2025-12-21 06:00:00,1124.145166666667,2025-12-14 13:10:00,actual_same_interval_7_days_ago,2025-12-21 06:00:00,36,72,False,192.84133888888914,0.0,0.0,0.0,9960.0,9960.0,191.91111388888908,120.0
2025-12-21T06:00_rolling,2025-12-21 06:00:00,2025-12-21 06:10:00,2025-12-22 06:00:00,2025-12-21 06:00:00,2025-12-21 13:20:00,440,5477.442733333333,912.9071222222223,attachment3_10min_interpolation,0.0,2025-12-21 06:00:00,1105.8272166666668,2025-12-14 13:20:00,actual_same_interval_7_days_ago,2025-12-21 06:00:00,36,72,False,192.92009444444454,0.0,0.0,0.0,9960.0,9960.0,196.24932777777792,120.0
2025-12-21T06:00_rolling,2025-12-21 06:00:00,2025-12-21 06:10:00,2025-12-22 06:00:00,2025-12-21 06:00:00,2025-12-21 13:30:00,450,5367.0625,894.5104166666666,attachment3_10min_interpolation,0.0,2025-12-21 06:00:00,1098.9433333333334,2025-12-14 13:30:00,actual_same_interval_7_days_ago,2025-12-21 06:00:00,36,72,False,204.43291666666676,0.0,0.0,0.0,9960.0,9960.0,212.02160833333335,120.0
2025-12-21T06:00_rolling,2025-12-21 06:00:00,2025-12-21 06:10:00,2025-12-22 06:00:00,2025-12-21 06:00:00,2025-12-21 13:40:00,460,5256.682266666667,876.1137111111111,attachment3_10min_interpolation,0.0,2025-12-21 06:00:00,1087.49465,2025-12-14 13:40:00,actual_same_interval_7_days_ago,2025-12-21 06:00:00,36,72,False,211.38093888888898,0.0,0.0,0.0,9960.0,9960.0,223.2290888888889,120.0
2025-12-21T06:00_rolling,2025-12-21 06:00:00,2025-12-21 06:10:00,2025-12-22 06:00:00,2025-12-21 06:00:00,2025-12-21 13:50:00,470,5146.302033333333,857.7170055555556,attachment3_10min_interpolation,0.0,2025-12-21 06:00:00,1071.4292333333333,2025-12-14 13:50:00,actual_same_interval_7_days_ago,2025-12-21 06:00:00,36,72,False,213.71222777777768,0.0,0.0,0.0,9960.0,9960.0,229.81983611111116,120.0
2025-12-21T06:00_rolling,2025-12-21 06:00:00,2025-12-21 06:10:00,2025-12-22 06:00:00,2025-12-21 06:00:00,2025-12-21 14:00:00,480,5035.9218,839.3203,attachment3_10min_interpolation,0.0,2025-12-21 06:00:00,1061.8733333333332,2025-12-14 14:00:00,actual_same_interval_7_days_ago,2025-12-21 06:00:00,36,72,False,6.5530333333332464,0.0,216.0,0.0,9960.0,9720.0,26.920099999999934,120.0
2025-12-21T06:00_rolling,2025-12-21 06:00:00,2025-12-21 06:10:00,2025-12-22 06:00:00,2025-12-21 06:00:00,2025-12-21 14:10:00,490,4693.752116666667,782.2920194444445,attachment3_10min_interpolation,0.0,2025-12-21 06:00:00,1072.4911833333333,2025-12-14 14:10:00,actual_same_interval_7_days_ago,2025-12-21 06:00:00,36,72,False,74.19916388888885,0.0,216.0,0.0,9720.0,9480.0,81.14708055555559,120.0
2025-12-21T06:00_rolling,2025-12-21 06:00:00,2025-12-21 06:10:00,2025-12-22 06:00:00,2025-12-21 06:00:00,2025-12-21 14:20:00,500,4351.582433333333,725.2637388888888,attachment3_10min_interpolation,0.0,2025-12-21 06:00:00,1099.6715000000002,2025-12-14 14:20:00,actual_same_interval_7_days_ago,2025-12-21 06:00:00,36,72,False,50.40776111111131,0.0,324.0,0.0,9480.0,9120.0,43.936527777778,120.0
2025-12-21T06:00_rolling,2025-12-21 06:00:00,2025-12-21 06:10:00,2025-12-22 06:00:00,2025-12-21 06:00:00,2025-12-21 14:30:00,510,4009.41275,668.2354583333333,attachment3_10min_interpolation,0.0,2025-12-21 06:00:00,1108.9366666666667,2025-12-14 14:30:00,actual_same_interval_7_days_ago,2025-12-21 06:00:00,36,72,False,116.7012083333334,0.0,324.0,0.0,9120.0,8760.0,96.81082500000014,120.0
2025-12-21T06:00_rolling,2025-12-21 06:00:00,2025-12-21 06:10:00,2025-12-22 06:00:00,2025-12-21 06:00:00,2025-12-21 14:40:00,520,3667.2430666666655,611.2071777777776,attachment3_10min_interpolation,0.0,2025-12-21 06:00:00,1068.8516,2025-12-14 14:40:00,actual_same_interval_7_days_ago,2025-12-21 06:00:00,36,72,False,25.644422222222374,0.0,432.0,0.0,8760.0,8280.0,0.0,120.0
2025-12-21T06:00_rolling,2025-12-21 06:00:00,2025-12-21 06:10:00,2025-12-22 06:00:00,2025-12-21 06:00:00,2025-12-21 14:50:00,530,3325.0733833333334,554.1788972222222,attachment3_10min_interpolation,0.0,2025-12-21 06:00:00,1061.4604166666666,2025-12-14 14:50:00,actual_same_interval_7_days_ago,2025-12-21 06:00:00,36,72,False,75.28151944444437,0.0,432.0,0.0,8280.0,7800.0,28.552836111111105,120.0
2025-12-21T06:00_rolling,2025-12-21 06:00:00,2025-12-21 06:10:00,2025-12-22 06:00:00,2025-12-21 06:00:00,2025-12-21 15:00:00,540,2982.9037,497.1506166666666,attachment3_10min_interpolation,0.0,2025-12-21 06:00:00,1093.01,2025-12-14 15:00:00,actual_same_interval_7_days_ago,2025-12-21 06:00:00,36,72,False,1262.52605,666.6666666666666,0.0,0.0,7800.0,8400.0,1335.71155,120.0
2025-12-21T06:00_rolling,2025-12-21 06:00:00,2025-12-21 06:10:00,2025-12-22 06:00:00,2025-12-21 06:00:00,2025-12-21 15:10:00,550,2715.21695,452.53615833333333,attachment3_10min_interpolation,0.0,2025-12-21 06:00:00,1087.8379,2025-12-14 15:10:00,actual_same_interval_7_days_ago,2025-12-21 06:00:00,36,72,False,1435.3017416666667,800.0,0.0,0.0,8400.0,9120.0,1383.1154805555555,120.0
2025-12-21T06:00_rolling,2025-12-21 06:00:00,2025-12-21 06:10:00,2025-12-22 06:00:00,2025-12-21 06:00:00,2025-12-21 15:20:00,560,2447.5302,407.92170000000004,attachment3_10min_interpolation,0.0,2025-12-21 06:00:00,1060.7003333333334,2025-12-14 15:20:00,actual_same_interval_7_days_ago,2025-12-21 06:00:00,36,72,False,1452.7786333333333,800.0,0.0,0.0,9120.0,9840.0,1408.5539444444446,120.0
2025-12-21T06:00_rolling,2025-12-21 06:00:00,2025-12-21 06:10:00,2025-12-22 06:00:00,2025-12-21 06:00:00,2025-12-21 15:30:00,570,2179.84345,363.30724166666664,attachment3_10min_interpolation,0.0,2025-12-21 06:00:00,1055.19,2025-12-14 15:30:00,actual_same_interval_7_days_ago,2025-12-21 06:00:00,36,72,False,1491.8827583333334,800.0,0.0,0.0,9840.0,10560.0,1455.6196416666667,120.0
2025-12-21T06:00_rolling,2025-12-21 06:00:00,2025-12-21 06:10:00,2025-12-22 06:00:00,2025-12-21 06:00:00,2025-12-21 15:40:00,580,1912.1567,318.69278333333335,attachment3_10min_interpolation,0.0,2025-12-21 06:00:00,1092.7591166666666,2025-12-14 15:40:00,actual_same_interval_7_days_ago,2025-12-21 06:00:00,36,72,False,1040.733,266.6666666666667,0.0,0.0,10560.0,10800.0,1012.4314555555557,120.0
2025-12-21T06:00_rolling,2025-12-21 06:00:00,2025-12-21 06:10:00,2025-12-22 06:00:00,2025-12-21 06:00:00,2025-12-21 15:50:00,590,1644.4699500000002,274.078325,attachment3_10min_interpolation,0.0,2025-12-21 06:00:00,1090.3288,2025-12-14 15:50:00,actual_same_interval_7_days_ago,2025-12-21 06:00:00,36,72,False,816.250475,0.0,0.0,0.0,10800.0,10800.0,795.9105027777778,120.0
2025-12-21T06:00_rolling,2025-12-21 06:00:00,2025-12-21 06:10:00,2025-12-22 06:00:00,2025-12-21 06:00:00,2025-12-21 16:00:00,600,1376.7832,229.4638666666667,attachment3_10min_interpolation,0.0,2025-12-21 06:00:00,1037.98,2025-12-14 16:00:00,actual_same_interval_7_days_ago,2025-12-21 06:00:00,36,72,False,808.5161333333333,0.0,0.0,0.0,10800.0,10800.0,796.1377333333334,120.0
2025-12-21T06:00_rolling,2025-12-21 06:00:00,2025-12-21 06:10:00,2025-12-22 06:00:00,2025-12-21 06:00:00,2025-12-21 16:10:00,610,1147.3193333333334,191.2198888888889,attachment3_10min_interpolation,0.0,2025-12-21 06:00:00,1008.14715,2025-12-14 16:10:00,actual_same_interval_7_days_ago,2025-12-21 06:00:00,36,72,False,816.9272611111111,0.0,0.0,0.0,10800.0,10800.0,806.6119277777777,120.0
2025-12-21T06:00_rolling,2025-12-21 06:00:00,2025-12-21 06:10:00,2025-12-22 06:00:00,2025-12-21 06:00:00,2025-12-21 16:20:00,620,917.8554666666668,152.97591111111112,attachment3_10min_interpolation,0.0,2025-12-21 06:00:00,1005.7553166666668,2025-12-14 16:20:00,actual_same_interval_7_days_ago,2025-12-21 06:00:00,36,72,False,852.7794055555556,0.0,0.0,0.0,10800.0,10800.0,844.527138888889,120.0
2025-12-21T06:00_rolling,2025-12-21 06:00:00,2025-12-21 06:10:00,2025-12-22 06:00:00,2025-12-21 06:00:00,2025-12-21 16:30:00,630,688.3916,114.73193333333334,attachment3_10min_interpolation,0.0,2025-12-21 06:00:00,1028.465,2025-12-14 16:30:00,actual_same_interval_7_days_ago,2025-12-21 06:00:00,36,72,False,913.7330666666666,0.0,0.0,0.0,10800.0,10800.0,907.5438666666666,120.0
2025-12-21T06:00_rolling,2025-12-21 06:00:00,2025-12-21 06:10:00,2025-12-22 06:00:00,2025-12-21 06:00:00,2025-12-21 16:40:00,640,458.9277333333333,76.48795555555556,attachment3_10min_interpolation,0.0,2025-12-21 06:00:00,1068.1531333333337,2025-12-14 16:40:00,actual_same_interval_7_days_ago,2025-12-21 06:00:00,36,72,False,991.6651777777781,0.0,0.0,0.0,10800.0,10800.0,987.5390444444448,120.0
2025-12-21T06:00_rolling,2025-12-21 06:00:00,2025-12-21 06:10:00,2025-12-22 06:00:00,2025-12-21 06:00:00,2025-12-21 16:50:00,650,229.46386666666663,38.24397777777777,attachment3_10min_interpolation,0.0,2025-12-21 06:00:00,1055.5353833333334,2025-12-14 16:50:00,actual_same_interval_7_days_ago,2025-12-21 06:00:00,36,72,False,1017.2914055555556,0.0,0.0,0.0,10800.0,10800.0,1015.2283388888889,120.0
2025-12-21T06:00_rolling,2025-12-21 06:00:00,2025-12-21 06:10:00,2025-12-22 06:00:00,2025-12-21 06:00:00,2025-12-21 17:00:00,660,0.0,0.0,attachment3_10min_interpolation,0.0,2025-12-21 06:00:00,1014.9216666666666,2025-12-14 17:00:00,actual_same_interval_7_days_ago,2025-12-21 06:00:00,36,72,False,1014.9216666666666,0.0,0.0,0.0,10800.0,10800.0,1014.9216666666666,120.0
2025-12-21T06:00_rolling,2025-12-21 06:00:00,2025-12-21 06:10:00,2025-12-22 06:00:00,2025-12-21 06:00:00,2025-12-21 17:10:00,670,0.0,0.0,attachment3_10min_interpolation,0.0,2025-12-21 06:00:00,1037.7973,2025-12-14 17:10:00,actual_same_interval_7_days_ago,2025-12-21 06:00:00,36,72,False,1037.7973,0.0,0.0,0.0,10800.0,10800.0,1037.7973,120.0
2025-12-21T06:00_rolling,2025-12-21 06:00:00,2025-12-21 06:10:00,2025-12-22 06:00:00,2025-12-21 06:00:00,2025-12-21 17:20:00,680,0.0,0.0,attachment3_10min_interpolation,0.0,2025-12-21 06:00:00,1052.7808333333337,2025-12-14 17:20:00,actual_same_interval_7_days_ago,2025-12-21 06:00:00,36,72,False,1052.7808333333337,0.0,0.0,0.0,10800.0,10800.0,1052.7808333333337,120.0
2025-12-21T06:00_rolling,2025-12-21 06:00:00,2025-12-21 06:10:00,2025-12-22 06:00:00,2025-12-21 06:00:00,2025-12-21 17:30:00,690,0.0,0.0,attachment3_10min_interpolation,0.0,2025-12-21 06:00:00,1047.595,2025-12-14 17:30:00,actual_same_interval_7_days_ago,2025-12-21 06:00:00,36,72,False,1047.595,0.0,0.0,0.0,10800.0,10800.0,1047.595,120.0
2025-12-21T06:00_rolling,2025-12-21 06:00:00,2025-12-21 06:10:00,2025-12-22 06:00:00,2025-12-21 06:00:00,2025-12-21 17:40:00,700,0.0,0.0,attachment3_10min_interpolation,0.0,2025-12-21 06:00:00,1057.7831833333332,2025-12-14 17:40:00,actual_same_interval_7_days_ago,2025-12-21 06:00:00,36,72,False,1057.7831833333332,0.0,0.0,0.0,10800.0,10800.0,1057.7831833333332,120.0
2025-12-21T06:00_rolling,2025-12-21 06:00:00,2025-12-21 06:10:00,2025-12-22 06:00:00,2025-12-21 06:00:00,2025-12-21 17:50:00,710,0.0,0.0,attachment3_10min_interpolation,0.0,2025-12-21 06:00:00,919.2911666666668,2025-12-14 17:50:00,actual_same_interval_7_days_ago,2025-12-21 06:00:00,36,72,False,919.2911666666668,0.0,0.0,0.0,10800.0,10800.0,919.2911666666668,120.0
2025-12-21T06:00_rolling,2025-12-21 06:00:00,2025-12-21 06:10:00,2025-12-22 06:00:00,2025-12-21 06:00:00,2025-12-21 18:00:00,720,0.0,0.0,attachment3_10min_interpolation,0.0,2025-12-21 06:00:00,717.2216666666667,2025-12-14 18:00:00,actual_same_interval_7_days_ago,2025-12-21 06:00:00,36,72,False,717.2216666666667,0.0,0.0,0.0,10800.0,10800.0,717.2216666666667,120.0
2025-12-21T06:00_rolling,2025-12-21 06:00:00,2025-12-21 06:10:00,2025-12-22 06:00:00,2025-12-21 06:00:00,2025-12-21 18:10:00,730,0.0,0.0,attachment3_10min_interpolation,0.0,2025-12-21 06:00:00,720.8249333333333,2025-12-14 18:10:00,actual_same_interval_7_days_ago,2025-12-21 06:00:00,36,72,False,72.82493333333332,0.0,648.0,0.0,10800.0,10080.0,72.82493333333332,120.0
2025-12-21T06:00_rolling,2025-12-21 06:00:00,2025-12-21 06:10:00,2025-12-22 06:00:00,2025-12-21 06:00:00,2025-12-21 18:20:00,740,0.0,0.0,attachment3_10min_interpolation,0.0,2025-12-21 06:00:00,744.6798166666667,2025-12-14 18:20:00,actual_same_interval_7_days_ago,2025-12-21 06:00:00,36,72,False,744.6798166666667,0.0,0.0,0.0,10080.0,10080.0,744.6798166666667,120.0
2025-12-21T06:00_rolling,2025-12-21 06:00:00,2025-12-21 06:10:00,2025-12-22 06:00:00,2025-12-21 06:00:00,2025-12-21 18:30:00,750,0.0,0.0,attachment3_10min_interpolation,0.0,2025-12-21 06:00:00,700.34,2025-12-14 18:30:00,actual_same_interval_7_days_ago,2025-12-21 06:00:00,36,72,False,592.34,0.0,108.0,0.0,10080.0,9960.0,592.34,120.0
2025-12-21T06:00_rolling,2025-12-21 06:00:00,2025-12-21 06:10:00,2025-12-22 06:00:00,2025-12-21 06:00:00,2025-12-21 18:40:00,760,0.0,0.0,attachment3_10min_interpolation,0.0,2025-12-21 06:00:00,687.4983000000001,2025-12-14 18:40:00,actual_same_interval_7_days_ago,2025-12-21 06:00:00,36,72,False,687.4983000000001,0.0,0.0,0.0,9960.0,9960.0,687.4983000000001,120.0
2025-12-21T06:00_rolling,2025-12-21 06:00:00,2025-12-21 06:10:00,2025-12-22 06:00:00,2025-12-21 06:00:00,2025-12-21 18:50:00,770,0.0,0.0,attachment3_10min_interpolation,0.0,2025-12-21 06:00:00,702.9292666666666,2025-12-14 18:50:00,actual_same_interval_7_days_ago,2025-12-21 06:00:00,36,72,False,54.92926666666665,0.0,648.0,0.0,9960.0,9240.0,54.92926666666665,120.0
2025-12-21T06:00_rolling,2025-12-21 06:00:00,2025-12-21 06:10:00,2025-12-22 06:00:00,2025-12-21 06:00:00,2025-12-21 19:00:00,780,0.0,0.0,attachment3_10min_interpolation,0.0,2025-12-21 06:00:00,721.9416666666666,2025-12-14 19:00:00,actual_same_interval_7_days_ago,2025-12-21 06:00:00,36,72,False,73.9416666666666,0.0,648.0,0.0,9240.0,8520.0,73.9416666666666,120.0
2025-12-21T06:00_rolling,2025-12-21 06:00:00,2025-12-21 06:10:00,2025-12-22 06:00:00,2025-12-21 06:00:00,2025-12-21 19:10:00,790,0.0,0.0,attachment3_10min_interpolation,0.0,2025-12-21 06:00:00,732.0482999999999,2025-12-14 19:10:00,actual_same_interval_7_days_ago,2025-12-21 06:00:00,36,72,False,84.04829999999993,0.0,648.0,0.0,8520.0,7800.0,84.04829999999993,120.0
2025-12-21T06:00_rolling,2025-12-21 06:00:00,2025-12-21 06:10:00,2025-12-22 06:00:00,2025-12-21 06:00:00,2025-12-21 19:20:00,800,0.0,0.0,attachment3_10min_interpolation,0.0,2025-12-21 06:00:00,742.1127499999999,2025-12-14 19:20:00,actual_same_interval_7_days_ago,2025-12-21 06:00:00,36,72,False,94.11274999999989,0.0,648.0,0.0,7800.0,7080.0,94.11274999999989,120.0
2025-12-21T06:00_rolling,2025-12-21 06:00:00,2025-12-21 06:10:00,2025-12-22 06:00:00,2025-12-21 06:00:00,2025-12-21 19:30:00,810,0.0,0.0,attachment3_10min_interpolation,0.0,2025-12-21 06:00:00,743.3583333333332,2025-12-14 19:30:00,actual_same_interval_7_days_ago,2025-12-21 06:00:00,36,72,False,95.35833333333323,0.0,648.0,0.0,7080.0,6360.0,95.35833333333323,120.0
2025-12-21T06:00_rolling,2025-12-21 06:00:00,2025-12-21 06:10:00,2025-12-22 06:00:00,2025-12-21 06:00:00,2025-12-21 19:40:00,820,0.0,0.0,attachment3_10min_interpolation,0.0,2025-12-21 06:00:00,719.89135,2025-12-14 19:40:00,actual_same_interval_7_days_ago,2025-12-21 06:00:00,36,72,False,71.89134999999999,0.0,648.0,0.0,6360.0,5640.0,71.89134999999999,120.0
2025-12-21T06:00_rolling,2025-12-21 06:00:00,2025-12-21 06:10:00,2025-12-22 06:00:00,2025-12-21 06:00:00,2025-12-21 19:50:00,830,0.0,0.0,attachment3_10min_interpolation,0.0,2025-12-21 06:00:00,716.79235,2025-12-14 19:50:00,actual_same_interval_7_days_ago,2025-12-21 06:00:00,36,72,False,68.79235000000006,0.0,648.0,0.0,5640.0,4920.0,68.79235000000006,120.0
2025-12-21T06:00_rolling,2025-12-21 06:00:00,2025-12-21 06:10:00,2025-12-22 06:00:00,2025-12-21 06:00:00,2025-12-21 20:00:00,840,0.0,0.0,attachment3_10min_interpolation,0.0,2025-12-21 06:00:00,745.0716666666667,2025-12-14 20:00:00,actual_same_interval_7_days_ago,2025-12-21 06:00:00,36,72,False,97.07166666666672,0.0,648.0,0.0,4920.0,4200.0,97.07166666666672,120.0
2025-12-21T06:00_rolling,2025-12-21 06:00:00,2025-12-21 06:10:00,2025-12-22 06:00:00,2025-12-21 06:00:00,2025-12-21 20:10:00,850,0.0,0.0,attachment3_10min_interpolation,0.0,2025-12-21 06:00:00,766.45415,2025-12-14 20:10:00,actual_same_interval_7_days_ago,2025-12-21 06:00:00,36,72,False,10.454150000000027,0.0,756.0,0.0,4200.0,3360.0,10.454150000000027,120.0
2025-12-21T06:00_rolling,2025-12-21 06:00:00,2025-12-21 06:10:00,2025-12-22 06:00:00,2025-12-21 06:00:00,2025-12-21 20:20:00,860,0.0,0.0,attachment3_10min_interpolation,0.0,2025-12-21 06:00:00,746.2377333333334,2025-12-14 20:20:00,actual_same_interval_7_days_ago,2025-12-21 06:00:00,36,72,False,98.23773333333338,0.0,648.0,0.0,3360.0,2640.0,98.23773333333338,120.0
2025-12-21T06:00_rolling,2025-12-21 06:00:00,2025-12-21 06:10:00,2025-12-22 06:00:00,2025-12-21 06:00:00,2025-12-21 20:30:00,870,0.0,0.0,attachment3_10min_interpolation,0.0,2025-12-21 06:00:00,706.9566666666666,2025-12-14 20:30:00,actual_same_interval_7_days_ago,2025-12-21 06:00:00,36,72,False,58.95666666666659,0.0,648.0,0.0,2640.0,1920.0,58.95666666666659,120.0
2025-12-21T06:00_rolling,2025-12-21 06:00:00,2025-12-21 06:10:00,2025-12-22 06:00:00,2025-12-21 06:00:00,2025-12-21 20:40:00,880,0.0,0.0,attachment3_10min_interpolation,0.0,2025-12-21 06:00:00,706.8162000000001,2025-12-14 20:40:00,actual_same_interval_7_days_ago,2025-12-21 06:00:00,36,72,False,58.816200000000094,0.0,648.0,0.0,1920.0,1200.0,58.816200000000094,120.0
2025-12-21T06:00_rolling,2025-12-21 06:00:00,2025-12-21 06:10:00,2025-12-22 06:00:00,2025-12-21 06:00:00,2025-12-21 20:50:00,890,0.0,0.0,attachment3_10min_interpolation,0.0,2025-12-21 06:00:00,724.2105166666666,2025-12-14 20:50:00,actual_same_interval_7_days_ago,2025-12-21 06:00:00,36,72,False,724.2105166666666,0.0,0.0,0.0,1200.0,1200.0,724.2105166666666,120.0
2025-12-21T06:00_rolling,2025-12-21 06:00:00,2025-12-21 06:10:00,2025-12-22 06:00:00,2025-12-21 06:00:00,2025-12-21 21:00:00,900,0.0,0.0,attachment3_10min_interpolation,0.0,2025-12-21 06:00:00,732.85,2025-12-14 21:00:00,actual_same_interval_7_days_ago,2025-12-21 06:00:00,36,72,False,732.85,0.0,0.0,0.0,1200.0,1200.0,732.85,120.0
2025-12-21T06:00_rolling,2025-12-21 06:00:00,2025-12-21 06:10:00,2025-12-22 06:00:00,2025-12-21 06:00:00,2025-12-21 21:10:00,910,0.0,0.0,attachment3_10min_interpolation,0.0,2025-12-21 06:00:00,727.7661499999999,2025-12-14 21:10:00,actual_same_interval_7_days_ago,2025-12-21 06:00:00,36,72,False,727.7661499999999,0.0,0.0,0.0,1200.0,1200.0,727.7661499999999,120.0
2025-12-21T06:00_rolling,2025-12-21 06:00:00,2025-12-21 06:10:00,2025-12-22 06:00:00,2025-12-21 06:00:00,2025-12-21 21:20:00,920,0.0,0.0,attachment3_10min_interpolation,0.0,2025-12-21 06:00:00,725.3740666666666,2025-12-14 21:20:00,actual_same_interval_7_days_ago,2025-12-21 06:00:00,36,72,False,725.3740666666666,0.0,0.0,0.0,1200.0,1200.0,725.3740666666666,120.0
2025-12-21T06:00_rolling,2025-12-21 06:00:00,2025-12-21 06:10:00,2025-12-22 06:00:00,2025-12-21 06:00:00,2025-12-21 21:30:00,930,0.0,0.0,attachment3_10min_interpolation,0.0,2025-12-21 06:00:00,738.7916666666666,2025-12-14 21:30:00,actual_same_interval_7_days_ago,2025-12-21 06:00:00,36,72,False,738.7916666666666,0.0,0.0,0.0,1200.0,1200.0,738.7916666666666,120.0
2025-12-21T06:00_rolling,2025-12-21 06:00:00,2025-12-21 06:10:00,2025-12-22 06:00:00,2025-12-21 06:00:00,2025-12-21 21:40:00,940,0.0,0.0,attachment3_10min_interpolation,0.0,2025-12-21 06:00:00,753.2937499999999,2025-12-14 21:40:00,actual_same_interval_7_days_ago,2025-12-21 06:00:00,36,72,False,753.2937499999999,0.0,0.0,0.0,1200.0,1200.0,753.2937499999999,120.0
2025-12-21T06:00_rolling,2025-12-21 06:00:00,2025-12-21 06:10:00,2025-12-22 06:00:00,2025-12-21 06:00:00,2025-12-21 21:50:00,950,0.0,0.0,attachment3_10min_interpolation,0.0,2025-12-21 06:00:00,683.0635166666666,2025-12-14 21:50:00,actual_same_interval_7_days_ago,2025-12-21 06:00:00,36,72,False,683.0635166666666,0.0,0.0,0.0,1200.0,1200.0,683.0635166666666,120.0
2025-12-21T06:00_rolling,2025-12-21 06:00:00,2025-12-21 06:10:00,2025-12-22 06:00:00,2025-12-21 06:00:00,2025-12-21 22:00:00,960,0.0,0.0,attachment3_10min_interpolation,0.0,2025-12-21 06:00:00,570.3616666666667,2025-12-14 22:00:00,actual_same_interval_7_days_ago,2025-12-21 06:00:00,36,72,False,570.3616666666667,0.0,0.0,0.0,1200.0,1200.0,570.3616666666667,120.0
2025-12-21T06:00_rolling,2025-12-21 06:00:00,2025-12-21 06:10:00,2025-12-22 06:00:00,2025-12-21 06:00:00,2025-12-21 22:10:00,970,0.0,0.0,attachment3_10min_interpolation,0.0,2025-12-21 06:00:00,552.9186166666667,2025-12-14 22:10:00,actual_same_interval_7_days_ago,2025-12-21 06:00:00,36,72,False,552.9186166666667,0.0,0.0,0.0,1200.0,1200.0,552.9186166666667,120.0
2025-12-21T06:00_rolling,2025-12-21 06:00:00,2025-12-21 06:10:00,2025-12-22 06:00:00,2025-12-21 06:00:00,2025-12-21 22:20:00,980,0.0,0.0,attachment3_10min_interpolation,0.0,2025-12-21 06:00:00,569.8221833333333,2025-12-14 22:20:00,actual_same_interval_7_days_ago,2025-12-21 06:00:00,36,72,False,569.8221833333333,0.0,0.0,0.0,1200.0,1200.0,569.8221833333333,120.0
2025-12-21T06:00_rolling,2025-12-21 06:00:00,2025-12-21 06:10:00,2025-12-22 06:00:00,2025-12-21 06:00:00,2025-12-21 22:30:00,990,0.0,0.0,attachment3_10min_interpolation,0.0,2025-12-21 06:00:00,565.9616666666667,2025-12-14 22:30:00,actual_same_interval_7_days_ago,2025-12-21 06:00:00,36,72,False,565.9616666666667,0.0,0.0,0.0,1200.0,1200.0,565.9616666666667,120.0
2025-12-21T06:00_rolling,2025-12-21 06:00:00,2025-12-21 06:10:00,2025-12-22 06:00:00,2025-12-21 06:00:00,2025-12-21 22:40:00,1000,0.0,0.0,attachment3_10min_interpolation,0.0,2025-12-21 06:00:00,548.3579,2025-12-14 22:40:00,actual_same_interval_7_days_ago,2025-12-21 06:00:00,36,72,False,548.3579,0.0,0.0,0.0,1200.0,1200.0,548.3579,120.0
2025-12-21T06:00_rolling,2025-12-21 06:00:00,2025-12-21 06:10:00,2025-12-22 06:00:00,2025-12-21 06:00:00,2025-12-21 22:50:00,1010,0.0,0.0,attachment3_10min_interpolation,0.0,2025-12-21 06:00:00,543.2948333333333,2025-12-14 22:50:00,actual_same_interval_7_days_ago,2025-12-21 06:00:00,36,72,False,543.2948333333333,0.0,0.0,0.0,1200.0,1200.0,543.2948333333333,120.0
2025-12-21T06:00_rolling,2025-12-21 06:00:00,2025-12-21 06:10:00,2025-12-22 06:00:00,2025-12-21 06:00:00,2025-12-21 23:00:00,1020,0.0,0.0,attachment3_10min_interpolation,0.0,2025-12-21 06:00:00,558.3249999999999,2025-12-14 23:00:00,actual_same_interval_7_days_ago,2025-12-21 06:00:00,36,72,False,558.3249999999999,0.0,0.0,0.0,1200.0,1200.0,558.3249999999999,120.0
2025-12-21T06:00_rolling,2025-12-21 06:00:00,2025-12-21 06:10:00,2025-12-22 06:00:00,2025-12-21 06:00:00,2025-12-21 23:10:00,1030,0.0,0.0,attachment3_10min_interpolation,0.0,2025-12-21 06:00:00,578.14965,2025-12-14 23:10:00,actual_same_interval_7_days_ago,2025-12-21 06:00:00,36,72,False,578.14965,0.0,0.0,0.0,1200.0,1200.0,578.14965,120.0
2025-12-21T06:00_rolling,2025-12-21 06:00:00,2025-12-21 06:10:00,2025-12-22 06:00:00,2025-12-21 06:00:00,2025-12-21 23:20:00,1040,0.0,0.0,attachment3_10min_interpolation,0.0,2025-12-21 06:00:00,587.9633333333334,2025-12-14 23:20:00,actual_same_interval_7_days_ago,2025-12-21 06:00:00,36,72,False,587.9633333333334,0.0,0.0,0.0,1200.0,1200.0,587.9633333333334,120.0
2025-12-21T06:00_rolling,2025-12-21 06:00:00,2025-12-21 06:10:00,2025-12-22 06:00:00,2025-12-21 06:00:00,2025-12-21 23:30:00,1050,0.0,0.0,attachment3_10min_interpolation,0.0,2025-12-21 06:00:00,578.2983333333333,2025-12-14 23:30:00,actual_same_interval_7_days_ago,2025-12-21 06:00:00,36,72,False,578.2983333333333,0.0,0.0,0.0,1200.0,1200.0,578.2983333333333,120.0
2025-12-21T06:00_rolling,2025-12-21 06:00:00,2025-12-21 06:10:00,2025-12-22 06:00:00,2025-12-21 06:00:00,2025-12-21 23:40:00,1060,0.0,0.0,attachment3_10min_interpolation,0.0,2025-12-21 06:00:00,557.10235,2025-12-14 23:40:00,actual_same_interval_7_days_ago,2025-12-21 06:00:00,36,72,False,557.10235,0.0,0.0,0.0,1200.0,1200.0,557.10235,120.0
2025-12-21T06:00_rolling,2025-12-21 06:00:00,2025-12-21 06:10:00,2025-12-22 06:00:00,2025-12-21 06:00:00,2025-12-21 23:50:00,1070,0.0,0.0,attachment3_10min_interpolation,0.0,2025-12-21 06:00:00,577.9149666666666,2025-12-14 23:50:00,actual_same_interval_7_days_ago,2025-12-21 06:00:00,36,72,False,577.9149666666666,0.0,0.0,0.0,1200.0,1200.0,577.9149666666666,120.0
2025-12-21T06:00_rolling,2025-12-21 06:00:00,2025-12-21 06:10:00,2025-12-22 06:00:00,2025-12-21 06:00:00,2025-12-22 00:00:00,1080,0.0,0.0,attachment3_10min_interpolation,0.0,2025-12-21 06:00:00,609.63,2025-12-15 00:00:00,actual_same_interval_7_days_ago,2025-12-21 06:00:00,36,72,False,609.63,0.0,0.0,0.0,1200.0,1200.0,609.63,120.0
2025-12-21T06:00_rolling,2025-12-21 06:00:00,2025-12-21 06:10:00,2025-12-22 06:00:00,2025-12-21 06:00:00,2025-12-22 00:10:00,1090,0.0,0.0,attachment3_10min_interpolation,0.0,2025-12-21 06:00:00,572.6283166666666,2025-12-15 00:10:00,actual_same_interval_7_days_ago,2025-12-21 06:00:00,36,72,False,839.2949833333332,266.6666666666667,0.0,0.0,1200.0,1440.0,,120.0
2025-12-21T06:00_rolling,2025-12-21 06:00:00,2025-12-21 06:10:00,2025-12-22 06:00:00,2025-12-21 06:00:00,2025-12-22 00:20:00,1100,0.0,0.0,attachment3_10min_interpolation,0.0,2025-12-21 06:00:00,570.9348,2025-12-15 00:20:00,actual_same_interval_7_days_ago,2025-12-21 06:00:00,36,72,False,1370.9348,800.0,0.0,0.0,1440.0,2160.0,,120.0
2025-12-21T06:00_rolling,2025-12-21 06:00:00,2025-12-21 06:10:00,2025-12-22 06:00:00,2025-12-21 06:00:00,2025-12-22 00:30:00,1110,0.0,0.0,attachment3_10min_interpolation,0.0,2025-12-21 06:00:00,613.0916666666667,2025-12-15 00:30:00,actual_same_interval_7_days_ago,2025-12-21 06:00:00,36,72,False,613.0916666666667,0.0,0.0,0.0,2160.0,2160.0,,120.0
2025-12-21T06:00_rolling,2025-12-21 06:00:00,2025-12-21 06:10:00,2025-12-22 06:00:00,2025-12-21 06:00:00,2025-12-22 00:40:00,1120,0.0,0.0,attachment3_10min_interpolation,0.0,2025-12-21 06:00:00,606.19555,2025-12-15 00:40:00,actual_same_interval_7_days_ago,2025-12-21 06:00:00,36,72,False,606.19555,0.0,0.0,0.0,2160.0,2160.0,,120.0
2025-12-21T06:00_rolling,2025-12-21 06:00:00,2025-12-21 06:10:00,2025-12-22 06:00:00,2025-12-21 06:00:00,2025-12-22 00:50:00,1130,0.0,0.0,attachment3_10min_interpolation,0.0,2025-12-21 06:00:00,616.7371833333333,2025-12-15 00:50:00,actual_same_interval_7_days_ago,2025-12-21 06:00:00,36,72,False,616.7371833333333,0.0,0.0,0.0,2160.0,2160.0,,120.0
2025-12-21T06:00_rolling,2025-12-21 06:00:00,2025-12-21 06:10:00,2025-12-22 06:00:00,2025-12-21 06:00:00,2025-12-22 01:00:00,1140,0.0,0.0,attachment3_10min_interpolation,0.0,2025-12-21 06:00:00,647.58,2025-12-15 01:00:00,actual_same_interval_7_days_ago,2025-12-21 06:00:00,36,72,False,647.58,0.0,0.0,0.0,2160.0,2160.0,,120.0
2025-12-21T06:00_rolling,2025-12-21 06:00:00,2025-12-21 06:10:00,2025-12-22 06:00:00,2025-12-21 06:00:00,2025-12-22 01:10:00,1150,0.0,0.0,attachment3_10min_interpolation,0.0,2025-12-21 06:00:00,628.6041333333334,2025-12-15 01:10:00,actual_same_interval_7_days_ago,2025-12-21 06:00:00,36,72,False,628.6041333333334,0.0,0.0,0.0,2160.0,2160.0,,120.0
2025-12-21T06:00_rolling,2025-12-21 06:00:00,2025-12-21 06:10:00,2025-12-22 06:00:00,2025-12-21 06:00:00,2025-12-22 01:20:00,1160,0.0,0.0,attachment3_10min_interpolation,0.0,2025-12-21 06:00:00,614.5305166666667,2025-12-15 01:20:00,actual_same_interval_7_days_ago,2025-12-21 06:00:00,36,72,False,614.5305166666667,0.0,0.0,0.0,2160.0,2160.0,,120.0
2025-12-21T06:00_rolling,2025-12-21 06:00:00,2025-12-21 06:10:00,2025-12-22 06:00:00,2025-12-21 06:00:00,2025-12-22 01:30:00,1170,0.0,0.0,attachment3_10min_interpolation,0.0,2025-12-21 06:00:00,615.305,2025-12-15 01:30:00,actual_same_interval_7_days_ago,2025-12-21 06:00:00,36,72,False,615.305,0.0,0.0,0.0,2160.0,2160.0,,120.0
2025-12-21T06:00_rolling,2025-12-21 06:00:00,2025-12-21 06:10:00,2025-12-22 06:00:00,2025-12-21 06:00:00,2025-12-22 01:40:00,1180,0.0,0.0,attachment3_10min_interpolation,0.0,2025-12-21 06:00:00,591.8708166666667,2025-12-15 01:40:00,actual_same_interval_7_days_ago,2025-12-21 06:00:00,36,72,False,591.8708166666667,0.0,0.0,0.0,2160.0,2160.0,,120.0
2025-12-21T06:00_rolling,2025-12-21 06:00:00,2025-12-21 06:10:00,2025-12-22 06:00:00,2025-12-21 06:00:00,2025-12-22 01:50:00,1190,0.0,0.0,attachment3_10min_interpolation,0.0,2025-12-21 06:00:00,613.0098833333333,2025-12-15 01:50:00,actual_same_interval_7_days_ago,2025-12-21 06:00:00,36,72,False,613.0098833333333,0.0,0.0,0.0,2160.0,2160.0,,120.0
2025-12-21T06:00_rolling,2025-12-21 06:00:00,2025-12-21 06:10:00,2025-12-22 06:00:00,2025-12-21 06:00:00,2025-12-22 02:00:00,1200,0.0,0.0,attachment3_10min_interpolation,0.0,2025-12-21 06:00:00,668.17,2025-12-15 02:00:00,actual_same_interval_7_days_ago,2025-12-21 06:00:00,36,72,False,668.17,0.0,0.0,0.0,2160.0,2160.0,,120.0
2025-12-21T06:00_rolling,2025-12-21 06:00:00,2025-12-21 06:10:00,2025-12-22 06:00:00,2025-12-21 06:00:00,2025-12-22 02:10:00,1210,0.0,0.0,attachment3_10min_interpolation,0.0,2025-12-21 06:00:00,668.2784,2025-12-15 02:10:00,actual_same_interval_7_days_ago,2025-12-21 06:00:00,36,72,False,668.2784,0.0,0.0,0.0,2160.0,2160.0,,120.0
2025-12-21T06:00_rolling,2025-12-21 06:00:00,2025-12-21 06:10:00,2025-12-22 06:00:00,2025-12-21 06:00:00,2025-12-22 02:20:00,1220,0.0,0.0,attachment3_10min_interpolation,0.0,2025-12-21 06:00:00,638.4539166666667,2025-12-15 02:20:00,actual_same_interval_7_days_ago,2025-12-21 06:00:00,36,72,False,638.4539166666667,0.0,0.0,0.0,2160.0,2160.0,,120.0
2025-12-21T06:00_rolling,2025-12-21 06:00:00,2025-12-21 06:10:00,2025-12-22 06:00:00,2025-12-21 06:00:00,2025-12-22 02:30:00,1230,0.0,0.0,attachment3_10min_interpolation,0.0,2025-12-21 06:00:00,626.9,2025-12-15 02:30:00,actual_same_interval_7_days_ago,2025-12-21 06:00:00,36,72,False,626.9,0.0,0.0,0.0,2160.0,2160.0,,120.0
2025-12-21T06:00_rolling,2025-12-21 06:00:00,2025-12-21 06:10:00,2025-12-22 06:00:00,2025-12-21 06:00:00,2025-12-22 02:40:00,1240,0.0,0.0,attachment3_10min_interpolation,0.0,2025-12-21 06:00:00,654.7442333333333,2025-12-15 02:40:00,actual_same_interval_7_days_ago,2025-12-21 06:00:00,36,72,False,654.7442333333333,0.0,0.0,0.0,2160.0,2160.0,,120.0
2025-12-21T06:00_rolling,2025-12-21 06:00:00,2025-12-21 06:10:00,2025-12-22 06:00:00,2025-12-21 06:00:00,2025-12-22 02:50:00,1250,0.0,0.0,attachment3_10min_interpolation,0.0,2025-12-21 06:00:00,664.4644999999999,2025-12-15 02:50:00,actual_same_interval_7_days_ago,2025-12-21 06:00:00,36,72,False,664.4644999999999,0.0,0.0,0.0,2160.0,2160.0,,120.0
2025-12-21T06:00_rolling,2025-12-21 06:00:00,2025-12-21 06:10:00,2025-12-22 06:00:00,2025-12-21 06:00:00,2025-12-22 03:00:00,1260,0.0,0.0,attachment3_10min_interpolation,0.0,2025-12-21 06:00:00,649.2716666666666,2025-12-15 03:00:00,actual_same_interval_7_days_ago,2025-12-21 06:00:00,36,72,False,649.2716666666666,0.0,0.0,0.0,2160.0,2160.0,,120.0
2025-12-21T06:00_rolling,2025-12-21 06:00:00,2025-12-21 06:10:00,2025-12-22 06:00:00,2025-12-21 06:00:00,2025-12-22 03:10:00,1270,0.0,0.0,attachment3_10min_interpolation,0.0,2025-12-21 06:00:00,653.91305,2025-12-15 03:10:00,actual_same_interval_7_days_ago,2025-12-21 06:00:00,36,72,False,653.91305,0.0,0.0,0.0,2160.0,2160.0,,120.0
2025-12-21T06:00_rolling,2025-12-21 06:00:00,2025-12-21 06:10:00,2025-12-22 06:00:00,2025-12-21 06:00:00,2025-12-22 03:20:00,1280,0.0,0.0,attachment3_10min_interpolation,0.0,2025-12-21 06:00:00,650.6464,2025-12-15 03:20:00,actual_same_interval_7_days_ago,2025-12-21 06:00:00,36,72,False,650.6464,0.0,0.0,0.0,2160.0,2160.0,,120.0
2025-12-21T06:00_rolling,2025-12-21 06:00:00,2025-12-21 06:10:00,2025-12-22 06:00:00,2025-12-21 06:00:00,2025-12-22 03:30:00,1290,0.0,0.0,attachment3_10min_interpolation,0.0,2025-12-21 06:00:00,653.225,2025-12-15 03:30:00,actual_same_interval_7_days_ago,2025-12-21 06:00:00,36,72,False,653.225,0.0,0.0,0.0,2160.0,2160.0,,120.0
2025-12-21T06:00_rolling,2025-12-21 06:00:00,2025-12-21 06:10:00,2025-12-22 06:00:00,2025-12-21 06:00:00,2025-12-22 03:40:00,1300,0.0,0.0,attachment3_10min_interpolation,0.0,2025-12-21 06:00:00,701.0231666666667,2025-12-15 03:40:00,actual_same_interval_7_days_ago,2025-12-21 06:00:00,36,72,False,701.0231666666667,0.0,0.0,0.0,2160.0,2160.0,,120.0
2025-12-21T06:00_rolling,2025-12-21 06:00:00,2025-12-21 06:10:00,2025-12-22 06:00:00,2025-12-21 06:00:00,2025-12-22 03:50:00,1310,0.0,0.0,attachment3_10min_interpolation,0.0,2025-12-21 06:00:00,700.3122666666667,2025-12-15 03:50:00,actual_same_interval_7_days_ago,2025-12-21 06:00:00,36,72,False,700.3122666666667,0.0,0.0,0.0,2160.0,2160.0,,120.0
2025-12-21T06:00_rolling,2025-12-21 06:00:00,2025-12-21 06:10:00,2025-12-22 06:00:00,2025-12-21 06:00:00,2025-12-22 04:00:00,1320,0.0,0.0,attachment3_10min_interpolation,0.0,2025-12-21 06:00:00,659.3633333333333,2025-12-15 04:00:00,actual_same_interval_7_days_ago,2025-12-21 06:00:00,36,72,False,659.3633333333333,0.0,0.0,0.0,2160.0,2160.0,,120.0
2025-12-21T06:00_rolling,2025-12-21 06:00:00,2025-12-21 06:10:00,2025-12-22 06:00:00,2025-12-21 06:00:00,2025-12-22 04:10:00,1330,0.0,0.0,attachment3_10min_interpolation,0.0,2025-12-21 06:00:00,676.2655166666667,2025-12-15 04:10:00,actual_same_interval_7_days_ago,2025-12-21 06:00:00,36,72,False,676.2655166666667,0.0,0.0,0.0,2160.0,2160.0,,120.0
2025-12-21T06:00_rolling,2025-12-21 06:00:00,2025-12-21 06:10:00,2025-12-22 06:00:00,2025-12-21 06:00:00,2025-12-22 04:20:00,1340,0.0,0.0,attachment3_10min_interpolation,0.0,2025-12-21 06:00:00,670.2413666666666,2025-12-15 04:20:00,actual_same_interval_7_days_ago,2025-12-21 06:00:00,36,72,False,670.2413666666666,0.0,0.0,0.0,2160.0,2160.0,,120.0
2025-12-21T06:00_rolling,2025-12-21 06:00:00,2025-12-21 06:10:00,2025-12-22 06:00:00,2025-12-21 06:00:00,2025-12-22 04:30:00,1350,0.0,0.0,attachment3_10min_interpolation,0.0,2025-12-21 06:00:00,642.0966666666667,2025-12-15 04:30:00,actual_same_interval_7_days_ago,2025-12-21 06:00:00,36,72,False,642.0966666666667,0.0,0.0,0.0,2160.0,2160.0,,120.0
2025-12-21T06:00_rolling,2025-12-21 06:00:00,2025-12-21 06:10:00,2025-12-22 06:00:00,2025-12-21 06:00:00,2025-12-22 04:40:00,1360,0.0,0.0,attachment3_10min_interpolation,0.0,2025-12-21 06:00:00,677.5945166666667,2025-12-15 04:40:00,actual_same_interval_7_days_ago,2025-12-21 06:00:00,36,72,False,677.5945166666667,0.0,0.0,0.0,2160.0,2160.0,,120.0
2025-12-21T06:00_rolling,2025-12-21 06:00:00,2025-12-21 06:10:00,2025-12-22 06:00:00,2025-12-21 06:00:00,2025-12-22 04:50:00,1370,0.0,0.0,attachment3_10min_interpolation,0.0,2025-12-21 06:00:00,695.80335,2025-12-15 04:50:00,actual_same_interval_7_days_ago,2025-12-21 06:00:00,36,72,False,695.80335,0.0,0.0,0.0,2160.0,2160.0,,120.0
2025-12-21T06:00_rolling,2025-12-21 06:00:00,2025-12-21 06:10:00,2025-12-22 06:00:00,2025-12-21 06:00:00,2025-12-22 05:00:00,1380,0.0,0.0,attachment3_10min_interpolation,0.0,2025-12-21 06:00:00,678.515,2025-12-15 05:00:00,actual_same_interval_7_days_ago,2025-12-21 06:00:00,36,72,False,678.515,0.0,0.0,0.0,2160.0,2160.0,,120.0
2025-12-21T06:00_rolling,2025-12-21 06:00:00,2025-12-21 06:10:00,2025-12-22 06:00:00,2025-12-21 06:00:00,2025-12-22 05:10:00,1390,0.0,0.0,attachment3_10min_interpolation,0.0,2025-12-21 06:00:00,690.4388166666666,2025-12-15 05:10:00,actual_same_interval_7_days_ago,2025-12-21 06:00:00,36,72,False,690.4388166666666,0.0,0.0,0.0,2160.0,2160.0,,120.0
2025-12-21T06:00_rolling,2025-12-21 06:00:00,2025-12-21 06:10:00,2025-12-22 06:00:00,2025-12-21 06:00:00,2025-12-22 05:20:00,1400,0.0,0.0,attachment3_10min_interpolation,0.0,2025-12-21 06:00:00,705.4993833333333,2025-12-15 05:20:00,actual_same_interval_7_days_ago,2025-12-21 06:00:00,36,72,False,705.4993833333333,0.0,0.0,0.0,2160.0,2160.0,,120.0
2025-12-21T06:00_rolling,2025-12-21 06:00:00,2025-12-21 06:10:00,2025-12-22 06:00:00,2025-12-21 06:00:00,2025-12-22 05:30:00,1410,0.0,0.0,attachment3_10min_interpolation,0.0,2025-12-21 06:00:00,690.8433333333334,2025-12-15 05:30:00,actual_same_interval_7_days_ago,2025-12-21 06:00:00,36,72,False,690.8433333333334,0.0,0.0,0.0,2160.0,2160.0,,120.0
2025-12-21T06:00_rolling,2025-12-21 06:00:00,2025-12-21 06:10:00,2025-12-22 06:00:00,2025-12-21 06:00:00,2025-12-22 05:40:00,1420,0.0,0.0,attachment3_10min_interpolation,0.0,2025-12-21 06:00:00,662.1599166666666,2025-12-15 05:40:00,actual_same_interval_7_days_ago,2025-12-21 06:00:00,36,72,False,1462.1599166666665,800.0,0.0,0.0,2160.0,2880.0,,120.0
2025-12-21T06:00_rolling,2025-12-21 06:00:00,2025-12-21 06:10:00,2025-12-22 06:00:00,2025-12-21 06:00:00,2025-12-22 05:50:00,1430,0.0,0.0,attachment3_10min_interpolation,0.0,2025-12-21 06:00:00,751.2422333333334,2025-12-15 05:50:00,actual_same_interval_7_days_ago,2025-12-21 06:00:00,36,72,False,0.0,0.0,756.0,4.757766666666612,2880.0,2040.0,,120.0
2025-12-21T06:00_rolling,2025-12-21 06:00:00,2025-12-21 06:10:00,2025-12-22 06:00:00,2025-12-21 06:00:00,2025-12-22 06:00:00,1440,0.0,0.0,attachment3_10min_interpolation,0.0,2025-12-21 06:00:00,897.07,2025-12-15 06:00:00,actual_same_interval_7_days_ago,2025-12-21 06:00:00,36,72,False,141.07000000000005,0.0,756.0,0.0,2040.0,1200.0,,120.0
2025-12-21T12:00_rolling,2025-12-21 12:00:00,2025-12-21 12:10:00,2025-12-22 12:00:00,2025-12-21 12:00:00,2025-12-21 12:10:00,10,5796.565333333334,966.0942222222224,observed_anchor_linear_to_h1,5890.8,2025-12-21 12:00:00,1049.1536333333331,2025-12-14 12:10:00,actual_same_interval_7_days_ago,2025-12-21 12:00:00,72,108,True,883.0594111111108,800.0,0.0,0.0,6360.0,7080.0,911.717347222222,120.0
2025-12-21T12:00_rolling,2025-12-21 12:00:00,2025-12-21 12:10:00,2025-12-22 12:00:00,2025-12-21 12:00:00,2025-12-21 12:20:00,20,5702.330666666667,950.3884444444444,observed_anchor_linear_to_h1,5890.8,2025-12-21 12:00:00,1055.6512666666663,2025-12-14 12:20:00,actual_same_interval_7_days_ago,2025-12-21 12:00:00,72,108,True,905.2628222222219,800.0,0.0,0.0,7080.0,7800.0,914.724194444444,120.0
2025-12-21T12:00_rolling,2025-12-21 12:00:00,2025-12-21 12:10:00,2025-12-22 12:00:00,2025-12-21 12:00:00,2025-12-21 12:30:00,30,5608.096,934.6826666666666,observed_anchor_linear_to_h1,5890.8,2025-12-21 12:00:00,1060.84,2025-12-14 12:30:00,actual_same_interval_7_days_ago,2025-12-21 12:00:00,72,108,True,926.1573333333333,800.0,0.0,0.0,7800.0,8520.0,916.4221416666666,120.0
2025-12-21T12:00_rolling,2025-12-21 12:00:00,2025-12-21 12:10:00,2025-12-22 12:00:00,2025-12-21 12:00:00,2025-12-21 12:40:00,40,5513.861333333333,918.9768888888889,observed_anchor_linear_to_h1,5890.8,2025-12-21 12:00:00,1015.2818166666666,2025-12-14 12:40:00,actual_same_interval_7_days_ago,2025-12-21 12:00:00,72,108,True,896.3049277777777,800.0,0.0,0.0,8520.0,9240.0,867.3731722222223,120.0
2025-12-21T12:00_rolling,2025-12-21 12:00:00,2025-12-21 12:10:00,2025-12-22 12:00:00,2025-12-21 12:00:00,2025-12-21 12:50:00,50,5419.626666666667,903.2711111111112,observed_anchor_linear_to_h1,5890.8,2025-12-21 12:00:00,1036.7590166666666,2025-12-14 12:50:00,actual_same_interval_7_days_ago,2025-12-21 12:00:00,72,108,True,933.4879055555555,800.0,0.0,0.0,9240.0,9960.0,885.3595861111111,120.0
2025-12-21T12:00_rolling,2025-12-21 12:00:00,2025-12-21 12:10:00,2025-12-22 12:00:00,2025-12-21 12:00:00,2025-12-21 13:00:00,60,5325.392,887.5653333333333,attachment3_10min_interpolation,5890.8,2025-12-21 12:00:00,1116.9,2025-12-14 13:00:00,actual_same_interval_7_days_ago,2025-12-21 12:00:00,72,108,True,229.33466666666675,0.0,0.0,0.0,9960.0,9960.0,162.00978333333342,120.0
2025-12-21T12:00_rolling,2025-12-21 12:00:00,2025-12-21 12:10:00,2025-12-22 12:00:00,2025-12-21 12:00:00,2025-12-21 13:10:00,70,5225.129833333333,870.8549722222223,attachment3_10min_interpolation,5890.8,2025-12-21 12:00:00,1124.145166666667,2025-12-14 13:10:00,actual_same_interval_7_days_ago,2025-12-21 12:00:00,72,108,True,253.29019444444464,0.0,0.0,0.0,9960.0,9960.0,191.91111388888908,120.0
2025-12-21T12:00_rolling,2025-12-21 12:00:00,2025-12-21 12:10:00,2025-12-22 12:00:00,2025-12-21 12:00:00,2025-12-21 13:20:00,80,5124.867666666667,854.1446111111112,attachment3_10min_interpolation,5890.8,2025-12-21 12:00:00,1105.8272166666668,2025-12-14 13:20:00,actual_same_interval_7_days_ago,2025-12-21 12:00:00,72,108,True,251.6826055555556,0.0,0.0,0.0,9960.0,9960.0,196.24932777777792,120.0
2025-12-21T12:00_rolling,2025-12-21 12:00:00,2025-12-21 12:10:00,2025-12-22 12:00:00,2025-12-21 12:00:00,2025-12-21 13:30:00,90,5024.6055,837.4342499999999,attachment3_10min_interpolation,5890.8,2025-12-21 12:00:00,1098.9433333333334,2025-12-14 13:30:00,actual_same_interval_7_days_ago,2025-12-21 12:00:00,72,108,True,261.5090833333335,0.0,0.0,0.0,9960.0,9960.0,212.02160833333335,120.0
2025-12-21T12:00_rolling,2025-12-21 12:00:00,2025-12-21 12:10:00,2025-12-22 12:00:00,2025-12-21 12:00:00,2025-12-21 13:40:00,100,4924.343333333333,820.7238888888888,attachment3_10min_interpolation,5890.8,2025-12-21 12:00:00,1087.49465,2025-12-14 13:40:00,actual_same_interval_7_days_ago,2025-12-21 12:00:00,72,108,True,266.77076111111126,0.0,0.0,0.0,9960.0,9960.0,223.2290888888889,120.0
2025-12-21T12:00_rolling,2025-12-21 12:00:00,2025-12-21 12:10:00,2025-12-22 12:00:00,2025-12-21 12:00:00,2025-12-21 13:50:00,110,4824.081166666667,804.0135277777778,attachment3_10min_interpolation,5890.8,2025-12-21 12:00:00,1071.4292333333333,2025-12-14 13:50:00,actual_same_interval_7_days_ago,2025-12-21 12:00:00,72,108,True,267.4157055555555,0.0,0.0,0.0,9960.0,9960.0,229.81983611111116,120.0
2025-12-21T12:00_rolling,2025-12-21 12:00:00,2025-12-21 12:10:00,2025-12-22 12:00:00,2025-12-21 12:00:00,2025-12-21 14:00:00,120,4723.819,787.3031666666667,attachment3_10min_interpolation,5890.8,2025-12-21 12:00:00,1061.8733333333332,2025-12-14 14:00:00,actual_same_interval_7_days_ago,2025-12-21 12:00:00,72,108,True,58.57016666666652,0.0,216.0,0.0,9960.0,9720.0,26.920099999999934,120.0
2025-12-21T12:00_rolling,2025-12-21 12:00:00,2025-12-21 12:10:00,2025-12-22 12:00:00,2025-12-21 12:00:00,2025-12-21 14:10:00,130,4411.185750000001,735.1976250000001,attachment3_10min_interpolation,5890.8,2025-12-21 12:00:00,1072.4911833333333,2025-12-14 14:10:00,actual_same_interval_7_days_ago,2025-12-21 12:00:00,72,108,True,121.29355833333318,0.0,216.0,0.0,9720.0,9480.0,81.14708055555559,120.0
2025-12-21T12:00_rolling,2025-12-21 12:00:00,2025-12-21 12:10:00,2025-12-22 12:00:00,2025-12-21 12:00:00,2025-12-21 14:20:00,140,4098.552500000001,683.0920833333334,attachment3_10min_interpolation,5890.8,2025-12-21 12:00:00,1099.6715000000002,2025-12-14 14:20:00,actual_same_interval_7_days_ago,2025-12-21 12:00:00,72,108,True,92.5794166666667,0.0,324.0,0.0,9480.0,9120.0,43.936527777778,120.0
2025-12-21T12:00_rolling,2025-12-21 12:00:00,2025-12-21 12:10:00,2025-12-22 12:00:00,2025-12-21 12:00:00,2025-12-21 14:30:00,150,3785.91925,630.9865416666667,attachment3_10min_interpolation,5890.8,2025-12-21 12:00:00,1108.9366666666667,2025-12-14 14:30:00,actual_same_interval_7_days_ago,2025-12-21 12:00:00,72,108,True,153.95012500000007,0.0,324.0,0.0,9120.0,8760.0,96.81082500000014,120.0
2025-12-21T12:00_rolling,2025-12-21 12:00:00,2025-12-21 12:10:00,2025-12-22 12:00:00,2025-12-21 12:00:00,2025-12-21 14:40:00,160,3473.286,578.881,attachment3_10min_interpolation,5890.8,2025-12-21 12:00:00,1068.8516,2025-12-14 14:40:00,actual_same_interval_7_days_ago,2025-12-21 12:00:00,72,108,True,57.97059999999999,0.0,432.0,0.0,8760.0,8280.0,0.0,120.0
2025-12-21T12:00_rolling,2025-12-21 12:00:00,2025-12-21 12:10:00,2025-12-22 12:00:00,2025-12-21 12:00:00,2025-12-21 14:50:00,170,3160.65275,526.7754583333334,attachment3_10min_interpolation,5890.8,2025-12-21 12:00:00,1061.4604166666666,2025-12-14 14:50:00,actual_same_interval_7_days_ago,2025-12-21 12:00:00,72,108,True,0.0,0.0,540.0,5.315041666666843,8280.0,7680.0,28.552836111111105,120.0
2025-12-21T12:00_rolling,2025-12-21 12:00:00,2025-12-21 12:10:00,2025-12-22 12:00:00,2025-12-21 12:00:00,2025-12-21 15:00:00,180,2848.0195,474.66991666666667,attachment3_10min_interpolation,5890.8,2025-12-21 12:00:00,1093.01,2025-12-14 15:00:00,actual_same_interval_7_days_ago,2025-12-21 12:00:00,72,108,True,1418.3400833333333,800.0,0.0,0.0,7680.0,8400.0,1335.71155,120.0
2025-12-21T12:00_rolling,2025-12-21 12:00:00,2025-12-21 12:10:00,2025-12-22 12:00:00,2025-12-21 12:00:00,2025-12-21 15:10:00,190,2598.3510666666666,433.0585111111111,attachment3_10min_interpolation,5890.8,2025-12-21 12:00:00,1087.8379,2025-12-14 15:10:00,actual_same_interval_7_days_ago,2025-12-21 12:00:00,72,108,True,1454.779388888889,800.0,0.0,0.0,8400.0,9120.0,1383.1154805555555,120.0
2025-12-21T12:00_rolling,2025-12-21 12:00:00,2025-12-21 12:10:00,2025-12-22 12:00:00,2025-12-21 12:00:00,2025-12-21 15:20:00,200,2348.6826333333333,391.44710555555554,attachment3_10min_interpolation,5890.8,2025-12-21 12:00:00,1060.7003333333334,2025-12-14 15:20:00,actual_same_interval_7_days_ago,2025-12-21 12:00:00,72,108,True,1469.253227777778,800.0,0.0,0.0,9120.0,9840.0,1408.5539444444446,120.0
2025-12-21T12:00_rolling,2025-12-21 12:00:00,2025-12-21 12:10:00,2025-12-22 12:00:00,2025-12-21 12:00:00,2025-12-21 15:30:00,210,2099.0142,349.83570000000003,attachment3_10min_interpolation,5890.8,2025-12-21 12:00:00,1055.19,2025-12-14 15:30:00,actual_same_interval_7_days_ago,2025-12-21 12:00:00,72,108,True,1505.3543,800.0,0.0,0.0,9840.0,10560.0,1455.6196416666667,120.0
2025-12-21T12:00_rolling,2025-12-21 12:00:00,2025-12-21 12:10:00,2025-12-22 12:00:00,2025-12-21 12:00:00,2025-12-21 15:40:00,220,1849.3457666666663,308.2242944444444,attachment3_10min_interpolation,5890.8,2025-12-21 12:00:00,1092.7591166666666,2025-12-14 15:40:00,actual_same_interval_7_days_ago,2025-12-21 12:00:00,72,108,True,1051.201488888889,266.6666666666667,0.0,0.0,10560.0,10800.0,1012.4314555555557,120.0
2025-12-21T12:00_rolling,2025-12-21 12:00:00,2025-12-21 12:10:00,2025-12-22 12:00:00,2025-12-21 12:00:00,2025-12-21 15:50:00,230,1599.6773333333333,266.6128888888889,attachment3_10min_interpolation,5890.8,2025-12-21 12:00:00,1090.3288,2025-12-14 15:50:00,actual_same_interval_7_days_ago,2025-12-21 12:00:00,72,108,True,823.7159111111112,0.0,0.0,0.0,10800.0,10800.0,795.9105027777778,120.0
2025-12-21T12:00_rolling,2025-12-21 12:00:00,2025-12-21 12:10:00,2025-12-22 12:00:00,2025-12-21 12:00:00,2025-12-21 16:00:00,240,1350.0089,225.00148333333334,attachment3_10min_interpolation,5890.8,2025-12-21 12:00:00,1037.98,2025-12-14 16:00:00,actual_same_interval_7_days_ago,2025-12-21 12:00:00,72,108,True,812.9785166666667,0.0,0.0,0.0,10800.0,10800.0,796.1377333333334,120.0
2025-12-21T12:00_rolling,2025-12-21 12:00:00,2025-12-21 12:10:00,2025-12-22 12:00:00,2025-12-21 12:00:00,2025-12-21 16:10:00,250,1125.0074166666666,187.5012361111111,attachment3_10min_interpolation,5890.8,2025-12-21 12:00:00,1008.14715,2025-12-14 16:10:00,actual_same_interval_7_days_ago,2025-12-21 12:00:00,72,108,True,820.6459138888889,0.0,0.0,0.0,10800.0,10800.0,806.6119277777777,120.0
2025-12-21T12:00_rolling,2025-12-21 12:00:00,2025-12-21 12:10:00,2025-12-22 12:00:00,2025-12-21 12:00:00,2025-12-21 16:20:00,260,900.0059333333334,150.00098888888888,attachment3_10min_interpolation,5890.8,2025-12-21 12:00:00,1005.7553166666668,2025-12-14 16:20:00,actual_same_interval_7_days_ago,2025-12-21 12:00:00,72,108,True,855.7543277777779,0.0,0.0,0.0,10800.0,10800.0,844.527138888889,120.0
2025-12-21T12:00_rolling,2025-12-21 12:00:00,2025-12-21 12:10:00,2025-12-22 12:00:00,2025-12-21 12:00:00,2025-12-21 16:30:00,270,675.00445,112.50074166666667,attachment3_10min_interpolation,5890.8,2025-12-21 12:00:00,1028.465,2025-12-14 16:30:00,actual_same_interval_7_days_ago,2025-12-21 12:00:00,72,108,True,915.9642583333332,0.0,0.0,0.0,10800.0,10800.0,907.5438666666666,120.0
2025-12-21T12:00_rolling,2025-12-21 12:00:00,2025-12-21 12:10:00,2025-12-22 12:00:00,2025-12-21 12:00:00,2025-12-21 16:40:00,280,450.0029666666666,75.00049444444444,attachment3_10min_interpolation,5890.8,2025-12-21 12:00:00,1068.1531333333337,2025-12-14 16:40:00,actual_same_interval_7_days_ago,2025-12-21 12:00:00,72,108,True,993.1526388888892,0.0,0.0,0.0,10800.0,10800.0,987.5390444444448,120.0
2025-12-21T12:00_rolling,2025-12-21 12:00:00,2025-12-21 12:10:00,2025-12-22 12:00:00,2025-12-21 12:00:00,2025-12-21 16:50:00,290,225.00148333333328,37.500247222222214,attachment3_10min_interpolation,5890.8,2025-12-21 12:00:00,1055.5353833333334,2025-12-14 16:50:00,actual_same_interval_7_days_ago,2025-12-21 12:00:00,72,108,True,1018.0351361111111,0.0,0.0,0.0,10800.0,10800.0,1015.2283388888889,120.0
2025-12-21T12:00_rolling,2025-12-21 12:00:00,2025-12-21 12:10:00,2025-12-22 12:00:00,2025-12-21 12:00:00,2025-12-21 17:00:00,300,0.0,0.0,attachment3_10min_interpolation,5890.8,2025-12-21 12:00:00,1014.9216666666666,2025-12-14 17:00:00,actual_same_interval_7_days_ago,2025-12-21 12:00:00,72,108,True,1014.9216666666666,0.0,0.0,0.0,10800.0,10800.0,1014.9216666666666,120.0
2025-12-21T12:00_rolling,2025-12-21 12:00:00,2025-12-21 12:10:00,2025-12-22 12:00:00,2025-12-21 12:00:00,2025-12-21 17:10:00,310,0.0,0.0,attachment3_10min_interpolation,5890.8,2025-12-21 12:00:00,1037.7973,2025-12-14 17:10:00,actual_same_interval_7_days_ago,2025-12-21 12:00:00,72,108,True,1037.7973,0.0,0.0,0.0,10800.0,10800.0,1037.7973,120.0
2025-12-21T12:00_rolling,2025-12-21 12:00:00,2025-12-21 12:10:00,2025-12-22 12:00:00,2025-12-21 12:00:00,2025-12-21 17:20:00,320,0.0,0.0,attachment3_10min_interpolation,5890.8,2025-12-21 12:00:00,1052.7808333333337,2025-12-14 17:20:00,actual_same_interval_7_days_ago,2025-12-21 12:00:00,72,108,True,1052.7808333333337,0.0,0.0,0.0,10800.0,10800.0,1052.7808333333337,120.0
2025-12-21T12:00_rolling,2025-12-21 12:00:00,2025-12-21 12:10:00,2025-12-22 12:00:00,2025-12-21 12:00:00,2025-12-21 17:30:00,330,0.0,0.0,attachment3_10min_interpolation,5890.8,2025-12-21 12:00:00,1047.595,2025-12-14 17:30:00,actual_same_interval_7_days_ago,2025-12-21 12:00:00,72,108,True,1047.595,0.0,0.0,0.0,10800.0,10800.0,1047.595,120.0
2025-12-21T12:00_rolling,2025-12-21 12:00:00,2025-12-21 12:10:00,2025-12-22 12:00:00,2025-12-21 12:00:00,2025-12-21 17:40:00,340,0.0,0.0,attachment3_10min_interpolation,5890.8,2025-12-21 12:00:00,1057.7831833333332,2025-12-14 17:40:00,actual_same_interval_7_days_ago,2025-12-21 12:00:00,72,108,True,1057.7831833333332,0.0,0.0,0.0,10800.0,10800.0,1057.7831833333332,120.0
2025-12-21T12:00_rolling,2025-12-21 12:00:00,2025-12-21 12:10:00,2025-12-22 12:00:00,2025-12-21 12:00:00,2025-12-21 17:50:00,350,0.0,0.0,attachment3_10min_interpolation,5890.8,2025-12-21 12:00:00,919.2911666666668,2025-12-14 17:50:00,actual_same_interval_7_days_ago,2025-12-21 12:00:00,72,108,True,919.2911666666668,0.0,0.0,0.0,10800.0,10800.0,919.2911666666668,120.0
2025-12-21T12:00_rolling,2025-12-21 12:00:00,2025-12-21 12:10:00,2025-12-22 12:00:00,2025-12-21 12:00:00,2025-12-21 18:00:00,360,0.0,0.0,attachment3_10min_interpolation,5890.8,2025-12-21 12:00:00,717.2216666666667,2025-12-14 18:00:00,actual_same_interval_7_days_ago,2025-12-21 12:00:00,72,108,True,717.2216666666667,0.0,0.0,0.0,10800.0,10800.0,717.2216666666667,120.0
2025-12-21T12:00_rolling,2025-12-21 12:00:00,2025-12-21 12:10:00,2025-12-22 12:00:00,2025-12-21 12:00:00,2025-12-21 18:10:00,370,0.0,0.0,attachment3_10min_interpolation,5890.8,2025-12-21 12:00:00,720.8249333333333,2025-12-14 18:10:00,actual_same_interval_7_days_ago,2025-12-21 12:00:00,72,108,False,72.82493333333332,0.0,648.0,0.0,10800.0,10080.0,72.82493333333332,120.0
2025-12-21T12:00_rolling,2025-12-21 12:00:00,2025-12-21 12:10:00,2025-12-22 12:00:00,2025-12-21 12:00:00,2025-12-21 18:20:00,380,0.0,0.0,attachment3_10min_interpolation,5890.8,2025-12-21 12:00:00,744.6798166666667,2025-12-14 18:20:00,actual_same_interval_7_days_ago,2025-12-21 12:00:00,72,108,False,744.6798166666667,0.0,0.0,0.0,10080.0,10080.0,744.6798166666667,120.0
2025-12-21T12:00_rolling,2025-12-21 12:00:00,2025-12-21 12:10:00,2025-12-22 12:00:00,2025-12-21 12:00:00,2025-12-21 18:30:00,390,0.0,0.0,attachment3_10min_interpolation,5890.8,2025-12-21 12:00:00,700.34,2025-12-14 18:30:00,actual_same_interval_7_days_ago,2025-12-21 12:00:00,72,108,False,592.34,0.0,108.0,0.0,10080.0,9960.0,592.34,120.0
2025-12-21T12:00_rolling,2025-12-21 12:00:00,2025-12-21 12:10:00,2025-12-22 12:00:00,2025-12-21 12:00:00,2025-12-21 18:40:00,400,0.0,0.0,attachment3_10min_interpolation,5890.8,2025-12-21 12:00:00,687.4983000000001,2025-12-14 18:40:00,actual_same_interval_7_days_ago,2025-12-21 12:00:00,72,108,False,687.4983000000001,0.0,0.0,0.0,9960.0,9960.0,687.4983000000001,120.0
2025-12-21T12:00_rolling,2025-12-21 12:00:00,2025-12-21 12:10:00,2025-12-22 12:00:00,2025-12-21 12:00:00,2025-12-21 18:50:00,410,0.0,0.0,attachment3_10min_interpolation,5890.8,2025-12-21 12:00:00,702.9292666666666,2025-12-14 18:50:00,actual_same_interval_7_days_ago,2025-12-21 12:00:00,72,108,False,54.92926666666665,0.0,648.0,0.0,9960.0,9240.0,54.92926666666665,120.0
2025-12-21T12:00_rolling,2025-12-21 12:00:00,2025-12-21 12:10:00,2025-12-22 12:00:00,2025-12-21 12:00:00,2025-12-21 19:00:00,420,0.0,0.0,attachment3_10min_interpolation,5890.8,2025-12-21 12:00:00,721.9416666666666,2025-12-14 19:00:00,actual_same_interval_7_days_ago,2025-12-21 12:00:00,72,108,False,73.9416666666666,0.0,648.0,0.0,9240.0,8520.0,73.9416666666666,120.0
2025-12-21T12:00_rolling,2025-12-21 12:00:00,2025-12-21 12:10:00,2025-12-22 12:00:00,2025-12-21 12:00:00,2025-12-21 19:10:00,430,0.0,0.0,attachment3_10min_interpolation,5890.8,2025-12-21 12:00:00,732.0482999999999,2025-12-14 19:10:00,actual_same_interval_7_days_ago,2025-12-21 12:00:00,72,108,False,84.04829999999993,0.0,648.0,0.0,8520.0,7800.0,84.04829999999993,120.0
2025-12-21T12:00_rolling,2025-12-21 12:00:00,2025-12-21 12:10:00,2025-12-22 12:00:00,2025-12-21 12:00:00,2025-12-21 19:20:00,440,0.0,0.0,attachment3_10min_interpolation,5890.8,2025-12-21 12:00:00,742.1127499999999,2025-12-14 19:20:00,actual_same_interval_7_days_ago,2025-12-21 12:00:00,72,108,False,94.11274999999989,0.0,648.0,0.0,7800.0,7080.0,94.11274999999989,120.0
2025-12-21T12:00_rolling,2025-12-21 12:00:00,2025-12-21 12:10:00,2025-12-22 12:00:00,2025-12-21 12:00:00,2025-12-21 19:30:00,450,0.0,0.0,attachment3_10min_interpolation,5890.8,2025-12-21 12:00:00,743.3583333333332,2025-12-14 19:30:00,actual_same_interval_7_days_ago,2025-12-21 12:00:00,72,108,False,95.35833333333323,0.0,648.0,0.0,7080.0,6360.0,95.35833333333323,120.0
2025-12-21T12:00_rolling,2025-12-21 12:00:00,2025-12-21 12:10:00,2025-12-22 12:00:00,2025-12-21 12:00:00,2025-12-21 19:40:00,460,0.0,0.0,attachment3_10min_interpolation,5890.8,2025-12-21 12:00:00,719.89135,2025-12-14 19:40:00,actual_same_interval_7_days_ago,2025-12-21 12:00:00,72,108,False,71.89134999999999,0.0,648.0,0.0,6360.0,5640.0,71.89134999999999,120.0
2025-12-21T12:00_rolling,2025-12-21 12:00:00,2025-12-21 12:10:00,2025-12-22 12:00:00,2025-12-21 12:00:00,2025-12-21 19:50:00,470,0.0,0.0,attachment3_10min_interpolation,5890.8,2025-12-21 12:00:00,716.79235,2025-12-14 19:50:00,actual_same_interval_7_days_ago,2025-12-21 12:00:00,72,108,False,68.79235000000006,0.0,648.0,0.0,5640.0,4920.0,68.79235000000006,120.0
2025-12-21T12:00_rolling,2025-12-21 12:00:00,2025-12-21 12:10:00,2025-12-22 12:00:00,2025-12-21 12:00:00,2025-12-21 20:00:00,480,0.0,0.0,attachment3_10min_interpolation,5890.8,2025-12-21 12:00:00,745.0716666666667,2025-12-14 20:00:00,actual_same_interval_7_days_ago,2025-12-21 12:00:00,72,108,False,97.07166666666672,0.0,648.0,0.0,4920.0,4200.0,97.07166666666672,120.0
2025-12-21T12:00_rolling,2025-12-21 12:00:00,2025-12-21 12:10:00,2025-12-22 12:00:00,2025-12-21 12:00:00,2025-12-21 20:10:00,490,0.0,0.0,attachment3_10min_interpolation,5890.8,2025-12-21 12:00:00,766.45415,2025-12-14 20:10:00,actual_same_interval_7_days_ago,2025-12-21 12:00:00,72,108,False,10.454150000000027,0.0,756.0,0.0,4200.0,3360.0,10.454150000000027,120.0
2025-12-21T12:00_rolling,2025-12-21 12:00:00,2025-12-21 12:10:00,2025-12-22 12:00:00,2025-12-21 12:00:00,2025-12-21 20:20:00,500,0.0,0.0,attachment3_10min_interpolation,5890.8,2025-12-21 12:00:00,746.2377333333334,2025-12-14 20:20:00,actual_same_interval_7_days_ago,2025-12-21 12:00:00,72,108,False,98.23773333333338,0.0,648.0,0.0,3360.0,2640.0,98.23773333333338,120.0
2025-12-21T12:00_rolling,2025-12-21 12:00:00,2025-12-21 12:10:00,2025-12-22 12:00:00,2025-12-21 12:00:00,2025-12-21 20:30:00,510,0.0,0.0,attachment3_10min_interpolation,5890.8,2025-12-21 12:00:00,706.9566666666666,2025-12-14 20:30:00,actual_same_interval_7_days_ago,2025-12-21 12:00:00,72,108,False,58.95666666666659,0.0,648.0,0.0,2640.0,1920.0,58.95666666666659,120.0
2025-12-21T12:00_rolling,2025-12-21 12:00:00,2025-12-21 12:10:00,2025-12-22 12:00:00,2025-12-21 12:00:00,2025-12-21 20:40:00,520,0.0,0.0,attachment3_10min_interpolation,5890.8,2025-12-21 12:00:00,706.8162000000001,2025-12-14 20:40:00,actual_same_interval_7_days_ago,2025-12-21 12:00:00,72,108,False,58.816200000000094,0.0,648.0,0.0,1920.0,1200.0,58.816200000000094,120.0
2025-12-21T12:00_rolling,2025-12-21 12:00:00,2025-12-21 12:10:00,2025-12-22 12:00:00,2025-12-21 12:00:00,2025-12-21 20:50:00,530,0.0,0.0,attachment3_10min_interpolation,5890.8,2025-12-21 12:00:00,724.2105166666666,2025-12-14 20:50:00,actual_same_interval_7_days_ago,2025-12-21 12:00:00,72,108,False,724.2105166666666,0.0,0.0,0.0,1200.0,1200.0,724.2105166666666,120.0
2025-12-21T12:00_rolling,2025-12-21 12:00:00,2025-12-21 12:10:00,2025-12-22 12:00:00,2025-12-21 12:00:00,2025-12-21 21:00:00,540,0.0,0.0,attachment3_10min_interpolation,5890.8,2025-12-21 12:00:00,732.85,2025-12-14 21:00:00,actual_same_interval_7_days_ago,2025-12-21 12:00:00,72,108,False,732.85,0.0,0.0,0.0,1200.0,1200.0,732.85,120.0
2025-12-21T12:00_rolling,2025-12-21 12:00:00,2025-12-21 12:10:00,2025-12-22 12:00:00,2025-12-21 12:00:00,2025-12-21 21:10:00,550,0.0,0.0,attachment3_10min_interpolation,5890.8,2025-12-21 12:00:00,727.7661499999999,2025-12-14 21:10:00,actual_same_interval_7_days_ago,2025-12-21 12:00:00,72,108,False,727.7661499999999,0.0,0.0,0.0,1200.0,1200.0,727.7661499999999,120.0
2025-12-21T12:00_rolling,2025-12-21 12:00:00,2025-12-21 12:10:00,2025-12-22 12:00:00,2025-12-21 12:00:00,2025-12-21 21:20:00,560,0.0,0.0,attachment3_10min_interpolation,5890.8,2025-12-21 12:00:00,725.3740666666666,2025-12-14 21:20:00,actual_same_interval_7_days_ago,2025-12-21 12:00:00,72,108,False,725.3740666666666,0.0,0.0,0.0,1200.0,1200.0,725.3740666666666,120.0
2025-12-21T12:00_rolling,2025-12-21 12:00:00,2025-12-21 12:10:00,2025-12-22 12:00:00,2025-12-21 12:00:00,2025-12-21 21:30:00,570,0.0,0.0,attachment3_10min_interpolation,5890.8,2025-12-21 12:00:00,738.7916666666666,2025-12-14 21:30:00,actual_same_interval_7_days_ago,2025-12-21 12:00:00,72,108,False,738.7916666666666,0.0,0.0,0.0,1200.0,1200.0,738.7916666666666,120.0
2025-12-21T12:00_rolling,2025-12-21 12:00:00,2025-12-21 12:10:00,2025-12-22 12:00:00,2025-12-21 12:00:00,2025-12-21 21:40:00,580,0.0,0.0,attachment3_10min_interpolation,5890.8,2025-12-21 12:00:00,753.2937499999999,2025-12-14 21:40:00,actual_same_interval_7_days_ago,2025-12-21 12:00:00,72,108,False,753.2937499999999,0.0,0.0,0.0,1200.0,1200.0,753.2937499999999,120.0
2025-12-21T12:00_rolling,2025-12-21 12:00:00,2025-12-21 12:10:00,2025-12-22 12:00:00,2025-12-21 12:00:00,2025-12-21 21:50:00,590,0.0,0.0,attachment3_10min_interpolation,5890.8,2025-12-21 12:00:00,683.0635166666666,2025-12-14 21:50:00,actual_same_interval_7_days_ago,2025-12-21 12:00:00,72,108,False,683.0635166666666,0.0,0.0,0.0,1200.0,1200.0,683.0635166666666,120.0
2025-12-21T12:00_rolling,2025-12-21 12:00:00,2025-12-21 12:10:00,2025-12-22 12:00:00,2025-12-21 12:00:00,2025-12-21 22:00:00,600,0.0,0.0,attachment3_10min_interpolation,5890.8,2025-12-21 12:00:00,570.3616666666667,2025-12-14 22:00:00,actual_same_interval_7_days_ago,2025-12-21 12:00:00,72,108,False,570.3616666666667,0.0,0.0,0.0,1200.0,1200.0,570.3616666666667,120.0
2025-12-21T12:00_rolling,2025-12-21 12:00:00,2025-12-21 12:10:00,2025-12-22 12:00:00,2025-12-21 12:00:00,2025-12-21 22:10:00,610,0.0,0.0,attachment3_10min_interpolation,5890.8,2025-12-21 12:00:00,552.9186166666667,2025-12-14 22:10:00,actual_same_interval_7_days_ago,2025-12-21 12:00:00,72,108,False,552.9186166666667,0.0,0.0,0.0,1200.0,1200.0,552.9186166666667,120.0
2025-12-21T12:00_rolling,2025-12-21 12:00:00,2025-12-21 12:10:00,2025-12-22 12:00:00,2025-12-21 12:00:00,2025-12-21 22:20:00,620,0.0,0.0,attachment3_10min_interpolation,5890.8,2025-12-21 12:00:00,569.8221833333333,2025-12-14 22:20:00,actual_same_interval_7_days_ago,2025-12-21 12:00:00,72,108,False,569.8221833333333,0.0,0.0,0.0,1200.0,1200.0,569.8221833333333,120.0
2025-12-21T12:00_rolling,2025-12-21 12:00:00,2025-12-21 12:10:00,2025-12-22 12:00:00,2025-12-21 12:00:00,2025-12-21 22:30:00,630,0.0,0.0,attachment3_10min_interpolation,5890.8,2025-12-21 12:00:00,565.9616666666667,2025-12-14 22:30:00,actual_same_interval_7_days_ago,2025-12-21 12:00:00,72,108,False,565.9616666666667,0.0,0.0,0.0,1200.0,1200.0,565.9616666666667,120.0
2025-12-21T12:00_rolling,2025-12-21 12:00:00,2025-12-21 12:10:00,2025-12-22 12:00:00,2025-12-21 12:00:00,2025-12-21 22:40:00,640,0.0,0.0,attachment3_10min_interpolation,5890.8,2025-12-21 12:00:00,548.3579,2025-12-14 22:40:00,actual_same_interval_7_days_ago,2025-12-21 12:00:00,72,108,False,548.3579,0.0,0.0,0.0,1200.0,1200.0,548.3579,120.0
2025-12-21T12:00_rolling,2025-12-21 12:00:00,2025-12-21 12:10:00,2025-12-22 12:00:00,2025-12-21 12:00:00,2025-12-21 22:50:00,650,0.0,0.0,attachment3_10min_interpolation,5890.8,2025-12-21 12:00:00,543.2948333333333,2025-12-14 22:50:00,actual_same_interval_7_days_ago,2025-12-21 12:00:00,72,108,False,543.2948333333333,0.0,0.0,0.0,1200.0,1200.0,543.2948333333333,120.0
2025-12-21T12:00_rolling,2025-12-21 12:00:00,2025-12-21 12:10:00,2025-12-22 12:00:00,2025-12-21 12:00:00,2025-12-21 23:00:00,660,0.0,0.0,attachment3_10min_interpolation,5890.8,2025-12-21 12:00:00,558.3249999999999,2025-12-14 23:00:00,actual_same_interval_7_days_ago,2025-12-21 12:00:00,72,108,False,558.3249999999999,0.0,0.0,0.0,1200.0,1200.0,558.3249999999999,120.0
2025-12-21T12:00_rolling,2025-12-21 12:00:00,2025-12-21 12:10:00,2025-12-22 12:00:00,2025-12-21 12:00:00,2025-12-21 23:10:00,670,0.0,0.0,attachment3_10min_interpolation,5890.8,2025-12-21 12:00:00,578.14965,2025-12-14 23:10:00,actual_same_interval_7_days_ago,2025-12-21 12:00:00,72,108,False,578.14965,0.0,0.0,0.0,1200.0,1200.0,578.14965,120.0
2025-12-21T12:00_rolling,2025-12-21 12:00:00,2025-12-21 12:10:00,2025-12-22 12:00:00,2025-12-21 12:00:00,2025-12-21 23:20:00,680,0.0,0.0,attachment3_10min_interpolation,5890.8,2025-12-21 12:00:00,587.9633333333334,2025-12-14 23:20:00,actual_same_interval_7_days_ago,2025-12-21 12:00:00,72,108,False,587.9633333333334,0.0,0.0,0.0,1200.0,1200.0,587.9633333333334,120.0
2025-12-21T12:00_rolling,2025-12-21 12:00:00,2025-12-21 12:10:00,2025-12-22 12:00:00,2025-12-21 12:00:00,2025-12-21 23:30:00,690,0.0,0.0,attachment3_10min_interpolation,5890.8,2025-12-21 12:00:00,578.2983333333333,2025-12-14 23:30:00,actual_same_interval_7_days_ago,2025-12-21 12:00:00,72,108,False,578.2983333333333,0.0,0.0,0.0,1200.0,1200.0,578.2983333333333,120.0
2025-12-21T12:00_rolling,2025-12-21 12:00:00,2025-12-21 12:10:00,2025-12-22 12:00:00,2025-12-21 12:00:00,2025-12-21 23:40:00,700,0.0,0.0,attachment3_10min_interpolation,5890.8,2025-12-21 12:00:00,557.10235,2025-12-14 23:40:00,actual_same_interval_7_days_ago,2025-12-21 12:00:00,72,108,False,557.10235,0.0,0.0,0.0,1200.0,1200.0,557.10235,120.0
2025-12-21T12:00_rolling,2025-12-21 12:00:00,2025-12-21 12:10:00,2025-12-22 12:00:00,2025-12-21 12:00:00,2025-12-21 23:50:00,710,0.0,0.0,attachment3_10min_interpolation,5890.8,2025-12-21 12:00:00,577.9149666666666,2025-12-14 23:50:00,actual_same_interval_7_days_ago,2025-12-21 12:00:00,72,108,False,577.9149666666666,0.0,0.0,0.0,1200.0,1200.0,577.9149666666666,120.0
2025-12-21T12:00_rolling,2025-12-21 12:00:00,2025-12-21 12:10:00,2025-12-22 12:00:00,2025-12-21 12:00:00,2025-12-22 00:00:00,720,0.0,0.0,attachment3_10min_interpolation,5890.8,2025-12-21 12:00:00,609.63,2025-12-15 00:00:00,actual_same_interval_7_days_ago,2025-12-21 12:00:00,72,108,False,609.63,0.0,0.0,0.0,1200.0,1200.0,609.63,120.0
2025-12-21T12:00_rolling,2025-12-21 12:00:00,2025-12-21 12:10:00,2025-12-22 12:00:00,2025-12-21 12:00:00,2025-12-22 00:10:00,730,0.0,0.0,attachment3_10min_interpolation,5890.8,2025-12-21 12:00:00,572.6283166666666,2025-12-15 00:10:00,actual_same_interval_7_days_ago,2025-12-21 12:00:00,72,108,False,1372.6283166666667,800.0,0.0,0.0,1200.0,1920.0,,120.0
2025-12-21T12:00_rolling,2025-12-21 12:00:00,2025-12-21 12:10:00,2025-12-22 12:00:00,2025-12-21 12:00:00,2025-12-22 00:20:00,740,0.0,0.0,attachment3_10min_interpolation,5890.8,2025-12-21 12:00:00,570.9348,2025-12-15 00:20:00,actual_same_interval_7_days_ago,2025-12-21 12:00:00,72,108,False,1370.9348,800.0,0.0,0.0,1920.0,2640.0,,120.0
2025-12-21T12:00_rolling,2025-12-21 12:00:00,2025-12-21 12:10:00,2025-12-22 12:00:00,2025-12-21 12:00:00,2025-12-22 00:30:00,750,0.0,0.0,attachment3_10min_interpolation,5890.8,2025-12-21 12:00:00,613.0916666666667,2025-12-15 00:30:00,actual_same_interval_7_days_ago,2025-12-21 12:00:00,72,108,False,1413.0916666666667,800.0,0.0,0.0,2640.0,3360.0,,120.0
2025-12-21T12:00_rolling,2025-12-21 12:00:00,2025-12-21 12:10:00,2025-12-22 12:00:00,2025-12-21 12:00:00,2025-12-22 00:40:00,760,0.0,0.0,attachment3_10min_interpolation,5890.8,2025-12-21 12:00:00,606.19555,2025-12-15 00:40:00,actual_same_interval_7_days_ago,2025-12-21 12:00:00,72,108,False,1406.19555,800.0,0.0,0.0,3360.0,4080.0,,120.0
2025-12-21T12:00_rolling,2025-12-21 12:00:00,2025-12-21 12:10:00,2025-12-22 12:00:00,2025-12-21 12:00:00,2025-12-22 00:50:00,770,0.0,0.0,attachment3_10min_interpolation,5890.8,2025-12-21 12:00:00,616.7371833333333,2025-12-15 00:50:00,actual_same_interval_7_days_ago,2025-12-21 12:00:00,72,108,False,1416.7371833333332,800.0,0.0,0.0,4080.0,4800.0,,120.0
2025-12-21T12:00_rolling,2025-12-21 12:00:00,2025-12-21 12:10:00,2025-12-22 12:00:00,2025-12-21 12:00:00,2025-12-22 01:00:00,780,0.0,0.0,attachment3_10min_interpolation,5890.8,2025-12-21 12:00:00,647.58,2025-12-15 01:00:00,actual_same_interval_7_days_ago,2025-12-21 12:00:00,72,108,False,1447.58,800.0,0.0,0.0,4800.0,5520.0,,120.0
2025-12-21T12:00_rolling,2025-12-21 12:00:00,2025-12-21 12:10:00,2025-12-22 12:00:00,2025-12-21 12:00:00,2025-12-22 01:10:00,790,0.0,0.0,attachment3_10min_interpolation,5890.8,2025-12-21 12:00:00,628.6041333333334,2025-12-15 01:10:00,actual_same_interval_7_days_ago,2025-12-21 12:00:00,72,108,False,1428.6041333333333,800.0,0.0,0.0,5520.0,6240.0,,120.0
2025-12-21T12:00_rolling,2025-12-21 12:00:00,2025-12-21 12:10:00,2025-12-22 12:00:00,2025-12-21 12:00:00,2025-12-22 01:20:00,800,0.0,0.0,attachment3_10min_interpolation,5890.8,2025-12-21 12:00:00,614.5305166666667,2025-12-15 01:20:00,actual_same_interval_7_days_ago,2025-12-21 12:00:00,72,108,False,1414.5305166666667,800.0,0.0,0.0,6240.0,6960.0,,120.0
2025-12-21T12:00_rolling,2025-12-21 12:00:00,2025-12-21 12:10:00,2025-12-22 12:00:00,2025-12-21 12:00:00,2025-12-22 01:30:00,810,0.0,0.0,attachment3_10min_interpolation,5890.8,2025-12-21 12:00:00,615.305,2025-12-15 01:30:00,actual_same_interval_7_days_ago,2025-12-21 12:00:00,72,108,False,1415.3049999999998,800.0,0.0,0.0,6960.0,7680.0,,120.0
2025-12-21T12:00_rolling,2025-12-21 12:00:00,2025-12-21 12:10:00,2025-12-22 12:00:00,2025-12-21 12:00:00,2025-12-22 01:40:00,820,0.0,0.0,attachment3_10min_interpolation,5890.8,2025-12-21 12:00:00,591.8708166666667,2025-12-15 01:40:00,actual_same_interval_7_days_ago,2025-12-21 12:00:00,72,108,False,858.5374833333333,266.6666666666667,0.0,0.0,7680.0,7920.0,,120.0
2025-12-21T12:00_rolling,2025-12-21 12:00:00,2025-12-21 12:10:00,2025-12-22 12:00:00,2025-12-21 12:00:00,2025-12-22 01:50:00,830,0.0,0.0,attachment3_10min_interpolation,5890.8,2025-12-21 12:00:00,613.0098833333333,2025-12-15 01:50:00,actual_same_interval_7_days_ago,2025-12-21 12:00:00,72,108,False,613.0098833333333,0.0,0.0,0.0,7920.0,7920.0,,120.0
2025-12-21T12:00_rolling,2025-12-21 12:00:00,2025-12-21 12:10:00,2025-12-22 12:00:00,2025-12-21 12:00:00,2025-12-22 02:00:00,840,0.0,0.0,attachment3_10min_interpolation,5890.8,2025-12-21 12:00:00,668.17,2025-12-15 02:00:00,actual_same_interval_7_days_ago,2025-12-21 12:00:00,72,108,False,1468.17,800.0,0.0,0.0,7920.0,8640.0,,120.0
2025-12-21T12:00_rolling,2025-12-21 12:00:00,2025-12-21 12:10:00,2025-12-22 12:00:00,2025-12-21 12:00:00,2025-12-22 02:10:00,850,0.0,0.0,attachment3_10min_interpolation,5890.8,2025-12-21 12:00:00,668.2784,2025-12-15 02:10:00,actual_same_interval_7_days_ago,2025-12-21 12:00:00,72,108,False,1468.2784000000001,800.0,0.0,0.0,8640.0,9360.0,,120.0
2025-12-21T12:00_rolling,2025-12-21 12:00:00,2025-12-21 12:10:00,2025-12-22 12:00:00,2025-12-21 12:00:00,2025-12-22 02:20:00,860,0.0,0.0,attachment3_10min_interpolation,5890.8,2025-12-21 12:00:00,638.4539166666667,2025-12-15 02:20:00,actual_same_interval_7_days_ago,2025-12-21 12:00:00,72,108,False,638.4539166666667,0.0,0.0,0.0,9360.0,9360.0,,120.0
2025-12-21T12:00_rolling,2025-12-21 12:00:00,2025-12-21 12:10:00,2025-12-22 12:00:00,2025-12-21 12:00:00,2025-12-22 02:30:00,870,0.0,0.0,attachment3_10min_interpolation,5890.8,2025-12-21 12:00:00,626.9,2025-12-15 02:30:00,actual_same_interval_7_days_ago,2025-12-21 12:00:00,72,108,False,626.9,0.0,0.0,0.0,9360.0,9360.0,,120.0
2025-12-21T12:00_rolling,2025-12-21 12:00:00,2025-12-21 12:10:00,2025-12-22 12:00:00,2025-12-21 12:00:00,2025-12-22 02:40:00,880,0.0,0.0,attachment3_10min_interpolation,5890.8,2025-12-21 12:00:00,654.7442333333333,2025-12-15 02:40:00,actual_same_interval_7_days_ago,2025-12-21 12:00:00,72,108,False,654.7442333333333,0.0,0.0,0.0,9360.0,9360.0,,120.0
2025-12-21T12:00_rolling,2025-12-21 12:00:00,2025-12-21 12:10:00,2025-12-22 12:00:00,2025-12-21 12:00:00,2025-12-22 02:50:00,890,0.0,0.0,attachment3_10min_interpolation,5890.8,2025-12-21 12:00:00,664.4644999999999,2025-12-15 02:50:00,actual_same_interval_7_days_ago,2025-12-21 12:00:00,72,108,False,664.4644999999999,0.0,0.0,0.0,9360.0,9360.0,,120.0
2025-12-21T12:00_rolling,2025-12-21 12:00:00,2025-12-21 12:10:00,2025-12-22 12:00:00,2025-12-21 12:00:00,2025-12-22 03:00:00,900,0.0,0.0,attachment3_10min_interpolation,5890.8,2025-12-21 12:00:00,649.2716666666666,2025-12-15 03:00:00,actual_same_interval_7_days_ago,2025-12-21 12:00:00,72,108,False,649.2716666666666,0.0,0.0,0.0,9360.0,9360.0,,120.0
2025-12-21T12:00_rolling,2025-12-21 12:00:00,2025-12-21 12:10:00,2025-12-22 12:00:00,2025-12-21 12:00:00,2025-12-22 03:10:00,910,0.0,0.0,attachment3_10min_interpolation,5890.8,2025-12-21 12:00:00,653.91305,2025-12-15 03:10:00,actual_same_interval_7_days_ago,2025-12-21 12:00:00,72,108,False,653.91305,0.0,0.0,0.0,9360.0,9360.0,,120.0
2025-12-21T12:00_rolling,2025-12-21 12:00:00,2025-12-21 12:10:00,2025-12-22 12:00:00,2025-12-21 12:00:00,2025-12-22 03:20:00,920,0.0,0.0,attachment3_10min_interpolation,5890.8,2025-12-21 12:00:00,650.6464,2025-12-15 03:20:00,actual_same_interval_7_days_ago,2025-12-21 12:00:00,72,108,False,650.6464,0.0,0.0,0.0,9360.0,9360.0,,120.0
2025-12-21T12:00_rolling,2025-12-21 12:00:00,2025-12-21 12:10:00,2025-12-22 12:00:00,2025-12-21 12:00:00,2025-12-22 03:30:00,930,0.0,0.0,attachment3_10min_interpolation,5890.8,2025-12-21 12:00:00,653.225,2025-12-15 03:30:00,actual_same_interval_7_days_ago,2025-12-21 12:00:00,72,108,False,653.225,0.0,0.0,0.0,9360.0,9360.0,,120.0
2025-12-21T12:00_rolling,2025-12-21 12:00:00,2025-12-21 12:10:00,2025-12-22 12:00:00,2025-12-21 12:00:00,2025-12-22 03:40:00,940,0.0,0.0,attachment3_10min_interpolation,5890.8,2025-12-21 12:00:00,701.0231666666667,2025-12-15 03:40:00,actual_same_interval_7_days_ago,2025-12-21 12:00:00,72,108,False,701.0231666666667,0.0,0.0,0.0,9360.0,9360.0,,120.0
2025-12-21T12:00_rolling,2025-12-21 12:00:00,2025-12-21 12:10:00,2025-12-22 12:00:00,2025-12-21 12:00:00,2025-12-22 03:50:00,950,0.0,0.0,attachment3_10min_interpolation,5890.8,2025-12-21 12:00:00,700.3122666666667,2025-12-15 03:50:00,actual_same_interval_7_days_ago,2025-12-21 12:00:00,72,108,False,700.3122666666667,0.0,0.0,0.0,9360.0,9360.0,,120.0
2025-12-21T12:00_rolling,2025-12-21 12:00:00,2025-12-21 12:10:00,2025-12-22 12:00:00,2025-12-21 12:00:00,2025-12-22 04:00:00,960,0.0,0.0,attachment3_10min_interpolation,5890.8,2025-12-21 12:00:00,659.3633333333333,2025-12-15 04:00:00,actual_same_interval_7_days_ago,2025-12-21 12:00:00,72,108,False,659.3633333333333,0.0,0.0,0.0,9360.0,9360.0,,120.0
2025-12-21T12:00_rolling,2025-12-21 12:00:00,2025-12-21 12:10:00,2025-12-22 12:00:00,2025-12-21 12:00:00,2025-12-22 04:10:00,970,0.0,0.0,attachment3_10min_interpolation,5890.8,2025-12-21 12:00:00,676.2655166666667,2025-12-15 04:10:00,actual_same_interval_7_days_ago,2025-12-21 12:00:00,72,108,False,676.2655166666667,0.0,0.0,0.0,9360.0,9360.0,,120.0
2025-12-21T12:00_rolling,2025-12-21 12:00:00,2025-12-21 12:10:00,2025-12-22 12:00:00,2025-12-21 12:00:00,2025-12-22 04:20:00,980,0.0,0.0,attachment3_10min_interpolation,5890.8,2025-12-21 12:00:00,670.2413666666666,2025-12-15 04:20:00,actual_same_interval_7_days_ago,2025-12-21 12:00:00,72,108,False,670.2413666666666,0.0,0.0,0.0,9360.0,9360.0,,120.0
2025-12-21T12:00_rolling,2025-12-21 12:00:00,2025-12-21 12:10:00,2025-12-22 12:00:00,2025-12-21 12:00:00,2025-12-22 04:30:00,990,0.0,0.0,attachment3_10min_interpolation,5890.8,2025-12-21 12:00:00,642.0966666666667,2025-12-15 04:30:00,actual_same_interval_7_days_ago,2025-12-21 12:00:00,72,108,False,642.0966666666667,0.0,0.0,0.0,9360.0,9360.0,,120.0
2025-12-21T12:00_rolling,2025-12-21 12:00:00,2025-12-21 12:10:00,2025-12-22 12:00:00,2025-12-21 12:00:00,2025-12-22 04:40:00,1000,0.0,0.0,attachment3_10min_interpolation,5890.8,2025-12-21 12:00:00,677.5945166666667,2025-12-15 04:40:00,actual_same_interval_7_days_ago,2025-12-21 12:00:00,72,108,False,677.5945166666667,0.0,0.0,0.0,9360.0,9360.0,,120.0
2025-12-21T12:00_rolling,2025-12-21 12:00:00,2025-12-21 12:10:00,2025-12-22 12:00:00,2025-12-21 12:00:00,2025-12-22 04:50:00,1010,0.0,0.0,attachment3_10min_interpolation,5890.8,2025-12-21 12:00:00,695.80335,2025-12-15 04:50:00,actual_same_interval_7_days_ago,2025-12-21 12:00:00,72,108,False,695.80335,0.0,0.0,0.0,9360.0,9360.0,,120.0
2025-12-21T12:00_rolling,2025-12-21 12:00:00,2025-12-21 12:10:00,2025-12-22 12:00:00,2025-12-21 12:00:00,2025-12-22 05:00:00,1020,0.0,0.0,attachment3_10min_interpolation,5890.8,2025-12-21 12:00:00,678.515,2025-12-15 05:00:00,actual_same_interval_7_days_ago,2025-12-21 12:00:00,72,108,False,678.515,0.0,0.0,0.0,9360.0,9360.0,,120.0
2025-12-21T12:00_rolling,2025-12-21 12:00:00,2025-12-21 12:10:00,2025-12-22 12:00:00,2025-12-21 12:00:00,2025-12-22 05:10:00,1030,0.0,0.0,attachment3_10min_interpolation,5890.8,2025-12-21 12:00:00,690.4388166666666,2025-12-15 05:10:00,actual_same_interval_7_days_ago,2025-12-21 12:00:00,72,108,False,690.4388166666666,0.0,0.0,0.0,9360.0,9360.0,,120.0
2025-12-21T12:00_rolling,2025-12-21 12:00:00,2025-12-21 12:10:00,2025-12-22 12:00:00,2025-12-21 12:00:00,2025-12-22 05:20:00,1040,0.0,0.0,attachment3_10min_interpolation,5890.8,2025-12-21 12:00:00,705.4993833333333,2025-12-15 05:20:00,actual_same_interval_7_days_ago,2025-12-21 12:00:00,72,108,False,705.4993833333333,0.0,0.0,0.0,9360.0,9360.0,,120.0
2025-12-21T12:00_rolling,2025-12-21 12:00:00,2025-12-21 12:10:00,2025-12-22 12:00:00,2025-12-21 12:00:00,2025-12-22 05:30:00,1050,0.0,0.0,attachment3_10min_interpolation,5890.8,2025-12-21 12:00:00,690.8433333333334,2025-12-15 05:30:00,actual_same_interval_7_days_ago,2025-12-21 12:00:00,72,108,False,1490.8433333333332,800.0,0.0,0.0,9360.0,10080.0,,120.0
2025-12-21T12:00_rolling,2025-12-21 12:00:00,2025-12-21 12:10:00,2025-12-22 12:00:00,2025-12-21 12:00:00,2025-12-22 05:40:00,1060,0.0,0.0,attachment3_10min_interpolation,5890.8,2025-12-21 12:00:00,662.1599166666666,2025-12-15 05:40:00,actual_same_interval_7_days_ago,2025-12-21 12:00:00,72,108,False,1462.1599166666665,800.0,0.0,0.0,10080.0,10800.0,,120.0
2025-12-21T12:00_rolling,2025-12-21 12:00:00,2025-12-21 12:10:00,2025-12-22 12:00:00,2025-12-21 12:00:00,2025-12-22 05:50:00,1070,0.0,0.0,attachment3_10min_interpolation,5890.8,2025-12-21 12:00:00,751.2422333333334,2025-12-15 05:50:00,actual_same_interval_7_days_ago,2025-12-21 12:00:00,72,108,False,751.2422333333334,0.0,0.0,0.0,10800.0,10800.0,,120.0
2025-12-21T12:00_rolling,2025-12-21 12:00:00,2025-12-21 12:10:00,2025-12-22 12:00:00,2025-12-21 12:00:00,2025-12-22 06:00:00,1080,0.0,0.0,attachment3_10min_interpolation,5890.8,2025-12-21 12:00:00,897.07,2025-12-15 06:00:00,actual_same_interval_7_days_ago,2025-12-21 12:00:00,72,108,False,897.07,0.0,0.0,0.0,10800.0,10800.0,,120.0
2025-12-21T12:00_rolling,2025-12-21 12:00:00,2025-12-21 12:10:00,2025-12-22 12:00:00,2025-12-21 12:00:00,2025-12-22 06:10:00,1090,0.0,0.0,attachment3_10min_interpolation,5890.8,2025-12-21 12:00:00,902.40865,2025-12-15 06:10:00,actual_same_interval_7_days_ago,2025-12-21 12:00:00,72,108,False,254.40864999999997,0.0,648.0,0.0,10800.0,10080.0,,120.0
2025-12-21T12:00_rolling,2025-12-21 12:00:00,2025-12-21 12:10:00,2025-12-22 12:00:00,2025-12-21 12:00:00,2025-12-22 06:20:00,1100,0.0,0.0,attachment3_10min_interpolation,5890.8,2025-12-21 12:00:00,903.63675,2025-12-15 06:20:00,actual_same_interval_7_days_ago,2025-12-21 12:00:00,72,108,False,903.63675,0.0,0.0,0.0,10080.0,10080.0,,120.0
2025-12-21T12:00_rolling,2025-12-21 12:00:00,2025-12-21 12:10:00,2025-12-22 12:00:00,2025-12-21 12:00:00,2025-12-22 06:30:00,1110,0.0,0.0,attachment3_10min_interpolation,5890.8,2025-12-21 12:00:00,937.875,2025-12-15 06:30:00,actual_same_interval_7_days_ago,2025-12-21 12:00:00,72,108,False,937.875,0.0,0.0,0.0,10080.0,10080.0,,120.0
2025-12-21T12:00_rolling,2025-12-21 12:00:00,2025-12-21 12:10:00,2025-12-22 12:00:00,2025-12-21 12:00:00,2025-12-22 06:40:00,1120,0.0,0.0,attachment3_10min_interpolation,5890.8,2025-12-21 12:00:00,901.84315,2025-12-15 06:40:00,actual_same_interval_7_days_ago,2025-12-21 12:00:00,72,108,False,901.84315,0.0,0.0,0.0,10080.0,10080.0,,120.0
2025-12-21T12:00_rolling,2025-12-21 12:00:00,2025-12-21 12:10:00,2025-12-22 12:00:00,2025-12-21 12:00:00,2025-12-22 06:50:00,1130,0.0,0.0,attachment3_10min_interpolation,5890.8,2025-12-21 12:00:00,867.8114333333333,2025-12-15 06:50:00,actual_same_interval_7_days_ago,2025-12-21 12:00:00,72,108,False,867.8114333333333,0.0,0.0,0.0,10080.0,10080.0,,120.0
2025-12-21T12:00_rolling,2025-12-21 12:00:00,2025-12-21 12:10:00,2025-12-22 12:00:00,2025-12-21 12:00:00,2025-12-22 07:00:00,1140,0.0,0.0,attachment3_10min_interpolation,5890.8,2025-12-21 12:00:00,880.4266666666667,2025-12-15 07:00:00,actual_same_interval_7_days_ago,2025-12-21 12:00:00,72,108,False,880.4266666666667,0.0,0.0,0.0,10080.0,10080.0,,120.0
2025-12-21T12:00_rolling,2025-12-21 12:00:00,2025-12-21 12:10:00,2025-12-22 12:00:00,2025-12-21 12:00:00,2025-12-22 07:10:00,1150,198.15241666666668,33.02540277777778,attachment3_10min_interpolation,5890.8,2025-12-21 12:00:00,908.3465166666666,2025-12-15 07:10:00,actual_same_interval_7_days_ago,2025-12-21 12:00:00,72,108,False,875.3211138888888,0.0,0.0,0.0,10080.0,10080.0,,120.0
2025-12-21T12:00_rolling,2025-12-21 12:00:00,2025-12-21 12:10:00,2025-12-22 12:00:00,2025-12-21 12:00:00,2025-12-22 07:20:00,1160,396.30483333333336,66.05080555555556,attachment3_10min_interpolation,5890.8,2025-12-21 12:00:00,911.8804166666667,2025-12-15 07:20:00,actual_same_interval_7_days_ago,2025-12-21 12:00:00,72,108,False,845.8296111111111,0.0,0.0,0.0,10080.0,10080.0,,120.0
2025-12-21T12:00_rolling,2025-12-21 12:00:00,2025-12-21 12:10:00,2025-12-22 12:00:00,2025-12-21 12:00:00,2025-12-22 07:30:00,1170,594.45725,99.07620833333334,attachment3_10min_interpolation,5890.8,2025-12-21 12:00:00,882.5483333333333,2025-12-15 07:30:00,actual_same_interval_7_days_ago,2025-12-21 12:00:00,72,108,False,783.472125,0.0,0.0,0.0,10080.0,10080.0,,120.0
2025-12-21T12:00_rolling,2025-12-21 12:00:00,2025-12-21 12:10:00,2025-12-22 12:00:00,2025-12-21 12:00:00,2025-12-22 07:40:00,1180,792.6096666666667,132.1016111111111,attachment3_10min_interpolation,5890.8,2025-12-21 12:00:00,868.9648000000001,2025-12-15 07:40:00,actual_same_interval_7_days_ago,2025-12-21 12:00:00,72,108,False,1536.863188888889,800.0,0.0,0.0,10080.0,10800.0,,120.0
2025-12-21T12:00_rolling,2025-12-21 12:00:00,2025-12-21 12:10:00,2025-12-22 12:00:00,2025-12-21 12:00:00,2025-12-22 07:50:00,1190,990.7620833333334,165.1270138888889,attachment3_10min_interpolation,5890.8,2025-12-21 12:00:00,1006.9960333333332,2025-12-15 07:50:00,actual_same_interval_7_days_ago,2025-12-21 12:00:00,72,108,False,841.8690194444443,0.0,0.0,0.0,10800.0,10800.0,,120.0
2025-12-21T12:00_rolling,2025-12-21 12:00:00,2025-12-21 12:10:00,2025-12-22 12:00:00,2025-12-21 12:00:00,2025-12-22 08:00:00,1200,1188.9145,198.15241666666668,attachment3_10min_interpolation,5890.8,2025-12-21 12:00:00,1199.875,2025-12-15 08:00:00,actual_same_interval_7_days_ago,2025-12-21 12:00:00,72,108,False,245.72258333333332,0.0,756.0,0.0,10800.0,9960.0,,120.0
2025-12-21T12:00_rolling,2025-12-21 12:00:00,2025-12-21 12:10:00,2025-12-22 12:00:00,2025-12-21 12:00:00,2025-12-22 08:10:00,1210,1454.92175,242.48695833333332,attachment3_10min_interpolation,5890.8,2025-12-21 12:00:00,1197.1715333333334,2025-12-15 08:10:00,actual_same_interval_7_days_ago,2025-12-21 12:00:00,72,108,False,198.6845750000001,0.0,756.0,0.0,9960.0,9120.0,,120.0
2025-12-21T12:00_rolling,2025-12-21 12:00:00,2025-12-21 12:10:00,2025-12-22 12:00:00,2025-12-21 12:00:00,2025-12-22 08:20:00,1220,1720.929,286.8215,attachment3_10min_interpolation,5890.8,2025-12-21 12:00:00,1144.2750166666667,2025-12-15 08:20:00,actual_same_interval_7_days_ago,2025-12-21 12:00:00,72,108,False,101.4535166666667,0.0,756.0,0.0,9120.0,8280.0,,120.0
2025-12-21T12:00_rolling,2025-12-21 12:00:00,2025-12-21 12:10:00,2025-12-22 12:00:00,2025-12-21 12:00:00,2025-12-22 08:30:00,1230,1986.93625,331.1560416666667,attachment3_10min_interpolation,5890.8,2025-12-21 12:00:00,1154.45,2025-12-15 08:30:00,actual_same_interval_7_days_ago,2025-12-21 12:00:00,72,108,False,67.29395833333342,0.0,756.0,0.0,8280.0,7440.0,,120.0
2025-12-21T12:00_rolling,2025-12-21 12:00:00,2025-12-21 12:10:00,2025-12-22 12:00:00,2025-12-21 12:00:00,2025-12-22 08:40:00,1240,2252.9435,375.4905833333333,attachment3_10min_interpolation,5890.8,2025-12-21 12:00:00,1196.570783333333,2025-12-15 08:40:00,actual_same_interval_7_days_ago,2025-12-21 12:00:00,72,108,False,65.08019999999988,0.0,756.0,0.0,7440.0,6600.0,,120.0
2025-12-21T12:00_rolling,2025-12-21 12:00:00,2025-12-21 12:10:00,2025-12-22 12:00:00,2025-12-21 12:00:00,2025-12-22 08:50:00,1250,2518.95075,419.825125,attachment3_10min_interpolation,5890.8,2025-12-21 12:00:00,1200.8518666666666,2025-12-15 08:50:00,actual_same_interval_7_days_ago,2025-12-21 12:00:00,72,108,False,25.026741666666567,0.0,756.0,0.0,6600.0,5760.0,,120.0
2025-12-21T12:00_rolling,2025-12-21 12:00:00,2025-12-21 12:10:00,2025-12-22 12:00:00,2025-12-21 12:00:00,2025-12-22 09:00:00,1260,2784.958,464.1596666666667,attachment3_10min_interpolation,5890.8,2025-12-21 12:00:00,1166.9666666666667,2025-12-15 09:00:00,actual_same_interval_7_days_ago,2025-12-21 12:00:00,72,108,False,54.807000000000016,0.0,648.0,0.0,5760.0,5040.0,,120.0
2025-12-21T12:00_rolling,2025-12-21 12:00:00,2025-12-21 12:10:00,2025-12-22 12:00:00,2025-12-21 12:00:00,2025-12-22 09:10:00,1270,3084.2848833333333,514.0474805555556,attachment3_10min_interpolation,5890.8,2025-12-21 12:00:00,1154.904633333333,2025-12-15 09:10:00,actual_same_interval_7_days_ago,2025-12-21 12:00:00,72,108,False,100.85715277777751,0.0,540.0,0.0,5040.0,4440.0,,120.0
2025-12-21T12:00_rolling,2025-12-21 12:00:00,2025-12-21 12:10:00,2025-12-22 12:00:00,2025-12-21 12:00:00,2025-12-22 09:20:00,1280,3383.6117666666664,563.9352944444444,attachment3_10min_interpolation,5890.8,2025-12-21 12:00:00,1155.7986,2025-12-15 09:20:00,actual_same_interval_7_days_ago,2025-12-21 12:00:00,72,108,False,51.86330555555571,0.0,540.0,0.0,4440.0,3840.0,,120.0
2025-12-21T12:00_rolling,2025-12-21 12:00:00,2025-12-21 12:10:00,2025-12-22 12:00:00,2025-12-21 12:00:00,2025-12-22 09:30:00,1290,3682.93865,613.8231083333334,attachment3_10min_interpolation,5890.8,2025-12-21 12:00:00,1153.8666666666666,2025-12-15 09:30:00,actual_same_interval_7_days_ago,2025-12-21 12:00:00,72,108,False,0.0435583333331806,0.0,540.0,0.0,3840.0,3240.0,,120.0
2025-12-21T12:00_rolling,2025-12-21 12:00:00,2025-12-21 12:10:00,2025-12-22 12:00:00,2025-12-21 12:00:00,2025-12-22 09:40:00,1300,3982.265533333333,663.7109222222222,attachment3_10min_interpolation,5890.8,2025-12-21 12:00:00,1147.2653833333334,2025-12-15 09:40:00,actual_same_interval_7_days_ago,2025-12-21 12:00:00,72,108,False,483.5544611111112,0.0,0.0,0.0,3240.0,3240.0,,120.0
2025-12-21T12:00_rolling,2025-12-21 12:00:00,2025-12-21 12:10:00,2025-12-22 12:00:00,2025-12-21 12:00:00,2025-12-22 09:50:00,1310,4281.592416666666,713.5987361111111,attachment3_10min_interpolation,5890.8,2025-12-21 12:00:00,1145.8582333333334,2025-12-15 09:50:00,actual_same_interval_7_days_ago,2025-12-21 12:00:00,72,108,False,0.25949722222230776,0.0,432.0,0.0,3240.0,2760.0,,120.0
2025-12-21T12:00_rolling,2025-12-21 12:00:00,2025-12-21 12:10:00,2025-12-22 12:00:00,2025-12-21 12:00:00,2025-12-22 10:00:00,1320,4580.9193,763.48655,attachment3_10min_interpolation,5890.8,2025-12-21 12:00:00,1175.1466666666668,2025-12-15 10:00:00,actual_same_interval_7_days_ago,2025-12-21 12:00:00,72,108,False,87.6601166666668,0.0,324.0,0.0,2760.0,2400.0,,120.0
2025-12-21T12:00_rolling,2025-12-21 12:00:00,2025-12-21 12:10:00,2025-12-22 12:00:00,2025-12-21 12:00:00,2025-12-22 10:10:00,1330,4694.529949999999,782.4216583333332,attachment3_10min_interpolation,5890.8,2025-12-21 12:00:00,1241.8825333333332,2025-12-15 10:10:00,actual_same_interval_7_days_ago,2025-12-21 12:00:00,72,108,False,27.460874999999987,0.0,432.0,0.0,2400.0,1920.0,,120.0
2025-12-21T12:00_rolling,2025-12-21 12:00:00,2025-12-21 12:10:00,2025-12-22 12:00:00,2025-12-21 12:00:00,2025-12-22 10:20:00,1340,4808.1406,801.3567666666667,attachment3_10min_interpolation,5890.8,2025-12-21 12:00:00,1233.2408833333334,2025-12-15 10:20:00,actual_same_interval_7_days_ago,2025-12-21 12:00:00,72,108,False,0.0,0.0,432.0,0.11588333333327228,1920.0,1440.0,,120.0
2025-12-21T12:00_rolling,2025-12-21 12:00:00,2025-12-21 12:10:00,2025-12-22 12:00:00,2025-12-21 12:00:00,2025-12-22 10:30:00,1350,4921.751249999999,820.2918749999999,attachment3_10min_interpolation,5890.8,2025-12-21 12:00:00,1160.0833333333333,2025-12-15 10:30:00,actual_same_interval_7_days_ago,2025-12-21 12:00:00,72,108,False,339.79145833333337,0.0,0.0,0.0,1440.0,1440.0,,120.0
2025-12-21T12:00_rolling,2025-12-21 12:00:00,2025-12-21 12:10:00,2025-12-22 12:00:00,2025-12-21 12:00:00,2025-12-22 10:40:00,1360,5035.3619,839.2269833333334,attachment3_10min_interpolation,5890.8,2025-12-21 12:00:00,1143.139,2025-12-15 10:40:00,actual_same_interval_7_days_ago,2025-12-21 12:00:00,72,108,False,87.91201666666655,0.0,216.0,0.0,1440.0,1200.0,,120.0
2025-12-21T12:00_rolling,2025-12-21 12:00:00,2025-12-21 12:10:00,2025-12-22 12:00:00,2025-12-21 12:00:00,2025-12-22 10:50:00,1370,5148.97255,858.1620916666667,attachment3_10min_interpolation,5890.8,2025-12-21 12:00:00,1131.702266666667,2025-12-15 10:50:00,actual_same_interval_7_days_ago,2025-12-21 12:00:00,72,108,False,273.5401750000002,0.0,0.0,0.0,1200.0,1200.0,,120.0
2025-12-21T12:00_rolling,2025-12-21 12:00:00,2025-12-21 12:10:00,2025-12-22 12:00:00,2025-12-21 12:00:00,2025-12-22 11:00:00,1380,5262.5832,877.0972,attachment3_10min_interpolation,5890.8,2025-12-21 12:00:00,1121.1133333333337,2025-12-15 11:00:00,actual_same_interval_7_days_ago,2025-12-21 12:00:00,72,108,False,244.01613333333364,0.0,0.0,0.0,1200.0,1200.0,,120.0
2025-12-21T12:00_rolling,2025-12-21 12:00:00,2025-12-21 12:10:00,2025-12-22 12:00:00,2025-12-21 12:00:00,2025-12-22 11:10:00,1390,5352.734016666666,892.122336111111,attachment3_10min_interpolation,5890.8,2025-12-21 12:00:00,1164.6877,2025-12-15 11:10:00,actual_same_interval_7_days_ago,2025-12-21 12:00:00,72,108,False,272.5653638888889,0.0,0.0,0.0,1200.0,1200.0,,120.0
2025-12-21T12:00_rolling,2025-12-21 12:00:00,2025-12-21 12:10:00,2025-12-22 12:00:00,2025-12-21 12:00:00,2025-12-22 11:20:00,1400,5442.8848333333335,907.1474722222223,attachment3_10min_interpolation,5890.8,2025-12-21 12:00:00,1188.5803833333332,2025-12-15 11:20:00,actual_same_interval_7_days_ago,2025-12-21 12:00:00,72,108,False,281.4329111111109,0.0,0.0,0.0,1200.0,1200.0,,120.0
2025-12-21T12:00_rolling,2025-12-21 12:00:00,2025-12-21 12:10:00,2025-12-22 12:00:00,2025-12-21 12:00:00,2025-12-22 11:30:00,1410,5533.03565,922.1726083333333,attachment3_10min_interpolation,5890.8,2025-12-21 12:00:00,1161.54,2025-12-15 11:30:00,actual_same_interval_7_days_ago,2025-12-21 12:00:00,72,108,False,239.36739166666666,0.0,0.0,0.0,1200.0,1200.0,,120.0
2025-12-21T12:00_rolling,2025-12-21 12:00:00,2025-12-21 12:10:00,2025-12-22 12:00:00,2025-12-21 12:00:00,2025-12-22 11:40:00,1420,5623.186466666666,937.1977444444443,attachment3_10min_interpolation,5890.8,2025-12-21 12:00:00,1122.4989333333333,2025-12-15 11:40:00,actual_same_interval_7_days_ago,2025-12-21 12:00:00,72,108,False,185.301188888889,0.0,0.0,0.0,1200.0,1200.0,,120.0
2025-12-21T12:00_rolling,2025-12-21 12:00:00,2025-12-21 12:10:00,2025-12-22 12:00:00,2025-12-21 12:00:00,2025-12-22 11:50:00,1430,5713.337283333333,952.2228805555555,attachment3_10min_interpolation,5890.8,2025-12-21 12:00:00,1089.2509166666666,2025-12-15 11:50:00,actual_same_interval_7_days_ago,2025-12-21 12:00:00,72,108,False,137.02803611111108,0.0,0.0,0.0,1200.0,1200.0,,120.0
2025-12-21T12:00_rolling,2025-12-21 12:00:00,2025-12-21 12:10:00,2025-12-22 12:00:00,2025-12-21 12:00:00,2025-12-22 12:00:00,1440,5803.4881,967.2480166666666,attachment3_10min_interpolation,5890.8,2025-12-21 12:00:00,1065.36,2025-12-15 12:00:00,actual_same_interval_7_days_ago,2025-12-21 12:00:00,72,108,False,98.11198333333334,0.0,0.0,0.0,1200.0,1200.0,,120.0
2025-12-21T18:00_rolling,2025-12-21 18:00:00,2025-12-21 18:10:00,2025-12-22 18:00:00,2025-12-21 18:00:00,2025-12-21 18:10:00,10,0.0,0.0,observed_anchor_linear_to_h1,0.0,2025-12-21 18:00:00,720.8249333333333,2025-12-14 18:10:00,actual_same_interval_7_days_ago,2025-12-21 18:00:00,108,144,True,72.82493333333332,0.0,648.0,0.0,10800.0,10080.0,72.82493333333332,120.0
2025-12-21T18:00_rolling,2025-12-21 18:00:00,2025-12-21 18:10:00,2025-12-22 18:00:00,2025-12-21 18:00:00,2025-12-21 18:20:00,20,0.0,0.0,observed_anchor_linear_to_h1,0.0,2025-12-21 18:00:00,744.6798166666667,2025-12-14 18:20:00,actual_same_interval_7_days_ago,2025-12-21 18:00:00,108,144,True,744.6798166666667,0.0,0.0,0.0,10080.0,10080.0,744.6798166666667,120.0
2025-12-21T18:00_rolling,2025-12-21 18:00:00,2025-12-21 18:10:00,2025-12-22 18:00:00,2025-12-21 18:00:00,2025-12-21 18:30:00,30,0.0,0.0,observed_anchor_linear_to_h1,0.0,2025-12-21 18:00:00,700.34,2025-12-14 18:30:00,actual_same_interval_7_days_ago,2025-12-21 18:00:00,108,144,True,592.34,0.0,108.0,0.0,10080.0,9960.0,592.34,120.0
2025-12-21T18:00_rolling,2025-12-21 18:00:00,2025-12-21 18:10:00,2025-12-22 18:00:00,2025-12-21 18:00:00,2025-12-21 18:40:00,40,0.0,0.0,observed_anchor_linear_to_h1,0.0,2025-12-21 18:00:00,687.4983000000001,2025-12-14 18:40:00,actual_same_interval_7_days_ago,2025-12-21 18:00:00,108,144,True,687.4983000000001,0.0,0.0,0.0,9960.0,9960.0,687.4983000000001,120.0
2025-12-21T18:00_rolling,2025-12-21 18:00:00,2025-12-21 18:10:00,2025-12-22 18:00:00,2025-12-21 18:00:00,2025-12-21 18:50:00,50,0.0,0.0,observed_anchor_linear_to_h1,0.0,2025-12-21 18:00:00,702.9292666666666,2025-12-14 18:50:00,actual_same_interval_7_days_ago,2025-12-21 18:00:00,108,144,True,54.92926666666665,0.0,648.0,0.0,9960.0,9240.0,54.92926666666665,120.0
2025-12-21T18:00_rolling,2025-12-21 18:00:00,2025-12-21 18:10:00,2025-12-22 18:00:00,2025-12-21 18:00:00,2025-12-21 19:00:00,60,0.0,0.0,attachment3_10min_interpolation,0.0,2025-12-21 18:00:00,721.9416666666666,2025-12-14 19:00:00,actual_same_interval_7_days_ago,2025-12-21 18:00:00,108,144,True,73.9416666666666,0.0,648.0,0.0,9240.0,8520.0,73.9416666666666,120.0
2025-12-21T18:00_rolling,2025-12-21 18:00:00,2025-12-21 18:10:00,2025-12-22 18:00:00,2025-12-21 18:00:00,2025-12-21 19:10:00,70,0.0,0.0,attachment3_10min_interpolation,0.0,2025-12-21 18:00:00,732.0482999999999,2025-12-14 19:10:00,actual_same_interval_7_days_ago,2025-12-21 18:00:00,108,144,True,84.04829999999993,0.0,648.0,0.0,8520.0,7800.0,84.04829999999993,120.0
2025-12-21T18:00_rolling,2025-12-21 18:00:00,2025-12-21 18:10:00,2025-12-22 18:00:00,2025-12-21 18:00:00,2025-12-21 19:20:00,80,0.0,0.0,attachment3_10min_interpolation,0.0,2025-12-21 18:00:00,742.1127499999999,2025-12-14 19:20:00,actual_same_interval_7_days_ago,2025-12-21 18:00:00,108,144,True,94.11274999999989,0.0,648.0,0.0,7800.0,7080.0,94.11274999999989,120.0
2025-12-21T18:00_rolling,2025-12-21 18:00:00,2025-12-21 18:10:00,2025-12-22 18:00:00,2025-12-21 18:00:00,2025-12-21 19:30:00,90,0.0,0.0,attachment3_10min_interpolation,0.0,2025-12-21 18:00:00,743.3583333333332,2025-12-14 19:30:00,actual_same_interval_7_days_ago,2025-12-21 18:00:00,108,144,True,95.35833333333323,0.0,648.0,0.0,7080.0,6360.0,95.35833333333323,120.0
2025-12-21T18:00_rolling,2025-12-21 18:00:00,2025-12-21 18:10:00,2025-12-22 18:00:00,2025-12-21 18:00:00,2025-12-21 19:40:00,100,0.0,0.0,attachment3_10min_interpolation,0.0,2025-12-21 18:00:00,719.89135,2025-12-14 19:40:00,actual_same_interval_7_days_ago,2025-12-21 18:00:00,108,144,True,71.89134999999999,0.0,648.0,0.0,6360.0,5640.0,71.89134999999999,120.0
2025-12-21T18:00_rolling,2025-12-21 18:00:00,2025-12-21 18:10:00,2025-12-22 18:00:00,2025-12-21 18:00:00,2025-12-21 19:50:00,110,0.0,0.0,attachment3_10min_interpolation,0.0,2025-12-21 18:00:00,716.79235,2025-12-14 19:50:00,actual_same_interval_7_days_ago,2025-12-21 18:00:00,108,144,True,68.79235000000006,0.0,648.0,0.0,5640.0,4920.0,68.79235000000006,120.0
2025-12-21T18:00_rolling,2025-12-21 18:00:00,2025-12-21 18:10:00,2025-12-22 18:00:00,2025-12-21 18:00:00,2025-12-21 20:00:00,120,0.0,0.0,attachment3_10min_interpolation,0.0,2025-12-21 18:00:00,745.0716666666667,2025-12-14 20:00:00,actual_same_interval_7_days_ago,2025-12-21 18:00:00,108,144,True,97.07166666666672,0.0,648.0,0.0,4920.0,4200.0,97.07166666666672,120.0
2025-12-21T18:00_rolling,2025-12-21 18:00:00,2025-12-21 18:10:00,2025-12-22 18:00:00,2025-12-21 18:00:00,2025-12-21 20:10:00,130,0.0,0.0,attachment3_10min_interpolation,0.0,2025-12-21 18:00:00,766.45415,2025-12-14 20:10:00,actual_same_interval_7_days_ago,2025-12-21 18:00:00,108,144,True,10.454150000000027,0.0,756.0,0.0,4200.0,3360.0,10.454150000000027,120.0
2025-12-21T18:00_rolling,2025-12-21 18:00:00,2025-12-21 18:10:00,2025-12-22 18:00:00,2025-12-21 18:00:00,2025-12-21 20:20:00,140,0.0,0.0,attachment3_10min_interpolation,0.0,2025-12-21 18:00:00,746.2377333333334,2025-12-14 20:20:00,actual_same_interval_7_days_ago,2025-12-21 18:00:00,108,144,True,98.23773333333338,0.0,648.0,0.0,3360.0,2640.0,98.23773333333338,120.0
2025-12-21T18:00_rolling,2025-12-21 18:00:00,2025-12-21 18:10:00,2025-12-22 18:00:00,2025-12-21 18:00:00,2025-12-21 20:30:00,150,0.0,0.0,attachment3_10min_interpolation,0.0,2025-12-21 18:00:00,706.9566666666666,2025-12-14 20:30:00,actual_same_interval_7_days_ago,2025-12-21 18:00:00,108,144,True,58.95666666666659,0.0,648.0,0.0,2640.0,1920.0,58.95666666666659,120.0
2025-12-21T18:00_rolling,2025-12-21 18:00:00,2025-12-21 18:10:00,2025-12-22 18:00:00,2025-12-21 18:00:00,2025-12-21 20:40:00,160,0.0,0.0,attachment3_10min_interpolation,0.0,2025-12-21 18:00:00,706.8162000000001,2025-12-14 20:40:00,actual_same_interval_7_days_ago,2025-12-21 18:00:00,108,144,True,58.816200000000094,0.0,648.0,0.0,1920.0,1200.0,58.816200000000094,120.0
2025-12-21T18:00_rolling,2025-12-21 18:00:00,2025-12-21 18:10:00,2025-12-22 18:00:00,2025-12-21 18:00:00,2025-12-21 20:50:00,170,0.0,0.0,attachment3_10min_interpolation,0.0,2025-12-21 18:00:00,724.2105166666666,2025-12-14 20:50:00,actual_same_interval_7_days_ago,2025-12-21 18:00:00,108,144,True,724.2105166666666,0.0,0.0,0.0,1200.0,1200.0,724.2105166666666,120.0
2025-12-21T18:00_rolling,2025-12-21 18:00:00,2025-12-21 18:10:00,2025-12-22 18:00:00,2025-12-21 18:00:00,2025-12-21 21:00:00,180,0.0,0.0,attachment3_10min_interpolation,0.0,2025-12-21 18:00:00,732.85,2025-12-14 21:00:00,actual_same_interval_7_days_ago,2025-12-21 18:00:00,108,144,True,732.85,0.0,0.0,0.0,1200.0,1200.0,732.85,120.0
2025-12-21T18:00_rolling,2025-12-21 18:00:00,2025-12-21 18:10:00,2025-12-22 18:00:00,2025-12-21 18:00:00,2025-12-21 21:10:00,190,0.0,0.0,attachment3_10min_interpolation,0.0,2025-12-21 18:00:00,727.7661499999999,2025-12-14 21:10:00,actual_same_interval_7_days_ago,2025-12-21 18:00:00,108,144,True,727.7661499999999,0.0,0.0,0.0,1200.0,1200.0,727.7661499999999,120.0
2025-12-21T18:00_rolling,2025-12-21 18:00:00,2025-12-21 18:10:00,2025-12-22 18:00:00,2025-12-21 18:00:00,2025-12-21 21:20:00,200,0.0,0.0,attachment3_10min_interpolation,0.0,2025-12-21 18:00:00,725.3740666666666,2025-12-14 21:20:00,actual_same_interval_7_days_ago,2025-12-21 18:00:00,108,144,True,725.3740666666666,0.0,0.0,0.0,1200.0,1200.0,725.3740666666666,120.0
2025-12-21T18:00_rolling,2025-12-21 18:00:00,2025-12-21 18:10:00,2025-12-22 18:00:00,2025-12-21 18:00:00,2025-12-21 21:30:00,210,0.0,0.0,attachment3_10min_interpolation,0.0,2025-12-21 18:00:00,738.7916666666666,2025-12-14 21:30:00,actual_same_interval_7_days_ago,2025-12-21 18:00:00,108,144,True,738.7916666666666,0.0,0.0,0.0,1200.0,1200.0,738.7916666666666,120.0
2025-12-21T18:00_rolling,2025-12-21 18:00:00,2025-12-21 18:10:00,2025-12-22 18:00:00,2025-12-21 18:00:00,2025-12-21 21:40:00,220,0.0,0.0,attachment3_10min_interpolation,0.0,2025-12-21 18:00:00,753.2937499999999,2025-12-14 21:40:00,actual_same_interval_7_days_ago,2025-12-21 18:00:00,108,144,True,753.2937499999999,0.0,0.0,0.0,1200.0,1200.0,753.2937499999999,120.0
2025-12-21T18:00_rolling,2025-12-21 18:00:00,2025-12-21 18:10:00,2025-12-22 18:00:00,2025-12-21 18:00:00,2025-12-21 21:50:00,230,0.0,0.0,attachment3_10min_interpolation,0.0,2025-12-21 18:00:00,683.0635166666666,2025-12-14 21:50:00,actual_same_interval_7_days_ago,2025-12-21 18:00:00,108,144,True,683.0635166666666,0.0,0.0,0.0,1200.0,1200.0,683.0635166666666,120.0
2025-12-21T18:00_rolling,2025-12-21 18:00:00,2025-12-21 18:10:00,2025-12-22 18:00:00,2025-12-21 18:00:00,2025-12-21 22:00:00,240,0.0,0.0,attachment3_10min_interpolation,0.0,2025-12-21 18:00:00,570.3616666666667,2025-12-14 22:00:00,actual_same_interval_7_days_ago,2025-12-21 18:00:00,108,144,True,570.3616666666667,0.0,0.0,0.0,1200.0,1200.0,570.3616666666667,120.0
2025-12-21T18:00_rolling,2025-12-21 18:00:00,2025-12-21 18:10:00,2025-12-22 18:00:00,2025-12-21 18:00:00,2025-12-21 22:10:00,250,0.0,0.0,attachment3_10min_interpolation,0.0,2025-12-21 18:00:00,552.9186166666667,2025-12-14 22:10:00,actual_same_interval_7_days_ago,2025-12-21 18:00:00,108,144,True,552.9186166666667,0.0,0.0,0.0,1200.0,1200.0,552.9186166666667,120.0
2025-12-21T18:00_rolling,2025-12-21 18:00:00,2025-12-21 18:10:00,2025-12-22 18:00:00,2025-12-21 18:00:00,2025-12-21 22:20:00,260,0.0,0.0,attachment3_10min_interpolation,0.0,2025-12-21 18:00:00,569.8221833333333,2025-12-14 22:20:00,actual_same_interval_7_days_ago,2025-12-21 18:00:00,108,144,True,569.8221833333333,0.0,0.0,0.0,1200.0,1200.0,569.8221833333333,120.0
2025-12-21T18:00_rolling,2025-12-21 18:00:00,2025-12-21 18:10:00,2025-12-22 18:00:00,2025-12-21 18:00:00,2025-12-21 22:30:00,270,0.0,0.0,attachment3_10min_interpolation,0.0,2025-12-21 18:00:00,565.9616666666667,2025-12-14 22:30:00,actual_same_interval_7_days_ago,2025-12-21 18:00:00,108,144,True,565.9616666666667,0.0,0.0,0.0,1200.0,1200.0,565.9616666666667,120.0
2025-12-21T18:00_rolling,2025-12-21 18:00:00,2025-12-21 18:10:00,2025-12-22 18:00:00,2025-12-21 18:00:00,2025-12-21 22:40:00,280,0.0,0.0,attachment3_10min_interpolation,0.0,2025-12-21 18:00:00,548.3579,2025-12-14 22:40:00,actual_same_interval_7_days_ago,2025-12-21 18:00:00,108,144,True,548.3579,0.0,0.0,0.0,1200.0,1200.0,548.3579,120.0
2025-12-21T18:00_rolling,2025-12-21 18:00:00,2025-12-21 18:10:00,2025-12-22 18:00:00,2025-12-21 18:00:00,2025-12-21 22:50:00,290,0.0,0.0,attachment3_10min_interpolation,0.0,2025-12-21 18:00:00,543.2948333333333,2025-12-14 22:50:00,actual_same_interval_7_days_ago,2025-12-21 18:00:00,108,144,True,543.2948333333333,0.0,0.0,0.0,1200.0,1200.0,543.2948333333333,120.0
2025-12-21T18:00_rolling,2025-12-21 18:00:00,2025-12-21 18:10:00,2025-12-22 18:00:00,2025-12-21 18:00:00,2025-12-21 23:00:00,300,0.0,0.0,attachment3_10min_interpolation,0.0,2025-12-21 18:00:00,558.3249999999999,2025-12-14 23:00:00,actual_same_interval_7_days_ago,2025-12-21 18:00:00,108,144,True,558.3249999999999,0.0,0.0,0.0,1200.0,1200.0,558.3249999999999,120.0
2025-12-21T18:00_rolling,2025-12-21 18:00:00,2025-12-21 18:10:00,2025-12-22 18:00:00,2025-12-21 18:00:00,2025-12-21 23:10:00,310,0.0,0.0,attachment3_10min_interpolation,0.0,2025-12-21 18:00:00,578.14965,2025-12-14 23:10:00,actual_same_interval_7_days_ago,2025-12-21 18:00:00,108,144,True,578.14965,0.0,0.0,0.0,1200.0,1200.0,578.14965,120.0
2025-12-21T18:00_rolling,2025-12-21 18:00:00,2025-12-21 18:10:00,2025-12-22 18:00:00,2025-12-21 18:00:00,2025-12-21 23:20:00,320,0.0,0.0,attachment3_10min_interpolation,0.0,2025-12-21 18:00:00,587.9633333333334,2025-12-14 23:20:00,actual_same_interval_7_days_ago,2025-12-21 18:00:00,108,144,True,587.9633333333334,0.0,0.0,0.0,1200.0,1200.0,587.9633333333334,120.0
2025-12-21T18:00_rolling,2025-12-21 18:00:00,2025-12-21 18:10:00,2025-12-22 18:00:00,2025-12-21 18:00:00,2025-12-21 23:30:00,330,0.0,0.0,attachment3_10min_interpolation,0.0,2025-12-21 18:00:00,578.2983333333333,2025-12-14 23:30:00,actual_same_interval_7_days_ago,2025-12-21 18:00:00,108,144,True,578.2983333333333,0.0,0.0,0.0,1200.0,1200.0,578.2983333333333,120.0
2025-12-21T18:00_rolling,2025-12-21 18:00:00,2025-12-21 18:10:00,2025-12-22 18:00:00,2025-12-21 18:00:00,2025-12-21 23:40:00,340,0.0,0.0,attachment3_10min_interpolation,0.0,2025-12-21 18:00:00,557.10235,2025-12-14 23:40:00,actual_same_interval_7_days_ago,2025-12-21 18:00:00,108,144,True,557.10235,0.0,0.0,0.0,1200.0,1200.0,557.10235,120.0
2025-12-21T18:00_rolling,2025-12-21 18:00:00,2025-12-21 18:10:00,2025-12-22 18:00:00,2025-12-21 18:00:00,2025-12-21 23:50:00,350,0.0,0.0,attachment3_10min_interpolation,0.0,2025-12-21 18:00:00,577.9149666666666,2025-12-14 23:50:00,actual_same_interval_7_days_ago,2025-12-21 18:00:00,108,144,True,577.9149666666666,0.0,0.0,0.0,1200.0,1200.0,577.9149666666666,120.0
2025-12-21T18:00_rolling,2025-12-21 18:00:00,2025-12-21 18:10:00,2025-12-22 18:00:00,2025-12-21 18:00:00,2025-12-22 00:00:00,360,0.0,0.0,attachment3_10min_interpolation,0.0,2025-12-21 18:00:00,609.63,2025-12-15 00:00:00,actual_same_interval_7_days_ago,2025-12-21 18:00:00,108,144,True,609.63,0.0,0.0,0.0,1200.0,1200.0,609.63,120.0
2025-12-21T18:00_rolling,2025-12-21 18:00:00,2025-12-21 18:10:00,2025-12-22 18:00:00,2025-12-21 18:00:00,2025-12-22 00:10:00,370,0.0,0.0,attachment3_10min_interpolation,0.0,2025-12-21 18:00:00,572.6283166666666,2025-12-15 00:10:00,actual_same_interval_7_days_ago,2025-12-21 18:00:00,108,144,False,1372.6283166666667,800.0,0.0,0.0,1200.0,1920.0,,120.0
2025-12-21T18:00_rolling,2025-12-21 18:00:00,2025-12-21 18:10:00,2025-12-22 18:00:00,2025-12-21 18:00:00,2025-12-22 00:20:00,380,0.0,0.0,attachment3_10min_interpolation,0.0,2025-12-21 18:00:00,570.9348,2025-12-15 00:20:00,actual_same_interval_7_days_ago,2025-12-21 18:00:00,108,144,False,1370.9348,800.0,0.0,0.0,1920.0,2640.0,,120.0
2025-12-21T18:00_rolling,2025-12-21 18:00:00,2025-12-21 18:10:00,2025-12-22 18:00:00,2025-12-21 18:00:00,2025-12-22 00:30:00,390,0.0,0.0,attachment3_10min_interpolation,0.0,2025-12-21 18:00:00,613.0916666666667,2025-12-15 00:30:00,actual_same_interval_7_days_ago,2025-12-21 18:00:00,108,144,False,1413.0916666666667,800.0,0.0,0.0,2640.0,3360.0,,120.0
2025-12-21T18:00_rolling,2025-12-21 18:00:00,2025-12-21 18:10:00,2025-12-22 18:00:00,2025-12-21 18:00:00,2025-12-22 00:40:00,400,0.0,0.0,attachment3_10min_interpolation,0.0,2025-12-21 18:00:00,606.19555,2025-12-15 00:40:00,actual_same_interval_7_days_ago,2025-12-21 18:00:00,108,144,False,1406.19555,800.0,0.0,0.0,3360.0,4080.0,,120.0
2025-12-21T18:00_rolling,2025-12-21 18:00:00,2025-12-21 18:10:00,2025-12-22 18:00:00,2025-12-21 18:00:00,2025-12-22 00:50:00,410,0.0,0.0,attachment3_10min_interpolation,0.0,2025-12-21 18:00:00,616.7371833333333,2025-12-15 00:50:00,actual_same_interval_7_days_ago,2025-12-21 18:00:00,108,144,False,1416.7371833333332,800.0,0.0,0.0,4080.0,4800.0,,120.0
2025-12-21T18:00_rolling,2025-12-21 18:00:00,2025-12-21 18:10:00,2025-12-22 18:00:00,2025-12-21 18:00:00,2025-12-22 01:00:00,420,0.0,0.0,attachment3_10min_interpolation,0.0,2025-12-21 18:00:00,647.58,2025-12-15 01:00:00,actual_same_interval_7_days_ago,2025-12-21 18:00:00,108,144,False,1447.58,800.0,0.0,0.0,4800.0,5520.0,,120.0
2025-12-21T18:00_rolling,2025-12-21 18:00:00,2025-12-21 18:10:00,2025-12-22 18:00:00,2025-12-21 18:00:00,2025-12-22 01:10:00,430,0.0,0.0,attachment3_10min_interpolation,0.0,2025-12-21 18:00:00,628.6041333333334,2025-12-15 01:10:00,actual_same_interval_7_days_ago,2025-12-21 18:00:00,108,144,False,1428.6041333333333,800.0,0.0,0.0,5520.0,6240.0,,120.0
2025-12-21T18:00_rolling,2025-12-21 18:00:00,2025-12-21 18:10:00,2025-12-22 18:00:00,2025-12-21 18:00:00,2025-12-22 01:20:00,440,0.0,0.0,attachment3_10min_interpolation,0.0,2025-12-21 18:00:00,614.5305166666667,2025-12-15 01:20:00,actual_same_interval_7_days_ago,2025-12-21 18:00:00,108,144,False,1414.5305166666667,800.0,0.0,0.0,6240.0,6960.0,,120.0
2025-12-21T18:00_rolling,2025-12-21 18:00:00,2025-12-21 18:10:00,2025-12-22 18:00:00,2025-12-21 18:00:00,2025-12-22 01:30:00,450,0.0,0.0,attachment3_10min_interpolation,0.0,2025-12-21 18:00:00,615.305,2025-12-15 01:30:00,actual_same_interval_7_days_ago,2025-12-21 18:00:00,108,144,False,1415.3049999999998,800.0,0.0,0.0,6960.0,7680.0,,120.0
2025-12-21T18:00_rolling,2025-12-21 18:00:00,2025-12-21 18:10:00,2025-12-22 18:00:00,2025-12-21 18:00:00,2025-12-22 01:40:00,460,0.0,0.0,attachment3_10min_interpolation,0.0,2025-12-21 18:00:00,591.8708166666667,2025-12-15 01:40:00,actual_same_interval_7_days_ago,2025-12-21 18:00:00,108,144,False,858.5374833333333,266.6666666666667,0.0,0.0,7680.0,7920.0,,120.0
2025-12-21T18:00_rolling,2025-12-21 18:00:00,2025-12-21 18:10:00,2025-12-22 18:00:00,2025-12-21 18:00:00,2025-12-22 01:50:00,470,0.0,0.0,attachment3_10min_interpolation,0.0,2025-12-21 18:00:00,613.0098833333333,2025-12-15 01:50:00,actual_same_interval_7_days_ago,2025-12-21 18:00:00,108,144,False,613.0098833333333,0.0,0.0,0.0,7920.0,7920.0,,120.0
2025-12-21T18:00_rolling,2025-12-21 18:00:00,2025-12-21 18:10:00,2025-12-22 18:00:00,2025-12-21 18:00:00,2025-12-22 02:00:00,480,0.0,0.0,attachment3_10min_interpolation,0.0,2025-12-21 18:00:00,668.17,2025-12-15 02:00:00,actual_same_interval_7_days_ago,2025-12-21 18:00:00,108,144,False,1468.17,800.0,0.0,0.0,7920.0,8640.0,,120.0
2025-12-21T18:00_rolling,2025-12-21 18:00:00,2025-12-21 18:10:00,2025-12-22 18:00:00,2025-12-21 18:00:00,2025-12-22 02:10:00,490,0.0,0.0,attachment3_10min_interpolation,0.0,2025-12-21 18:00:00,668.2784,2025-12-15 02:10:00,actual_same_interval_7_days_ago,2025-12-21 18:00:00,108,144,False,1468.2784000000001,800.0,0.0,0.0,8640.0,9360.0,,120.0
2025-12-21T18:00_rolling,2025-12-21 18:00:00,2025-12-21 18:10:00,2025-12-22 18:00:00,2025-12-21 18:00:00,2025-12-22 02:20:00,500,0.0,0.0,attachment3_10min_interpolation,0.0,2025-12-21 18:00:00,638.4539166666667,2025-12-15 02:20:00,actual_same_interval_7_days_ago,2025-12-21 18:00:00,108,144,False,638.4539166666667,0.0,0.0,0.0,9360.0,9360.0,,120.0
2025-12-21T18:00_rolling,2025-12-21 18:00:00,2025-12-21 18:10:00,2025-12-22 18:00:00,2025-12-21 18:00:00,2025-12-22 02:30:00,510,0.0,0.0,attachment3_10min_interpolation,0.0,2025-12-21 18:00:00,626.9,2025-12-15 02:30:00,actual_same_interval_7_days_ago,2025-12-21 18:00:00,108,144,False,626.9,0.0,0.0,0.0,9360.0,9360.0,,120.0
2025-12-21T18:00_rolling,2025-12-21 18:00:00,2025-12-21 18:10:00,2025-12-22 18:00:00,2025-12-21 18:00:00,2025-12-22 02:40:00,520,0.0,0.0,attachment3_10min_interpolation,0.0,2025-12-21 18:00:00,654.7442333333333,2025-12-15 02:40:00,actual_same_interval_7_days_ago,2025-12-21 18:00:00,108,144,False,654.7442333333333,0.0,0.0,0.0,9360.0,9360.0,,120.0
2025-12-21T18:00_rolling,2025-12-21 18:00:00,2025-12-21 18:10:00,2025-12-22 18:00:00,2025-12-21 18:00:00,2025-12-22 02:50:00,530,0.0,0.0,attachment3_10min_interpolation,0.0,2025-12-21 18:00:00,664.4644999999999,2025-12-15 02:50:00,actual_same_interval_7_days_ago,2025-12-21 18:00:00,108,144,False,664.4644999999999,0.0,0.0,0.0,9360.0,9360.0,,120.0
2025-12-21T18:00_rolling,2025-12-21 18:00:00,2025-12-21 18:10:00,2025-12-22 18:00:00,2025-12-21 18:00:00,2025-12-22 03:00:00,540,0.0,0.0,attachment3_10min_interpolation,0.0,2025-12-21 18:00:00,649.2716666666666,2025-12-15 03:00:00,actual_same_interval_7_days_ago,2025-12-21 18:00:00,108,144,False,649.2716666666666,0.0,0.0,0.0,9360.0,9360.0,,120.0
2025-12-21T18:00_rolling,2025-12-21 18:00:00,2025-12-21 18:10:00,2025-12-22 18:00:00,2025-12-21 18:00:00,2025-12-22 03:10:00,550,0.0,0.0,attachment3_10min_interpolation,0.0,2025-12-21 18:00:00,653.91305,2025-12-15 03:10:00,actual_same_interval_7_days_ago,2025-12-21 18:00:00,108,144,False,653.91305,0.0,0.0,0.0,9360.0,9360.0,,120.0
2025-12-21T18:00_rolling,2025-12-21 18:00:00,2025-12-21 18:10:00,2025-12-22 18:00:00,2025-12-21 18:00:00,2025-12-22 03:20:00,560,0.0,0.0,attachment3_10min_interpolation,0.0,2025-12-21 18:00:00,650.6464,2025-12-15 03:20:00,actual_same_interval_7_days_ago,2025-12-21 18:00:00,108,144,False,650.6464,0.0,0.0,0.0,9360.0,9360.0,,120.0
2025-12-21T18:00_rolling,2025-12-21 18:00:00,2025-12-21 18:10:00,2025-12-22 18:00:00,2025-12-21 18:00:00,2025-12-22 03:30:00,570,0.0,0.0,attachment3_10min_interpolation,0.0,2025-12-21 18:00:00,653.225,2025-12-15 03:30:00,actual_same_interval_7_days_ago,2025-12-21 18:00:00,108,144,False,653.225,0.0,0.0,0.0,9360.0,9360.0,,120.0
2025-12-21T18:00_rolling,2025-12-21 18:00:00,2025-12-21 18:10:00,2025-12-22 18:00:00,2025-12-21 18:00:00,2025-12-22 03:40:00,580,0.0,0.0,attachment3_10min_interpolation,0.0,2025-12-21 18:00:00,701.0231666666667,2025-12-15 03:40:00,actual_same_interval_7_days_ago,2025-12-21 18:00:00,108,144,False,701.0231666666667,0.0,0.0,0.0,9360.0,9360.0,,120.0
2025-12-21T18:00_rolling,2025-12-21 18:00:00,2025-12-21 18:10:00,2025-12-22 18:00:00,2025-12-21 18:00:00,2025-12-22 03:50:00,590,0.0,0.0,attachment3_10min_interpolation,0.0,2025-12-21 18:00:00,700.3122666666667,2025-12-15 03:50:00,actual_same_interval_7_days_ago,2025-12-21 18:00:00,108,144,False,700.3122666666667,0.0,0.0,0.0,9360.0,9360.0,,120.0
2025-12-21T18:00_rolling,2025-12-21 18:00:00,2025-12-21 18:10:00,2025-12-22 18:00:00,2025-12-21 18:00:00,2025-12-22 04:00:00,600,0.0,0.0,attachment3_10min_interpolation,0.0,2025-12-21 18:00:00,659.3633333333333,2025-12-15 04:00:00,actual_same_interval_7_days_ago,2025-12-21 18:00:00,108,144,False,659.3633333333333,0.0,0.0,0.0,9360.0,9360.0,,120.0
2025-12-21T18:00_rolling,2025-12-21 18:00:00,2025-12-21 18:10:00,2025-12-22 18:00:00,2025-12-21 18:00:00,2025-12-22 04:10:00,610,0.0,0.0,attachment3_10min_interpolation,0.0,2025-12-21 18:00:00,676.2655166666667,2025-12-15 04:10:00,actual_same_interval_7_days_ago,2025-12-21 18:00:00,108,144,False,676.2655166666667,0.0,0.0,0.0,9360.0,9360.0,,120.0
2025-12-21T18:00_rolling,2025-12-21 18:00:00,2025-12-21 18:10:00,2025-12-22 18:00:00,2025-12-21 18:00:00,2025-12-22 04:20:00,620,0.0,0.0,attachment3_10min_interpolation,0.0,2025-12-21 18:00:00,670.2413666666666,2025-12-15 04:20:00,actual_same_interval_7_days_ago,2025-12-21 18:00:00,108,144,False,670.2413666666666,0.0,0.0,0.0,9360.0,9360.0,,120.0
2025-12-21T18:00_rolling,2025-12-21 18:00:00,2025-12-21 18:10:00,2025-12-22 18:00:00,2025-12-21 18:00:00,2025-12-22 04:30:00,630,0.0,0.0,attachment3_10min_interpolation,0.0,2025-12-21 18:00:00,642.0966666666667,2025-12-15 04:30:00,actual_same_interval_7_days_ago,2025-12-21 18:00:00,108,144,False,642.0966666666667,0.0,0.0,0.0,9360.0,9360.0,,120.0
2025-12-21T18:00_rolling,2025-12-21 18:00:00,2025-12-21 18:10:00,2025-12-22 18:00:00,2025-12-21 18:00:00,2025-12-22 04:40:00,640,0.0,0.0,attachment3_10min_interpolation,0.0,2025-12-21 18:00:00,677.5945166666667,2025-12-15 04:40:00,actual_same_interval_7_days_ago,2025-12-21 18:00:00,108,144,False,677.5945166666667,0.0,0.0,0.0,9360.0,9360.0,,120.0
2025-12-21T18:00_rolling,2025-12-21 18:00:00,2025-12-21 18:10:00,2025-12-22 18:00:00,2025-12-21 18:00:00,2025-12-22 04:50:00,650,0.0,0.0,attachment3_10min_interpolation,0.0,2025-12-21 18:00:00,695.80335,2025-12-15 04:50:00,actual_same_interval_7_days_ago,2025-12-21 18:00:00,108,144,False,695.80335,0.0,0.0,0.0,9360.0,9360.0,,120.0
2025-12-21T18:00_rolling,2025-12-21 18:00:00,2025-12-21 18:10:00,2025-12-22 18:00:00,2025-12-21 18:00:00,2025-12-22 05:00:00,660,0.0,0.0,attachment3_10min_interpolation,0.0,2025-12-21 18:00:00,678.515,2025-12-15 05:00:00,actual_same_interval_7_days_ago,2025-12-21 18:00:00,108,144,False,678.515,0.0,0.0,0.0,9360.0,9360.0,,120.0
2025-12-21T18:00_rolling,2025-12-21 18:00:00,2025-12-21 18:10:00,2025-12-22 18:00:00,2025-12-21 18:00:00,2025-12-22 05:10:00,670,0.0,0.0,attachment3_10min_interpolation,0.0,2025-12-21 18:00:00,690.4388166666666,2025-12-15 05:10:00,actual_same_interval_7_days_ago,2025-12-21 18:00:00,108,144,False,690.4388166666666,0.0,0.0,0.0,9360.0,9360.0,,120.0
2025-12-21T18:00_rolling,2025-12-21 18:00:00,2025-12-21 18:10:00,2025-12-22 18:00:00,2025-12-21 18:00:00,2025-12-22 05:20:00,680,0.0,0.0,attachment3_10min_interpolation,0.0,2025-12-21 18:00:00,705.4993833333333,2025-12-15 05:20:00,actual_same_interval_7_days_ago,2025-12-21 18:00:00,108,144,False,705.4993833333333,0.0,0.0,0.0,9360.0,9360.0,,120.0
2025-12-21T18:00_rolling,2025-12-21 18:00:00,2025-12-21 18:10:00,2025-12-22 18:00:00,2025-12-21 18:00:00,2025-12-22 05:30:00,690,0.0,0.0,attachment3_10min_interpolation,0.0,2025-12-21 18:00:00,690.8433333333334,2025-12-15 05:30:00,actual_same_interval_7_days_ago,2025-12-21 18:00:00,108,144,False,1490.8433333333332,800.0,0.0,0.0,9360.0,10080.0,,120.0
2025-12-21T18:00_rolling,2025-12-21 18:00:00,2025-12-21 18:10:00,2025-12-22 18:00:00,2025-12-21 18:00:00,2025-12-22 05:40:00,700,0.0,0.0,attachment3_10min_interpolation,0.0,2025-12-21 18:00:00,662.1599166666666,2025-12-15 05:40:00,actual_same_interval_7_days_ago,2025-12-21 18:00:00,108,144,False,1462.1599166666665,800.0,0.0,0.0,10080.0,10800.0,,120.0
2025-12-21T18:00_rolling,2025-12-21 18:00:00,2025-12-21 18:10:00,2025-12-22 18:00:00,2025-12-21 18:00:00,2025-12-22 05:50:00,710,0.0,0.0,attachment3_10min_interpolation,0.0,2025-12-21 18:00:00,751.2422333333334,2025-12-15 05:50:00,actual_same_interval_7_days_ago,2025-12-21 18:00:00,108,144,False,751.2422333333334,0.0,0.0,0.0,10800.0,10800.0,,120.0
2025-12-21T18:00_rolling,2025-12-21 18:00:00,2025-12-21 18:10:00,2025-12-22 18:00:00,2025-12-21 18:00:00,2025-12-22 06:00:00,720,0.0,0.0,attachment3_10min_interpolation,0.0,2025-12-21 18:00:00,897.07,2025-12-15 06:00:00,actual_same_interval_7_days_ago,2025-12-21 18:00:00,108,144,False,897.07,0.0,0.0,0.0,10800.0,10800.0,,120.0
2025-12-21T18:00_rolling,2025-12-21 18:00:00,2025-12-21 18:10:00,2025-12-22 18:00:00,2025-12-21 18:00:00,2025-12-22 06:10:00,730,0.0,0.0,attachment3_10min_interpolation,0.0,2025-12-21 18:00:00,902.40865,2025-12-15 06:10:00,actual_same_interval_7_days_ago,2025-12-21 18:00:00,108,144,False,254.40864999999997,0.0,648.0,0.0,10800.0,10080.0,,120.0
2025-12-21T18:00_rolling,2025-12-21 18:00:00,2025-12-21 18:10:00,2025-12-22 18:00:00,2025-12-21 18:00:00,2025-12-22 06:20:00,740,0.0,0.0,attachment3_10min_interpolation,0.0,2025-12-21 18:00:00,903.63675,2025-12-15 06:20:00,actual_same_interval_7_days_ago,2025-12-21 18:00:00,108,144,False,903.63675,0.0,0.0,0.0,10080.0,10080.0,,120.0
2025-12-21T18:00_rolling,2025-12-21 18:00:00,2025-12-21 18:10:00,2025-12-22 18:00:00,2025-12-21 18:00:00,2025-12-22 06:30:00,750,0.0,0.0,attachment3_10min_interpolation,0.0,2025-12-21 18:00:00,937.875,2025-12-15 06:30:00,actual_same_interval_7_days_ago,2025-12-21 18:00:00,108,144,False,937.875,0.0,0.0,0.0,10080.0,10080.0,,120.0
2025-12-21T18:00_rolling,2025-12-21 18:00:00,2025-12-21 18:10:00,2025-12-22 18:00:00,2025-12-21 18:00:00,2025-12-22 06:40:00,760,0.0,0.0,attachment3_10min_interpolation,0.0,2025-12-21 18:00:00,901.84315,2025-12-15 06:40:00,actual_same_interval_7_days_ago,2025-12-21 18:00:00,108,144,False,901.84315,0.0,0.0,0.0,10080.0,10080.0,,120.0
2025-12-21T18:00_rolling,2025-12-21 18:00:00,2025-12-21 18:10:00,2025-12-22 18:00:00,2025-12-21 18:00:00,2025-12-22 06:50:00,770,0.0,0.0,attachment3_10min_interpolation,0.0,2025-12-21 18:00:00,867.8114333333333,2025-12-15 06:50:00,actual_same_interval_7_days_ago,2025-12-21 18:00:00,108,144,False,867.8114333333333,0.0,0.0,0.0,10080.0,10080.0,,120.0
2025-12-21T18:00_rolling,2025-12-21 18:00:00,2025-12-21 18:10:00,2025-12-22 18:00:00,2025-12-21 18:00:00,2025-12-22 07:00:00,780,0.0,0.0,attachment3_10min_interpolation,0.0,2025-12-21 18:00:00,880.4266666666667,2025-12-15 07:00:00,actual_same_interval_7_days_ago,2025-12-21 18:00:00,108,144,False,880.4266666666667,0.0,0.0,0.0,10080.0,10080.0,,120.0
2025-12-21T18:00_rolling,2025-12-21 18:00:00,2025-12-21 18:10:00,2025-12-22 18:00:00,2025-12-21 18:00:00,2025-12-22 07:10:00,790,194.88631666666663,32.48105277777777,attachment3_10min_interpolation,0.0,2025-12-21 18:00:00,908.3465166666666,2025-12-15 07:10:00,actual_same_interval_7_days_ago,2025-12-21 18:00:00,108,144,False,875.8654638888888,0.0,0.0,0.0,10080.0,10080.0,,120.0
2025-12-21T18:00_rolling,2025-12-21 18:00:00,2025-12-21 18:10:00,2025-12-22 18:00:00,2025-12-21 18:00:00,2025-12-22 07:20:00,800,389.7726333333333,64.96210555555555,attachment3_10min_interpolation,0.0,2025-12-21 18:00:00,911.8804166666667,2025-12-15 07:20:00,actual_same_interval_7_days_ago,2025-12-21 18:00:00,108,144,False,846.9183111111112,0.0,0.0,0.0,10080.0,10080.0,,120.0
2025-12-21T18:00_rolling,2025-12-21 18:00:00,2025-12-21 18:10:00,2025-12-22 18:00:00,2025-12-21 18:00:00,2025-12-22 07:30:00,810,584.65895,97.44315833333333,attachment3_10min_interpolation,0.0,2025-12-21 18:00:00,882.5483333333333,2025-12-15 07:30:00,actual_same_interval_7_days_ago,2025-12-21 18:00:00,108,144,False,785.1051749999999,0.0,0.0,0.0,10080.0,10080.0,,120.0
2025-12-21T18:00_rolling,2025-12-21 18:00:00,2025-12-21 18:10:00,2025-12-22 18:00:00,2025-12-21 18:00:00,2025-12-22 07:40:00,820,779.5452666666666,129.9242111111111,attachment3_10min_interpolation,0.0,2025-12-21 18:00:00,868.9648000000001,2025-12-15 07:40:00,actual_same_interval_7_days_ago,2025-12-21 18:00:00,108,144,False,1539.040588888889,800.0,0.0,0.0,10080.0,10800.0,,120.0
2025-12-21T18:00_rolling,2025-12-21 18:00:00,2025-12-21 18:10:00,2025-12-22 18:00:00,2025-12-21 18:00:00,2025-12-22 07:50:00,830,974.4315833333332,162.40526388888887,attachment3_10min_interpolation,0.0,2025-12-21 18:00:00,1006.9960333333332,2025-12-15 07:50:00,actual_same_interval_7_days_ago,2025-12-21 18:00:00,108,144,False,844.5907694444444,0.0,0.0,0.0,10800.0,10800.0,,120.0
2025-12-21T18:00_rolling,2025-12-21 18:00:00,2025-12-21 18:10:00,2025-12-22 18:00:00,2025-12-21 18:00:00,2025-12-22 08:00:00,840,1169.3179,194.88631666666666,attachment3_10min_interpolation,0.0,2025-12-21 18:00:00,1199.875,2025-12-15 08:00:00,actual_same_interval_7_days_ago,2025-12-21 18:00:00,108,144,False,248.98868333333337,0.0,756.0,0.0,10800.0,9960.0,,120.0
2025-12-21T18:00_rolling,2025-12-21 18:00:00,2025-12-21 18:10:00,2025-12-22 18:00:00,2025-12-21 18:00:00,2025-12-22 08:10:00,850,1417.8176666666666,236.30294444444442,attachment3_10min_interpolation,0.0,2025-12-21 18:00:00,1197.1715333333334,2025-12-15 08:10:00,actual_same_interval_7_days_ago,2025-12-21 18:00:00,108,144,False,204.868588888889,0.0,756.0,0.0,9960.0,9120.0,,120.0
2025-12-21T18:00_rolling,2025-12-21 18:00:00,2025-12-21 18:10:00,2025-12-22 18:00:00,2025-12-21 18:00:00,2025-12-22 08:20:00,860,1666.3174333333334,277.7195722222222,attachment3_10min_interpolation,0.0,2025-12-21 18:00:00,1144.2750166666667,2025-12-15 08:20:00,actual_same_interval_7_days_ago,2025-12-21 18:00:00,108,144,False,110.55544444444445,0.0,756.0,0.0,9120.0,8280.0,,120.0
2025-12-21T18:00_rolling,2025-12-21 18:00:00,2025-12-21 18:10:00,2025-12-22 18:00:00,2025-12-21 18:00:00,2025-12-22 08:30:00,870,1914.8172,319.1362,attachment3_10min_interpolation,0.0,2025-12-21 18:00:00,1154.45,2025-12-15 08:30:00,actual_same_interval_7_days_ago,2025-12-21 18:00:00,108,144,False,79.31380000000013,0.0,756.0,0.0,8280.0,7440.0,,120.0
2025-12-21T18:00_rolling,2025-12-21 18:00:00,2025-12-21 18:10:00,2025-12-22 18:00:00,2025-12-21 18:00:00,2025-12-22 08:40:00,880,2163.3169666666668,360.5528277777778,attachment3_10min_interpolation,0.0,2025-12-21 18:00:00,1196.570783333333,2025-12-15 08:40:00,actual_same_interval_7_days_ago,2025-12-21 18:00:00,108,144,False,80.01795555555532,0.0,756.0,0.0,7440.0,6600.0,,120.0
2025-12-21T18:00_rolling,2025-12-21 18:00:00,2025-12-21 18:10:00,2025-12-22 18:00:00,2025-12-21 18:00:00,2025-12-22 08:50:00,890,2411.816733333333,401.9694555555555,attachment3_10min_interpolation,0.0,2025-12-21 18:00:00,1200.8518666666666,2025-12-15 08:50:00,actual_same_interval_7_days_ago,2025-12-21 18:00:00,108,144,False,42.882411111111196,0.0,756.0,0.0,6600.0,5760.0,,120.0
2025-12-21T18:00_rolling,2025-12-21 18:00:00,2025-12-21 18:10:00,2025-12-22 18:00:00,2025-12-21 18:00:00,2025-12-22 09:00:00,900,2660.3165,443.3860833333333,attachment3_10min_interpolation,0.0,2025-12-21 18:00:00,1166.9666666666667,2025-12-15 09:00:00,actual_same_interval_7_days_ago,2025-12-21 18:00:00,108,144,False,75.58058333333338,0.0,648.0,0.0,5760.0,5040.0,,120.0
2025-12-21T18:00_rolling,2025-12-21 18:00:00,2025-12-21 18:10:00,2025-12-22 18:00:00,2025-12-21 18:00:00,2025-12-22 09:10:00,910,2886.7885,481.13141666666667,attachment3_10min_interpolation,0.0,2025-12-21 18:00:00,1154.904633333333,2025-12-15 09:10:00,actual_same_interval_7_days_ago,2025-12-21 18:00:00,108,144,False,25.773216666666485,0.0,648.0,0.0,5040.0,4320.0,,120.0
2025-12-21T18:00_rolling,2025-12-21 18:00:00,2025-12-21 18:10:00,2025-12-22 18:00:00,2025-12-21 18:00:00,2025-12-22 09:20:00,920,3113.2605,518.87675,attachment3_10min_interpolation,0.0,2025-12-21 18:00:00,1155.7986,2025-12-15 09:20:00,actual_same_interval_7_days_ago,2025-12-21 18:00:00,108,144,False,96.92185000000006,0.0,540.0,0.0,4320.0,3720.0,,120.0
2025-12-21T18:00_rolling,2025-12-21 18:00:00,2025-12-21 18:10:00,2025-12-22 18:00:00,2025-12-21 18:00:00,2025-12-22 09:30:00,930,3339.7325,556.6220833333333,attachment3_10min_interpolation,0.0,2025-12-21 18:00:00,1153.8666666666666,2025-12-15 09:30:00,actual_same_interval_7_days_ago,2025-12-21 18:00:00,108,144,False,57.24458333333325,0.0,540.0,0.0,3720.0,3120.0,,120.0
2025-12-21T18:00_rolling,2025-12-21 18:00:00,2025-12-21 18:10:00,2025-12-22 18:00:00,2025-12-21 18:00:00,2025-12-22 09:40:00,940,3566.2045,594.3674166666666,attachment3_10min_interpolation,0.0,2025-12-21 18:00:00,1147.2653833333334,2025-12-15 09:40:00,actual_same_interval_7_days_ago,2025-12-21 18:00:00,108,144,False,552.8979666666668,0.0,0.0,0.0,3120.0,3120.0,,120.0
2025-12-21T18:00_rolling,2025-12-21 18:00:00,2025-12-21 18:10:00,2025-12-22 18:00:00,2025-12-21 18:00:00,2025-12-22 09:50:00,950,3792.6765,632.11275,attachment3_10min_interpolation,0.0,2025-12-21 18:00:00,1145.8582333333334,2025-12-15 09:50:00,actual_same_interval_7_days_ago,2025-12-21 18:00:00,108,144,False,513.7454833333334,0.0,0.0,0.0,3120.0,3120.0,,120.0
2025-12-21T18:00_rolling,2025-12-21 18:00:00,2025-12-21 18:10:00,2025-12-22 18:00:00,2025-12-21 18:00:00,2025-12-22 10:00:00,960,4019.1485,669.8580833333333,attachment3_10min_interpolation,0.0,2025-12-21 18:00:00,1175.1466666666668,2025-12-15 10:00:00,actual_same_interval_7_days_ago,2025-12-21 18:00:00,108,144,False,73.28858333333346,0.0,432.0,0.0,3120.0,2640.0,,120.0
2025-12-21T18:00_rolling,2025-12-21 18:00:00,2025-12-21 18:10:00,2025-12-22 18:00:00,2025-12-21 18:00:00,2025-12-22 10:10:00,970,4137.764766666666,689.6274611111111,attachment3_10min_interpolation,0.0,2025-12-21 18:00:00,1241.8825333333332,2025-12-15 10:10:00,actual_same_interval_7_days_ago,2025-12-21 18:00:00,108,144,False,12.255072222222111,0.0,540.0,0.0,2640.0,2040.0,,120.0
2025-12-21T18:00_rolling,2025-12-21 18:00:00,2025-12-21 18:10:00,2025-12-22 18:00:00,2025-12-21 18:00:00,2025-12-22 10:20:00,980,4256.381033333333,709.3968388888889,attachment3_10min_interpolation,0.0,2025-12-21 18:00:00,1233.2408833333334,2025-12-15 10:20:00,actual_same_interval_7_days_ago,2025-12-21 18:00:00,108,144,False,91.84404444444453,0.0,432.0,0.0,2040.0,1560.0,,120.0
2025-12-21T18:00_rolling,2025-12-21 18:00:00,2025-12-21 18:10:00,2025-12-22 18:00:00,2025-12-21 18:00:00,2025-12-22 10:30:00,990,4374.9973,729.1662166666666,attachment3_10min_interpolation,0.0,2025-12-21 18:00:00,1160.0833333333333,2025-12-15 10:30:00,actual_same_interval_7_days_ago,2025-12-21 18:00:00,108,144,False,430.91711666666663,0.0,0.0,0.0,1560.0,1560.0,,120.0
2025-12-21T18:00_rolling,2025-12-21 18:00:00,2025-12-21 18:10:00,2025-12-22 18:00:00,2025-12-21 18:00:00,2025-12-22 10:40:00,1000,4493.613566666666,748.9355944444443,attachment3_10min_interpolation,0.0,2025-12-21 18:00:00,1143.139,2025-12-15 10:40:00,actual_same_interval_7_days_ago,2025-12-21 18:00:00,108,144,False,70.2034055555556,0.0,324.0,0.0,1560.0,1200.0,,120.0
2025-12-21T18:00_rolling,2025-12-21 18:00:00,2025-12-21 18:10:00,2025-12-22 18:00:00,2025-12-21 18:00:00,2025-12-22 10:50:00,1010,4612.229833333333,768.7049722222222,attachment3_10min_interpolation,0.0,2025-12-21 18:00:00,1131.702266666667,2025-12-15 10:50:00,actual_same_interval_7_days_ago,2025-12-21 18:00:00,108,144,False,362.9972944444447,0.0,0.0,0.0,1200.0,1200.0,,120.0
2025-12-21T18:00_rolling,2025-12-21 18:00:00,2025-12-21 18:10:00,2025-12-22 18:00:00,2025-12-21 18:00:00,2025-12-22 11:00:00,1020,4730.8461,788.47435,attachment3_10min_interpolation,0.0,2025-12-21 18:00:00,1121.1133333333337,2025-12-15 11:00:00,actual_same_interval_7_days_ago,2025-12-21 18:00:00,108,144,False,1132.6389833333337,800.0,0.0,0.0,1200.0,1920.0,,120.0
2025-12-21T18:00_rolling,2025-12-21 18:00:00,2025-12-21 18:10:00,2025-12-22 18:00:00,2025-12-21 18:00:00,2025-12-22 11:10:00,1030,4945.961383333333,824.3268972222222,attachment3_10min_interpolation,0.0,2025-12-21 18:00:00,1164.6877,2025-12-15 11:10:00,actual_same_interval_7_days_ago,2025-12-21 18:00:00,108,144,False,1140.3608027777777,800.0,0.0,0.0,1920.0,2640.0,,120.0
2025-12-21T18:00_rolling,2025-12-21 18:00:00,2025-12-21 18:10:00,2025-12-22 18:00:00,2025-12-21 18:00:00,2025-12-22 11:20:00,1040,5161.076666666667,860.1794444444445,attachment3_10min_interpolation,0.0,2025-12-21 18:00:00,1188.5803833333332,2025-12-15 11:20:00,actual_same_interval_7_days_ago,2025-12-21 18:00:00,108,144,False,1128.4009388888887,800.0,0.0,0.0,2640.0,3360.0,,120.0
2025-12-21T18:00_rolling,2025-12-21 18:00:00,2025-12-21 18:10:00,2025-12-22 18:00:00,2025-12-21 18:00:00,2025-12-22 11:30:00,1050,5376.191949999999,896.0319916666666,attachment3_10min_interpolation,0.0,2025-12-21 18:00:00,1161.54,2025-12-15 11:30:00,actual_same_interval_7_days_ago,2025-12-21 18:00:00,108,144,False,1065.5080083333332,800.0,0.0,0.0,3360.0,4080.0,,120.0
2025-12-21T18:00_rolling,2025-12-21 18:00:00,2025-12-21 18:10:00,2025-12-22 18:00:00,2025-12-21 18:00:00,2025-12-22 11:40:00,1060,5591.307233333333,931.8845388888889,attachment3_10min_interpolation,0.0,2025-12-21 18:00:00,1122.4989333333333,2025-12-15 11:40:00,actual_same_interval_7_days_ago,2025-12-21 18:00:00,108,144,False,990.6143944444444,800.0,0.0,0.0,4080.0,4800.0,,120.0
2025-12-21T18:00_rolling,2025-12-21 18:00:00,2025-12-21 18:10:00,2025-12-22 18:00:00,2025-12-21 18:00:00,2025-12-22 11:50:00,1070,5806.4225166666665,967.7370861111111,attachment3_10min_interpolation,0.0,2025-12-21 18:00:00,1089.2509166666666,2025-12-15 11:50:00,actual_same_interval_7_days_ago,2025-12-21 18:00:00,108,144,False,921.5138305555555,800.0,0.0,0.0,4800.0,5520.0,,120.0
2025-12-21T18:00_rolling,2025-12-21 18:00:00,2025-12-21 18:10:00,2025-12-22 18:00:00,2025-12-21 18:00:00,2025-12-22 12:00:00,1080,6021.5378,1003.5896333333334,attachment3_10min_interpolation,0.0,2025-12-21 18:00:00,1065.36,2025-12-15 12:00:00,actual_same_interval_7_days_ago,2025-12-21 18:00:00,108,144,False,861.7703666666665,800.0,0.0,0.0,5520.0,6240.0,,120.0
2025-12-21T18:00_rolling,2025-12-21 18:00:00,2025-12-21 18:10:00,2025-12-22 18:00:00,2025-12-21 18:00:00,2025-12-22 12:10:00,1090,5840.168983333333,973.3614972222222,attachment3_10min_interpolation,0.0,2025-12-21 18:00:00,1049.4941666666666,2025-12-15 12:10:00,actual_same_interval_7_days_ago,2025-12-21 18:00:00,108,144,False,876.1326694444444,800.0,0.0,0.0,6240.0,6960.0,,120.0
2025-12-21T18:00_rolling,2025-12-21 18:00:00,2025-12-21 18:10:00,2025-12-22 18:00:00,2025-12-21 18:00:00,2025-12-22 12:20:00,1100,5658.800166666667,943.1333611111112,attachment3_10min_interpolation,0.0,2025-12-21 18:00:00,1052.275133333333,2025-12-15 12:20:00,actual_same_interval_7_days_ago,2025-12-21 18:00:00,108,144,False,909.1417722222219,800.0,0.0,0.0,6960.0,7680.0,,120.0
2025-12-21T18:00_rolling,2025-12-21 18:00:00,2025-12-21 18:10:00,2025-12-22 18:00:00,2025-12-21 18:00:00,2025-12-22 12:30:00,1110,5477.43135,912.905225,attachment3_10min_interpolation,0.0,2025-12-21 18:00:00,1066.2716666666668,2025-12-15 12:30:00,actual_same_interval_7_days_ago,2025-12-21 18:00:00,108,144,False,953.3664416666668,800.0,0.0,0.0,7680.0,8400.0,,120.0
2025-12-21T18:00_rolling,2025-12-21 18:00:00,2025-12-21 18:10:00,2025-12-22 18:00:00,2025-12-21 18:00:00,2025-12-22 12:40:00,1120,5296.062533333333,882.6770888888888,attachment3_10min_interpolation,0.0,2025-12-21 18:00:00,1072.0250166666667,2025-12-15 12:40:00,actual_same_interval_7_days_ago,2025-12-21 18:00:00,108,144,False,989.347927777778,800.0,0.0,0.0,8400.0,9120.0,,120.0
2025-12-21T18:00_rolling,2025-12-21 18:00:00,2025-12-21 18:10:00,2025-12-22 18:00:00,2025-12-21 18:00:00,2025-12-22 12:50:00,1130,5114.693716666667,852.4489527777778,attachment3_10min_interpolation,0.0,2025-12-21 18:00:00,1085.1842666666666,2025-12-15 12:50:00,actual_same_interval_7_days_ago,2025-12-21 18:00:00,108,144,False,1032.7353138888889,800.0,0.0,0.0,9120.0,9840.0,,120.0
2025-12-21T18:00_rolling,2025-12-21 18:00:00,2025-12-21 18:10:00,2025-12-22 18:00:00,2025-12-21 18:00:00,2025-12-22 13:00:00,1140,4933.3249,822.2208166666666,attachment3_10min_interpolation,0.0,2025-12-21 18:00:00,1100.7333333333331,2025-12-15 13:00:00,actual_same_interval_7_days_ago,2025-12-21 18:00:00,108,144,False,278.51251666666656,0.0,0.0,0.0,9840.0,9840.0,,120.0
2025-12-21T18:00_rolling,2025-12-21 18:00:00,2025-12-21 18:10:00,2025-12-22 18:00:00,2025-12-21 18:00:00,2025-12-22 13:10:00,1150,4796.01185,799.3353083333333,attachment3_10min_interpolation,0.0,2025-12-21 18:00:00,1094.1707666666666,2025-12-15 13:10:00,actual_same_interval_7_days_ago,2025-12-21 18:00:00,108,144,False,294.83545833333335,0.0,0.0,0.0,9840.0,9840.0,,120.0
2025-12-21T18:00_rolling,2025-12-21 18:00:00,2025-12-21 18:10:00,2025-12-22 18:00:00,2025-12-21 18:00:00,2025-12-22 13:20:00,1160,4658.6988,776.4498,attachment3_10min_interpolation,0.0,2025-12-21 18:00:00,1081.3986666666667,2025-12-15 13:20:00,actual_same_interval_7_days_ago,2025-12-21 18:00:00,108,144,False,304.94886666666673,0.0,0.0,0.0,9840.0,9840.0,,120.0
2025-12-21T18:00_rolling,2025-12-21 18:00:00,2025-12-21 18:10:00,2025-12-22 18:00:00,2025-12-21 18:00:00,2025-12-22 13:30:00,1170,4521.38575,753.5642916666667,attachment3_10min_interpolation,0.0,2025-12-21 18:00:00,1080.7266666666667,2025-12-15 13:30:00,actual_same_interval_7_days_ago,2025-12-21 18:00:00,108,144,False,327.162375,0.0,0.0,0.0,9840.0,9840.0,,120.0
2025-12-21T18:00_rolling,2025-12-21 18:00:00,2025-12-21 18:10:00,2025-12-22 18:00:00,2025-12-21 18:00:00,2025-12-22 13:40:00,1180,4384.0727,730.6787833333333,attachment3_10min_interpolation,0.0,2025-12-21 18:00:00,1092.0665,2025-12-15 13:40:00,actual_same_interval_7_days_ago,2025-12-21 18:00:00,108,144,False,361.3877166666666,0.0,0.0,0.0,9840.0,9840.0,,120.0
2025-12-21T18:00_rolling,2025-12-21 18:00:00,2025-12-21 18:10:00,2025-12-22 18:00:00,2025-12-21 18:00:00,2025-12-22 13:50:00,1190,4246.75965,707.793275,attachment3_10min_interpolation,0.0,2025-12-21 18:00:00,1076.7716666666668,2025-12-15 13:50:00,actual_same_interval_7_days_ago,2025-12-21 18:00:00,108,144,False,44.97839166666677,0.0,324.0,0.0,9840.0,9480.0,,120.0
2025-12-21T18:00_rolling,2025-12-21 18:00:00,2025-12-21 18:10:00,2025-12-22 18:00:00,2025-12-21 18:00:00,2025-12-22 14:00:00,1200,4109.4466,684.9077666666667,attachment3_10min_interpolation,0.0,2025-12-21 18:00:00,1053.885,2025-12-15 14:00:00,actual_same_interval_7_days_ago,2025-12-21 18:00:00,108,144,False,44.97723333333329,0.0,324.0,0.0,9480.0,9120.0,,120.0
2025-12-21T18:00_rolling,2025-12-21 18:00:00,2025-12-21 18:10:00,2025-12-22 18:00:00,2025-12-21 18:00:00,2025-12-22 14:10:00,1210,3842.279766666667,640.3799611111111,attachment3_10min_interpolation,0.0,2025-12-21 18:00:00,1077.692,2025-12-15 14:10:00,actual_same_interval_7_days_ago,2025-12-21 18:00:00,108,144,False,5.312038888888878,0.0,432.0,0.0,9120.0,8640.0,,120.0
2025-12-21T18:00_rolling,2025-12-21 18:00:00,2025-12-21 18:10:00,2025-12-22 18:00:00,2025-12-21 18:00:00,2025-12-22 14:20:00,1220,3575.1129333333333,595.8521555555556,attachment3_10min_interpolation,0.0,2025-12-21 18:00:00,1078.7034166666667,2025-12-15 14:20:00,actual_same_interval_7_days_ago,2025-12-21 18:00:00,108,144,False,50.85126111111117,0.0,432.0,0.0,8640.0,8160.0,,120.0
2025-12-21T18:00_rolling,2025-12-21 18:00:00,2025-12-21 18:10:00,2025-12-22 18:00:00,2025-12-21 18:00:00,2025-12-22 14:30:00,1230,3307.9461,551.32435,attachment3_10min_interpolation,0.0,2025-12-21 18:00:00,1051.695,2025-12-15 14:30:00,actual_same_interval_7_days_ago,2025-12-21 18:00:00,108,144,False,68.37064999999996,0.0,432.0,0.0,8160.0,7680.0,,120.0
2025-12-21T18:00_rolling,2025-12-21 18:00:00,2025-12-21 18:10:00,2025-12-22 18:00:00,2025-12-21 18:00:00,2025-12-22 14:40:00,1240,3040.779266666667,506.79654444444446,attachment3_10min_interpolation,0.0,2025-12-21 18:00:00,1063.1407166666663,2025-12-15 14:40:00,actual_same_interval_7_days_ago,2025-12-21 18:00:00,108,144,False,16.344172222221914,0.0,540.0,0.0,7680.0,7080.0,,120.0
2025-12-21T18:00_rolling,2025-12-21 18:00:00,2025-12-21 18:10:00,2025-12-22 18:00:00,2025-12-21 18:00:00,2025-12-22 14:50:00,1250,2773.612433333333,462.2687388888888,attachment3_10min_interpolation,0.0,2025-12-21 18:00:00,1083.6813,2025-12-15 14:50:00,actual_same_interval_7_days_ago,2025-12-21 18:00:00,108,144,False,81.41256111111124,0.0,540.0,0.0,7080.0,6480.0,,120.0
2025-12-21T18:00_rolling,2025-12-21 18:00:00,2025-12-21 18:10:00,2025-12-22 18:00:00,2025-12-21 18:00:00,2025-12-22 15:00:00,1260,2506.4456,417.7409333333333,attachment3_10min_interpolation,0.0,2025-12-21 18:00:00,1085.4383333333333,2025-12-15 15:00:00,actual_same_interval_7_days_ago,2025-12-21 18:00:00,108,144,False,1467.6974,800.0,0.0,0.0,6480.0,7200.0,,120.0
2025-12-21T18:00_rolling,2025-12-21 18:00:00,2025-12-21 18:10:00,2025-12-22 18:00:00,2025-12-21 18:00:00,2025-12-22 15:10:00,1270,2364.9010166666667,394.15016944444443,attachment3_10min_interpolation,0.0,2025-12-21 18:00:00,1072.7532666666666,2025-12-15 15:10:00,actual_same_interval_7_days_ago,2025-12-21 18:00:00,108,144,False,1478.6030972222222,800.0,0.0,0.0,7200.0,7920.0,,120.0
2025-12-21T18:00_rolling,2025-12-21 18:00:00,2025-12-21 18:10:00,2025-12-22 18:00:00,2025-12-21 18:00:00,2025-12-22 15:20:00,1280,2223.3564333333334,370.55940555555554,attachment3_10min_interpolation,0.0,2025-12-21 18:00:00,1071.1782333333333,2025-12-15 15:20:00,actual_same_interval_7_days_ago,2025-12-21 18:00:00,108,144,False,1500.6188277777778,800.0,0.0,0.0,7920.0,8640.0,,120.0
2025-12-21T18:00_rolling,2025-12-21 18:00:00,2025-12-21 18:10:00,2025-12-22 18:00:00,2025-12-21 18:00:00,2025-12-22 15:30:00,1290,2081.81185,346.96864166666666,attachment3_10min_interpolation,0.0,2025-12-21 18:00:00,1072.7133333333334,2025-12-15 15:30:00,actual_same_interval_7_days_ago,2025-12-21 18:00:00,108,144,False,725.7446916666668,0.0,0.0,0.0,8640.0,8640.0,,120.0
2025-12-21T18:00_rolling,2025-12-21 18:00:00,2025-12-21 18:10:00,2025-12-22 18:00:00,2025-12-21 18:00:00,2025-12-22 15:40:00,1300,1940.2672666666667,323.37787777777777,attachment3_10min_interpolation,0.0,2025-12-21 18:00:00,1050.0276666666666,2025-12-15 15:40:00,actual_same_interval_7_days_ago,2025-12-21 18:00:00,108,144,False,726.6497888888889,0.0,0.0,0.0,8640.0,8640.0,,120.0
2025-12-21T18:00_rolling,2025-12-21 18:00:00,2025-12-21 18:10:00,2025-12-22 18:00:00,2025-12-21 18:00:00,2025-12-22 15:50:00,1310,1798.7226833333334,299.7871138888889,attachment3_10min_interpolation,0.0,2025-12-21 18:00:00,1049.556916666667,2025-12-15 15:50:00,actual_same_interval_7_days_ago,2025-12-21 18:00:00,108,144,False,749.7698027777781,0.0,0.0,0.0,8640.0,8640.0,,120.0
2025-12-21T18:00_rolling,2025-12-21 18:00:00,2025-12-21 18:10:00,2025-12-22 18:00:00,2025-12-21 18:00:00,2025-12-22 16:00:00,1320,1657.1781,276.19635,attachment3_10min_interpolation,0.0,2025-12-21 18:00:00,1064.628333333333,2025-12-15 16:00:00,actual_same_interval_7_days_ago,2025-12-21 18:00:00,108,144,False,788.4319833333332,0.0,0.0,0.0,8640.0,8640.0,,120.0
2025-12-21T18:00_rolling,2025-12-21 18:00:00,2025-12-21 18:10:00,2025-12-22 18:00:00,2025-12-21 18:00:00,2025-12-22 16:10:00,1330,1380.98175,230.163625,attachment3_10min_interpolation,0.0,2025-12-21 18:00:00,1040.265,2025-12-15 16:10:00,actual_same_interval_7_days_ago,2025-12-21 18:00:00,108,144,False,810.1013750000001,0.0,0.0,0.0,8640.0,8640.0,,120.0
2025-12-21T18:00_rolling,2025-12-21 18:00:00,2025-12-21 18:10:00,2025-12-22 18:00:00,2025-12-21 18:00:00,2025-12-22 16:20:00,1340,1104.7854,184.1309,attachment3_10min_interpolation,0.0,2025-12-21 18:00:00,1014.8396333333334,2025-12-15 16:20:00,actual_same_interval_7_days_ago,2025-12-21 18:00:00,108,144,False,830.7087333333334,0.0,0.0,0.0,8640.0,8640.0,,120.0
2025-12-21T18:00_rolling,2025-12-21 18:00:00,2025-12-21 18:10:00,2025-12-22 18:00:00,2025-12-21 18:00:00,2025-12-22 16:30:00,1350,828.58905,138.098175,attachment3_10min_interpolation,0.0,2025-12-21 18:00:00,1020.6166666666668,2025-12-15 16:30:00,actual_same_interval_7_days_ago,2025-12-21 18:00:00,108,144,False,882.5184916666668,0.0,0.0,0.0,8640.0,8640.0,,120.0
2025-12-21T18:00_rolling,2025-12-21 18:00:00,2025-12-21 18:10:00,2025-12-22 18:00:00,2025-12-21 18:00:00,2025-12-22 16:40:00,1360,552.3927000000001,92.06545000000001,attachment3_10min_interpolation,0.0,2025-12-21 18:00:00,1047.3962166666668,2025-12-15 16:40:00,actual_same_interval_7_days_ago,2025-12-21 18:00:00,108,144,False,199.3307666666667,0.0,756.0,0.0,8640.0,7800.0,,120.0
2025-12-21T18:00_rolling,2025-12-21 18:00:00,2025-12-21 18:10:00,2025-12-22 18:00:00,2025-12-21 18:00:00,2025-12-22 16:50:00,1370,276.19635000000005,46.032725000000006,attachment3_10min_interpolation,0.0,2025-12-21 18:00:00,1039.6226166666668,2025-12-15 16:50:00,actual_same_interval_7_days_ago,2025-12-21 18:00:00,108,144,False,237.58989166666674,0.0,756.0,0.0,7800.0,6960.0,,120.0
2025-12-21T18:00_rolling,2025-12-21 18:00:00,2025-12-21 18:10:00,2025-12-22 18:00:00,2025-12-21 18:00:00,2025-12-22 17:00:00,1380,0.0,0.0,attachment3_10min_interpolation,0.0,2025-12-21 18:00:00,1011.6083333333332,2025-12-15 17:00:00,actual_same_interval_7_days_ago,2025-12-21 18:00:00,108,144,False,255.60833333333323,0.0,756.0,0.0,6960.0,6120.0,,120.0
2025-12-21T18:00_rolling,2025-12-21 18:00:00,2025-12-21 18:10:00,2025-12-22 18:00:00,2025-12-21 18:00:00,2025-12-22 17:10:00,1390,0.0,0.0,attachment3_10min_interpolation,0.0,2025-12-21 18:00:00,1028.5154,2025-12-15 17:10:00,actual_same_interval_7_days_ago,2025-12-21 18:00:00,108,144,False,272.5154,0.0,756.0,0.0,6120.0,5280.0,,120.0
2025-12-21T18:00_rolling,2025-12-21 18:00:00,2025-12-21 18:10:00,2025-12-22 18:00:00,2025-12-21 18:00:00,2025-12-22 17:20:00,1400,0.0,0.0,attachment3_10min_interpolation,0.0,2025-12-21 18:00:00,1039.23125,2025-12-15 17:20:00,actual_same_interval_7_days_ago,2025-12-21 18:00:00,108,144,False,283.23125000000005,0.0,756.0,0.0,5280.0,4440.0,,120.0
2025-12-21T18:00_rolling,2025-12-21 18:00:00,2025-12-21 18:10:00,2025-12-22 18:00:00,2025-12-21 18:00:00,2025-12-22 17:30:00,1410,0.0,0.0,attachment3_10min_interpolation,0.0,2025-12-21 18:00:00,1049.7216666666666,2025-12-15 17:30:00,actual_same_interval_7_days_ago,2025-12-21 18:00:00,108,144,False,293.7216666666666,0.0,756.0,0.0,4440.0,3600.0,,120.0
2025-12-21T18:00_rolling,2025-12-21 18:00:00,2025-12-21 18:10:00,2025-12-22 18:00:00,2025-12-21 18:00:00,2025-12-22 17:40:00,1420,0.0,0.0,attachment3_10min_interpolation,0.0,2025-12-21 18:00:00,1086.9876666666669,2025-12-15 17:40:00,actual_same_interval_7_days_ago,2025-12-21 18:00:00,108,144,False,330.9876666666669,0.0,756.0,0.0,3600.0,2760.0,,120.0
2025-12-21T18:00_rolling,2025-12-21 18:00:00,2025-12-21 18:10:00,2025-12-22 18:00:00,2025-12-21 18:00:00,2025-12-22 17:50:00,1430,0.0,0.0,attachment3_10min_interpolation,0.0,2025-12-21 18:00:00,930.8612666666668,2025-12-15 17:50:00,actual_same_interval_7_days_ago,2025-12-21 18:00:00,108,144,False,174.86126666666678,0.0,756.0,0.0,2760.0,1920.0,,120.0
2025-12-21T18:00_rolling,2025-12-21 18:00:00,2025-12-21 18:10:00,2025-12-22 18:00:00,2025-12-21 18:00:00,2025-12-22 18:00:00,1440,0.0,0.0,attachment3_10min_interpolation,0.0,2025-12-21 18:00:00,681.39,2025-12-15 18:00:00,actual_same_interval_7_days_ago,2025-12-21 18:00:00,108,144,False,33.389999999999986,0.0,648.0,0.0,1920.0,1200.0,,120.0
