date,strategy,scheduled_grid_kwh,emergency_purchase_kwh,total_grid_purchase_kwh,base_plan_cost_yuan,adjustment_cost_yuan,emergency_cost_yuan,total_grid_cost_yuan,curtailed_pv_kwh,overpurchase_spill_kwh,pv_consumption_rate,charge_input_kwh,discharge_output_kwh,soc_initial_kwh,soc_terminal_kwh,soc_min_kwh,soc_max_kwh,pv_forecast_mae_kw,load_forecast_mae_kw
2025-02-01,static_forecast,38055.711152777774,762.3232777777783,38818.034430555555,20949.220139294168,0.0,3248.829274588891,24198.049413883055,3622.623433333333,2325.2350638888884,0.9135969468123006,14800.000000000002,16308.0,6000.0,1200.0,1200.0,10800.0,132.29455277777777,209.4526097222222
2025-02-01,rolling,36981.59873611111,678.5562916666672,37660.15502777778,20949.220139294168,-203.28306383583333,3046.943235019446,23792.880310477776,2401.4835944444435,2363.162166666666,0.9427223064834964,14933.333333333334,16416.0,6000.0,1200.0,1200.0,10800.0,82.64369629629624,209.4526097222222
2025-02-02,static_forecast,89034.84940555555,286.4490722222223,89321.29847777777,56334.86066995056,0.0,1181.514431997223,57516.37510194778,4199.913911111113,2230.4399500000013,0.9031154904278689,23866.666666666668,19332.0,1200.0,1200.0,1200.0,10800.0,122.40258263888897,216.4294458333334
2025-02-02,rolling,87750.02912777779,359.6423027777787,88109.67143055557,56334.86066995056,181.4463481213876,1231.981695363891,57748.28871343583,2984.0952638888893,2234.631550000001,0.931162254208704,23866.666666666668,19332.0,1200.0,1200.0,1200.0,10800.0,63.70649583333334,216.4294458333334
2025-02-03,static_forecast,90978.847875,503.7197388888891,91482.56761388888,57576.24323237666,0.0,2117.162911734723,59693.40614411139,4769.442838888888,1885.541608333334,0.8874782495612552,24266.666666666668,19656.0,1200.0,1200.0,1200.0,10800.0,156.89728171296295,163.32805138888884
2025-02-03,rolling,87485.32362222222,901.1942166666676,88386.51783888889,57576.24323237666,-1260.039574576528,3684.7625403541697,60000.9661981543,1728.2699138888893,1881.3314250000003,0.9592262739044167,24000.0,19440.0,1200.0,1200.0,1200.0,10800.0,55.42954641203705,163.32805138888884
2025-02-04,static_forecast,93999.12146666666,338.2060527777777,94337.32751944444,60070.47546358111,0.0,1042.3435115388888,61112.81897512,5743.834202777777,2737.296033333333,0.8577668624863488,24533.333333333336,19872.0,1200.0,1200.0,1200.0,10800.0,168.1798189814815,238.82189652777768
2025-02-04,rolling,91182.52474166667,582.3545666666663,91764.87930833333,60070.47546358111,-916.0543628925002,2018.0573281249985,61172.478428813614,3164.705608333332,2718.6430833333334,0.9216331822804683,24666.666666666668,19980.0,1200.0,1200.0,1200.0,10800.0,74.46766076388887,238.82189652777768
2025-02-05,static_forecast,87977.50116111111,1150.3913611111116,89127.89252222222,55558.48347666722,0.0,4219.968066998614,59778.45154366584,2356.240761111111,1463.2247777777789,0.9428688424365557,24000.0,19440.0,1200.0,1200.0,1200.0,10800.0,106.44383796296296,180.55471944444446
2025-02-05,rolling,89099.11219444443,659.9310805555558,89759.043275,55558.48347666722,1333.0516561656948,3055.6511229680564,59947.186255800974,2985.7988749999995,1464.8174166666677,0.927604110413598,24000.0,19440.0,1200.0,1200.0,1200.0,10800.0,54.119841435185194,180.55471944444446
2025-02-06,static_forecast,94264.35267222223,306.2428111111103,94570.59548333334,60236.22727959139,0.0,1175.6674413333296,61411.89472092472,7553.352230555556,2059.5193694444433,0.8200773385171034,24666.666666666668,19980.0,1200.0,1200.0,1200.0,10800.0,254.53718541666663,185.48680347222222
2025-02-06,rolling,88758.8224361111,538.70621111111,89297.52864722222,60236.22727959139,-2021.4898949004164,2112.304016868053,60327.04140155902,2387.3565000000003,2053.7815972222206,0.9431325956638329,24133.333333333336,19548.0,1200.0,1200.0,1200.0,10800.0,64.97117384259263,185.48680347222222
2025-02-07,static_forecast,44537.046497222225,331.84218333333354,44868.88868055555,23484.51129622,0.0,1644.1832988500012,25128.694595070003,7178.4745388888905,1932.7344750000004,0.8381875002552495,20800.0,16848.0,1200.0,1200.0,1200.0,10800.0,206.19862291666672,196.6992645833334
2025-02-07,rolling,42116.34644166667,390.47723333333386,42506.823675,23484.51129622,-575.0543028495835,1904.1406354236135,24813.597628794032,4832.111208333334,1917.0328000000004,0.8910776949295875,20800.0,16848.0,1200.0,1200.0,1200.0,10800.0,85.73073923611112,196.6992645833334
2025-02-08,static_forecast,35985.32578055556,2432.8335916666683,38418.15937222222,18639.309359793333,0.0,9477.092099738897,28116.40145953223,2064.9680222222214,1229.3619666666668,0.9532491382579682,18666.666666666668,15120.0,1200.0,1200.0,1200.0,10800.0,152.98512361111113,136.94161805555555
2025-02-08,rolling,36745.842425,1531.6475611111111,38277.48998611111,18639.309359793333,877.7707697344456,6333.722922347223,25850.803051875002,1924.2986361111102,1229.3619666666668,0.9564338921866705,18666.666666666668,15120.0,1200.0,1200.0,1200.0,10800.0,57.01985381944444,136.94161805555555
2025-02-09,static_forecast,85957.45302222222,1497.7171500000004,87455.17017222222,54139.28388248694,0.0,5920.216648695836,60059.500531182784,2739.9293222222204,675.8248833333338,0.9347519168589998,23600.0,19116.0,1200.0,1200.0,1200.0,10800.0,151.13610810185185,109.14504097222222
2025-02-09,rolling,85652.39367222221,1011.4724805555561,86663.86615277777,54139.28388248694,662.112480713752,3984.090811825002,58785.48717502569,2024.625302777777,675.8248833333338,0.9517860117727872,23200.0,18792.0,1200.0,1200.0,1200.0,10800.0,92.87197013888891,109.14504097222222
2025-02-10,static_forecast,82648.47597777778,830.2664444444438,83478.74242222222,51922.39575505555,0.0,2999.4072152041635,54921.80297025972,3924.916447222222,869.8550583333332,0.9167584456447344,22933.333333333336,18576.0,1200.0,1200.0,1200.0,10800.0,155.19574560185185,144.70191180555565
2025-02-10,rolling,79852.46014444444,1460.5353166666664,81312.99546111112,51922.39575505555,-296.94514486583205,4860.333074555552,56485.78368474527,1631.0998111111123,871.2580666666667,0.9654068346648345,23600.0,19116.0,1200.0,1200.0,1200.0,10800.0,67.12154733796297,144.70191180555565
2025-02-11,static_forecast,82649.36188333333,1884.0345222222234,84533.39640555556,52063.98039975333,0.0,7769.195323987504,59833.17572374083,4150.300894444445,678.4983777777784,0.910206849144759,23600.0,19116.0,1200.0,1200.0,1200.0,10800.0,214.01124629629624,116.34601805555556
2025-02-11,rolling,78865.16350555555,1968.7677555555554,80833.93126111111,52063.98039975333,-1354.9946135379166,8476.541329143052,59185.52711535847,585.3211166666667,670.6796777777784,0.9873363814662302,22933.333333333332,18576.0,1200.0,1200.0,1200.0,10800.0,57.76469722222219,116.34601805555556
2025-02-12,static_forecast,83094.0776611111,838.881608333333,83932.95926944443,52239.71613694473,0.0,3630.098561990276,55869.814698935,3374.3099555555555,883.9131805555553,0.9267999781015468,23200.0,18792.0,1200.0,1200.0,1200.0,10800.0,144.85099236111105,125.48627708333333
2025-02-12,rolling,79379.84448888889,1800.252311111111,81180.0968,52239.71613694473,-1353.7286399438892,7376.7402238791665,58262.72772088,648.407416666666,882.286583333333,0.985933883453423,23066.666666666668,18684.0,1200.0,1200.0,1200.0,10800.0,66.0517240740741,125.48627708333333
2025-02-13,static_forecast,78215.76893055555,1501.001619444446,79716.77055000002,48452.21256033916,0.0,6250.997380190284,54703.20994052945,3330.192166666666,801.0993666666672,0.9333705772314893,22400.0,18144.0,1200.0,1200.0,1200.0,10800.0,139.8357055555556,146.0354687499999
2025-02-13,rolling,76597.43664999999,1597.240491666667,78194.67714166667,48452.21256033916,150.04488830472235,6490.632707295836,55092.89015593972,1732.8762472222197,800.3218777777784,0.9653291647138642,22800.0,18468.0,1200.0,1200.0,1200.0,10800.0,65.97753993055557,146.0354687499999
2025-02-14,static_forecast,35531.605513888884,1957.6465388888898,37489.25205277778,18660.342377741945,0.0,7882.0418284583375,26542.38420620028,3487.878869444444,754.2380333333333,0.9242931285347157,18133.333333333336,14688.0,1200.0,1200.0,1200.0,10800.0,191.3406236111111,125.6568715277778
2025-02-14,rolling,35791.27008333334,1344.4908722222224,37135.760955555554,18660.342377741945,673.7369327772228,4866.29517396389,24200.374484483054,3130.0665222222215,758.5592833333333,0.9320596979580853,18133.333333333336,14688.0,1200.0,1200.0,1200.0,10800.0,55.101381134259256,125.6568715277778
2025-02-15,static_forecast,35623.76639444445,1870.1901083333337,37493.95650277778,18936.67151731889,0.0,7796.156097298612,26732.827614617498,4272.7123527777785,647.8197166666669,0.908652879205263,17333.333333333332,14040.0,1200.0,1200.0,1200.0,10800.0,190.46528657407407,136.7721277777778
2025-02-15,rolling,34751.9881,1565.6490805555554,36317.637180555554,18936.67151731889,-184.67377391097273,6095.303663180555,24847.30140658847,3096.3930305555555,647.8197166666669,0.9338016311801904,17333.333333333332,14040.0,1200.0,1200.0,1200.0,10800.0,58.20078587962962,136.7721277777778
2025-02-16,static_forecast,83955.2228,1186.7217777777769,85141.94457777779,52662.07944438306,0.0,4712.624836413884,57374.70428079694,4651.9372277777775,729.9615833333329,0.8986497178211258,23066.666666666668,18684.0,1200.0,1200.0,1200.0,10800.0,188.10877662037035,128.6986604166667
2025-02-16,rolling,78215.79686111111,2668.442174999999,80884.23903611112,52662.07944438306,-2116.883046135417,10333.564393076384,60878.76079132402,444.89835277777865,729.9615833333329,0.9903071405766831,22800.0,18468.0,1200.0,1200.0,1200.0,10800.0,105.74997673611104,128.6986604166667
2025-02-17,static_forecast,83818.308625,1286.4112777777787,85104.71990277778,52002.75735617278,0.0,5282.215879944445,57284.97323611722,8826.221302777778,787.9687666666665,0.8226830011819084,22666.666666666668,18360.0,1200.0,1200.0,1200.0,10800.0,358.9313770833333,125.40665694444455
2025-02-17,rolling,75451.63414444446,2089.472611111113,77541.10675555555,52002.75735617278,-2688.8996816679164,8448.47013753056,57762.327812035415,1287.9414888888896,787.9687666666665,0.9741255162737412,22533.333333333336,18252.0,1200.0,1200.0,1200.0,10800.0,68.93960659722227,125.40665694444455
2025-02-18,static_forecast,74974.06694444445,3477.0618555555548,78451.1288,46632.50322629778,0.0,12675.728048749997,59308.23127504777,1410.5269000000003,667.880783333334,0.9713539756560898,22533.333333333336,18252.0,1200.0,1200.0,1200.0,10800.0,166.43803888888883,124.39304097222231
2025-02-18,rolling,77169.90691944445,1770.8481166666684,78940.7550361111,46632.50322629778,2460.988109692219,7153.342958336116,56246.834294326116,1849.4864694444434,667.880783333334,0.9624392598060781,22800.0,18468.0,1200.0,1200.0,1200.0,10800.0,95.73299444444442,124.39304097222231
2025-02-19,static_forecast,75247.14534166666,3063.032666666667,78310.17800833334,46810.26189331667,0.0,10739.169044241666,57549.43093755833,512.8695583333324,484.6477333333336,0.989530596445716,23333.333333333336,18900.0,1200.0,1200.0,1200.0,10800.0,93.38221157407409,120.18849999999995
2025-02-19,rolling,76063.80544444444,2466.4251888888903,78530.23063333333,46810.26189331667,1335.8642804888877,8660.32228656528,56806.44846037083,758.2555166666655,484.6477333333336,0.9845214384978451,23200.0,18792.0,1200.0,1200.0,1200.0,10800.0,70.68010613425928,120.18849999999995
2025-02-20,static_forecast,78129.48299166668,1542.7701055555538,79672.25309722222,48114.090591658336,0.0,6380.6663100513815,54494.75690170971,3451.7701972222217,946.0158333333336,0.9311190592232953,22533.333333333336,18252.0,1200.0,1200.0,1200.0,10800.0,162.96329583333332,127.76803819444437
2025-02-20,rolling,75468.61084444445,1958.6146777777774,77427.22552222223,48114.090591658336,-606.7813753652781,7928.555978977776,55435.86519527083,1333.4092888888893,946.0158333333336,0.9733914829170911,21866.666666666668,17712.0,1200.0,1200.0,1200.0,10800.0,70.33591134259258,127.76803819444437
2025-02-21,static_forecast,34106.04126944444,1802.52088888889,35908.56215833333,17634.631475921666,0.0,6811.8382504083365,24446.469726330004,6065.030558333332,888.6028999999994,0.8792830312339236,17866.666666666664,14472.0,1200.0,1200.0,1200.0,10800.0,201.7145416666666,142.00027986111112
2025-02-21,rolling,34246.9388,1273.1964138888898,35520.13521388889,17634.631475921666,202.37935223583287,4572.327946123614,22409.33877428111,5674.794769444443,890.4117444444438,0.887050194331557,17866.666666666668,14472.0,1200.0,1200.0,1200.0,10800.0,87.3900142361111,142.00027986111112
2025-02-22,static_forecast,34225.90989444444,1359.8998944444447,35585.80978888889,17976.799187158613,0.0,5231.698538808334,23208.497725966943,3643.312355555555,855.0678833333341,0.9238397925116244,17066.666666666668,13824.0,1200.0,1200.0,1200.0,10800.0,109.00907870370375,129.12408125000002
2025-02-22,rolling,34117.929525,1372.4762055555561,35490.405730555554,17976.799187158613,101.63048966347222,5261.626244456947,23340.055921279025,3547.908297222222,855.0678833333341,0.9258341295787771,17066.666666666668,13824.0,1200.0,1200.0,1200.0,10800.0,54.1628354166667,129.12408125000002
2025-02-23,static_forecast,77574.33918888889,1970.2135472222244,79544.5527361111,47914.03135483195,0.0,8131.070165843066,56045.10152067501,2879.4329972222245,801.2660555555555,0.9419589533374003,22800.0,18468.0,1200.0,1200.0,1200.0,10800.0,153.55709513888894,128.16946319444443
2025-02-23,rolling,75121.9378111111,2304.230055555555,77426.16786666667,47914.03135483195,-388.7871188727772,8474.940873999998,56000.18510995916,862.3632694444436,801.2842472222221,0.9826172490173508,22266.666666666664,18036.0,1200.0,1200.0,1200.0,10800.0,80.95299363425924,128.16946319444443
2025-02-24,static_forecast,74229.62247777778,2606.688958333333,76836.31143611111,46243.007733553335,0.0,8993.455857044442,55236.46359059778,3241.691986111111,1059.5858333333335,0.9381662767948937,22800.000000000004,18468.0,1200.0,1200.0,1200.0,10800.0,213.03602731481482,125.53387361111118
2025-02-24,rolling,74356.63627777778,1450.8354027777773,75807.47168055555,46243.007733553335,893.577301655555,6378.63907440972,53515.224109618604,2390.1855638888887,1059.5858333333335,0.9544083542793196,21866.666666666668,17712.0,1200.0,1200.0,1200.0,10800.0,111.16545335648152,125.53387361111118
2025-02-25,static_forecast,77015.99811111111,1250.8189555555552,78266.81706666667,47623.41841374306,0.0,4771.304513572222,52394.72292731528,7390.869866666668,671.9572999999991,0.8662818682825536,23066.666666666668,18684.0,1200.0,1200.0,1200.0,10800.0,308.6138173611111,128.16446041666666
2025-02-25,rolling,70818.71950833334,1786.7458749999992,72605.46538333333,47623.41841374306,-2011.306501912915,7114.5024916652765,52726.61440349542,2134.8515166666693,671.9572999999991,0.9613755401660763,20933.333333333336,16956.0,1200.0,1200.0,1200.0,10800.0,93.08874548611116,128.16446041666666
2025-02-26,static_forecast,70685.20248611111,3656.2024555555545,74341.40494166667,43345.58832961472,0.0,13822.876105452779,57168.4644350675,368.2205250000011,1029.0030500000003,0.9929521623116376,21733.333333333336,17604.0,1200.0,1200.0,1200.0,10800.0,148.5232509259259,141.09937222222229
2025-02-26,rolling,73534.89803333333,1657.628100000001,75192.52613333333,43345.58832961472,3034.595676563748,6528.045397963893,52908.22940414236,1194.0083833333345,1029.0030500000003,0.9771463655257208,21866.666666666668,17712.0,1200.0,1200.0,1200.0,10800.0,71.51646539351853,141.09937222222229
2025-02-27,static_forecast,71164.0775388889,2244.527438888888,73408.60497777778,43928.73320626611,0.0,9855.040107481942,53783.77331374805,1516.3420611111121,831.6787166666663,0.9717326630865896,21600.0,17496.0,1200.0,1200.0,1200.0,10800.0,97.06822638888892,119.92690972222219
2025-02-27,rolling,71352.6331888889,1578.6536638888851,72931.28685277778,43928.73320626611,1126.6854740698623,6889.561911573596,51944.98059190957,1039.023936111111,831.6787166666663,0.9806307294268226,21600.000000000004,17496.0,1200.0,1200.0,1200.0,10800.0,55.42688541666669,119.92690972222219
2025-02-28,static_forecast,33069.89544722222,1089.9819222222218,34159.877369444446,17102.435411131668,0.0,4438.461414669441,21540.89682580111,6743.303966666666,931.9798527777787,0.8705513825866185,16800.0,13608.0,1200.0,1200.0,1200.0,10800.0,109.29922037037036,127.93034791666666
2025-02-28,rolling,33034.81921666667,1175.1488333333327,34209.968049999996,17102.435411131668,133.19797357208364,4829.158379937497,22064.791764641246,6800.758105555555,924.6163944444453,0.8694484575396968,16800.0,13608.0,1200.0,1200.0,1200.0,10800.0,89.86840185185181,127.93034791666666
2025-03-01,static_forecast,36924.099561111114,615.3993944444446,37539.49895555555,19279.560248635833,0.0,2734.9066885916673,22014.4669372275,8804.92126111111,1807.811761111111,0.8187743167865317,17200.0,13932.0,1200.0,1200.0,1200.0,10800.0,264.71482083333336,208.5925229166667
2025-03-01,rolling,34751.212252777776,817.404116666667,35568.61636944444,19279.560248635833,-713.4030383329164,3637.632768372223,22203.789978675137,6349.492355555555,2064.3580805555557,0.8693127336326638,18400.0,14904.0,1200.0,1200.0,1200.0,10800.0,105.16300856481482,208.5925229166667
2025-03-02,static_forecast,80489.34395555555,997.4766749999995,81486.82063055555,49999.73878932916,0.0,4140.36234601111,54140.10113534027,3209.494452777776,1485.6857777777789,0.9294649313712663,23333.333333333336,18900.0,1200.0,1200.0,1200.0,10800.0,135.61456875000002,195.86099930555554
2025-03-02,rolling,81014.98654444444,895.4990861111102,81910.48563055554,49999.73878932916,1402.2708222063889,4125.081525601386,55527.091137136944,3505.1155527777755,1487.063011111112,0.9229680656239038,24000.0,19440.0,1200.0,1200.0,1200.0,10800.0,77.72645219907406,195.86099930555554
2025-03-03,static_forecast,82335.4172,1644.3322694444432,83979.74946944445,51257.01261118611,0.0,6920.506654648608,58177.519265834715,6338.017508333332,1267.251994444445,0.8620418607342784,22933.333333333336,18576.0,1200.0,1200.0,1200.0,10800.0,236.24512361111113,189.12511041666664
2025-03-03,rolling,78342.24636388889,1456.6123472222225,79798.85871111111,51257.01261118611,-578.2045038156946,5568.328063963892,56247.13617133431,2054.8677000000002,1268.1777111111116,0.9552721771505835,23466.666666666668,19008.0,1200.0,1200.0,1200.0,10800.0,68.76085625,189.12511041666664
2025-03-04,static_forecast,73778.77289444444,2805.82046388889,76584.59335833334,45637.87188415139,0.0,10020.29788657084,55658.16977072223,1934.147874999999,1245.6542166666668,0.9604788519476697,22133.333333333336,17928.0,1200.0,1200.0,1200.0,10800.0,150.98098217592596,186.7132041666666
2025-03-04,rolling,75580.11080833335,1587.7578777777776,77167.8686861111,45637.87188415139,2368.1813541315278,6012.9130976736105,54018.96633595653,2521.7489166666646,1241.3285027777779,0.9484721858268531,22133.333333333336,17928.0,1200.0,1200.0,1200.0,10800.0,87.75703645833333,186.7132041666666
2025-03-05,static_forecast,77354.97442222224,698.1341055555563,78053.10852777777,47697.53170802056,0.0,3166.0320838388902,50863.563791859444,6242.540261111111,1348.0962500000005,0.8798193472036173,22800.0,18468.0,1200.0,1200.0,1200.0,10800.0,196.67493888888896,191.38035069444453
2025-03-05,rolling,72937.08342499999,1564.832961111113,74501.91638611112,47697.53170802056,-1487.7384662561117,6468.11161837084,52677.904860135284,2716.681452777778,1348.0962500000005,0.9476987673642098,22666.666666666664,18360.0,1200.0,1200.0,1200.0,10800.0,79.77446979166669,191.38035069444453
2025-03-06,static_forecast,72300.07845555556,1251.8723277777767,73551.95078333333,44529.73124341222,0.0,4615.054623034717,49144.78586644694,2132.0525333333344,1223.2441166666667,0.9587873345046555,22400.0,18144.0,1200.0,1200.0,1200.0,10800.0,111.07612083333335,195.43109236111104
2025-03-06,rolling,72556.97854444444,1237.1432777777773,73794.12182222222,44529.73124341222,1082.1280989997217,4340.744588315275,49952.60393072722,2402.298663888889,1220.5023583333332,0.9535634653898619,22266.666666666668,18036.0,1200.0,1200.0,1200.0,10800.0,65.3788430555556,195.43109236111104
2025-03-07,static_forecast,33479.66536111111,523.1781333333334,34002.843494444445,17696.890045694443,0.0,2040.81840023889,19737.708445933335,8201.548677777777,1763.0092833333329,0.8384188421317846,16400.0,13284.0,1200.0,1200.0,1200.0,10800.0,197.5207902777778,216.3094472222222
2025-03-07,rolling,32311.41906111111,959.7932750000003,33271.212336111115,17696.890045694443,-471.5540067183339,3838.5750522180574,21063.911091194168,7470.297986111111,1762.628816666666,0.852825430215762,16400.0,13284.0,1200.0,1200.0,1200.0,10800.0,69.84489872685188,216.3094472222222
2025-03-08,static_forecast,30304.466705555555,1264.671322222222,31569.138027777775,15943.787225522778,0.0,4509.040977711111,20452.828203233887,8989.570266666668,628.4282444444447,0.8312818124919665,15200.0,12312.0,1200.0,1200.0,1200.0,10800.0,122.93616134259261,118.11465277777774
2025-03-08,rolling,30357.80380833333,1174.1723999999997,31531.97620833333,15943.787225522778,106.15587362694495,4062.84637567361,20112.78947482333,8953.023811111112,627.8128805555557,0.8319677242272627,15200.0,12312.0,1200.0,1200.0,1200.0,10800.0,53.434127777777775,118.11465277777774
2025-03-09,static_forecast,73507.52883333333,1296.8469805555565,74804.37581388888,45038.7175326975,0.0,5289.604182151392,50328.32171484889,6474.030411111113,791.4870194444445,0.8809033379209258,22133.333333333336,17928.0,1200.0,1200.0,1200.0,10800.0,300.44809120370377,128.3440187500001
2025-03-09,rolling,67663.21059444445,1801.2225888888895,69464.43318333334,45038.7175326975,-1596.0504687283326,6353.225633648613,49795.89269761778,1133.796680555557,791.7781194444444,0.9791426064513457,22133.333333333336,17928.0,1200.0,1200.0,1200.0,10800.0,71.82280879629633,128.3440187500001
2025-03-10,static_forecast,70824.38765833333,3093.8951527777785,73918.2828111111,43058.7507190025,0.0,12241.573703158334,55300.32442216083,1055.8072277777787,716.4041333333325,0.9788419595269187,21600.000000000004,17496.0,1200.0,1200.0,1200.0,10800.0,104.77737569444443,143.84330694444446
2025-03-10,rolling,71810.90283055555,2335.645286111111,74146.54811666667,43058.7507190025,1556.055233812223,8477.229970790277,53092.035923605,1208.0725333333341,716.4041333333325,0.9757906113140717,22000.0,17820.0,1200.0,1200.0,1200.0,10800.0,72.6913853009259,143.84330694444446
2025-03-11,static_forecast,62479.51436666667,6821.254052777775,69300.76841944444,38389.731648144996,0.0,25280.670440943046,63670.40208908805,86.42805000000024,1171.4215694444447,0.9983863512564479,21600.0,17496.0,1200.0,1200.0,1200.0,10800.0,274.52352083333335,130.15822499999993
2025-03-11,rolling,68250.9977388889,2042.5884972222198,70293.5862361111,38389.731648144996,4816.877255579306,8531.109445555547,51737.718349279865,1078.0013750000007,1172.666061111111,0.9798732522101775,21600.0,17496.0,1200.0,1200.0,1200.0,10800.0,85.78560995370367,130.15822499999993
2025-03-12,static_forecast,71625.14483055555,1263.1621527777788,72888.30698333334,43867.860863482776,0.0,4430.998244423614,48298.85910790639,5624.888674999998,673.2169583333329,0.898972308743326,21866.666666666668,17712.0,1200.0,1200.0,1200.0,10800.0,223.30843124999993,123.71012916666672
2025-03-12,rolling,66472.08214166667,1862.872619444446,68334.95476111112,43867.860863482776,-1584.9792465881937,6569.435223062504,48852.316839957086,1098.08186388889,672.0048805555551,0.9802775340225698,21733.333333333336,17604.0,1200.0,1200.0,1200.0,10800.0,53.790655208333334,123.71012916666672
2025-03-13,static_forecast,71490.088,2648.9148277777795,74139.00282777777,43465.56358974611,0.0,11406.010838569453,54871.57442831556,1928.8207111111117,560.5641000000007,0.9619499391439768,21600.0,17496.0,1200.0,1200.0,1200.0,10800.0,158.8003108796296,125.26286805555553
2025-03-13,rolling,71712.78996388888,1784.476733333333,73497.26669722222,43465.56358974611,852.606562776806,7844.080390124998,52162.25054264791,1439.0845805555546,560.5641000000007,0.9716110183016646,20800.0,16848.0,1200.0,1200.0,1200.0,10800.0,66.59446608796296,125.26286805555553
2025-03-14,static_forecast,29340.953794444442,1330.1145472222222,30671.06834166667,15124.22039952,0.0,5295.348192375,20419.568591895,10973.443091666668,805.5325999999998,0.804323250889114,15066.666666666668,12204.0,1200.0,1200.0,1200.0,10800.0,107.88077870370368,129.65256527777774
2025-03-14,rolling,29551.336947222222,1181.7714333333333,30733.10838055556,15124.22039952,392.44480741222236,4602.0765470666665,20118.74175399889,11035.483130555556,805.5325999999998,0.8032169624595774,15066.666666666666,12204.0,1200.0,1200.0,1200.0,10800.0,122.55185347222232,129.65256527777774
2025-03-15,static_forecast,29598.58690833333,1442.4570583333336,31041.043966666664,15107.148270405556,0.0,6002.92858886389,21110.076859269444,6784.800583333334,444.11823333333325,0.8690214597924741,15200.000000000002,12312.0,1200.0,1200.0,1200.0,10800.0,113.73623055555555,105.97413194444448
2025-03-15,rolling,30045.62208888889,1122.6101638888892,31168.232252777776,15107.148270405556,600.0703529661114,4564.919449830558,20272.138073202223,6911.9888694444435,444.11823333333325,0.8665661280783405,15200.000000000002,12312.0,1200.0,1200.0,1200.0,10800.0,98.03092881944447,105.97413194444448
2025-03-16,static_forecast,68637.23158055556,2430.954527777778,71068.18610833334,42084.245182787774,0.0,8797.42244251389,50881.66762530167,2602.3749583333315,732.0975500000002,0.9523655201031538,23066.666666666664,18684.0,1200.0,1200.0,1200.0,10800.0,164.9663259259259,124.46092847222225
2025-03-16,rolling,68591.47775,1627.1813944444434,70218.65914444445,42084.245182787774,743.5504288004179,6126.241671161108,48954.037282749305,1930.181327777777,732.0975500000002,0.9646695095336366,22133.333333333332,17928.0,1200.0,1200.0,1200.0,10800.0,95.38296388888888,124.46092847222225
2025-03-17,static_forecast,64617.08554166666,1954.2961083333341,66571.38165,38929.02792606028,0.0,8403.115056511115,47332.142982571386,3754.723516666666,1133.1933666666669,0.9372492229334456,20133.333333333336,16308.0,1200.0,1200.0,1200.0,10800.0,211.86117013888892,140.58847638888892
2025-03-17,rolling,62102.925738888895,2133.9555777777796,64236.88131666667,38929.02792606028,499.0621107806944,8786.917874602786,48215.00791144376,1192.2231833333326,1133.1933666666669,0.9800749826561546,21333.333333333336,17280.0,1200.0,1200.0,1200.0,10800.0,80.05604907407411,140.58847638888892
2025-03-18,static_forecast,72597.94725833333,924.3773944444446,73522.32465277778,44433.998350575,0.0,3361.993842070835,47795.992192645834,7346.794419444444,818.9052000000001,0.86910518066184,22266.666666666668,18036.0,1200.0,1200.0,1200.0,10800.0,299.3080118055555,123.99301527777783
2025-03-18,rolling,66334.26754722223,1367.0553166666664,67701.32286388888,44433.998350575,-2074.7104769147218,5461.979429711111,47821.26730337138,1703.1259638888887,818.9052000000001,0.969656104060385,21333.333333333336,17280.0,1200.0,1200.0,1200.0,10800.0,60.851383912036994,123.99301527777783
2025-03-19,static_forecast,60086.20593055556,4738.917336111108,64825.12326666666,36882.792338995,0.0,18002.666913891655,54885.459252886656,277.69174999999905,1028.627733333334,0.9951969812941797,21333.333333333336,17280.0,1200.0,1200.0,1200.0,10800.0,203.6103337962963,123.90326111111114
2025-03-19,rolling,64369.262827777784,1905.5475777777729,66274.81040555556,36882.792338995,4015.740035491253,7024.47831971387,47923.01069420013,1676.7122222222229,1028.627733333334,0.9709992098518915,21600.000000000004,17496.0,1200.0,1200.0,1200.0,10800.0,117.81191249999989,123.90326111111114
2025-03-20,static_forecast,68428.91388888888,3120.804330555557,71549.71821944445,42009.11622474555,0.0,12432.752472111117,54441.86869685667,4221.287413888887,914.1356555555551,0.9238576554330099,22133.333333333332,17928.0,1200.0,1200.0,1200.0,10800.0,283.6108571759259,129.5548923611111
2025-03-20,rolling,65006.76033333333,2917.0082833333327,67923.76861666667,42009.11622474555,-870.3273654995812,10625.109242269438,51763.89810151541,700.7292,910.0775999999996,0.9873604521646637,21600.0,17496.0,1200.0,1200.0,1200.0,10800.0,113.3815662037037,129.5548923611111
2025-03-21,static_forecast,28515.164775,1318.7900527777776,29833.95482777778,14751.22773733,0.0,4613.511576488889,19364.739313818885,14558.548911111113,505.94139999999976,0.7596015086503757,14400.0,11664.0,1200.0,1200.0,1200.0,10800.0,328.6149835648148,123.55918750000001
2025-03-21,rolling,28457.961780555557,1251.7247944444443,29709.686575,14751.22773733,96.84391754416689,4356.031555840277,19204.103210714442,14434.280658333335,505.94139999999976,0.7616534920364144,14400.0,11664.0,1200.0,1200.0,1200.0,10800.0,63.85174282407402,123.55918750000001
2025-03-22,static_forecast,30150.446725,435.2380833333336,30585.68480833333,15928.824536144166,0.0,1195.174628241667,17123.99916438583,10848.934041666667,1094.2176999999997,0.8064616395081405,14533.333333333332,11772.0,1200.0,1200.0,1200.0,10800.0,134.50522361111112,112.56750347222224
2025-03-22,rolling,29694.19208888889,628.8050888888887,30322.997177777772,15928.824536144166,-197.59598980055563,1839.7977508486094,17571.02629719222,10586.246411111111,1094.2176999999997,0.8111478264776582,14533.333333333332,11772.0,1200.0,1200.0,1200.0,10800.0,86.78102627314813,112.56750347222224
2025-03-23,static_forecast,69663.45901666667,1091.1038611111103,70754.56287777777,42404.92750587333,0.0,4633.211459163885,47038.138965037215,7250.06937777778,580.1067166666659,0.8770554898660845,21866.666666666668,17712.0,1200.0,1200.0,1200.0,10800.0,277.62589606481487,118.00314375000004
2025-03-23,rolling,65645.19296111111,1243.6993222222213,66888.89228333332,42404.92750587333,-1460.7702300250003,5356.396943177771,46300.55421902611,3536.972116666667,579.5333833333326,0.9400210837190377,21066.666666666668,17064.0,1200.0,1200.0,1200.0,10800.0,105.72716307870365,118.00314375000004
2025-03-24,static_forecast,65576.40463333334,1384.8525472222216,66961.25718055555,39592.91536689167,0.0,4790.632917104162,44383.54828399583,3973.5689388888886,859.8578250000003,0.9331349257390278,21733.333333333336,17604.0,1200.0,1200.0,1200.0,10800.0,160.91371458333333,124.04888125
2025-03-24,rolling,63897.63655555556,1585.8167666666668,65483.45332222222,39592.91536689167,131.31376984111103,5219.965914152776,44944.19505088555,2495.385813888889,860.2370916666669,0.9580089938487102,21733.333333333336,17604.0,1200.0,1200.0,1200.0,10800.0,78.96887407407407,124.04888125
2025-03-25,static_forecast,72167.74551666666,1421.6156527777785,73589.36116944444,43922.99942448472,0.0,5178.014864587503,49101.01428907222,7880.3744027777775,604.1953833333332,0.8619972951532985,21866.666666666668,17712.0,1200.0,1200.0,1200.0,10800.0,333.94100208333333,140.1631777777779
2025-03-25,rolling,63822.717602777775,2438.23471388889,66260.95231666666,43922.99942448472,-2647.2525603112495,8965.492293598618,50241.239157772085,626.6790666666678,605.4818666666666,0.9890254698761113,21466.666666666664,17388.0,1200.0,1200.0,1200.0,10800.0,58.1288787037037,140.1631777777779
2025-03-26,static_forecast,62089.37984166667,2143.985011111112,64233.36485277777,38005.01650998194,0.0,8444.24296335834,46449.25947334028,4033.1972527777802,528.9460666666665,0.9350658082671508,21466.666666666668,17388.0,1200.0,1200.0,1200.0,10800.0,225.95975694444445,111.54150277777778
2025-03-26,rolling,60542.57683888889,1444.1409527777762,61986.71779166667,38005.01650998194,38.85883753958433,5240.397637430549,43284.27298495207,1787.226458333335,528.2697999999998,0.9712257798857943,21466.666666666668,17388.0,1200.0,1200.0,1200.0,10800.0,83.49818483796292,111.54150277777778
2025-03-27,static_forecast,66179.92687222222,1111.38215,67291.30902222222,40372.66049494695,0.0,3571.6058369347206,43944.26633188166,3770.8169222222227,648.8360333333333,0.9363420586366529,21866.666666666668,17712.0,1200.0,1200.0,1200.0,10800.0,162.10166805555562,122.64203611111104
2025-03-27,rolling,61937.30122222223,2508.5239638888847,64445.82518611111,40372.66049494695,-1364.089254051666,9305.841380709706,48314.412621604984,1027.3914611111093,648.1109916666666,0.9826558470650779,21333.333333333336,17280.0,1200.0,1200.0,1200.0,10800.0,82.22594652777772,122.64203611111104
2025-03-28,static_forecast,29545.34098888889,735.590205555555,30280.93119444444,15092.210580089166,0.0,2583.7435917652756,17675.954171854442,15642.842222222225,877.5415388888887,0.7438534256613982,15466.666666666668,12528.0,1200.0,1200.0,1200.0,10800.0,252.5546694444444,134.06832847222222
2025-03-28,rolling,29385.013608333335,711.0690638888884,30096.08267222222,15092.210580089166,-61.502192062916905,2528.4961243249986,17559.20451235125,15458.484391666669,877.050847222222,0.7468722265978558,15466.666666666666,12528.0,1200.0,1200.0,1200.0,10800.0,46.169005787037065,134.06832847222222
2025-03-29,static_forecast,27871.188058333333,1377.6496861111102,29248.83774444445,13978.167629506668,0.0,5795.951504399996,19774.119133906665,18370.500277777777,435.12828333333323,0.7147928024269203,14400.000000000002,11664.0,1200.0,1200.0,1200.0,10800.0,169.63181782407406,107.56497638888888
2025-03-29,rolling,28171.101163888892,963.0289944444436,29134.13015833333,13978.167629506668,528.3266413770832,3929.236088791664,18435.730359675414,18254.835866666668,436.0851083333332,0.716588525028544,14400.000000000002,11664.0,1200.0,1200.0,1200.0,10800.0,57.71791678240748,107.56497638888888
2025-03-30,static_forecast,65629.0945111111,1317.952444444445,66947.04695555556,39461.753718299165,0.0,4816.862553506948,44278.61627180611,6743.804166666666,804.2897555555555,0.8923559052318808,21333.333333333336,17280.0,1200.0,1200.0,1200.0,10800.0,315.5322787037037,131.85515902777772
2025-03-30,rolling,58736.19989166667,2534.5195861111106,61270.71947777778,39461.753718299165,-1931.3717192862496,9485.157335476382,47015.539334489295,1068.7949527777769,802.9714916666667,0.9829399753698119,21333.333333333336,17280.0,1200.0,1200.0,1200.0,10800.0,92.57365682870368,131.85515902777772
2025-03-31,static_forecast,56536.54039722223,5331.463424999996,61868.00382222222,34662.725505120005,0.0,20205.161457027767,54867.88696214777,398.4331722222213,718.1811666666665,0.9933731730700817,20000.0,16200.0,1200.0,1200.0,1200.0,10800.0,209.87032337962958,121.14367777777777
2025-03-31,rolling,60574.61647500001,1920.9595722222195,62495.57604722222,34662.725505120005,3571.6981861723607,7293.4617926749925,45527.88548396736,1021.584630555556,722.6019333333331,0.9830087828701661,20000.0,16200.0,1200.0,1200.0,1200.0,10800.0,68.56834178240743,121.14367777777777
2025-04-01,static_forecast,69582.75626944445,1717.108166666667,71299.86443611111,41563.92687192139,0.0,6189.233691894446,47753.160563815836,6468.563469444443,645.1161166666666,0.8880063288968323,20933.333333333336,16956.0,1200.0,1200.0,1200.0,10800.0,278.47481597222225,136.9382020833334
2025-04-01,rolling,65847.3667,1516.7009500000006,67364.06765,41563.92687192139,-731.1968413730548,5367.591658595835,46200.32168914417,2663.9853999999996,640.5640666666666,0.9538770074498683,20266.666666666668,16416.0,1200.0,1200.0,1200.0,10800.0,82.09304756944441,136.9382020833334
2025-04-02,static_forecast,65918.31785277778,1941.5762527777779,67859.89410555556,39576.8430467975,0.0,7847.379862077781,47424.22290887528,2858.299588888889,512.9257833333331,0.9503347468363504,21333.333333333336,17280.0,1200.0,1200.0,1200.0,10800.0,142.8806789351852,121.54698124999994
2025-04-02,rolling,65476.23208055556,1512.8778527777781,66989.10993333333,39576.8430467975,214.20015475833253,5823.070810368057,45614.114011923884,2164.8487499999983,512.9257833333331,0.9623840126319454,20400.0,16524.0,1200.0,1200.0,1200.0,10800.0,84.65133379629629,121.54698124999994
2025-04-03,static_forecast,67003.83036111112,962.3914249999992,67966.22178611111,40925.92826323167,0.0,3525.4144670944434,44451.34273032611,7324.441702777777,623.5831499999999,0.8819037025912755,21866.666666666668,17712.0,1200.0,1200.0,1200.0,10800.0,296.3209986111112,121.87539722222215
2025-04-03,rolling,61878.13992777778,1241.3336305555558,63119.47355833333,40925.92826323167,-1769.4097044584728,4591.173856563892,43747.69241533709,2503.026808333332,623.5831499999999,0.9596422211583937,21733.333333333336,17604.0,1200.0,1200.0,1200.0,10800.0,71.06136192129628,121.87539722222215
2025-04-04,static_forecast,27207.59414166667,1111.7772333333332,28319.371375,13712.28437875472,0.0,4184.619804048612,17896.904182803333,18523.892625,704.6765,0.7163477998541312,14000.000000000002,11340.0,1200.0,1200.0,1200.0,10800.0,101.24102939814817,136.05122847222225
2025-04-04,rolling,27214.41145,1064.1063444444444,28278.517794444444,13712.28437875472,62.393007823194445,3962.630982969445,17737.30836954736,18483.039044444442,704.6765,0.7169733815416854,14000.0,11340.0,1200.0,1200.0,1200.0,10800.0,104.20672268518513,136.05122847222225
2025-04-05,static_forecast,26820.076922222222,2948.600077777779,29768.677000000003,13496.807469983056,0.0,12118.632098831951,25615.439568815003,14630.191683333334,535.7036666666665,0.7584127602099129,13466.666666666668,10908.0,1200.0,1200.0,1200.0,10800.0,219.01975000000004,123.6816222222222
2025-04-05,rolling,26997.18085,1672.2193555555555,28669.400205555557,13496.807469983056,233.69532549638956,6364.508963576388,20095.011759055833,13530.914888888889,535.7036666666665,0.7765650341023778,13466.666666666668,10908.0,1200.0,1200.0,1200.0,10800.0,103.06051631944442,123.6816222222222
2025-04-06,static_forecast,63641.198983333335,1207.045249999999,64848.24423333334,37717.04420433528,0.0,5072.689682477772,42789.73388681305,5754.533375000002,680.9679250000011,0.9083605238377853,21066.666666666668,17064.0,1200.0,1200.0,1200.0,10800.0,226.14790555555555,128.78665833333332
2025-04-06,rolling,60657.197100000005,1156.9978138888853,61814.19491388889,37717.04420433528,258.7469726738898,4422.669988445821,42398.46116545499,2659.267938888889,691.517375000001,0.9576518363846052,21333.333333333336,17280.0,1200.0,1200.0,1200.0,10800.0,77.41746782407402,128.78665833333332
2025-04-07,static_forecast,55569.780211111116,4573.850688888888,60143.630900000004,33244.55529179945,0.0,17571.68858489583,50816.24387669528,2368.283566666667,529.9613833333328,0.9628635158499342,21066.666666666668,17064.0,1200.0,1200.0,1200.0,10800.0,255.58193055555552,125.63834791666672
2025-04-07,rolling,57323.753588888896,1811.1652555555556,59134.91884444445,33244.55529179945,2236.3657477813886,6558.055606354166,42038.976645935,1562.238177777779,529.9613833333328,0.9755029194374182,20000.0,16200.0,1200.0,1200.0,1200.0,10800.0,75.04812685185185,125.63834791666672
2025-04-08,static_forecast,64619.66424444444,1285.9543972222227,65905.61864166666,38990.423377303334,0.0,5637.177920244447,44627.60129754778,6657.62968611111,765.4620055555557,0.8949239341775671,21733.333333333332,17604.0,1200.0,1200.0,1200.0,10800.0,272.70308333333327,131.2217805555556
2025-04-08,rolling,60441.260013888896,1519.9532361111105,61961.21325,38990.423377303334,-1245.1126139048602,6490.764337816666,44236.075101215145,2789.224294444446,765.4620055555557,0.9559782190697709,21333.333333333332,17280.0,1200.0,1200.0,1200.0,10800.0,94.46173819444445,131.2217805555556
2025-04-09,static_forecast,63136.93506666667,3071.305405555555,66208.24047222223,38006.67466765139,0.0,11401.29606784444,49407.97073549584,2365.8792444444443,654.716877777778,0.959587470807424,21333.333333333332,17280.0,1200.0,1200.0,1200.0,10800.0,190.92175208333325,121.61998125000007
2025-04-09,rolling,64193.63808888889,1567.8876472222214,65761.52573611111,38006.67466765139,1167.5578661526383,6091.959989626386,45266.192523430414,1969.70966111111,654.8383916666668,0.9663546018388425,21066.666666666668,17064.0,1200.0,1200.0,1200.0,10800.0,85.66559039351849,121.61998125000007
2025-04-10,static_forecast,61346.22980555556,1253.97843888889,62600.20824444444,37437.46970006806,0.0,5104.0613241680585,42541.531024236116,3502.1852111111116,710.7184666666672,0.944592745657844,20666.666666666668,16740.0,1200.0,1200.0,1200.0,10800.0,173.7252743055556,120.46951874999998
2025-04-10,rolling,59893.87355277778,1668.4884694444443,61562.36202222222,37437.46970006806,206.44912905361116,7012.28370848472,44656.20253760638,2647.093072222221,705.2977166666672,0.9581209586932602,19733.333333333332,15984.0,1200.0,1200.0,1200.0,10800.0,135.45248831018517,120.46951874999998
2025-04-11,static_forecast,25405.31883333333,2173.0300166666675,27578.34885,12643.454281681112,0.0,8492.139210244448,21135.59349192556,19156.175416666665,673.5232666666666,0.7131250319642981,12800.000000000002,10368.0,1200.0,1200.0,1200.0,10800.0,240.59889791666663,133.12501944444446
2025-04-11,rolling,25683.10011666667,1869.1279500000003,27552.22806666667,12643.454281681112,366.1059430970835,7336.948769970833,20346.50899474903,19130.054633333333,673.5232666666666,0.7135162060228368,12800.0,10368.0,1200.0,1200.0,1200.0,10800.0,105.02828773148141,133.12501944444446
2025-04-12,static_forecast,27070.658838888892,647.5064638888887,27718.16530277778,13886.291203910834,0.0,2082.517599888889,15968.808803799724,15413.988669444443,796.349416666667,0.7550692025930505,13066.666666666668,10584.0,1200.0,1200.0,1200.0,10800.0,317.03614930555557,119.5717277777778
2025-04-12,rolling,26465.433591666668,843.6129861111107,27309.04657777778,13886.291203910834,-270.81140328694426,2946.195459056943,16561.675259680833,15004.869944444443,796.349416666667,0.7615701659515488,13066.666666666668,10584.0,1200.0,1200.0,1200.0,10800.0,80.39052037037033,119.5717277777778
2025-04-13,static_forecast,58459.09641944444,2423.0973027777786,60882.19372222222,34903.01329953916,0.0,9972.658697862504,44875.67199740167,1846.5567388888905,807.2784999999997,0.9706926941108898,20800.0,16848.0,1200.0,1200.0,1200.0,10800.0,145.76717013888893,131.58447152777782
2025-04-13,rolling,58389.982991666664,1833.3691333333325,60223.352125000005,34903.01329953916,557.8977909772238,7355.954432237498,42816.865522753884,1240.8721916666682,804.7881166666664,0.9803057116390865,20533.333333333336,16632.0,1200.0,1200.0,1200.0,10800.0,77.22245613425928,131.58447152777782
2025-04-14,static_forecast,61304.36301944444,1580.855913888889,62885.21893333334,36964.49772808555,0.0,5989.817309334723,42954.31503742028,5750.8625500000035,527.6579166666666,0.912030462688711,21466.666666666668,17388.0,1200.0,1200.0,1200.0,10800.0,277.38749537037046,130.28781319444442
2025-04-14,rolling,55442.49687777778,2937.947966666666,58380.44484444445,36964.49772808555,-2143.0413069872225,11713.075223727776,46534.53164482611,1474.0884611111119,527.6579166666666,0.9774512294890695,20266.666666666668,16416.0,1200.0,1200.0,1200.0,10800.0,97.63513263888883,130.28781319444442
2025-04-15,static_forecast,53732.61667777778,3481.325025000002,57213.94170277778,32270.955870238613,0.0,14686.635190868064,46957.59106110667,2273.8302638888886,899.349272222222,0.9660203822905342,20533.333333333336,16632.0,1200.0,1200.0,1200.0,10800.0,188.7755918981481,123.46917638888898
2025-04-15,rolling,55208.71346388888,1496.0221833333353,56704.73564722223,32270.955870238613,1920.126434152639,6305.636683480561,40496.71898787181,1963.4020277777754,903.2381194444442,0.9706593533504229,19466.666666666668,15768.0,1200.0,1200.0,1200.0,10800.0,94.2748649305555,123.46917638888898
2025-04-16,static_forecast,59826.58551944445,2316.1795694444427,62142.76508888889,35394.17077587555,0.0,9002.649419377769,44396.82019525333,1968.9321222222234,568.9076833333324,0.9683172767642128,20133.333333333336,16308.0,1200.0,1200.0,1200.0,10800.0,133.2159025462962,119.07345555555554
2025-04-16,rolling,59678.4706111111,1929.4819638888887,61607.952574999996,35394.17077587555,1359.6961699248595,7275.93571382222,44029.802659622634,1636.7862750000018,568.9076833333324,0.973661942957977,19066.666666666668,15444.0,1200.0,1200.0,1200.0,10800.0,79.63959074074074,119.07345555555554
2025-04-17,static_forecast,53836.067913888895,4093.0589277777794,57929.12684166667,33017.31126629945,0.0,15031.789582638892,48049.10084893834,688.9967083333352,723.787783333333,0.9893375028387712,19200.0,15552.0,1200.0,1200.0,1200.0,10800.0,187.01829004629639,100.57392152777776
2025-04-17,rolling,56951.63521388889,1695.6899666666661,58647.325180555556,33017.31126629945,2865.88045210389,7005.23397833194,42888.42569673527,1407.195047222223,723.787783333333,0.9782230988699541,19200.000000000004,15552.0,1200.0,1200.0,1200.0,10800.0,92.75923101851855,100.57392152777776
2025-04-18,static_forecast,25971.462380555553,1783.009527777778,27754.471908333333,12897.049121421667,0.0,6835.458694059722,19732.50781548139,18073.05997777778,819.2947472222221,0.722533690995988,13200.000000000002,10692.0,1200.0,1200.0,1200.0,10800.0,187.71046504629632,138.33544305555557
2025-04-18,rolling,26044.614933333334,1119.9688194444443,27164.58375277778,12897.049121421667,117.19293347013904,4129.208479044444,17143.45053393625,17484.535883333334,817.930686111111,0.731568995944138,13200.0,10692.0,1200.0,1200.0,1200.0,10800.0,106.90012546296293,138.33544305555557
2025-04-19,static_forecast,25109.36816388889,1983.4365000000007,27092.80466388889,12255.508732794999,0.0,7629.55120520278,19885.05993799778,17171.41329722222,654.0454500000005,0.7363142015032871,13066.666666666668,10584.0,1200.0,1200.0,1200.0,10800.0,334.0604465277778,121.86587430555558
2025-04-19,rolling,25576.654852777778,1210.6030222222225,26787.257875000003,12255.508732794999,763.2472192725,4439.746251555556,17458.50220362306,16865.866508333333,654.0454500000005,0.7410062060349878,13066.666666666668,10584.0,1200.0,1200.0,1200.0,10800.0,104.72127129629631,121.86587430555558
2025-04-20,static_forecast,54660.3088861111,3948.9920111111096,58609.300897222216,33065.03800814972,0.0,15010.363975493052,48075.40198364277,2108.169908333332,718.0527722222215,0.967685965681223,20133.333333333336,16308.0,1200.0,1200.0,1200.0,10800.0,221.12736319444448,129.35949930555546
2025-04-20,rolling,56397.44472777778,1973.6033472222202,58371.048075000006,33065.03800814972,1814.1247731059739,6801.181693695826,41680.34447495152,1869.9170861111127,718.0527722222215,0.9713379056142433,20133.333333333336,16308.0,1200.0,1200.0,1200.0,10800.0,90.33626851851858,129.35949930555546
2025-04-21,static_forecast,58665.156352777776,1493.2014555555547,60158.357808333334,35096.34654940722,0.0,5536.533914995831,40632.880464403046,7645.002141666664,525.7786166666667,0.8907306236322201,18266.666666666668,14796.0,1200.0,1200.0,1200.0,10800.0,334.21163958333324,134.1391597222223
2025-04-21,rolling,53884.483875000005,2143.8284305555553,56028.31230555556,35096.34654940722,-1519.7261717220824,7896.230967134721,41472.85134481985,3370.7346222222213,518.0006333333334,0.9518223718912902,19066.666666666668,15444.0,1200.0,1200.0,1200.0,10800.0,100.51917708333329,134.1391597222223
2025-04-22,static_forecast,52454.54813055556,5797.809641666667,58252.357772222225,31459.65238377417,0.0,20623.181732202775,52082.83411597694,1611.1175055555543,536.3109499999995,0.9754620039266924,20800.0,16848.0,1200.0,1200.0,1200.0,10800.0,320.3520020833333,134.04565486111116
2025-04-22,rolling,55112.33343611111,2653.6514194444444,57765.98485555556,31459.65238377417,3032.0732604325017,9542.361311904166,44034.08695611083,1479.4112555555553,536.3109499999995,0.9774679454140053,18933.333333333332,15336.0,1200.0,1200.0,1200.0,10800.0,102.88196782407407,134.04565486111116
2025-04-23,static_forecast,50632.76038888889,5625.650386111114,56258.410775000004,30514.20972601639,0.0,21305.88639111529,51820.09611713168,591.0150833333344,720.8123083333339,0.9911299748069223,18666.666666666668,15120.0,1200.0,1200.0,1200.0,10800.0,262.0467247685186,127.78810833333344
2025-04-23,rolling,55715.243116666665,1831.5562805555578,57546.799397222225,30514.20972601639,4450.798925419581,6843.972526780568,41808.981178216534,1879.2610055555544,720.9550083333339,0.9717958256333622,18666.666666666664,15120.0,1200.0,1200.0,1200.0,10800.0,91.79229641203699,127.78810833333344
2025-04-24,static_forecast,51859.53218888889,2450.5171027777765,54310.04929166666,31290.341527491946,0.0,8243.758415038885,39534.099942530826,2902.1355916666676,517.8069999999996,0.9587809755757638,20000.0,16200.0,1200.0,1200.0,1200.0,10800.0,170.60352824074076,101.86224166666673
2025-04-24,rolling,53151.60533611111,1625.684219444444,54777.28955555556,31290.341527491946,1788.4555244541687,5689.0314580930535,38767.828510039166,3445.3758555555582,517.8069999999996,0.9510653354899726,19600.0,15876.0,1200.0,1200.0,1200.0,10800.0,160.47255833333332,101.86224166666673
2025-04-25,static_forecast,24568.160461111107,1373.8195638888883,25941.980024999997,12139.872389790278,0.0,5055.1689471180525,17195.041336908333,20951.062891666665,659.8928166666666,0.6996821547489052,12266.666666666668,9936.0,1200.0,1200.0,1200.0,10800.0,265.7171363425926,124.93731319444447
2025-04-25,rolling,24207.127322222223,1224.8201166666663,25431.94743888889,12139.872389790278,-137.1325881765278,4520.648534802776,16523.388336416527,20441.030305555556,659.8928166666666,0.7069930910990441,12266.666666666666,9936.0,1200.0,1200.0,1200.0,10800.0,109.26106944444447,124.93731319444447
2025-04-26,static_forecast,24564.0427,1968.5121888888884,26532.554888888888,12086.791246806388,0.0,7773.702600206942,19860.49384701333,23478.398322222223,627.9629333333331,0.6740502548954812,12400.000000000002,10044.0,1200.0,1200.0,1200.0,10800.0,189.40946712962955,132.25791736111108
2025-04-26,rolling,24757.88116388889,1459.1944166666663,26217.075580555553,12086.791246806388,273.48624123958353,5425.9017742611095,17786.17926230708,23162.919013888888,627.9629333333331,0.678430042593336,12400.0,10044.0,1200.0,1200.0,1200.0,10800.0,112.87016724537042,132.25791736111108
2025-04-27,static_forecast,50368.52188611111,3811.1431694444436,54179.66505555555,30221.3821308975,0.0,16625.177427466664,46846.55955836417,1597.6369222222218,487.22361666666677,0.9766628825448628,18533.333333333332,15012.0,1200.0,1200.0,1200.0,10800.0,192.53218726851853,129.67043402777776
2025-04-27,rolling,53997.27493888889,1979.467347222222,55976.74228611111,30221.3821308975,3920.516040021806,8523.73173144861,42665.62990236792,3394.7141527777776,487.22361666666677,0.9504124862113243,18533.333333333332,15012.0,1200.0,1200.0,1200.0,10800.0,145.22993969907404,129.67043402777776
2025-04-28,static_forecast,61775.84251666667,1880.560497222222,63656.40301388889,36677.11565142778,0.0,8082.151775884721,44759.2674273125,2775.2749138888876,788.494116666666,0.9544404543948165,18266.666666666668,14796.0,1200.0,1200.0,1200.0,10800.0,163.51362337962962,128.47116319444436
2025-04-28,rolling,62366.16705833333,1079.26143888889,63445.42849722222,36677.11565142778,1624.2030581216654,4489.870747875006,42791.18945742445,2513.633730555555,788.494116666666,0.9587356157010403,18533.333333333332,15012.0,1200.0,1200.0,1200.0,10800.0,97.56166828703702,128.47116319444436
2025-04-29,static_forecast,51699.44290277778,2575.0713305555537,54274.514233333335,31216.66472929778,0.0,11522.946304758327,42739.611034056106,2900.2501444444456,723.7170388888895,0.9584607699112843,16933.333333333336,13716.0,1200.0,1200.0,1200.0,10800.0,200.79408287037035,105.00335277777783
2025-04-29,rolling,52885.099655555554,1076.9127333333336,53962.01238888889,31216.66472929778,2096.9144544433316,4837.698824613891,38151.278008355,2461.081633333335,723.7170388888895,0.9647508210869415,17600.0,14256.0,1200.0,1200.0,1200.0,10800.0,98.35302175925924,105.00335277777783
2025-04-30,static_forecast,49513.40873055556,4286.739608333333,53800.14833888889,30199.12787157528,0.0,15561.854119147223,45760.9819907225,1452.9696583333323,847.657580555555,0.9790716862808244,17066.666666666668,13824.0,1200.0,1200.0,1200.0,10800.0,213.73437083333337,132.42787291666667
2025-04-30,rolling,50236.46715277778,3054.5031222222215,53290.970275,30199.12787157528,1293.1925694544448,11288.805869363885,42781.12631039361,947.0524583333321,844.3967166666661,0.9863588266672741,17066.666666666668,13824.0,1200.0,1200.0,1200.0,10800.0,119.93372673611117,132.42787291666667
2025-05-01,static_forecast,51719.65633333333,4992.8323944444455,56712.48872777778,31506.337707675833,0.0,22185.97523309445,53692.31294077029,1862.7521611111092,266.3577666666664,0.9731410803873077,18800.0,15228.0,1200.0,1200.0,1200.0,10800.0,143.39254236111108,208.46656875000002
2025-05-01,rolling,53465.141975,4164.738944444446,57629.88091944445,31506.337707675833,2311.6156675398606,18202.825679312507,52020.7790545282,2780.144352777776,266.3577666666664,0.9599132534956245,18800.0,15228.0,1200.0,1200.0,1200.0,10800.0,122.59868831018518,208.46656875000002
2025-05-02,static_forecast,25982.67806111111,3189.1636944444444,29171.841755555553,13263.387590861666,0.0,13928.449491055562,27191.837081917223,12232.72698888889,191.46135000000015,0.7977082182999611,12933.333333333334,10476.0,1200.0,1200.0,1200.0,10800.0,178.15417037037034,187.69969583333335
2025-05-02,rolling,25688.7402,3289.5872861111116,28978.327486111113,13263.387590861666,-148.07034530277767,14499.31105133334,27614.628296892224,12039.212719444442,191.46135000000015,0.8009083507304369,12933.333333333336,10476.0,1200.0,1200.0,1200.0,10800.0,113.7617751157407,187.69969583333335
2025-05-03,static_forecast,25244.159775,3184.6934861111113,28428.853261111115,12421.713766638888,0.0,15006.11224245139,27427.826009090277,16806.674430555555,297.6738472222219,0.7454601610572036,12933.333333333334,10476.0,1200.0,1200.0,1200.0,10800.0,150.17928657407413,200.36671597222215
2025-05-03,rolling,25167.34740555556,3129.5582222222224,28296.905627777778,12421.713766638888,5.543208776111626,14779.447987665277,27206.704963080276,16674.72679722222,297.6738472222219,0.7474585295908671,12933.333333333334,10476.0,1200.0,1200.0,1200.0,10800.0,94.31905555555551,200.36671597222215
2025-05-04,static_forecast,54930.41345,3912.755805555556,58843.16925555555,32859.85097101444,0.0,16779.302572811113,49639.15354382556,3284.400622222224,328.1013000000005,0.9523553962546323,18400.0,14904.0,1200.0,1200.0,1200.0,10800.0,144.19890902777777,227.80463333333333
2025-05-04,rolling,52031.959925,5851.997763888889,57883.957688888884,32859.85097101444,-1018.1406573305555,23917.235493602777,55758.94580728666,2401.189055555556,328.1013000000005,0.9651675559017971,18000.0,14580.0,1200.0,1200.0,1200.0,10800.0,142.93939375000005,227.80463333333333
2025-05-05,static_forecast,56667.78510833333,5419.145044444445,62086.93015277778,34206.63847338334,0.0,20896.538774643057,55103.17724802639,2447.0859194444447,510.50410000000034,0.9626605216269373,21333.333333333336,17280.0,1200.0,1200.0,1200.0,10800.0,224.7417594907408,219.82066250000003
2025-05-05,rolling,56176.15188611111,4667.590074999999,60843.7419611111,34206.63847338334,369.9808075994448,20433.444015515273,55010.063296498054,1406.564394444445,510.50410000000034,0.9785375820401917,20266.666666666668,16416.0,1200.0,1200.0,1200.0,10800.0,67.69468182870371,219.82066250000003
2025-05-06,static_forecast,49085.44954444445,7913.059838888887,56998.50938333334,29609.238363883887,0.0,33628.80691638889,63238.04528027277,619.0771666666665,89.34985000000006,0.9909155767976364,18000.0,14580.0,1200.0,1200.0,1200.0,10800.0,245.99211874999997,210.32325069444448
2025-05-06,rolling,52271.23094722222,5281.8701972222225,57553.101144444445,29609.238363883887,3463.6670673115264,21895.85550790972,54968.760939105145,1173.6689277777775,89.34985000000006,0.982777421275596,18000.0,14580.0,1200.0,1200.0,1200.0,10800.0,88.05990567129625,210.32325069444448
2025-05-07,static_forecast,52114.40030555556,7203.219619444444,59317.61992499999,31751.392675172498,0.0,30590.06750658195,62341.46018175445,438.2541749999991,214.18646666666655,0.9933690654278418,18933.333333333336,15336.0,1200.0,1200.0,1200.0,10800.0,226.18114027777776,202.54123055555567
2025-05-07,rolling,55783.071358333335,4401.353177777777,60184.42453611111,31751.392675172498,3435.3951798762528,19737.047465830554,54923.835320879305,1305.0587861111107,214.18646666666655,0.9802540171499268,18933.333333333336,15336.0,1200.0,1200.0,1200.0,10800.0,73.69532812499999,202.54123055555567
2025-05-08,static_forecast,60104.63693333334,2343.6815749999996,62448.31850833334,36234.906707721675,0.0,9609.495880515276,45844.402588236946,2120.011958333337,980.4608166666671,0.9671921090212426,18533.333333333336,15012.0,1200.0,1200.0,1200.0,10800.0,122.79724791666669,162.92337500000005
2025-05-08,rolling,60081.87128611112,2024.2236333333312,62106.09491944445,36234.906707721675,658.5045944061125,8159.144814359714,45052.556116487496,1803.1217027777807,980.4608166666671,0.9720960912443762,18400.0,14904.0,1200.0,1200.0,1200.0,10800.0,84.18138622685186,162.92337500000005
2025-05-09,static_forecast,27044.675455555553,1530.5881805555555,28575.26363611111,13989.979466581111,0.0,6542.404744684722,20532.38421126583,16678.268833333328,965.6089527777774,0.7463552433145011,12800.0,10368.0,1200.0,1200.0,1200.0,10800.0,302.81603981481476,146.55464097222224
2025-05-09,rolling,27583.213219444446,1224.8567166666667,28808.069936111107,13989.979466581111,817.189008352084,4965.838355283333,19773.006830216527,16911.075133333332,965.6089527777774,0.7428147021523193,12800.0,10368.0,1200.0,1200.0,1200.0,10800.0,81.34663599537036,146.55464097222224
2025-05-10,static_forecast,26996.625125000002,1707.8988666666664,28704.523991666665,13979.0912578425,0.0,6538.970399422224,20518.06165726472,13251.391441666663,900.0872666666667,0.7880690936217989,12800.0,10368.0,1200.0,1200.0,1200.0,10800.0,143.72967430555556,153.55333333333328
2025-05-10,rolling,27377.1382,1360.7548333333332,28737.893033333334,13979.0912578425,623.394688530278,4999.530417520834,19602.016363893614,13284.760483333332,900.0872666666667,0.7875354190053241,12800.0,10368.0,1200.0,1200.0,1200.0,10800.0,79.60338472222224,153.55333333333328
2025-05-11,static_forecast,58474.63001944444,2766.0474166666654,61240.67743611112,35285.64429676416,0.0,11211.108367941662,46496.752664705826,1448.911952777777,786.3530666666669,0.9777975190985203,18533.333333333336,15012.0,1200.0,1200.0,1200.0,10800.0,93.08583726851853,152.13198680555556
2025-05-11,rolling,58149.90207777778,2575.391638888889,60725.29371666667,35285.64429676416,1171.0535082469444,9980.380145838888,46437.07795085,1060.1949000000006,786.3530666666669,0.9837540459418749,17866.666666666668,14472.0,1200.0,1200.0,1200.0,10800.0,76.78902858796295,152.13198680555556
2025-05-12,static_forecast,50924.564333333336,5445.496233333334,56370.06056666667,31550.040695873056,0.0,20461.18867137639,52011.229367249434,378.98443333333347,918.5475666666665,0.9944687862212617,16533.333333333336,13392.0,1200.0,1200.0,1200.0,10800.0,220.82777824074068,154.91782847222223
2025-05-12,rolling,56306.43890277778,1829.5819750000005,58136.02087777777,31550.040695873056,5193.95172706861,6747.771890041668,43491.76431298333,2140.0719694444433,923.4203416666666,0.9687660111504596,16533.333333333336,13392.0,1200.0,1200.0,1200.0,10800.0,91.50688148148153,154.91782847222223
2025-05-13,static_forecast,60703.090033333334,2154.1377055555563,62857.22773888889,36178.19678768139,0.0,9391.900359498617,45570.09714718001,4583.749805555557,1268.2651666666666,0.9317289065930007,20400.0,16524.0,1200.0,1200.0,1200.0,10800.0,257.77012754629635,143.86684166666666
2025-05-13,rolling,58150.43899166666,1760.8382000000001,59911.27719166667,36178.19678768139,494.7050108147221,7966.835224372225,44639.737022868336,2007.7055083333325,1278.3589166666666,0.9700969171294987,18400.0,14904.0,1200.0,1200.0,1200.0,10800.0,106.51729525462969,143.86684166666666
2025-05-14,static_forecast,58395.678433333334,2503.4705916666676,60899.149025000006,36064.669225228616,0.0,9320.69074757917,45385.35997280778,3448.528922222224,889.8046527777775,0.9489695426626512,18666.666666666668,15120.0,1200.0,1200.0,1200.0,10800.0,226.68229629629639,122.93868680555563
2025-05-14,rolling,58312.434102777785,1411.4157611111114,59723.84986388889,36064.669225228616,923.4325922098632,5696.692352161112,42684.79416959958,2273.2297611111135,889.8046527777775,0.9663613218973325,18666.66666666667,15120.0,1200.0,1200.0,1200.0,10800.0,113.23914942129629,122.93868680555563
2025-05-15,static_forecast,56507.79524166667,3538.8889777777786,60046.68421944444,35647.64487946555,0.0,11763.322583686117,47410.96746315167,2498.440252777778,1185.8523499999992,0.9626168083183613,18933.333333333336,15336.0,1200.0,1200.0,1200.0,10800.0,214.406611574074,158.31908472222221
2025-05-15,rolling,57415.932488888895,1881.2648694444438,59297.19735833334,35647.64487946555,1337.912917087638,7476.216638223607,44461.7744347768,1850.2867249999995,1185.8523499999992,0.9723148779604541,18400.0,14904.0,1200.0,1200.0,1200.0,10800.0,82.65443738425923,158.31908472222221
2025-05-16,static_forecast,25943.434488888888,1606.677438888889,27550.111927777776,13709.27494827389,0.0,5435.280538327778,19144.55548660167,21793.644144444446,811.627916666667,0.697166812969918,11733.333333333334,9504.0,1200.0,1200.0,1200.0,10800.0,145.66413611111108,158.96481388888893
2025-05-16,rolling,25523.51916388889,1814.2669833333332,27337.78614722222,13709.27494827389,-143.5781924608333,6472.480421472222,20038.177177285277,21581.31836388889,811.627916666667,0.700117182003574,11733.333333333332,9504.0,1200.0,1200.0,1200.0,10800.0,75.9199696759259,158.96481388888893
2025-05-17,static_forecast,26310.03651111111,1686.4082444444439,27996.444755555556,13784.765879728333,0.0,6586.6250754527755,20371.39095518111,14653.838005555555,639.1409999999996,0.7739502864003469,11866.666666666668,9612.0,1200.0,1200.0,1200.0,10800.0,150.8759111111111,148.20569236111106
2025-05-17,rolling,26247.99252777778,1708.3959388888882,27956.388466666667,13784.765879728333,61.37782381000008,6609.638804731942,20455.782508270277,14613.781716666665,639.1409999999996,0.7745681936426521,11866.666666666666,9612.0,1200.0,1200.0,1200.0,10800.0,131.901540625,148.20569236111106
2025-05-18,static_forecast,61225.449919444436,1064.1620305555557,62289.61195,37194.46549501111,0.0,3331.9465836027803,40526.412078613896,4193.81805,847.6257999999989,0.9374158532960016,18800.0,15228.0,1200.0,1200.0,1200.0,10800.0,180.69186597222222,149.64494930555554
2025-05-18,rolling,59797.831341666664,1335.8906166666668,61133.72195833333,37194.46549501111,-488.110539731666,4321.001701959723,41027.356657239165,3036.8184416666672,848.7354166666655,0.9546817032592355,18800.0,15228.0,1200.0,1200.0,1200.0,10800.0,105.06560011574078,149.64494930555554
2025-05-19,static_forecast,54690.90308333334,1829.6755972222206,56520.578680555554,33259.234764101115,0.0,7851.013566098603,41110.24833019971,4736.763072222224,747.2657250000004,0.9347168173917249,18533.333333333336,15012.0,1200.0,1200.0,1200.0,10800.0,192.7523993055556,155.86542500000007
2025-05-19,rolling,54142.775769444444,1497.2393694444436,55640.01513888889,33259.234764101115,742.2579829995826,6395.672793740274,40397.16554084097,3880.8142055555563,747.9843833333337,0.9465137059660421,18400.0,14904.0,1200.0,1200.0,1200.0,10800.0,110.98596354166664,155.86542500000007
2025-05-20,static_forecast,54283.54278611111,5671.67698888889,59955.219775000005,33299.10135460389,0.0,21258.244277584723,54557.34563218861,1363.1975416666655,568.6274166666667,0.9793173454891647,18400.0,14904.0,1200.0,1200.0,1200.0,10800.0,228.77513310185188,136.50639236111112
2025-05-20,rolling,58119.76819444445,2142.484019444446,60262.25221388889,33299.10135460389,3404.0397704859724,8456.03012823056,45159.17125332042,1771.563313888889,568.6274166666667,0.9731215536668024,17866.666666666668,14472.0,1200.0,1200.0,1200.0,10800.0,85.95242824074074,136.50639236111112
2025-05-21,static_forecast,50544.09751944445,5202.160913888889,55746.258433333336,31695.06900115889,0.0,20110.856767733327,51805.92576889222,618.2369666666652,700.07285,0.9910297002957633,16133.333333333332,13068.0,1200.0,1200.0,1200.0,10800.0,230.8143833333333,129.37572013888888
2025-05-21,rolling,55893.709861111114,1500.9279999999987,57394.637861111114,31695.06900115889,5263.1579009825,5713.448097498607,42671.674999639996,2266.6163944444434,700.07285,0.9671125644874846,16133.333333333334,13068.0,1200.0,1200.0,1200.0,10800.0,83.77302453703706,129.37572013888888
2025-05-22,static_forecast,53102.941511111116,4273.306305555555,57376.24781666667,32885.776370385836,0.0,14392.22956568889,47278.005936074725,2178.3888138888897,834.5615194444447,0.9683893132116858,18666.666666666664,15120.0,1200.0,1200.0,1200.0,10800.0,250.94431666666662,150.59441250000003
2025-05-22,rolling,54509.05929166667,2267.9696333333313,56777.028925,32885.776370385836,1595.8334317984745,9385.902908562493,43867.5127107468,1833.8354333333348,833.2293416666669,0.9733891410317491,17333.333333333332,14040.0,1200.0,1200.0,1200.0,10800.0,98.06200266203705,150.59441250000003
2025-05-23,static_forecast,25697.11863333333,1697.0312833333337,27394.14991666667,13234.924842272223,0.0,7062.848225245835,20297.773067518057,17743.754566666667,974.7798000000005,0.7412029716087511,11866.666666666668,9612.0,1200.0,1200.0,1200.0,10800.0,185.56171597222226,154.2964027777778
2025-05-23,rolling,26368.747355555555,1240.4269361111112,27609.174291666666,13234.924842272223,1011.3349737333334,5029.465269062501,19275.725085068058,17958.778941666664,974.7798000000005,0.7380667881661429,11866.666666666668,9612.0,1200.0,1200.0,1200.0,10800.0,173.59325729166665,154.2964027777778
2025-05-24,static_forecast,26463.62737777778,1213.491758333333,27677.119136111112,13888.935600162222,0.0,4680.366693445832,18569.302293608052,20922.44821111111,770.8362083333332,0.705065550909651,11733.333333333334,9504.0,1200.0,1200.0,1200.0,10800.0,152.22361921296297,145.15237013888884
2025-05-24,rolling,26131.48682222222,995.270597222222,27126.757419444446,13888.935600162222,-146.70379196416653,3770.413125918056,17512.64493411611,20372.086494444447,770.8362083333332,0.712823755306558,11733.333333333334,9504.0,1200.0,1200.0,1200.0,10800.0,94.60062442129636,145.15237013888884
2025-05-25,static_forecast,55258.03035833333,2013.1984611111125,57271.22881944444,33361.21794602834,0.0,8952.066711737505,42313.284657765835,4269.704669444445,1087.1806333333334,0.9405125383979046,17733.333333333336,14364.0,1200.0,1200.0,1200.0,10800.0,189.77313564814818,155.6909000000001
2025-05-25,rolling,55177.67605277778,1492.6808444444453,56670.35689722223,33361.21794602834,834.8063573108338,6688.298143480557,40884.32244681972,3668.8327472222227,1087.1806333333334,0.9488841584906879,17733.333333333332,14364.0,1200.0,1200.0,1200.0,10800.0,127.50847638888887,155.6909000000001
2025-05-26,static_forecast,52559.09733611111,6681.85915,59240.95648611111,32651.950198910003,0.0,24217.664433352773,56869.614632262776,329.84676944444504,1037.9434333333334,0.9949119813143411,17333.333333333332,14040.0,1200.0,1200.0,1200.0,10800.0,290.7500708333333,151.13057013888886
2025-05-26,rolling,59675.35249444444,1834.3920583333336,61509.74455277778,32651.950198910003,6315.410665859168,6938.550239165276,45905.91110393444,2522.634836111113,1037.9434333333334,0.9610873460884715,17733.333333333336,14364.0,1200.0,1200.0,1200.0,10800.0,99.70150451388889,151.13057013888886
2025-05-27,static_forecast,50033.82956666667,3888.8258861111094,53922.65545277778,31336.62606985028,0.0,15010.962078569437,46347.588148419716,786.2056694444454,680.7491500000001,0.9888728409421008,16133.333333333332,13068.0,1200.0,1200.0,1200.0,10800.0,186.58176041666658,132.80144722222227
2025-05-27,rolling,54307.96661944444,1778.6602194444436,56086.626838888886,31336.62606985028,3725.8481282527787,7023.176230734716,42085.65042883778,2950.1770555555595,680.7491500000001,0.958246180837989,16133.333333333334,13068.0,1200.0,1200.0,1200.0,10800.0,109.44840625000006,132.80144722222227
2025-05-28,static_forecast,57597.026247222224,1787.842244444444,59384.86849166666,34587.78267842972,0.0,6287.715671884721,40875.49835031445,2466.5421750000005,844.5022166666663,0.9635385919445691,20000.0,16200.0,1200.0,1200.0,1200.0,10800.0,125.68495138888882,131.36791944444442
2025-05-28,rolling,58510.59984444444,1218.606727777777,59729.20657222222,34587.78267842972,1427.799059807917,3938.005182018052,39953.58692025569,2886.880255555556,844.5022166666663,0.9573249871533304,19600.0,15876.0,1200.0,1200.0,1200.0,10800.0,101.91193391203699,131.36791944444442
2025-05-29,static_forecast,56008.31778333334,4338.585150000001,60346.90293333333,33875.21315199556,0.0,17063.565936088893,50938.779088084455,1894.0329333333352,593.4131666666663,0.9714449564144966,19733.333333333332,15984.0,1200.0,1200.0,1200.0,10800.0,168.50266851851845,143.3091243055556
2025-05-29,rolling,58909.09998055556,2376.144913888892,61285.24489444444,33875.21315199556,2608.14631519097,9515.948379308344,45999.30784649487,2857.7082277777795,593.4131666666663,0.9569162808297986,19600.0,15876.0,1200.0,1200.0,1200.0,10800.0,117.08545879629634,143.3091243055556
2025-05-30,static_forecast,25935.700480555555,1242.0137916666672,27177.71427222222,13605.700003212776,0.0,4815.7582312111135,18421.458234423888,17570.183069444443,781.9646027777776,0.7416757036815919,11733.333333333334,9504.0,1200.0,1200.0,1200.0,10800.0,234.97160393518527,130.66680000000002
2025-05-30,rolling,26297.745302777777,1082.0039944444445,27379.749297222224,13605.700003212776,496.380051222084,4062.971287012501,18165.05134144736,17771.690288888887,782.4924083333333,0.7387130589293815,11733.333333333334,9504.0,1200.0,1200.0,1200.0,10800.0,118.27499837962961,130.66680000000002
2025-05-31,static_forecast,27884.818075000003,1106.5746638888893,28991.39273888889,14822.79030793361,0.0,3657.0355299097246,18479.82583784334,17280.531122222223,965.6800666666663,0.7397085087961761,12400.0,10044.0,1200.0,1200.0,1200.0,10800.0,279.0489800925927,149.0441375000001
2025-05-31,rolling,26617.648941666663,1150.6779861111113,27768.326927777776,14822.79030793361,-586.9703002190279,4228.9606217875025,18464.780629502086,16057.465311111111,965.6800666666663,0.7581311846712904,12400.0,10044.0,1200.0,1200.0,1200.0,10800.0,103.41739652777778,149.0441375000001
2025-06-01,static_forecast,71289.69762777777,6755.124986111108,78044.82261388889,43277.22478030028,0.0,26697.399590838875,69974.62437113916,2898.8947305555557,19.76825000000008,0.9491633651329814,20533.333333333336,16632.0,1200.0,1200.0,1200.0,10800.0,253.80528680555557,366.848411111111
2025-06-01,rolling,68371.08087222223,8785.102697222223,77156.18356944443,43277.22478030028,-762.8681677197235,35151.3977712625,77665.75438384307,1908.9223527777797,19.76825000000008,0.966524072911383,21066.666666666668,17064.0,1200.0,1200.0,1200.0,10800.0,125.66654953703704,366.848411111111
2025-06-02,static_forecast,72046.1664861111,7200.55396388889,79246.72045000001,43868.71529232889,0.0,28060.453095420846,71929.16838774973,6341.602858333335,33.64347499999985,0.893310368197806,22266.666666666668,18036.0,1200.0,1200.0,1200.0,10800.0,343.1394002314815,387.5292729166666
2025-06-02,rolling,64017.48285555556,9447.995305555556,73465.47816111111,43868.71529232889,-2465.107156800694,36623.10980134722,78026.71793687542,712.3605694444445,33.64347499999985,0.9880154136797518,21466.66666666667,17388.0,1200.0,1200.0,1200.0,10800.0,99.04614942129629,387.5292729166666
2025-06-03,static_forecast,66040.79700833333,8373.616580555556,74414.41358888888,39865.245205980274,0.0,33545.20893777639,73410.45414375667,2127.1902888888903,92.18979999999999,0.9644784339533264,21066.666666666668,17064.0,1200.0,1200.0,1200.0,10800.0,136.98579884259263,365.7433395833334
2025-06-03,rolling,66783.95131666666,8206.990875000001,74990.94219166668,39865.245205980274,1420.3006779404166,32605.334432580563,73890.88031650127,2729.0522250000013,92.18979999999999,0.9544280502964337,20933.333333333336,16956.0,1200.0,1200.0,1200.0,10800.0,144.69472916666666,365.7433395833334
2025-06-04,static_forecast,76263.57723888889,6430.914486111112,82694.491725,46613.41483349167,0.0,24388.926906825003,71002.34174031667,8826.236124999998,17.66145000000006,0.8501350088518583,22133.333333333336,17928.0,1200.0,1200.0,1200.0,10800.0,468.38607708333336,385.03852499999994
2025-06-04,rolling,66492.84259444443,8182.39261388889,74675.23520833332,46613.41483349167,-3221.4449815806947,30935.13888610695,74327.10873801791,1085.646275,17.66145000000006,0.9815662795455874,20666.666666666664,16740.0,1200.0,1200.0,1200.0,10800.0,83.35895046296295,385.03852499999994
2025-06-05,static_forecast,66321.30838611111,10139.945469444443,76461.25385555555,39700.605356726664,0.0,39915.08365219444,79615.68900892111,1217.291038888888,41.311466666666774,0.9787582759647524,21333.333333333336,17280.0,1200.0,1200.0,1200.0,10800.0,150.31489837962965,356.00150555555547
2025-06-05,rolling,67817.47820833334,8473.069780555552,76290.5479888889,39700.605356726664,2507.378517353196,32328.911547390264,74536.89542147012,1046.5851722222214,41.311466666666774,0.9817370926939389,21333.333333333336,17280.0,1200.0,1200.0,1200.0,10800.0,84.323565625,356.00150555555547
2025-06-06,static_forecast,28673.911022222223,7642.1086,36316.01962222222,15590.242973338889,0.0,29874.377220211107,45464.62019355,2924.111772222223,104.91244999999998,0.9436505024286395,12800.0,10368.0,1200.0,1200.0,1200.0,10800.0,98.19710300925927,390.6260965277778
2025-06-06,rolling,28186.66983611111,8879.334358333334,37066.004194444446,15590.242973338889,-58.82859344000016,35011.81755403194,50543.23193393083,3674.0963444444455,104.91244999999998,0.9291978217095037,12800.0,10368.0,1200.0,1200.0,1200.0,10800.0,98.20969988425924,390.6260965277778
2025-06-07,static_forecast,31412.95265,6948.8162999999995,38361.76895,16304.829596245001,0.0,28597.33397436667,44902.163570611665,4675.189766666666,77.39935000000003,0.9101447701352188,13066.666666666668,10584.0,1200.0,1200.0,1200.0,10800.0,255.66032592592597,376.80816527777773
2025-06-07,rolling,29866.483097222223,7232.072611111112,37098.55570833333,16304.829596245001,72.83114373874992,28943.713144608333,45321.373884592074,3310.6431916666666,77.39935000000003,0.9363707956608618,13600.0,11016.0,1200.0,1200.0,1200.0,10800.0,71.94865023148148,376.80816527777773
2025-06-08,static_forecast,71539.36164444445,3578.64056388889,75118.00220833333,44013.32015754361,0.0,14122.151487280556,58135.471644824174,5242.929747222224,814.1491944444457,0.9168871024418117,20400.0,16524.0,1200.0,1200.0,1200.0,10800.0,296.71304189814816,143.87035069444448
2025-06-08,rolling,70690.88770555556,1694.6872111111113,72385.57491666666,44013.32015754361,1599.7283533095833,6153.318895691667,51766.367406544865,2713.7193500000003,813.5989666666679,0.9569810985055216,19333.333333333336,15660.0,1200.0,1200.0,1200.0,10800.0,92.3554822916667,143.87035069444448
2025-06-09,static_forecast,80035.81211666667,1510.257599999999,81546.06971666667,50279.42778712361,0.0,5572.017597622216,55851.445384745835,5611.736016666668,897.6209666666672,0.9019552480799092,21600.0,17496.0,1200.0,1200.0,1200.0,10800.0,228.0415583333334,160.0386597222223
2025-06-09,rolling,75574.54485,2251.923691666667,77826.46854166666,50279.42778712361,-1581.4397479181955,8574.334403056942,57272.32244226236,1866.8015083333335,897.6209666666672,0.9673844082784722,21733.333333333336,17604.0,1200.0,1200.0,1200.0,10800.0,81.37384155092592,160.0386597222223
2025-06-10,static_forecast,74146.4871361111,3171.3374861111133,77317.82462222222,46300.308165644994,0.0,12183.938299579175,58484.246465224176,1063.4977055555555,658.5493500000007,0.9809395512360883,20933.333333333336,16956.0,1200.0,1200.0,1200.0,10800.0,133.83612384259263,151.95879374999998
2025-06-10,rolling,76107.34955833331,2278.347761111113,78385.69731944444,46300.308165644994,2634.6458588659707,7702.418935847227,56637.372960358196,2106.0370694444423,658.5493500000007,0.9622547265994571,21066.666666666668,17064.0,1200.0,1200.0,1200.0,10800.0,105.81967002314815,151.95879374999998
2025-06-11,static_forecast,80148.759375,3620.0376166666647,83768.79699166666,50532.52907630111,0.0,14244.876493313881,64777.40556961499,2177.2119916666675,997.8053499999995,0.9582527544858691,23733.333333333336,19224.0,1200.0,1200.0,1200.0,10800.0,212.35331180555548,150.37369305555546
2025-06-11,rolling,82111.93716388888,1590.3163055555551,83702.25346944445,50532.52907630111,2767.121522805416,6683.008284452775,59982.6588835593,2136.0018027777805,997.8053499999995,0.9590429448209458,23600.0,19116.0,1200.0,1200.0,1200.0,10800.0,85.56985798611112,150.37369305555546
2025-06-12,static_forecast,78059.77535555555,2071.856374999998,80131.63173055556,48860.4344748625,0.0,8032.926780065275,56893.361254927775,2150.424980555555,1323.481983333333,0.9610919578991766,22133.333333333336,17928.0,1200.0,1200.0,1200.0,10800.0,118.92591712962965,163.34430347222224
2025-06-12,rolling,78080.55470555555,1752.3213750000007,79832.87608055555,48860.4344748625,718.8941637077771,7280.615089344448,56859.94372791473,1902.4086972222221,1323.409283333333,0.9655793629846263,21866.666666666668,17712.0,1200.0,1200.0,1200.0,10800.0,73.46402673611108,163.34430347222224
2025-06-13,static_forecast,34603.08421666667,1362.988347222224,35966.07256388889,19930.024444167222,0.0,5294.9833794750075,25225.007823642227,3977.845991666667,1185.5795388888891,0.9257092216605353,12933.333333333334,10476.0,1200.0,1200.0,1200.0,10800.0,109.14379166666669,150.75022361111115
2025-06-13,rolling,34859.185905555554,1370.1862333333345,36229.372138888895,19930.024444167222,425.0151281441669,5541.381040681948,25896.420612993337,4240.849816666668,1185.875288888889,0.9207973274076057,12933.333333333332,10476.0,1200.0,1200.0,1200.0,10800.0,82.0308769675926,150.75022361111115
2025-06-14,static_forecast,34596.460341666665,1059.093644444445,35655.55398611111,20079.101090590277,0.0,3703.4351612444466,23782.536251834725,6360.230961111111,695.3136083333327,0.886545629289616,12666.666666666668,10260.0,1200.0,1200.0,1200.0,10800.0,181.48947129629636,146.2591666666666
2025-06-14,rolling,33645.281444444445,1469.4323833333342,35114.713827777785,20079.101090590277,-315.16703070444464,5475.066835441668,25239.000895327503,5824.2446,690.4598111111104,0.8961066021035005,12666.666666666668,10260.0,1200.0,1200.0,1200.0,10800.0,119.14213252314806,146.2591666666666
2025-06-15,static_forecast,71890.74166666665,5722.924950000003,77613.66661666667,45283.582361645,0.0,21760.91250116668,67044.49486281167,1911.072983333333,1250.2859666666661,0.966319903979992,20133.333333333336,16308.0,1200.0,1200.0,1200.0,10800.0,278.7665046296297,161.88440694444444
2025-06-15,rolling,76572.40006388888,1444.3089027777796,78016.70896666666,45283.582361645,4092.2337462615287,6002.103823870841,55377.91993177736,2035.8024166666664,1249.9322166666664,0.9641217151468997,21600.0,17496.0,1200.0,1200.0,1200.0,10800.0,76.78759050925925,161.88440694444444
2025-06-16,static_forecast,75439.00906944444,4007.2579361111098,79446.26700555556,47261.266714868056,0.0,15753.629444249997,63014.896159118056,1353.6313500000015,1294.5828388888895,0.9753547251573663,21600.0,17496.0,1200.0,1200.0,1200.0,10800.0,170.33672407407408,172.2346722222222
2025-06-16,rolling,77470.6302388889,2242.0859972222224,79712.71623611111,47261.266714868056,2377.068479411388,8727.010431572224,58365.345625851674,1591.3745916666678,1297.9554944444449,0.9710261850915252,21733.333333333336,17604.0,1200.0,1200.0,1200.0,10800.0,114.05719953703708,172.2346722222222
2025-06-17,static_forecast,76478.91718055555,4087.2735861111087,80566.19076666667,47879.82821650666,0.0,17283.686549305552,65163.514765812215,880.5416111111106,995.3046055555553,0.9832834190628498,21333.333333333336,17280.0,1200.0,1200.0,1200.0,10800.0,145.2797509259259,148.7803784722222
2025-06-17,rolling,79160.12034444444,2331.487155555555,81491.6075,47879.82821650666,2639.978641636665,9419.128632019445,59938.93549016277,1603.4325388888885,995.1637444444442,0.9695597465521545,22400.0,18144.0,1200.0,1200.0,1200.0,10800.0,87.95574942129628,148.7803784722222
2025-06-18,static_forecast,77491.32929444444,1742.377027777778,79233.70632222222,48421.81385151278,0.0,7145.711604087503,55567.525455600284,3198.205397222223,1129.7766916666674,0.9428694874870054,20933.333333333336,16956.0,1200.0,1200.0,1200.0,10800.0,150.61769537037037,154.5648486111111
2025-06-18,rolling,78208.57481666666,1299.0372166666662,79507.61203333334,48421.81385151278,1405.6208843999982,5209.94975770972,55037.3844936225,3395.4811666666656,1130.406633333334,0.9393454906153395,21333.333333333336,17280.0,1200.0,1200.0,1200.0,10800.0,113.30577800925921,154.5648486111111
2025-06-19,static_forecast,72986.2617611111,3493.2395055555535,76479.50126666666,45132.97464067278,0.0,13751.122636426386,58884.097277099165,3080.2442944444424,1035.7527722222217,0.9478716011136694,21600.0,17496.0,1200.0,1200.0,1200.0,10800.0,233.08470393518525,170.96235625000006
2025-06-19,rolling,73092.45777499999,2664.436050000001,75756.893825,45132.97464067278,2820.0758645665283,9751.273007586118,57704.32351282543,2433.503794444447,1035.885830555555,0.9588166897291246,21200.0,17172.0,1200.0,1200.0,1200.0,10800.0,133.59155358796295,170.96235625000006
2025-06-20,static_forecast,33465.53100833334,873.1423249999998,34338.67333333333,19609.065854765555,0.0,2633.084582540278,22242.150437305834,8586.515041666666,995.5774416666673,0.8538129577461151,12400.0,10044.0,1200.0,1200.0,1200.0,10800.0,126.33412060185186,166.50302986111112
2025-06-20,rolling,32825.59650277778,1041.8857694444446,33867.48227222222,19609.065854765555,-316.6556706148614,3509.207604556946,22801.61778870764,8132.598763888887,978.3026583333337,0.8615409682087097,12400.0,10044.0,1200.0,1200.0,1200.0,10800.0,83.8318194444444,166.50302986111112
2025-06-21,static_forecast,33789.74035277778,758.1852222222221,34547.925575,19234.29558501028,0.0,2566.2010978999997,21800.496682910278,11561.428794444446,1219.7563805555558,0.8137456160726516,12800.0,10368.0,1200.0,1200.0,1200.0,10800.0,99.69349583333336,155.71023819444443
2025-06-21,rolling,33544.851291666666,777.0244249999997,34321.87571666667,19234.29558501028,-98.42246115805557,2659.1424428319433,21795.015566684164,11335.435586111113,1219.6997305555558,0.8173863620858187,12800.0,10368.0,1200.0,1200.0,1200.0,10800.0,123.61963842592594,155.71023819444443
2025-06-22,static_forecast,70139.63888333333,3725.863613888887,73865.50249722222,43198.45560723028,0.0,15122.089104793049,58320.54471202332,2155.433441666666,706.0612888888893,0.9635180082929821,18666.666666666668,15120.0,1200.0,1200.0,1200.0,10800.0,204.20550625,150.95571388888888
2025-06-22,rolling,71458.12189166667,2172.960075,73631.08196666666,43198.45560723028,2766.987079699167,8231.798559183331,54197.24124611278,1807.904050000002,717.836816666667,0.9694001497405624,19200.0,15552.0,1200.0,1200.0,1200.0,10800.0,93.70319618055555,150.95571388888888
2025-06-23,static_forecast,71894.72402222222,3000.987638888889,74895.7116611111,44999.49279701778,0.0,10597.519272141668,55597.01206915944,2555.117724999999,1124.641269444443,0.9571501690691036,21866.666666666668,17712.0,1200.0,1200.0,1200.0,10800.0,176.5879641203704,174.520723611111
2025-06-23,rolling,72817.138925,1872.2460749999998,74689.385,44999.49279701778,1418.1330178468052,7398.022927855556,53815.648742720135,2526.5763972222207,1124.1892694444427,0.9576288127957135,20933.333333333332,16956.0,1200.0,1200.0,1200.0,10800.0,100.90292326388892,174.520723611111
2025-06-24,static_forecast,82699.63929444444,1992.3314166666678,84691.97071111112,52155.860991091395,0.0,7547.471595200008,59703.332586291406,2932.8188833333334,1183.6929111111112,0.9423173660685034,22666.666666666668,18360.0,1200.0,1200.0,1200.0,10800.0,169.24432384259265,173.6159729166667
2025-06-24,rolling,81170.58095833333,2195.3693416666665,83365.9503,52155.860991091395,-44.65662321638973,7686.592915394448,59797.79728326945,1590.8581638888877,1148.9665527777777,0.9687110275966857,22933.333333333336,18576.0,1200.0,1200.0,1200.0,10800.0,103.96465416666666,173.6159729166667
2025-06-25,static_forecast,73299.00173333334,4315.629108333334,77614.63084166667,45043.46848128305,0.0,17921.92698344167,62965.39546472473,2369.3976333333344,754.4785083333334,0.9575931454943296,21333.333333333336,17280.0,1200.0,1200.0,1200.0,10800.0,227.46844513888894,161.53094930555548
2025-06-25,rolling,76330.51171944445,1683.0213472222213,78013.53306666666,45043.46848128305,3797.7954670991685,7074.118051870829,55915.38200025305,2844.563136111112,754.2152305555558,0.9490887585316133,20933.333333333336,16956.0,1200.0,1200.0,1200.0,10800.0,106.61165196759265,161.53094930555548
2025-06-26,static_forecast,70431.70713888889,4512.8569305555575,74944.56406944446,44176.075504481945,0.0,16192.880903877782,60368.956408359736,2422.088958333333,921.757944444445,0.9590517930912313,21333.333333333336,17280.0,1200.0,1200.0,1200.0,10800.0,245.35378472222223,156.26355416666658
2025-06-26,rolling,73700.47441666666,1582.2076527777785,75282.68206944445,44176.075504481945,3373.1928920265273,5993.367304720835,53542.63570122931,3013.7181111111086,921.5801250000005,0.9490496200175081,20000.0,16200.0,1200.0,1200.0,1200.0,10800.0,114.1601415509259,156.26355416666658
2025-06-27,static_forecast,33959.651452777776,1102.8482916666665,35062.499744444445,19366.17838540611,0.0,3845.3348619944436,23211.513247400555,11711.083149999999,1046.4373944444446,0.8041350062366667,13333.333333333334,10800.0,1200.0,1200.0,1200.0,10800.0,255.06878495370373,164.72253263888885
2025-06-27,rolling,32193.24253055555,1097.2757916666662,33290.518322222226,19366.17838540611,-762.812006318472,4386.1795252458305,22989.54590433347,9939.063694444443,1046.475427777778,0.8337715970767627,13333.333333333334,10800.0,1200.0,1200.0,1200.0,10800.0,114.95898159722225,164.72253263888885
2025-06-28,static_forecast,32650.6666,1263.8817027777777,33914.54830277778,18392.11110509,0.0,4761.849359706945,23153.960464796946,8548.750255555558,1232.871930555555,0.8548220845829548,12400.0,10044.0,1200.0,1200.0,1200.0,10800.0,102.391499537037,172.86088888888884
2025-06-28,rolling,32544.554175,1270.907997222223,33815.46217222222,18392.11110509,77.67993170375004,4951.468709326393,23421.25974612014,8454.09778888889,1228.438266666666,0.856429506415265,12400.0,10044.0,1200.0,1200.0,1200.0,10800.0,78.40506006944445,172.86088888888884
2025-06-29,static_forecast,68447.931425,7496.654727777777,75944.58615277777,41924.37994006028,0.0,29068.4339451875,70992.81388524777,1628.0989305555556,995.3853555555556,0.9714953904241237,21333.333333333336,17280.0,1200.0,1200.0,1200.0,10800.0,334.00228125,158.40667361111113
2025-06-29,rolling,72835.38709722224,2918.387719444446,75753.77481666667,41924.37994006028,5025.816237576805,10462.30636133056,57412.502538967645,1589.2584555555559,995.4144944444445,0.9721754059654636,20533.333333333336,16632.0,1200.0,1200.0,1200.0,10800.0,87.86887708333335,158.40667361111113
2025-06-30,static_forecast,74498.61401666666,2959.157116666666,77457.77113333333,46266.940655395556,0.0,10731.35326567083,56998.29392106639,2446.9860138888894,927.7678027777779,0.9563580903627813,22133.333333333336,17928.0,1200.0,1200.0,1200.0,10800.0,135.31227870370367,171.60415555555562
2025-06-30,rolling,74827.33928333333,2367.0590638888884,77194.39834722222,46266.940655395556,1046.772783271388,8318.770995901388,55632.48443456834,2229.6701888888892,932.3775083333335,0.9602339104710929,21866.666666666668,17712.0,1200.0,1200.0,1200.0,10800.0,105.472203125,171.60415555555562
2025-07-01,static_forecast,65596.33692222222,17504.864991666665,83101.20191388889,40502.48679860306,0.0,63794.78072966666,104297.2675282697,383.99121388888864,0.0,0.993873814088296,20266.666666666668,16416.0,1200.0,1200.0,1200.0,10800.0,217.70576458333335,602.4408076388888
2025-07-01,rolling,68871.228025,14301.372911111106,83172.6009361111,40502.48679860306,3213.9723504934736,52725.243949474985,96441.70309857151,379.39023611111054,0.0,0.9939472179689651,20666.666666666664,16740.0,1200.0,1200.0,1200.0,10800.0,103.74319733796295,602.4408076388888
2025-07-02,static_forecast,60799.89585555555,15780.393069444443,76580.288925,38571.772470475,0.0,57247.61613105416,95819.38860152915,103.52255833333294,0.0,0.9984841608007827,18800.0,15228.0,1200.0,1200.0,1200.0,10800.0,137.12692708333327,621.5591645833333
2025-07-02,rolling,61052.18277222222,15279.51621111111,76331.69898333334,38571.772470475,784.7101929893041,57935.57127798471,97292.053941449,6.932616666666547,0.0,0.9998984884814898,18000.0,14580.0,1200.0,1200.0,1200.0,10800.0,72.12032199074072,621.5591645833333
2025-07-03,static_forecast,69566.38673055556,14713.902719444444,84280.28945000001,43130.883283152776,0.0,54538.19829558889,97669.08157874166,491.87051666666576,0.0,0.9920415894499648,21200.0,17172.0,1200.0,1200.0,1200.0,10800.0,133.2328608796296,622.6379888888888
2025-07-03,rolling,70708.04560555556,13501.067502777776,84209.11310833333,43130.883283152776,1543.407457115417,50488.74361960555,95163.03435987374,522.0275083333318,0.0,0.9915536526606981,20666.666666666668,16740.0,1200.0,1200.0,1200.0,10800.0,111.18825671296294,622.6379888888888
2025-07-04,static_forecast,30008.29950277778,13475.747330555556,43484.046833333334,16462.842564012222,0.0,51307.95796232223,67770.80052633445,12272.512699999997,0.0,0.8165932938771117,12266.666666666668,9936.0,1200.0,1200.0,1200.0,10800.0,198.16287430555562,676.6486423611111
2025-07-04,rolling,30001.82404722222,11569.466786111112,41571.29083333333,16462.842564012222,85.67605588638875,43665.236431275,60213.75505117362,10359.756699999998,0.0,0.8451784977511961,12266.666666666666,9936.0,1200.0,1200.0,1200.0,10800.0,109.18604270833335,676.6486423611111
2025-07-05,static_forecast,31065.46183888889,12852.351994444445,43917.81383333333,16970.629054338613,0.0,48824.069485640284,65794.6985399789,12746.400533333333,0.0,0.8099899065564514,12533.333333333334,10152.0,1200.0,1200.0,1200.0,10800.0,203.68962361111107,633.8025875000001
2025-07-05,rolling,31032.97686388889,11343.149769444446,42376.12663333333,16970.629054338613,68.92970091361104,43914.243447720844,60953.80220297306,11204.713333333333,0.0,0.8329717772552938,12533.333333333334,10152.0,1200.0,1200.0,1200.0,10800.0,103.57604953703705,633.8025875000001
2025-07-06,static_forecast,62932.76771111111,20382.54717222222,83315.31488333333,39905.66704955611,0.0,79973.00364524445,119878.67069480054,0.0,0.0,1.0,18533.333333333336,15012.0,1200.0,1200.0,1200.0,10800.0,259.78978078703705,619.1569138888889
2025-07-06,rolling,70920.92736666667,13010.04142222222,83930.96878888889,39905.66704955611,7112.567333273889,50351.048944022215,97369.28332685221,336.9872388888889,0.0,0.9945161271537201,20000.0,16200.0,1200.0,1200.0,1200.0,10800.0,115.49412175925929,619.1569138888889
2025-07-07,static_forecast,63249.548324999996,13778.317497222222,77027.86582222223,39852.41247846139,0.0,52148.00412053612,92000.41659899752,355.4380555555557,20.278333333333308,0.9947795652825385,17066.666666666668,13824.0,1200.0,1200.0,1200.0,10800.0,128.77283402777778,649.5262597222222
2025-07-07,rolling,62748.45215277778,14141.661497222221,76890.11365,39852.41247846139,156.7058702122244,53361.40203347916,93370.52038215277,167.0192166666675,20.278333333333308,0.9975469342588905,17333.333333333336,14040.0,1200.0,1200.0,1200.0,10800.0,113.06039375000009,649.5262597222222
2025-07-08,static_forecast,82618.24983333334,2293.6123055555554,84911.86213888889,52334.09651715333,0.0,8976.437744594441,61310.53426174777,4334.044738888891,978.4303833333329,0.9340466979256103,21200.000000000004,17172.0,1200.0,1200.0,1200.0,10800.0,201.01789814814813,184.56061666666656
2025-07-08,rolling,81159.28525,2026.0644833333313,83185.34973333334,52334.09651715333,624.2756055401389,7462.49445147499,60420.86657416847,2480.865666666666,978.4303833333329,0.962247440306397,21866.66666666667,17712.0,1200.0,1200.0,1200.0,10800.0,79.56742627314819,184.56061666666656
2025-07-09,static_forecast,82824.67938333334,1638.2744777777798,84462.9538611111,52004.31809233833,0.0,7024.494813075007,59028.81290541333,5140.71831388889,1184.8438638888883,0.9227331229620367,21466.666666666664,17388.0,1200.0,1200.0,1200.0,10800.0,204.73909074074075,187.4681048611111
2025-07-09,rolling,80528.31340555556,1838.4532805555577,82366.7666861111,52004.31809233833,-340.5372259470818,7714.888543512504,59378.669409903756,3196.5311388888913,1184.8438638888883,0.9519549675014761,20666.666666666664,16740.0,1200.0,1200.0,1200.0,10800.0,101.55034513888891,187.4681048611111
2025-07-10,static_forecast,76345.44544444446,3183.2133638888854,79528.65880833333,48866.734867241394,0.0,12546.929910336099,61413.66477757748,1284.6111916666664,1539.757566666667,0.9809996637593954,20266.666666666668,16416.0,1200.0,1200.0,1200.0,10800.0,117.14410717592594,213.08967986111102
2025-07-10,rolling,77399.10090555556,2902.11084722222,80301.21175277777,48866.734867241394,1487.7077148584722,10078.207564143046,60432.65014624291,1791.2172361111113,1552.3711333333335,0.9735065909538574,21600.0,17496.0,1200.0,1200.0,1200.0,10800.0,85.08717986111108,213.08967986111102
2025-07-11,static_forecast,42914.27243888889,1093.4701,44007.74253888889,25664.606504841948,0.0,3942.921454195834,29607.527959037783,7884.300808333332,995.331247222222,0.8732882040229045,13733.333333333332,11124.0,1200.0,1200.0,1200.0,10800.0,130.78246157407406,164.5078006944444
2025-07-11,rolling,41632.119275000005,1151.2274749999992,42783.34675,25664.606504841948,-580.8546311245832,4208.912607699997,29292.66448141736,6664.237441666664,990.9988249999998,0.8928963372175176,13733.333333333334,11124.0,1200.0,1200.0,1200.0,10800.0,85.85236712962963,164.5078006944444
2025-07-12,static_forecast,41272.15183333334,2048.9915583333345,43321.14339166667,24324.25314310361,0.0,8232.490716595838,32556.743859699447,8968.392022222222,760.5080361111116,0.8603796403245281,13200.0,10692.0,1200.0,1200.0,1200.0,10800.0,292.3320553240741,177.71272638888897
2025-07-12,rolling,42253.763222222224,1140.8973972222234,43394.66061944445,24324.25314310361,1299.8113857138896,4041.950198740282,29666.014727557784,9041.90925,760.5080361111116,0.8592351205756986,13200.0,10692.0,1200.0,1200.0,1200.0,10800.0,116.64589467592593,177.71272638888897
2025-07-13,static_forecast,81646.33875277778,871.1522861111112,82517.4910388889,52564.756451940826,0.0,3250.56708322361,55815.32353516444,7793.477324999998,1149.6266472222228,0.8896508880668612,22666.666666666668,18360.0,1200.0,1200.0,1200.0,10800.0,287.82285115740746,179.3535069444445
2025-07-13,rolling,75637.5433638889,1795.850711111112,77433.394075,52564.756451940826,-2317.3625914305553,7412.260128726393,57659.65398923667,2915.062791666667,1146.6108833333342,0.9587251522169851,21600.0,17496.0,1200.0,1200.0,1200.0,10800.0,83.36471990740743,179.3535069444445
2025-07-14,static_forecast,77520.41482499999,2603.0147638888902,80123.42958888889,48428.25960445694,0.0,11676.010736091672,60104.27034054862,3550.2283222222222,1066.8553833333337,0.9487366770223511,19466.666666666668,15768.0,1200.0,1200.0,1200.0,10800.0,161.04520000000002,186.67683125000013
2025-07-14,rolling,76528.44836944445,1898.6514833333329,78427.09985277778,48428.25960445694,1069.2718463211122,8156.67505202083,57654.20650279889,1853.8985861111107,1066.8553833333337,0.9732307352198314,19466.666666666668,15768.0,1200.0,1200.0,1200.0,10800.0,82.47160486111115,186.67683125000013
2025-07-15,static_forecast,80680.54058333332,1550.6666305555564,82231.20721388889,50621.5995217675,0.0,6247.736617611114,56869.33613937861,4114.275827777776,1567.8808027777775,0.9384054595476321,20000.0,16200.0,1200.0,1200.0,1200.0,10800.0,145.43489675925923,215.16307361111114
2025-07-15,rolling,76874.10740833334,2977.3158250000024,79851.42323333333,50621.5995217675,-831.1712294872234,11137.860057595844,60928.28834987612,1810.4918472222216,1567.8808027777775,0.9728952510744414,19600.0,15876.0,1200.0,1200.0,1200.0,10800.0,124.25803553240738,215.16307361111114
2025-07-16,static_forecast,76894.82853888889,4134.448952777775,81029.27749166667,49498.63105670722,0.0,13956.723557705549,63455.35461441277,3725.8210194444446,1267.5597555555541,0.9453937756723587,20533.333333333336,16632.0,1200.0,1200.0,1200.0,10800.0,261.5348025462962,193.97973541666664
2025-07-16,rolling,76510.26727499999,2811.5232749999964,79321.79055,49498.63105670722,497.39850282139093,10302.2761246486,60298.305684177205,2196.7268500000014,1266.5003166666654,0.9678044225603893,19600.0,15876.0,1200.0,1200.0,1200.0,10800.0,83.03530543981486,193.97973541666664
2025-07-17,static_forecast,75047.35814722223,4600.1629555555555,79647.52110277777,47666.95104342639,0.0,18363.22122305833,66030.17226648473,1653.9807194444443,1346.4576499999994,0.975257863650725,20666.666666666668,16740.0,1200.0,1200.0,1200.0,10800.0,190.3894203703704,210.95460277777772
2025-07-17,rolling,77240.35392777779,2476.408686111111,79716.76261388889,47666.95104342639,3037.107464558195,9422.331770987501,60126.39027897209,1748.5555638888895,1346.4576499999994,0.9738431048999446,20533.333333333332,16632.0,1200.0,1200.0,1200.0,10800.0,67.5846505787037,210.95460277777772
2025-07-18,static_forecast,42410.64381944444,1034.8807555555559,43445.524575,25367.47013697028,0.0,4317.196925119445,29684.667062089724,8460.262222222222,1253.6809194444447,0.8644706214547204,12933.333333333334,10476.0,1200.0,1200.0,1200.0,10800.0,279.98040694444455,165.03035833333337
2025-07-18,rolling,40520.916597222225,1504.761575,42025.67817222222,25367.47013697028,-702.7437938930558,6505.732826987499,31170.459170064725,7039.152533333332,1254.9442055555558,0.8872361230338426,12933.333333333332,10476.0,1200.0,1200.0,1200.0,10800.0,109.90190763888886,165.03035833333337
2025-07-19,static_forecast,42719.22631388889,1112.9453250000001,43832.17163888889,25780.734563989445,0.0,3907.56247866111,29688.297042650556,13325.871522222224,916.8144000000004,0.8022330861390694,12666.666666666668,10260.0,1200.0,1200.0,1200.0,10800.0,367.52196689814815,171.73421944444448
2025-07-19,rolling,40998.573988888886,1133.6588972222216,42132.23288611111,25780.734563989445,-605.8603058320831,3884.328338077775,29059.202596235133,11625.932769444442,916.8144000000004,0.8274615779738308,12666.666666666668,10260.0,1200.0,1200.0,1200.0,10800.0,134.97959710648146,171.73421944444448
2025-07-20,static_forecast,79932.28013888889,2060.272863888888,81992.55300277777,50192.46605847667,0.0,8002.587748224994,58195.05380670166,4942.02156111111,1160.5532250000003,0.9258628862353437,20000.000000000004,16200.0,1200.0,1200.0,1200.0,10800.0,220.36409907407406,194.3764909722223
2025-07-20,rolling,78596.3488027778,1741.6551694444443,80338.00397222221,50192.46605847667,595.7406245034731,6279.3170203513855,57067.52370333153,3194.2802388888904,1177.7455166666666,0.9520814074689192,20400.0,16524.0,1200.0,1200.0,1200.0,10800.0,88.4196568287037,194.3764909722223
2025-07-21,static_forecast,81957.9448,1329.7400527777795,83287.68485277778,52049.91172754944,0.0,4715.090355790284,56765.00208333973,3965.2880694444457,1456.6474333333335,0.9384779027320266,20400.000000000004,16524.0,1200.0,1200.0,1200.0,10800.0,110.71251111111116,212.92934305555576
2025-07-21,rolling,81429.84385,1385.3009500000007,82815.14480000001,52049.91172754944,813.5968635174996,4374.922479098615,57238.43107016556,3366.0813500000013,1456.6474333333335,0.9477746936414571,21066.666666666668,17064.0,1200.0,1200.0,1200.0,10800.0,80.37160324074074,212.92934305555576
2025-07-22,static_forecast,76028.15278333334,3837.9898861111087,79866.14266944444,48520.648454413895,0.0,13361.228553818044,61881.87700823194,1506.8732861111112,890.7914333333341,0.9770712136464051,19333.333333333336,15660.0,1200.0,1200.0,1200.0,10800.0,135.06687754629633,176.42174375
2025-07-22,rolling,79828.90364722224,2354.977283333332,82183.88093055556,48520.648454413895,3490.547318273056,8247.211684547214,60258.407457234156,3700.8438472222233,887.8924666666675,0.9436874628523229,20000.0,16200.0,1200.0,1200.0,1200.0,10800.0,157.869090625,176.42174375
2025-07-23,static_forecast,87128.28112222222,1110.9358333333334,88239.21695555554,55472.09304290722,0.0,4364.896919077781,59836.989961985,8664.333816666664,1127.6693555555557,0.8671796606756667,22266.666666666668,18036.0,1200.0,1200.0,1200.0,10800.0,336.48187569444445,203.3334624999999
2025-07-23,rolling,78629.37082777778,2907.5205750000005,81536.89140277778,55472.09304290722,-2676.292925400694,11316.080182081947,64111.88029958847,2190.0082638888875,1127.6693555555557,0.9664281585996507,21066.666666666668,17064.0,1200.0,1200.0,1200.0,10800.0,116.72208263888885,203.3334624999999
2025-07-24,static_forecast,85633.76991111111,972.5430694444452,86606.31298055555,54760.557098405,0.0,3189.057328636116,57949.61442704112,7500.288588888888,1309.552391666667,0.8851159846681362,22000.0,17820.0,1200.0,1200.0,1200.0,10800.0,308.64520625,180.91339722222222
2025-07-24,rolling,79213.96989722222,1704.218094444444,80918.18799166667,54760.557098405,-2216.0270603970835,6064.603388668056,58609.13342667597,2073.1219583333323,1301.927366666667,0.9682454118900413,20666.666666666668,16740.0,1200.0,1200.0,1200.0,10800.0,70.85267511574074,180.91339722222222
2025-07-25,static_forecast,39770.401361111115,1344.7469055555562,41115.14826666666,23447.155390848333,0.0,5200.337535958338,28647.49292680667,11232.8326,970.3294333333322,0.8294166369003357,12666.666666666668,10260.0,1200.0,1200.0,1200.0,10800.0,149.69180625,170.28232291666666
2025-07-25,rolling,39533.94247222222,1580.2283416666664,41114.170813888886,23447.155390848333,24.581257816666962,6291.626856868055,29763.363505533056,11231.85514722222,970.3294333333322,0.8294314806345959,12666.666666666668,10260.0,1200.0,1200.0,1200.0,10800.0,95.48596724537035,170.28232291666666
2025-07-26,static_forecast,40461.38381666667,1239.1271944444452,41700.51101111111,23666.58347484778,0.0,4617.1770518638905,28283.760526711667,9460.822811111111,1262.5966333333338,0.8538160119366258,13200.0,10692.0,1200.0,1200.0,1200.0,10800.0,192.58855694444438,197.21512361111115
2025-07-26,rolling,40817.24244166667,1039.122769444445,41856.365211111115,23666.58347484778,560.7663089462493,3590.8548867541676,27818.20467054819,9613.617144444444,1265.6565000000005,0.8514551089320881,13200.0,10692.0,1200.0,1200.0,1200.0,10800.0,85.73994513888887,197.21512361111115
2025-07-27,static_forecast,77731.90064166667,4146.8880805555555,81878.78872222222,48723.40151636861,0.0,16626.410491645835,65349.81200801444,3206.3577388888903,933.9078499999995,0.9502311615642853,21333.333333333336,17280.0,1200.0,1200.0,1200.0,10800.0,243.70860949074074,184.9469881944445
2025-07-27,rolling,78474.0808138889,2466.5470611111114,80940.627875,48723.40151636861,2477.447462339027,8931.771876862504,60132.62085557014,2242.8635583333335,933.9078499999995,0.9651864441967335,21466.666666666668,17388.0,1200.0,1200.0,1200.0,10800.0,77.29216412037032,184.9469881944445
2025-07-28,static_forecast,80281.028225,4014.3565777777767,84295.38480277779,50469.43064269777,0.0,16218.153308116665,66687.58395081444,1245.7375527777795,1016.1033499999995,0.9793321324645413,21466.666666666668,17388.0,1200.0,1200.0,1200.0,10800.0,183.2924673611111,181.51408333333333
2025-07-28,rolling,81467.74075277778,2641.1783361111106,84108.91908888888,50469.43064269777,2052.1858286613888,10007.993530969441,62529.610002328605,1102.7551722222233,1023.2866833333329,0.9817043342936003,21200.0,17172.0,1200.0,1200.0,1200.0,10800.0,93.65530995370372,181.51408333333333
2025-07-29,static_forecast,78060.47175277778,4454.027430555554,82514.49918333333,49421.07104283972,0.0,17546.358721166664,66967.42976400637,1380.0802000000006,1341.1730333333328,0.9778284338871677,19600.0,15876.0,1200.0,1200.0,1200.0,10800.0,188.3837381944444,191.93051666666665
2025-07-29,rolling,83813.80777777778,1427.234586111112,85241.04236388888,49421.07104283972,5406.9317100601365,5733.92068056806,60561.92343346791,3827.956713888888,1341.1730333333328,0.9385022730135192,21066.666666666668,17064.0,1200.0,1200.0,1200.0,10800.0,132.74025034722223,191.93051666666665
2025-07-30,static_forecast,71440.58684166666,7899.59430833333,79340.18114999999,45596.534022747226,0.0,29743.080866268047,75339.61488901527,229.9563500000001,1004.304083333333,0.9964248697102781,21066.666666666668,17064.0,1200.0,1200.0,1200.0,10800.0,339.61496875000006,161.37016736111096
2025-07-30,rolling,81203.12310833333,1327.0291499999976,82530.15225833334,45596.534022747226,9201.234515409305,4703.507087809715,59501.27562596625,3267.927458333335,1004.304083333333,0.9491935472062356,21866.666666666668,17712.0,1200.0,1200.0,1200.0,10800.0,124.49737638888885,161.37016736111096
2025-07-31,static_forecast,75024.73787222222,5519.990488888887,80544.7283611111,47041.42829550528,0.0,22354.664614074994,69396.09290958027,781.7363944444437,1293.329033333333,0.9875377432996261,19866.666666666668,16092.0,1200.0,1200.0,1200.0,10800.0,224.68416041666666,205.07201944444438
2025-07-31,rolling,79679.43441944444,2345.7655833333315,82025.20000277777,47041.42829550528,5035.124709382639,9692.558201556938,61769.11120644485,2160.874702777777,1293.329033333333,0.9655518465882624,20400.000000000004,16524.0,1200.0,1200.0,1200.0,10800.0,85.92463368055557,205.07201944444438
2025-08-01,static_forecast,39453.02845277778,1330.6544194444432,40783.68287222222,23375.504090105835,0.0,4462.879814379163,27838.383904484996,16146.152688888886,1004.8371833333341,0.7740787746679456,12533.333333333334,10152.0,1200.0,1200.0,1200.0,10800.0,257.3031800925926,173.22384652777777
2025-08-01,rolling,38487.97038055556,1631.6156666666652,40119.58604722223,23375.504090105835,-435.00494601749983,5883.178651998605,28823.67779608694,15482.055863888887,1004.8371833333341,0.7833709925314849,12533.333333333334,10152.0,1200.0,1200.0,1200.0,10800.0,141.291622800926,173.22384652777777
2025-08-02,static_forecast,40442.32056666667,1016.8593166666665,41459.17988333333,24078.375939268608,0.0,4071.1654288444433,28149.541368113052,16550.741227777777,1574.7470555555556,0.7656871261149607,12666.666666666668,10260.0,1200.0,1200.0,1200.0,10800.0,466.04557986111104,179.11642569444444
2025-08-02,rolling,39639.99719722223,1412.5253333333333,41052.52253055555,24078.375939268608,-311.6195465651385,5824.5598774125,29591.31627011597,16144.083875,1574.7470555555556,0.771444273284655,12666.666666666668,10260.0,1200.0,1200.0,1200.0,10800.0,135.61321238425919,179.11642569444444
2025-08-03,static_forecast,65160.783294444445,3289.6638694444455,68450.4471638889,41873.45039189278,0.0,12817.962626323613,54691.413018216386,1240.4412472222216,849.1925999999996,0.9835098155413537,18533.333333333336,15012.0,1200.0,1200.0,1200.0,10800.0,116.53730370370373,157.5688777777778
2025-08-03,rolling,65625.30640833333,2799.2417472222237,68424.54815555556,41873.45039189278,483.55599908583304,11659.941958154173,54016.948349132785,1214.5422388888878,849.1925999999996,0.9838541119162679,18533.333333333336,15012.0,1200.0,1200.0,1200.0,10800.0,97.65060416666674,157.5688777777778
2025-08-04,static_forecast,69923.5161888889,2562.044777777778,72485.56096666667,45388.638858802224,0.0,10146.185456377783,55534.82431518001,2143.749405555556,1278.156477777777,0.9705918552870496,19200.0,15552.0,1200.0,1200.0,1200.0,10800.0,150.5661905092592,184.48916041666672
2025-08-04,rolling,69460.1792111111,2854.7906694444455,72314.96988055555,45388.638858802224,636.9143094393044,11581.824689225008,57607.37785746654,2049.1583194444443,1278.156477777777,0.9718894642061247,18800.0,15228.0,1200.0,1200.0,1200.0,10800.0,139.62290023148145,184.48916041666672
2025-08-05,static_forecast,68394.17827222223,4033.0918972222225,72427.27016944444,44239.345707558336,0.0,14273.631202030556,58512.97690958889,2325.2256194444435,1225.7348166666661,0.967390969853577,19600.0,15876.0,1200.0,1200.0,1200.0,10800.0,204.79218356481482,207.56013472222216
2025-08-05,rolling,70594.99929722222,2058.2560722222215,72653.25536944444,44239.345707558336,2244.6363210861114,8297.333180074995,54781.31520871944,2677.8774861111106,1225.7348166666661,0.9624453700566535,18933.333333333336,15336.0,1200.0,1200.0,1200.0,10800.0,84.31579652777775,207.56013472222216
2025-08-06,static_forecast,75970.35928611111,2716.946322222223,78687.30560833334,49505.347157753604,0.0,10758.885806298615,60264.23296405223,5343.712777777777,1353.1935638888895,0.9221052295938563,20400.0,16524.0,1200.0,1200.0,1200.0,10800.0,261.427750925926,209.12705694444443
2025-08-06,rolling,74256.68355277777,2013.4240000000007,76270.10755277777,49505.347157753604,-289.16592623222164,7579.394953137502,56795.576184658894,2982.460152777777,1347.9148000000007,0.9565249745809302,20133.333333333332,16308.0,1200.0,1200.0,1200.0,10800.0,77.22777060185184,209.12705694444443
2025-08-07,static_forecast,76858.54273888888,1897.4086694444454,78755.95140833333,48212.55435396194,0.0,6468.929870263892,54681.484224225846,10494.860191666667,1149.1059666666665,0.857140422236007,19600.0,15876.0,1200.0,1200.0,1200.0,10800.0,455.7178006944444,198.80853263888892
2025-08-07,rolling,70097.89090277778,1843.9652222222232,71941.85612499999,48212.55435396194,-685.2088501912498,6087.874422573615,53615.21992634431,3807.4315750000005,1149.1059666666665,0.9481719568211404,18933.333333333332,15336.0,1200.0,1200.0,1200.0,10800.0,89.47894907407408,198.80853263888892
2025-08-08,static_forecast,39468.75000555556,963.8658583333345,40432.61586388889,23154.433791218886,0.0,3599.2657352444494,26753.699526463337,20523.44492222222,1676.6663583333336,0.7260912791900098,12933.333333333332,10476.0,1200.0,1200.0,1200.0,10800.0,104.73704745370378,175.80007986111116
2025-08-08,rolling,39389.53899166667,909.4605111111119,40298.99950277778,23154.433791218886,22.350803163472186,3402.988283812504,26579.77287819486,20389.82856111111,1676.6663583333336,0.7278745415365568,12933.333333333332,10476.0,1200.0,1200.0,1200.0,10800.0,96.21131469907405,175.80007986111116
2025-08-09,static_forecast,38626.94132222222,1348.8774944444444,39975.818816666666,22802.0860684375,0.0,4514.346952587499,27316.433021024997,17478.646711111112,1143.2431055555553,0.755138963270195,12800.0,10368.0,1200.0,1200.0,1200.0,10800.0,144.3425131944444,174.94751944444442
2025-08-09,rolling,38637.49691111111,1339.1738027777774,39976.67071388889,22802.0860684375,33.771696590833656,4491.7829647291655,27327.6407297575,17479.49860833333,1143.2431055555553,0.7551270289116336,12800.000000000002,10368.0,1200.0,1200.0,1200.0,10800.0,128.83496099537038,174.94751944444442
2025-08-10,static_forecast,71631.37385,1999.8106527777788,73631.18450277777,46422.95283206333,0.0,8444.056064495839,54867.00889655917,3260.0788527777804,1443.8199333333337,0.9542321905963337,19066.666666666668,15444.0,1200.0,1200.0,1200.0,10800.0,200.0915048611112,183.73342083333335
2025-08-10,rolling,69816.67715833333,1890.7222361111117,71707.39939444445,46422.95283206333,-567.411563114307,6636.90617753056,52492.44744647959,1417.4344277777777,1438.6792500000001,0.9801008283350409,18666.666666666668,15120.0,1200.0,1200.0,1200.0,10800.0,77.58513796296302,183.73342083333335
2025-08-11,static_forecast,70378.06384999999,2492.544836111111,72870.60868611111,44491.496698828334,0.0,9828.745501751388,54320.24220057972,3613.4328777777764,921.2558083333336,0.949716364012152,19866.666666666668,16092.0,1200.0,1200.0,1200.0,10800.0,181.72031087962958,198.15280138888886
2025-08-11,rolling,72428.89140833332,1386.0735999999997,73814.96500833333,44491.496698828334,2573.9884569172214,5389.505676094444,52454.99083184,4568.948241666665,935.4301000000003,0.9364196491253008,19733.333333333336,15984.0,1200.0,1200.0,1200.0,10800.0,124.38555196759256,198.15280138888886
2025-08-12,static_forecast,74258.97626111112,2690.67265,76949.64891111112,46845.16229586528,0.0,11103.460803155556,57948.62309902083,4812.14666111111,1032.9586,0.9301342544719818,17600.0,14256.0,1200.0,1200.0,1200.0,10800.0,233.91335347222218,169.32069791666657
2025-08-12,rolling,72622.66296944444,2161.241858333333,74783.90482777779,46845.16229586528,577.3380285980569,8767.232221623606,56189.73254608695,2570.402577777779,1032.9586,0.9626812927679724,18000.0,14580.0,1200.0,1200.0,1200.0,10800.0,85.54130648148151,169.32069791666657
2025-08-13,static_forecast,67628.23460833333,4758.690161111111,72386.92476944443,42898.79760697028,0.0,19976.34901075694,62875.14661772722,1379.9687694444467,1212.6432166666661,0.9804056906872076,19333.333333333332,15660.0,1200.0,1200.0,1200.0,10800.0,198.88642638888888,182.51482708333342
2025-08-13,rolling,70510.83985,2569.7768666666643,73080.61671666667,42898.79760697028,2970.662952273612,10249.047162558325,56118.50772180221,2149.660716666669,1212.6432166666661,0.9694767606828647,18933.333333333332,15336.0,1200.0,1200.0,1200.0,10800.0,93.66212337962963,182.51482708333342
2025-08-14,static_forecast,69687.97528333333,3427.072369444446,73115.04765277778,44822.100315645,0.0,13789.10000698195,58611.200322626944,1939.3177416666654,1348.1055944444443,0.9722993248334894,20533.333333333336,16632.0,1200.0,1200.0,1200.0,10800.0,180.79344652777783,209.48115
2025-08-14,rolling,72800.49797777779,1738.9727722222224,74539.47075000001,44822.100315645,3161.128550218752,7367.3752742666675,55350.604140130425,3367.1229805555568,1344.7234527777775,0.9519049519704262,20533.333333333336,16632.0,1200.0,1200.0,1200.0,10800.0,114.47995648148152,209.48115
2025-08-15,static_forecast,39272.53860833333,1529.3435527777779,40801.88216111111,23373.717434720555,0.0,4936.521983652779,28310.239418373334,20386.879683333333,772.6089277777775,0.719992486629025,13066.666666666668,10584.0,1200.0,1200.0,1200.0,10800.0,502.17237037037034,183.95374513888888
2025-08-15,rolling,38192.22105,1723.1035416666664,39915.32459166667,23373.717434720555,-447.23217812611085,5828.459349498611,28754.944606093057,19507.138475,765.7925666666664,0.7320754611686147,13066.666666666666,10584.0,1200.0,1200.0,1200.0,10800.0,135.75439733796304,183.95374513888888
2025-08-16,static_forecast,40555.14970277777,1690.3234250000005,42245.473127777776,24630.850072933892,0.0,6697.275192993056,31328.125265926945,22101.008561111114,859.1842000000004,0.6982972514749726,12400.0,10044.0,1200.0,1200.0,1200.0,10800.0,453.7432118055556,161.92785833333335
2025-08-16,rolling,38033.4044,1652.9231250000003,39686.327525,24630.850072933892,-994.1705079180555,6690.574336261112,30327.25390127694,19541.862958333335,859.1842000000004,0.7332323658657421,12400.0,10044.0,1200.0,1200.0,1200.0,10800.0,72.44798032407405,161.92785833333335
2025-08-17,static_forecast,72916.70767777778,1900.0324861111128,74816.7401638889,45855.596758099724,0.0,8106.296966895838,53961.893724995556,6895.383497222223,1057.2963833333342,0.9045009977066727,19466.666666666668,15768.0,1200.0,1200.0,1200.0,10800.0,264.3094951388889,183.54294375
2025-08-17,rolling,70040.87902222222,1755.558519444446,71796.43754166667,45855.596758099724,123.7825760051386,7288.890379272227,53268.269713377085,3951.080874999999,1057.2963833333342,0.9452787097781072,19066.666666666668,15444.0,1200.0,1200.0,1200.0,10800.0,90.20852268518512,183.54294375
2025-08-18,static_forecast,70664.2583611111,2149.918263888888,72814.176625,45195.94739297,0.0,7878.585772141665,53074.53316511167,3043.4729333333357,1323.2547416666657,0.9573241571149389,21333.333333333336,17280.0,1200.0,1200.0,1200.0,10800.0,123.08426111111112,195.15948750000015
2025-08-18,rolling,70243.3086611111,2142.5867249999983,72385.89538611111,45195.94739297,338.8761746658345,8337.080219651383,53871.903787287214,2801.9212361111136,1313.8585333333326,0.9607112160785239,20400.0,16524.0,1200.0,1200.0,1200.0,10800.0,90.42989652777784,195.15948750000015
2025-08-19,static_forecast,69455.40305555557,2198.74418611111,71654.14724166667,44711.85094513028,0.0,7863.776907030553,52575.627852160826,2843.26563888889,895.8882194444445,0.9599803970747739,18933.333333333336,15336.0,1200.0,1200.0,1200.0,10800.0,128.22449490740743,186.25159236111105
2025-08-19,rolling,70128.75159444445,1897.1483250000003,72025.89991944445,44711.85094513028,959.8288085415275,7726.532818920833,53398.21257259264,3291.693830555557,895.2127055555557,0.9536686694874809,18533.333333333336,15012.0,1200.0,1200.0,1200.0,10800.0,104.11648888888888,186.25159236111105
2025-08-20,static_forecast,78025.41185555556,2514.5725305555547,80539.9843861111,48813.4404634225,0.0,10834.46911860694,59647.90958202944,4548.193947222222,1110.4327055555555,0.9293729779669234,22266.666666666668,18036.0,1200.0,1200.0,1200.0,10800.0,209.88407569444445,202.42675069444434
2025-08-20,rolling,75703.00979444444,2193.8562722222223,77896.86606666667,48813.4404634225,541.8522671694418,8673.613625608334,58028.90635620027,2029.6968694444422,1112.4781305555555,0.9684816770827748,21600.0,17496.0,1200.0,1200.0,1200.0,10800.0,85.57185289351861,202.42675069444434
2025-08-21,static_forecast,73472.35630555556,1535.1710694444453,75007.527375,46679.94734432667,0.0,5444.261276240281,52124.20862056695,4505.265750000001,883.1764749999999,0.934826609617717,19866.666666666668,16092.0,1200.0,1200.0,1200.0,10800.0,155.1333923611111,191.65238055555562
2025-08-21,rolling,71448.08265555555,2103.819611111111,73551.90226666667,46679.94734432667,-317.0418498599999,7308.945470483333,53671.850964950005,3097.554633333335,885.9291499999999,0.9551906261359426,19600.0,15876.0,1200.0,1200.0,1200.0,10800.0,90.88120115740742,191.65238055555562
2025-08-22,static_forecast,39054.62158888889,1870.5787,40925.20028888889,23113.380750630837,0.0,7343.319743915277,30456.700494546112,16340.865347222221,947.0988750000004,0.7642050275720168,12666.666666666668,10260.0,1200.0,1200.0,1200.0,10800.0,172.63337152777774,173.3511944444445
2025-08-22,rolling,38258.85276666666,2183.7648083333333,40442.617575,23113.380750630837,-293.78710115305535,8824.706650419444,31644.300299897222,15858.282633333334,947.0988750000004,0.7711685864348891,12666.666666666666,10260.0,1200.0,1200.0,1200.0,10800.0,109.78742106481478,173.3511944444445
2025-08-23,static_forecast,38553.4785,1871.6189333333336,40425.097433333336,22273.095773513334,0.0,7451.387665286111,29724.48343879944,14496.541633333334,814.5496499999998,0.7841721172682404,13600.0,11016.0,1200.0,1200.0,1200.0,10800.0,188.15024606481487,150.42451319444447
2025-08-23,rolling,39317.03806111111,1217.1388694444445,40534.17693055556,22273.095773513334,1225.0541837052779,4289.987477451388,27788.137434670003,14589.552213888886,830.6185666666665,0.7827873541170901,13600.0,11016.0,1200.0,1200.0,1200.0,10800.0,104.31469375000006,150.42451319444447
2025-08-24,static_forecast,68649.35743333332,2687.454761111112,71336.81219444444,44873.74426950833,0.0,10619.515210843061,55493.25948035139,2664.0834833333356,1164.472561111111,0.9626536366179047,19866.666666666668,16092.0,1200.0,1200.0,1200.0,10800.0,123.74804421296297,191.0377291666667
2025-08-24,rolling,68985.28795833334,2170.970611111112,71156.25856944444,44873.74426950833,754.0986927245821,8221.043574315281,53848.88653654819,2508.8631916666673,1164.472561111111,0.9648295869787414,19733.333333333336,15984.0,1200.0,1200.0,1200.0,10800.0,85.98644097222223,191.0377291666667
2025-08-25,static_forecast,90642.36043888888,1193.5038694444447,91835.86430833333,57594.38275522667,0.0,4470.4950202375,62064.87777546416,15389.071797222223,1215.0388277777784,0.7585593425840168,23466.666666666668,19008.0,1200.0,1200.0,1200.0,10800.0,619.1540710648148,167.107888888889
2025-08-25,rolling,75838.27258888888,1997.0492555555552,77835.32184444444,57594.38275522667,-4621.773198554722,7974.6138342791655,60947.22339095111,2022.32435277778,1214.577141666667,0.9682715547970115,20133.333333333336,16308.0,1200.0,1200.0,1200.0,10800.0,89.37460347222223,167.107888888889
2025-08-26,static_forecast,69973.61434999999,2832.8518027777773,72806.46615277778,45576.05198765389,0.0,10705.772504676388,56281.82449233027,1856.7372972222229,1570.2438055555558,0.9730282775786168,20266.666666666668,16416.0,1200.0,1200.0,1200.0,10800.0,187.00827824074076,185.80100069444435
2025-08-26,rolling,70785.04654166667,1467.5729722222206,72252.61951388889,45576.05198765389,1213.8050907123607,5891.22456983333,52681.08164819958,1408.160194444443,1566.307602777778,0.9795444913256078,19733.333333333336,15984.0,1200.0,1200.0,1200.0,10800.0,95.5968638888889,185.80100069444435
2025-08-27,static_forecast,70919.87989444446,4944.927988888889,75864.80788333333,45586.94672337195,0.0,18899.662227370834,64486.608950742775,2778.4125222222237,1118.913161111112,0.9578224688797393,21333.333333333336,17280.0,1200.0,1200.0,1200.0,10800.0,293.70812083333334,155.66040000000007
2025-08-27,rolling,75216.49221944444,1032.8638749999996,76249.35609444445,45586.94672337195,4327.891673725277,4122.719532136109,54037.55792923333,3309.982427777778,1123.8914666666676,0.9497530025730474,20533.333333333332,16632.0,1200.0,1200.0,1200.0,10800.0,116.48972673611118,155.66040000000007
2025-08-28,static_forecast,69884.14978055556,6687.164625,76571.31440555555,44275.189795994724,0.0,27093.344501104166,71368.5342970989,616.9934416666648,1411.8593138888896,0.99032562040797,19866.666666666668,16092.0,1200.0,1200.0,1200.0,10800.0,246.3780252314815,211.5575930555556
2025-08-28,rolling,75275.65401111111,2690.2283777777784,77965.88238888889,44275.189795994724,5535.228060487918,10836.655403726389,60647.073260209036,1970.6450916666663,1427.4423138888897,0.9691005327277791,20000.0,16200.0,1200.0,1200.0,1200.0,10800.0,102.39465671296294,211.5575930555556
2025-08-29,static_forecast,41931.42133611112,843.3686972222222,42774.79003333334,25137.14836802167,0.0,3378.9867961125,28516.135164134168,15824.50238888889,1709.7339611111113,0.7594077297000872,14133.333333333336,11448.0,1200.0,1200.0,1200.0,10800.0,307.52410787037036,192.33926875000003
2025-08-29,rolling,41138.93501666667,941.6892472222223,42080.624263888894,25137.14836802167,-348.20708038805566,3835.5661886083335,28624.507476241946,15142.446030555555,1697.6245500000002,0.7697775652684479,14133.333333333332,11448.0,1200.0,1200.0,1200.0,10800.0,90.99639594907406,192.33926875000003
2025-08-30,static_forecast,40304.22916944444,1215.6320750000002,41519.861244444444,23932.397430603887,0.0,4258.735903718057,28191.133334321945,19567.368983333334,881.1057611111121,0.7224973489372957,13466.666666666668,10908.0,1200.0,1200.0,1200.0,10800.0,333.3768108796296,166.67857986111113
2025-08-30,rolling,39612.84464722223,1269.8627111111114,40882.70735833333,23932.397430603887,-272.6377885602782,4512.382596145835,28172.142238189444,18932.44147222222,878.8793861111119,0.7315018332763018,13466.666666666668,10908.0,1200.0,1200.0,1200.0,10800.0,80.35853831018512,166.67857986111113
2025-08-31,static_forecast,69609.5384111111,3970.3460027777796,73579.88441388888,45235.85144221583,0.0,17146.73897252362,62382.590414739454,1650.2294805555553,1635.03185,0.9752658764098144,19200.000000000004,15552.0,1200.0,1200.0,1200.0,10800.0,217.84362152777786,194.41153194444442
2025-08-31,rolling,72407.495875,2126.729972222222,74534.22584722223,45235.85144221583,2595.807868339724,8638.850773780552,56470.5100843361,2455.2903305555556,1632.3124333333335,0.9631993882055095,20000.0,16200.0,1200.0,1200.0,1200.0,10800.0,106.02788206018519,194.41153194444442
2025-09-01,static_forecast,78815.86435,0.0,78815.86435,49419.999452214164,0.0,0.0,49419.999452214164,13481.834297222224,7757.228852777777,0.8008282327700573,21066.666666666668,17064.0,1200.0,1200.0,1200.0,10800.0,378.1354335648149,555.2399409722223
2025-09-01,rolling,72928.79964166667,0.0,72928.79964166667,49419.999452214164,-1194.4299634230542,0.0,48225.56948879111,7852.705580555557,7752.626194444443,0.8839892841333961,19733.333333333336,15984.0,1200.0,1200.0,1200.0,10800.0,105.29529189814821,555.2399409722223
2025-09-02,static_forecast,69589.73581111111,269.652088888889,69859.3879,44206.99824628806,0.0,920.2630281819447,45127.26127447,4670.417891666667,7179.214158333332,0.9307830579599922,20800.0,16848.0,1200.0,1200.0,1200.0,10800.0,155.06605046296292,545.1490354166666
2025-09-02,rolling,72034.45048055556,196.1580416666676,72230.60852222223,44206.99824628806,2878.8102041855554,648.3562683611154,47734.16471883473,7051.072416666668,7220.446922222221,0.8955010703313854,20533.333333333336,16632.0,1200.0,1200.0,1200.0,10800.0,102.55082187500004,545.1490354166666
2025-09-03,static_forecast,73767.161475,222.97570000000016,73990.13717500001,46985.610610866665,0.0,871.6752947250011,47857.28590559167,7787.606222222222,7057.480369444444,0.8818018043476498,18933.333333333336,15336.0,1200.0,1200.0,1200.0,10800.0,169.39582523148144,531.2277069444444
2025-09-03,rolling,72366.960475,212.75830277777757,72579.71877777777,46985.610610866665,297.5038020977779,829.365931955555,48112.48034492,6312.6951527777765,7096.639708333332,0.9041876084293391,19066.666666666668,15444.0,1200.0,1200.0,1200.0,10800.0,85.01566932870375,531.2277069444444
2025-09-04,static_forecast,72684.24786111111,487.44015833333214,73171.68801944445,47125.55125538334,0.0,2090.50587160555,49216.05712698889,7466.211736111112,7827.910733333334,0.8887890939548789,20800.0,16848.0,1200.0,1200.0,1200.0,10800.0,142.71973842592593,569.8228097222222
2025-09-04,rolling,71131.409,544.6566361111109,71676.0656361111,47125.55125538334,-227.58805941208547,1638.3312920402768,48536.294488011525,6003.57888611111,7794.9212,0.9105753398060557,20800.0,16848.0,1200.0,1200.0,1200.0,10800.0,96.62249560185185,569.8228097222222
2025-09-05,static_forecast,39519.048622222224,28.685780555555624,39547.73440277778,23675.722849240832,0.0,125.61551963194475,23801.338368872777,22836.3039,7328.502169444444,0.6656897639606756,13466.666666666668,10908.0,1200.0,1200.0,1200.0,10800.0,168.26320995370367,550.2142958333334
2025-09-05,rolling,38660.31070277778,18.46023333333335,38678.77093611111,23675.722849240832,-254.3325514616664,80.83736176666675,23502.227659545835,22120.147858333337,7175.694744444445,0.676173872789275,13466.666666666666,10908.0,1200.0,1200.0,1200.0,10800.0,98.17291956018518,550.2142958333334
2025-09-06,static_forecast,40230.702872222224,200.23079999999982,40430.93367222222,23964.281758854442,0.0,770.135116166666,24734.41687502111,21961.362972222225,8215.153666666667,0.6775380763852559,13333.333333333334,10800.0,1200.0,1200.0,1200.0,10800.0,190.1830636574074,576.69741875
2025-09-06,rolling,39837.441999999995,143.45094166666655,39980.892941666665,23964.281758854442,-62.91112696513872,545.0806737999995,24446.451305689305,21551.77948611111,8174.696422222222,0.6835520509723194,13333.333333333332,10800.0,1200.0,1200.0,1200.0,10800.0,72.31006585648146,576.69741875
2025-09-07,static_forecast,68866.85296111112,985.8271138888883,69852.68007500001,44491.89518325889,0.0,4431.019416465277,48922.91459972417,3858.356241666669,7284.006883333335,0.9413802073572328,19733.333333333336,15984.0,1200.0,1200.0,1200.0,10800.0,139.7351581018518,543.1859750000001
2025-09-07,rolling,72666.23781666666,256.1478833333332,72922.3857,44491.89518325889,3406.7661811180565,960.4977754500001,48859.159139826945,6798.775133333336,7286.626950000002,0.8967065860231075,20400.000000000004,16524.0,1200.0,1200.0,1200.0,10800.0,89.11192407407407,543.1859750000001
2025-09-08,static_forecast,64871.1289388889,3011.7298722222226,67882.85881111112,40024.39974745889,0.0,12404.7517809375,52429.15152839639,3905.2470111111097,807.3756000000009,0.9370172474992972,19866.666666666668,16092.0,1200.0,1200.0,1200.0,10800.0,228.20544629629623,141.3138583333334
2025-09-08,rolling,64760.836975,1789.0165833333342,66549.85355833333,40024.39974745889,1412.590698060277,7106.235118638892,48543.225564158056,2572.241758333332,807.3756000000009,0.9585155905436601,19866.666666666668,16092.0,1200.0,1200.0,1200.0,10800.0,85.09073912037036,141.3138583333334
2025-09-09,static_forecast,56560.30618611112,3635.1183111111104,60195.42449722222,35671.457498423886,0.0,14584.593414302773,50256.05091272666,2395.2250944444436,973.3651361111112,0.9647654282319018,19600.0,15876.0,1200.0,1200.0,1200.0,10800.0,203.30229513888895,147.29022222222224
2025-09-09,rolling,58563.74666666667,1955.9124749999999,60519.65914166666,35671.457498423886,2373.265768999444,7964.425110243057,46009.14837766639,2770.026024999999,973.4655166666668,0.9592519796975489,19333.333333333332,15660.0,1200.0,1200.0,1200.0,10800.0,86.36261377314813,147.29022222222224
2025-09-10,static_forecast,66930.25350277778,2458.129063888888,69388.38256666667,40942.62126309778,0.0,10346.919912599997,51289.54117569778,2890.6254222222233,1204.425161111111,0.9517897971213686,20933.333333333336,16956.0,1200.0,1200.0,1200.0,10800.0,189.8374798611111,150.65557430555546
2025-09-10,rolling,65875.4864861111,1851.7800083333323,67727.26649444444,40942.62126309778,1315.6548777155572,7320.672991463885,49578.94913227722,1123.4343166666686,1209.166861111111,0.9812632256289784,21466.66666666667,17388.0,1200.0,1200.0,1200.0,10800.0,64.77977743055554,150.65557430555546
2025-09-11,static_forecast,65674.06708611111,2170.358125000001,67844.42521111111,41021.46715927222,0.0,9821.40389570139,50842.87105497361,9848.406630555553,851.932797222222,0.8535567998680063,19200.0,15552.0,1200.0,1200.0,1200.0,10800.0,438.9759048611111,136.7846048611111
2025-09-11,rolling,59480.600366666666,1587.9182277777795,61068.518594444446,41021.46715927222,-1865.8851701011117,6255.45943511945,45411.04142429056,2705.188577777776,839.244233333333,0.959774561799552,21200.0,17172.0,1200.0,1200.0,1200.0,10800.0,54.6870121527778,136.7846048611111
2025-09-12,static_forecast,31122.79356388889,1711.1634083333333,32833.95697222222,17224.42864643139,0.0,6397.231315169444,23621.65996160083,17840.750016666665,806.8840888888888,0.7218275324960044,13866.666666666668,11232.0,1200.0,1200.0,1200.0,10800.0,210.65570370370372,137.7953541666667
2025-09-12,rolling,31176.477275,1329.3077416666665,32505.78501666667,17224.42864643139,101.26503925916724,4697.176969299999,22022.870654990555,17512.799108333333,806.6630416666666,0.7269409337434876,13866.666666666666,11232.0,1200.0,1200.0,1200.0,10800.0,149.4740811342593,137.7953541666667
2025-09-13,static_forecast,31299.979686111114,1269.4872694444448,32569.46695555556,17194.48050521083,0.0,4974.420697323613,22168.901202534442,20801.551380555553,1075.4807583333336,0.6897905933344519,14133.333333333334,11448.0,1200.0,1200.0,1200.0,10800.0,124.21133819444442,144.82763680555558
2025-09-13,rolling,31408.937908333333,1206.2331833333337,32615.171091666667,17194.48050521083,191.53014811444393,4753.819187388891,22139.829840714166,20845.422877777775,1077.3133972222226,0.6891363464047948,14133.333333333334,11448.0,1200.0,1200.0,1200.0,10800.0,113.74588275462969,144.82763680555558
2025-09-14,static_forecast,70056.35735277778,1441.475944444446,71497.83329722223,43680.04655438583,0.0,5421.069399016675,49101.11595340251,6462.442480555555,882.7327333333322,0.8942980916294933,21333.333333333336,17280.0,1200.0,1200.0,1200.0,10800.0,266.89117685185187,160.7576652777777
2025-09-14,rolling,65500.18056111111,1952.7336000000016,67452.91416111111,43680.04655438583,-1306.806345758333,7365.446945416674,49738.68715404417,2417.938063888889,882.3180138888878,0.9604513822066897,21333.333333333336,17280.0,1200.0,1200.0,1200.0,10800.0,82.80673622685188,160.7576652777777
2025-09-15,static_forecast,59118.99378333334,3027.395241666666,62146.389025,37198.1189787275,0.0,12421.905351675,49620.02433040249,1999.3659000000002,1127.9924916666685,0.9695650081009203,20800.0,16848.0,1200.0,1200.0,1200.0,10800.0,175.30144513888885,158.9003659722224
2025-09-15,rolling,59828.88095555555,2053.4059500000008,61882.28690555556,37198.1189787275,930.5663187354147,8222.002614543058,46350.68791200597,1733.7519055555554,1129.5043666666684,0.9736082699016736,20800.0,16848.0,1200.0,1200.0,1200.0,10800.0,73.12448460648145,158.9003659722224
2025-09-16,static_forecast,70239.62043611112,1577.825272222221,71817.44570833333,43324.15167429722,0.0,5951.397881254163,49275.549555551384,7609.860325,535.8154000000004,0.877952420585376,22000.0,17820.0,1200.0,1200.0,1200.0,10800.0,317.6307127314814,138.94536319444435
2025-09-16,rolling,65258.86201111111,1641.9185499999985,66900.78056111111,43324.15167429722,-1358.640168948888,6066.181465870829,48031.69297121916,2863.765611111113,542.5783000000002,0.9540706864620472,21066.666666666668,17064.0,1200.0,1200.0,1200.0,10800.0,84.81940694444444,138.94536319444435
2025-09-17,static_forecast,66218.4196138889,2304.2526611111116,68522.67227499999,41699.34313778028,0.0,7664.064270580561,49363.40740836084,3463.9892277777767,994.5646472222219,0.9431803886944956,21600.0,17496.0,1200.0,1200.0,1200.0,10800.0,200.84212731481486,130.20364375000014
2025-09-17,rolling,63938.65282777778,2088.651341666668,66027.30416944444,41699.34313778028,-482.43971027458315,7366.377708247232,48583.28113575293,1024.9027555555574,988.9496805555552,0.983188580458154,21333.333333333336,17280.0,1200.0,1200.0,1200.0,10800.0,74.5790554398148,130.20364375000014
2025-09-18,static_forecast,59441.17391944444,4630.197669444445,64071.37158888889,37440.97662041416,0.0,18134.655844672227,55575.6324650864,315.78548888888866,746.2016500000007,0.9948941735264889,21333.333333333336,17280.0,1200.0,1200.0,1200.0,10800.0,227.8964923611112,123.21489652777781
2025-09-18,rolling,65319.11938055555,1318.2069000000006,66637.32628055556,37440.97662041416,4969.5292904936105,5401.15189576528,47811.65780667306,2883.470880555556,744.4709500000006,0.953378155502519,21333.333333333336,17280.0,1200.0,1200.0,1200.0,10800.0,100.01581238425923,123.21489652777781
2025-09-19,static_forecast,31918.422688888888,1275.4333500000002,33193.85603888889,17860.553425494167,0.0,4512.541135006944,22373.094560501115,13167.70832222222,1290.1287333333332,0.7775190320422256,13866.666666666668,11232.0,1200.0,1200.0,1200.0,10800.0,97.51780347222225,147.71247847222222
2025-09-19,rolling,31746.275794444442,1309.0203277777778,33055.29612222222,17860.553425494167,58.44816644222169,4741.0390503875005,22660.04064232389,13030.350638888889,1288.9265,0.7798398208686962,13866.666666666666,11232.0,1200.0,1200.0,1200.0,10800.0,55.01403842592597,147.71247847222222
2025-09-20,static_forecast,32065.51113611111,1435.3489388888902,33500.860075000004,17858.31435400028,0.0,5564.88077130417,23423.19512530445,14030.58133888889,1114.178336111111,0.7649239800612109,14266.666666666668,11556.0,1200.0,1200.0,1200.0,10800.0,226.76834166666677,149.17629930555552
2025-09-20,rolling,31586.68412777778,1543.9170250000002,33130.60115277778,17858.31435400028,-118.72331615694452,6183.826226194445,23923.41726403778,13660.279894444444,1114.2208583333331,0.7711282126325519,14266.666666666666,11556.0,1200.0,1200.0,1200.0,10800.0,112.96994166666663,149.17629930555552
2025-09-21,static_forecast,66037.27087777777,1405.9544972222202,67443.225375,41081.59401780778,0.0,5521.60241072777,46603.19642853554,4223.491191666665,1005.5800333333331,0.9325049141923818,20666.666666666668,16740.0,1200.0,1200.0,1200.0,10800.0,169.04469537037033,134.2583631944444
2025-09-21,rolling,65142.898436111114,1262.0153138888877,66404.91375,41081.59401780778,351.58099672569506,5088.879819365272,46522.05483389874,3336.540952777779,1006.218647222222,0.9466791553033876,19866.666666666668,16092.0,1200.0,1200.0,1200.0,10800.0,124.9328078703704,134.2583631944444
2025-09-22,static_forecast,69923.70988611112,1411.288847222223,71334.99873333334,43937.38215898611,0.0,5157.181065038891,49094.563224025,5807.373066666669,809.6057833333326,0.9041751209013752,21600.0,17496.0,1200.0,1200.0,1200.0,10800.0,262.2125708333334,153.2325673611112
2025-09-22,rolling,63573.37943055556,2786.908122222223,66360.28755277778,43937.38215898611,-1991.2838443791666,10010.119722351392,51956.21803695834,933.9952194444462,809.6057833333326,0.9845885604464311,21066.666666666668,17064.0,1200.0,1200.0,1200.0,10800.0,84.0823292824074,153.2325673611112
2025-09-23,static_forecast,69491.571675,998.1226416666684,70489.69431666666,43434.11263262945,0.0,4430.846761704173,47864.959394333615,2813.470533333333,1430.2748666666662,0.9523670731954235,21733.333333333336,17604.0,1200.0,1200.0,1200.0,10800.0,116.82645879629627,148.89045833333344
2025-09-23,rolling,67704.67993611112,1410.6628083333353,69115.34274444444,43434.11263262945,-614.5239812545842,6087.461802175008,48907.05045354986,1439.1189611111122,1430.2748666666662,0.9756352706290945,21733.333333333336,17604.0,1200.0,1200.0,1200.0,10800.0,53.515887847222224,148.89045833333344
2025-09-24,static_forecast,60401.83201944444,6475.265066666669,66877.09708611111,37930.5083510386,0.0,21510.830066329174,59441.33841736779,806.5894027777781,953.9492499999997,0.9865458486255418,21333.333333333336,17280.0,1200.0,1200.0,1200.0,10800.0,311.99785810185193,148.76597708333333
2025-09-24,rolling,64584.47535277777,2234.0786138888907,66818.55396666667,37930.5083510386,3858.0280954515265,7958.312411616672,49746.84885810681,748.046283333332,953.9492499999997,0.9875223652872114,21333.333333333336,17280.0,1200.0,1200.0,1200.0,10800.0,58.22451469907412,148.76597708333333
2025-09-25,static_forecast,65357.12085,2775.3418500000002,68132.4627,41079.34141259389,0.0,10785.547060956947,51864.88847355083,2438.2445333333317,1305.4359333333323,0.9595049301007009,21333.333333333336,17280.0,1200.0,1200.0,1200.0,10800.0,127.46496018518513,166.72121319444446
2025-09-25,rolling,67918.70194166667,1702.6811999999973,69621.38314166665,41079.34141259389,2660.782814356528,6132.594626727771,49872.71885367819,3927.1649749999983,1305.4359333333323,0.9347765090848815,21333.333333333336,17280.0,1200.0,1200.0,1200.0,10800.0,140.3635216435185,166.72121319444446
2025-09-26,static_forecast,33102.066575,748.168508333333,33850.23508333333,18614.383070473887,0.0,2547.035242316665,21161.418312790553,12076.880402777777,1343.111180555556,0.7862503213451204,14400.0,11664.0,1200.0,1200.0,1200.0,10800.0,212.75481458333334,140.16192847222226
2025-09-26,rolling,32005.06036111111,926.4616083333326,32931.521969444446,18614.383070473887,-438.45978212416645,3388.9271454888853,21564.85043383861,11168.255330555556,1333.0231388888892,0.8023321496590445,14400.0,11664.0,1200.0,1200.0,1200.0,10800.0,83.59224699074073,140.16192847222226
2025-09-27,static_forecast,32124.151450000005,2429.6428777777783,34553.794327777774,17776.41293851861,0.0,9602.804467208336,27379.217405726948,12975.230261111112,1015.9284833333331,0.7768449798804835,14533.333333333332,11772.0,1200.0,1200.0,1200.0,10800.0,294.84340833333323,185.68304513888884
2025-09-27,rolling,32576.99561388889,2043.9922166666665,34620.987830555554,17776.41293851861,568.3637667070832,7744.782861573611,26089.559566799304,13042.423763888888,1015.9284833333331,0.7756893497172781,14533.333333333332,11772.0,1200.0,1200.0,1200.0,10800.0,41.08219513888888,185.68304513888884
2025-09-28,static_forecast,65484.11013611111,3655.028458333333,69139.13859444443,40888.76713946945,0.0,13290.896441790279,54179.663581259716,471.2198277777776,1126.9562666666654,0.9917187461400339,21333.333333333336,17280.0,1200.0,1200.0,1200.0,10800.0,138.6633344907408,143.8877680555555
2025-09-28,rolling,69509.99609999999,1574.6484166666664,71084.64451666665,40888.76713946945,4097.50642259889,5581.515730343056,50567.78929241139,2492.7257500000005,1126.9562666666654,0.956192644022697,20933.333333333336,16956.0,1200.0,1200.0,1200.0,10800.0,113.16324444444447,143.8877680555555
2025-09-29,static_forecast,69401.64389722221,1748.2105638888906,71149.8544611111,43624.62587144945,0.0,6725.303704337506,50349.92957578695,3067.345344444442,1218.617516666667,0.947433328622269,21600.0,17496.0,1200.0,1200.0,1200.0,10800.0,128.8575298611111,156.07497222222233
2025-09-29,rolling,65692.86347222222,3225.871900000001,68918.73537222223,43624.62587144945,-877.5123756512486,12190.353153845837,54937.46664964403,886.8929222222221,1218.617516666667,0.9848008608244485,21333.333333333332,17280.0,1200.0,1200.0,1200.0,10800.0,121.22890173611111,156.07497222222233
2025-09-30,static_forecast,67883.5097638889,5540.6662472222215,73424.17601111112,43349.83335208695,0.0,20027.606351061106,63377.43970314805,2732.680794444444,987.987116666666,0.9507574333846358,22533.333333333336,18252.0,1200.0,1200.0,1200.0,10800.0,287.26197222222214,140.1154819444444
2025-09-30,rolling,70142.452625,2033.2622027777793,72175.71482777779,43349.83335208695,2854.5336342655555,7266.0263250986145,53470.39331145112,1560.2196111111116,987.987116666666,0.9718850374727517,22133.333333333336,17928.0,1200.0,1200.0,1200.0,10800.0,93.14770451388891,140.1154819444444
2025-10-01,static_forecast,64175.43291388889,404.9518194444449,64580.38473333333,40106.182157191666,0.0,1451.2340211527803,41557.41617834444,7935.208883333334,3006.3209833333344,0.8825404216944088,20933.333333333336,16956.0,1200.0,1200.0,1200.0,10800.0,301.64533703703705,210.28985138888888
2025-10-01,rolling,61692.116425,319.67270555555586,62011.78913055555,40106.182157191666,-580.8919241170836,1005.1182493722238,40530.4084824468,5288.763088888889,3008.1711750000013,0.9217139849356919,21333.333333333336,17280.0,1200.0,1200.0,1200.0,10800.0,157.687325,210.28985138888888
2025-10-02,static_forecast,70595.52838055557,597.9458194444446,71193.4742,44261.53087404973,0.0,1720.563390275001,45982.094264324725,11982.10874722222,3325.9156694444446,0.8170696300496784,21866.66666666667,17712.0,1200.0,1200.0,1200.0,10800.0,489.91935,226.05912638888893
2025-10-02,rolling,61917.47341944444,784.6529305555557,62702.126350000006,44261.53087404973,-2784.637903460555,2615.8809280083333,44092.7738985975,3605.7172083333317,3312.2926916666665,0.9449516611164483,21333.333333333332,17280.0,1200.0,1200.0,1200.0,10800.0,116.31501481481483,226.05912638888893
2025-10-03,static_forecast,30865.169386111113,723.4037305555555,31588.573116666666,16786.317640216388,0.0,2477.183728323611,19263.501368539997,18259.681149999997,2775.7382666666667,0.7133804696363731,14400.0,11664.0,1200.0,1200.0,1200.0,10800.0,137.3870923611111,185.64847291666666
2025-10-03,rolling,31207.303280555556,723.914483333333,31931.21776388889,16786.317640216388,446.8625206470837,2482.065919408332,19715.246080271805,18602.32579722222,2775.7382666666667,0.7080020269865985,14400.0,11664.0,1200.0,1200.0,1200.0,10800.0,80.19273553240743,185.64847291666666
2025-10-04,static_forecast,33763.136483333335,488.0879166666666,34251.22440000001,18833.143008230556,0.0,1696.543301265278,20529.68630949583,15322.133541666666,2945.1084250000004,0.7416228761842409,15200.0,12312.0,1200.0,1200.0,1200.0,10800.0,406.82577083333337,228.6623826388889
2025-10-04,rolling,33108.20882777778,810.8552333333332,33919.064061111116,18833.143008230556,-294.56427115055544,3046.916731740277,21585.495468820278,15009.302536111112,2925.7790916666672,0.7468981451430992,15200.0,12312.0,1200.0,1200.0,1200.0,10800.0,77.39477650462965,228.6623826388889
2025-10-05,static_forecast,69693.91313333334,642.2778555555557,70336.19098888889,43205.69648941389,0.0,1830.786152670834,45036.482642084724,8968.01372222222,2578.8828666666673,0.8573527370322612,21333.333333333336,17280.0,1200.0,1200.0,1200.0,10800.0,360.07905532407415,200.77576041666666
2025-10-05,rolling,62733.83219722222,1150.9974388888895,63884.82963611111,43205.69648941389,-1727.5206391698619,3510.3571939236126,44988.53304416764,2507.3837944444426,2588.1514416666673,0.9601169839202104,21333.333333333332,17280.0,1200.0,1200.0,1200.0,10800.0,86.0357240740741,200.77576041666666
2025-10-06,static_forecast,61142.066722222226,4066.6633694444454,65208.73009166667,38755.15007072723,0.0,14666.592518481948,53421.74258920917,696.2802500000015,2726.007258333334,0.9884267749468422,21333.333333333336,17280.0,1200.0,1200.0,1200.0,10800.0,272.0800236111111,213.82994166666674
2025-10-06,rolling,63951.985669444446,1599.5398500000001,65551.52551944445,38755.15007072723,2673.654413723057,5634.251087291666,47063.05557174195,1033.9484444444465,2731.134491666667,0.9828142216572737,21333.333333333336,17280.0,1200.0,1200.0,1200.0,10800.0,75.5013604166667,213.82994166666674
2025-10-07,static_forecast,64256.91897222222,1755.7850222222214,66012.70399444446,40052.855722528606,0.0,6858.8431264708315,46911.69884899944,1075.4754166666685,3112.3322444444443,0.9819507543014286,21333.333333333332,17280.0,1200.0,1200.0,1200.0,10800.0,118.56077337962967,207.2168625
2025-10-07,rolling,66245.74089166668,664.2894972222223,66910.03038888889,40052.855722528606,2655.1186627411093,2264.0446896319454,44972.01907490167,1968.160963888889,3116.9730916666667,0.9669691931019025,21333.333333333332,17280.0,1200.0,1200.0,1200.0,10800.0,72.42724270833335,207.2168625
2025-10-08,static_forecast,58729.06203611111,3056.5265277777803,61785.58856388889,35906.311956317775,0.0,13533.086716379177,49439.39867269695,722.2317305555559,531.527833333333,0.9881431407362913,21333.333333333336,17280.0,1200.0,1200.0,1200.0,10800.0,120.62263472222224,110.28844444444448
2025-10-08,rolling,59676.09900833333,2122.901097222225,61799.000105555555,35906.311956317775,1088.5992674383347,8876.81224796251,45871.72347171862,735.643272222223,531.527833333333,0.9879229638106268,21333.333333333336,17280.0,1200.0,1200.0,1200.0,10800.0,65.33529143518518,110.28844444444448
2025-10-09,static_forecast,68518.64883611111,1076.1100333333325,69594.75886944444,41897.661213070285,0.0,4785.800627330551,46683.461840400836,9125.370136111113,554.7403833333333,0.8520362404131006,21866.666666666668,17712.0,1200.0,1200.0,1200.0,10800.0,382.80954976851854,105.66260902777772
2025-10-09,rolling,59009.734122222224,2301.1005249999985,61310.83464722222,41897.661213070285,-2835.2286193743057,9834.259809972216,48896.69240366819,942.7792472222222,554.7403833333333,0.9847132598679493,21333.333333333336,17280.0,1200.0,1200.0,1200.0,10800.0,87.03453749999997,105.66260902777772
2025-10-10,static_forecast,29972.763541666664,1540.9420194444442,31513.705561111114,15739.659596618334,0.0,5519.087359608335,21258.746956226667,18847.19012777778,460.23785000000004,0.7009707703030472,15066.666666666668,12204.0,1200.0,1200.0,1200.0,10800.0,347.81382916666666,120.89222847222224
2025-10-10,rolling,29230.7085,1851.9678666666662,31082.676366666667,15739.659596618334,-315.5901199950001,6857.428493675,22281.497970298333,18416.160933333336,460.23785000000004,0.70780947289573,15066.666666666668,12204.0,1200.0,1200.0,1200.0,10800.0,105.90207789351848,120.89222847222224
2025-10-11,static_forecast,31006.454880555557,949.2719083333332,31955.72678888889,16122.170833429167,0.0,4270.290635479167,20392.461468908332,13981.439005555556,853.3075333333336,0.7576228906167887,15866.666666666668,12852.0,1200.0,1200.0,1200.0,10800.0,191.34142268518517,126.26748263888891
2025-10-11,rolling,30794.75988888889,1124.4342666666669,31919.194155555553,16122.170833429167,-91.32557506708352,4911.137745402779,20941.983003764864,13945.547183333334,852.6667222222226,0.7582450981103994,15866.666666666666,12852.0,1200.0,1200.0,1200.0,10800.0,76.47582372685187,126.26748263888891
2025-10-12,static_forecast,62529.39353333332,2413.991030555555,64943.38456388888,38103.12209183945,0.0,9947.199519026388,48050.32161086583,1484.883247222221,890.212,0.9749151517739938,21333.333333333332,17280.0,1200.0,1200.0,1200.0,10800.0,137.03747962962964,124.39097847222219
2025-10-12,rolling,62291.88701111111,2374.6115805555564,64666.49859166666,38103.12209183945,697.6998121240279,10189.217292011117,48990.03919597459,1435.997275,890.212,0.9757410060597561,20133.333333333332,16308.0,1200.0,1200.0,1200.0,10800.0,126.01713113425927,124.39097847222219
2025-10-13,static_forecast,64786.829061111115,1704.93191388889,66491.760975,39654.141810523884,0.0,7622.2589264444505,47276.40073696834,4732.947658333332,703.4180166666674,0.921963401820088,21200.0,17172.0,1200.0,1200.0,1200.0,10800.0,232.3327236111111,107.38290833333333
2025-10-13,rolling,60605.68158888889,2325.0792500000016,62930.76083888889,39654.141810523884,-600.311525250554,9368.83237446806,48422.6626597414,1146.614188888889,703.4180166666674,0.9810946840774452,21333.333333333336,17280.0,1200.0,1200.0,1200.0,10800.0,109.22220902777777,107.38290833333333
2025-10-14,static_forecast,67111.25273611111,2596.5300749999988,69707.78281111112,41132.19320476473,0.0,11109.255590462495,52241.44879522722,4192.515961111113,536.1042333333332,0.9267790233671704,22133.333333333332,17928.0,1200.0,1200.0,1200.0,10800.0,235.62154652777787,110.11998402777786
2025-10-14,rolling,62971.28017777778,3340.4379999999974,66311.71817777777,41132.19320476473,-267.61102013666766,12160.652950443044,53025.2351350711,948.451327777778,536.1042333333332,0.9834355949618883,21333.333333333336,17280.0,1200.0,1200.0,1200.0,10800.0,131.345246412037,110.11998402777786
2025-10-15,static_forecast,70215.90355833333,1559.6199444444458,71775.52350277777,43246.3994176275,0.0,6096.815769220837,49343.215186848334,5066.815002777778,507.35151666666627,0.9085783044206807,22533.333333333336,18252.0,1200.0,1200.0,1200.0,10800.0,228.3237627314815,111.84267291666654
2025-10-15,rolling,64826.828880555564,2585.587019444445,67412.4159,43246.3994176275,-1593.9199275280553,9196.30415640556,50848.783646505,855.7073999999993,507.35151666666627,0.9845602767448817,21733.333333333332,17604.0,1200.0,1200.0,1200.0,10800.0,101.0366451388889,111.84267291666654
2025-10-16,static_forecast,66552.97544722223,2794.563819444442,69347.53926666666,41295.50907981834,0.0,10256.397772922213,51551.90685274055,1566.9345194444447,558.1317972222223,0.9713889724679221,22400.0,18144.0,1200.0,1200.0,1200.0,10800.0,160.6333752314814,110.81284583333326
2025-10-16,rolling,66827.74537222223,2074.7645444444433,68902.50991666666,41295.50907981834,1399.3770745459728,7782.290822165273,50477.176976529576,1200.443744444445,555.5932222222223,0.9780808141011611,22000.0,17820.0,1200.0,1200.0,1200.0,10800.0,78.07780138888893,110.81284583333326
2025-10-17,static_forecast,29760.188269444443,2189.4433194444455,31949.63158888889,15302.717162071944,0.0,9105.80148942639,24408.518651498336,12345.835005555557,711.5972666666664,0.7792981476843198,15200.0,12312.0,1200.0,1200.0,1200.0,10800.0,382.5320979166666,119.89841875000002
2025-10-17,rolling,30785.18299166667,993.4048305555564,31778.587822222224,15302.717162071944,1309.5865633958329,4101.34853689028,20713.65226235806,12174.791238888887,711.5972666666664,0.7823558328156534,15200.0,12312.0,1200.0,1200.0,1200.0,10800.0,100.11487372685188,119.89841875000002
2025-10-18,static_forecast,31445.046477777778,1232.3681777777779,32677.414655555556,17006.622215086667,0.0,3994.7168659625004,21001.339081049166,12865.78973888889,872.3649833333334,0.7685180875062254,15066.666666666668,12204.0,1200.0,1200.0,1200.0,10800.0,228.23566041666675,131.34112222222225
2025-10-18,rolling,30618.461533333335,1397.321325,32015.782858333336,17006.622215086667,-230.54792393166667,4768.965186183334,21545.039477338334,12204.157941666668,872.3649833333334,0.7804221988663509,15066.666666666666,12204.0,1200.0,1200.0,1200.0,10800.0,85.99819282407407,131.34112222222225
2025-10-19,static_forecast,68441.82914722222,1843.6060888888876,70285.43523611111,42508.418614943614,0.0,7349.362710226383,49857.78132517,1537.9799888888897,580.3993805555549,0.9715744373027945,22533.333333333336,18252.0,1200.0,1200.0,1200.0,10800.0,103.22598217592586,110.90325277777775
2025-10-19,rolling,66782.21547222222,2309.7716638888896,69091.9871361111,42508.418614943614,-460.08767355639,9272.516866593058,51320.84780798027,421.9204611111114,579.0108083333326,0.9922018968990537,22133.333333333336,17928.0,1200.0,1200.0,1200.0,10800.0,66.73328217592586,110.90325277777775
2025-10-20,static_forecast,72263.59066388888,1327.3105333333342,73590.90119722222,45298.55666379667,0.0,4566.730477484723,49865.28714128139,4155.13671388889,688.3154500000002,0.9222794689000897,22666.66666666667,18360.0,1200.0,1200.0,1200.0,10800.0,190.79936666666669,114.49425208333338
2025-10-20,rolling,69119.2973888889,1714.0584361111105,70833.355825,45298.55666379667,-1105.301967015555,6562.7913241555525,50756.04602093666,1574.9246750000002,688.3154500000002,0.9705415271237146,21733.333333333332,17604.0,1200.0,1200.0,1200.0,10800.0,77.49489745370371,114.49425208333338
2025-10-21,static_forecast,71584.19146111111,2651.8268277777784,74236.01828888888,44228.79623655722,0.0,10362.197728780557,54590.99396533778,2722.8119388888877,819.9583333333337,0.9469633070142593,22266.666666666668,18036.0,1200.0,1200.0,1200.0,10800.0,210.9821877314815,103.0762958333332
2025-10-21,rolling,71080.93298611112,1413.2540666666664,72494.18705277778,44228.79623655722,573.9477275565278,5602.695809069445,50405.4397731832,1031.6473694444421,819.9583333333337,0.979904904917855,22000.0,17820.0,1200.0,1200.0,1200.0,10800.0,60.89845254629625,103.0762958333332
2025-10-22,static_forecast,68112.83676944445,3199.66153333333,71312.49830277778,42341.31476533222,0.0,11432.833875306933,53774.148640639156,988.1253861111113,665.4762166666668,0.9810402808508483,21600.0,17496.0,1200.0,1200.0,1200.0,10800.0,136.5201925925926,121.20009861111104
2025-10-22,rolling,69257.12048888889,1877.252880555554,71134.37336944445,42341.31476533222,1557.332556504446,7572.284445162494,51470.93176699916,860.6671194444472,665.4762166666668,0.9834858945079858,21333.333333333336,17280.0,1200.0,1200.0,1200.0,10800.0,56.951554861111035,121.20009861111104
2025-10-23,static_forecast,79090.39578611111,1443.8046861111122,80534.20047222222,49167.95902648083,0.0,5778.4537576152825,54946.41278409611,11961.43232222222,886.6044500000004,0.7778028474382913,22666.666666666668,18360.0,1200.0,1200.0,1200.0,10800.0,512.2016152777778,117.46837708333335
2025-10-23,rolling,66899.61607222223,2441.4984444444462,69341.11451666667,49167.95902648083,-3443.0301830818053,9041.105692583338,54766.03453598237,920.3463666666646,886.6044500000004,0.9829035238811722,21866.666666666664,17712.0,1200.0,1200.0,1200.0,10800.0,96.44374317129632,117.46837708333335
2025-10-24,static_forecast,31495.06877222222,2044.4479277777773,33539.5167,16639.74707419139,0.0,8573.511276776386,25213.258350967775,11413.9172,690.8821166666669,0.7875115369197525,15866.666666666668,12852.0,1200.0,1200.0,1200.0,10800.0,215.92200555555556,124.03757500000003
2025-10-24,rolling,31589.249030555555,1567.618833333333,33156.86786388889,16639.74707419139,140.14364816500017,6403.164634597219,23183.055356953606,11031.268363888888,690.8821166666669,0.7946351616718836,15866.666666666666,12852.0,1200.0,1200.0,1200.0,10800.0,78.12688449074075,124.03757500000003
2025-10-25,static_forecast,31547.226969444444,1419.1237861111117,32966.350755555555,16417.288487354723,0.0,6005.770115276391,22423.058602631114,9756.224838888887,771.6931833333336,0.8146767117805388,16000.0,12960.0,1200.0,1200.0,1200.0,10800.0,244.74295069444446,132.06502847222225
2025-10-25,rolling,31557.233933333333,1495.709652777778,33052.94358611111,16417.288487354723,83.14647940694424,6298.258349369446,22798.69331613111,9842.817669444443,771.6931833333336,0.8130318472597029,16000.0,12960.0,1200.0,1200.0,1200.0,10800.0,64.8323208333333,132.06502847222225
2025-10-26,static_forecast,73617.29639444445,1197.0215583333356,74814.31795277778,45717.73374532834,0.0,4712.7054274889,50430.439172817234,5075.620969444444,913.0516333333333,0.9040126732127877,22533.333333333336,18252.0,1200.0,1200.0,1200.0,10800.0,233.81823634259257,123.78689305555554
2025-10-26,rolling,67754.25585555554,2589.2220000000016,70343.47785555557,45717.73374532834,-1480.8490215527788,9233.521197458342,53470.4059212339,756.780872222221,913.0516333333333,0.9856881801604943,21733.333333333336,17604.0,1200.0,1200.0,1200.0,10800.0,101.22174074074077,123.78689305555554
2025-10-27,static_forecast,67011.77926944445,2436.842083333333,69448.62135277779,41774.08094114944,0.0,9741.761524030557,51515.84246518,1131.558702777777,660.4809833333325,0.9791371535685651,21600.000000000004,17496.0,1200.0,1200.0,1200.0,10800.0,120.8415400462963,108.89354583333335
2025-10-27,rolling,70027.24534166668,1210.092180555557,71237.33752222222,41774.08094114944,3086.8616570269446,4712.393095359729,49573.33569353612,2869.6082055555567,660.4809833333325,0.9470922761992595,21866.666666666668,17712.0,1200.0,1200.0,1200.0,10800.0,117.46836249999998,108.89354583333335
2025-10-28,static_forecast,66670.38156944443,5061.653513888887,71732.03508333332,41582.11910277333,0.0,18799.94836028888,60382.06746306221,958.3751611111119,747.904888888889,0.9814058377665859,21333.333333333336,17280.0,1200.0,1200.0,1200.0,10800.0,227.58540347222223,108.14632291666669
2025-10-28,rolling,69954.25511111111,1620.5727583333314,71574.82786944445,41582.11910277333,3556.0239790963906,6010.514746729159,51148.65782859888,899.2207722222237,751.1853972222223,0.9825535368602719,20800.0,16848.0,1200.0,1200.0,1200.0,10800.0,75.68731886574078,108.14632291666669
2025-10-29,static_forecast,74866.71177499999,1851.081266666666,76717.79304166668,46559.6613624675,0.0,7735.054155944442,54294.71551841194,2304.181441666666,820.0214666666664,0.9524021480484677,22533.333333333336,18252.0,1200.0,1200.0,1200.0,10800.0,139.41730277777776,106.02496597222218
2025-10-29,rolling,74497.8570888889,1320.1117499999993,75817.96883888889,46559.6613624675,588.0817323050001,5228.004213138887,52375.74730791139,1429.690572222221,820.0214666666664,0.9704666486056269,22400.0,18144.0,1200.0,1200.0,1200.0,10800.0,65.67520069444443,106.02496597222218
2025-10-30,static_forecast,65732.64300555555,4528.273936111112,70260.91694166666,40974.381260241666,0.0,16695.609099577785,57669.99035981945,561.5533416666669,858.2126166666669,0.9892274666760005,21333.333333333336,17280.0,1200.0,1200.0,1200.0,10800.0,182.98041875,124.1236854166667
2025-10-30,rolling,67778.56017499999,2614.437422222223,70392.99759722223,40974.381260241666,2390.605800065277,10124.529789715281,53489.51685002223,642.9673305555553,858.2126166666669,0.9876656650744958,21600.0,17496.0,1200.0,1200.0,1200.0,10800.0,85.06683680555554,124.1236854166667
2025-10-31,static_forecast,33731.04986111111,897.4392055555553,34628.48906666666,18317.817392093886,0.0,3385.5112440277762,21703.328636121667,6797.545316666667,810.651683333333,0.8579247910922603,16400.0,13284.0,1200.0,1200.0,1200.0,10800.0,156.89767569444442,114.86614583333332
2025-10-31,rolling,32983.37327777778,1067.3588305555556,34050.73210833334,18317.817392093886,-280.5134740522225,4096.244554626389,22133.548472668055,6219.788358333333,810.651683333333,0.8700004649905788,16400.0,13284.0,1200.0,1200.0,1200.0,10800.0,57.81575405092591,114.86614583333332
2025-11-01,static_forecast,32689.345780555555,1299.6151277777774,33988.960908333334,17504.92870708667,0.0,4563.923851477776,22068.852558564446,7380.66271111111,998.9264305555557,0.8506850663404469,16133.333333333332,13068.0,1200.0,1200.0,1200.0,10800.0,69.52282754629628,133.61223402777776
2025-11-01,rolling,32683.047099999996,1302.943080555555,33985.99018055556,17504.92870708667,39.95210106097234,4581.413155090277,22126.293963237913,7376.355663888888,1000.2627500000002,0.8507722003141058,16133.333333333332,13068.0,1200.0,1200.0,1200.0,10800.0,62.214118518518504,133.61223402777776
2025-11-02,static_forecast,71726.0431888889,3637.0006027777767,75363.04379166667,44802.78512827556,0.0,13650.01475398472,58452.79988226028,1664.0373166666684,570.6225416666674,0.9660724952610389,22800.0,18468.0,1200.0,1200.0,1200.0,10800.0,190.47071736111107,114.08181805555563
2025-11-02,rolling,73230.491925,1708.808172222223,74939.30009722222,44802.78512827556,2454.176680587498,7099.075895668058,54356.03770453112,1402.7583555555575,560.157808333334,0.9713996253094473,22000.0,17820.0,1200.0,1200.0,1200.0,10800.0,66.49482326388892,114.08181805555563
2025-11-03,static_forecast,76896.33639166667,1154.3567305555553,78050.69312222222,47735.279724811946,0.0,4096.509096744443,51831.78882155639,3597.856580555556,717.2395916666674,0.925516360623736,22266.666666666668,18036.0,1200.0,1200.0,1200.0,10800.0,160.91971574074074,108.94548819444441
2025-11-03,rolling,73773.65105833334,1722.3608638888868,75496.01192222221,47735.279724811946,-955.6331802897224,6446.717779122215,53226.36432364443,1195.6423388888877,716.7726333333339,0.9752475423078033,21466.666666666664,17388.0,1200.0,1200.0,1200.0,10800.0,75.29366226851852,108.94548819444441
2025-11-04,static_forecast,70896.33776388889,2420.8989083333363,73317.23667222224,44105.531108481664,0.0,9808.875932708346,53914.40704119002,981.2338555555557,626.5974499999995,0.9803030503290355,21733.333333333336,17604.0,1200.0,1200.0,1200.0,10800.0,87.15398356481484,138.12346666666667
2025-11-04,rolling,72247.31094444444,1853.5931972222254,74100.90414166666,44105.531108481664,1558.120546613331,7738.097353509735,53401.749008604726,1764.9013249999978,626.5974499999995,0.9645719800882112,21733.333333333336,17604.0,1200.0,1200.0,1200.0,10800.0,82.32377094907403,138.12346666666667
2025-11-05,static_forecast,79329.02001388889,1539.936541666667,80868.95655555556,49659.90529781583,0.0,5604.616394844446,55264.52169266028,6080.502338888891,778.4341499999998,0.8735504443421453,22800.0,18468.0,1200.0,1200.0,1200.0,10800.0,261.2127541666666,125.68333194444443
2025-11-05,rolling,73541.61803611112,2188.6723249999986,75730.29036111111,49659.90529781583,-1846.8578812393052,7801.818157162497,55614.86557373902,1074.300894444445,772.6360666666665,0.9776589394799642,22133.333333333336,17928.0,1200.0,1200.0,1200.0,10800.0,68.9711321759259,125.68333194444443
2025-11-06,static_forecast,73518.25726666667,3259.6392888888886,76777.89655555555,45716.74831863555,0.0,13445.768509526391,59162.51682816194,757.123169444445,521.8555027777777,0.9836628003305833,21733.333333333336,17604.0,1200.0,1200.0,1200.0,10800.0,95.2051928240741,123.90614166666667
2025-11-06,rolling,75004.16652500001,2121.299402777778,77125.46592777778,45716.74831863555,2091.7039493368075,8282.111094105558,56090.56336207792,1079.5049194444462,521.7097916666667,0.9767064486667045,21866.666666666668,17712.0,1200.0,1200.0,1200.0,10800.0,63.59168136574075,123.90614166666667
2025-11-07,static_forecast,32921.38757777778,1668.3793722222222,34589.76695,17396.389708175833,0.0,6543.36756414861,23939.757272324445,7306.314716666667,696.9904499999998,0.8505680219054571,17200.0,13932.0,1200.0,1200.0,1200.0,10800.0,66.88259467592596,131.44778749999998
2025-11-07,rolling,33175.71635,1513.3588499999996,34689.0752,17396.389708175833,358.66703560236175,5889.881305144443,23644.93804892264,7405.622966666667,696.9904499999998,0.8485369256806045,17200.0,13932.0,1200.0,1200.0,1200.0,10800.0,106.85503576388888,131.44778749999998
2025-11-08,static_forecast,33391.03686388889,1068.7846638888886,34459.82152777778,17621.554212304443,0.0,4327.711315230555,21949.265527534997,6643.529811111111,782.41795,0.862292167507019,17066.666666666668,13824.0,1200.0,1200.0,1200.0,10800.0,167.05370879629623,116.95618055555555
2025-11-08,rolling,33293.60179444445,1061.9673111111103,34355.56910555555,17621.554212304443,55.4100966686113,4280.566777047219,21957.531086020274,6539.277388888888,782.41795,0.8644531234302324,17066.666666666664,13824.0,1200.0,1200.0,1200.0,10800.0,54.87077337962964,116.95618055555555
2025-11-09,static_forecast,76444.01155833332,1738.3119055555571,78182.32346388888,47795.05307257306,0.0,6735.317419105561,54530.370491678616,1650.46172222222,827.7112249999996,0.9645297342214338,22933.333333333332,18576.0,1200.0,1200.0,1200.0,10800.0,104.4509969907407,124.36384652777777
2025-11-09,rolling,75936.77729444444,1776.7815027777792,77713.55879722221,47795.05307257306,434.403626518055,6491.505769165284,54720.962468256395,1205.5110638888866,829.2305499999998,0.9740922208255953,22799.999999999996,18468.0,1200.0,1200.0,1200.0,10800.0,64.23711678240736,124.36384652777777
2025-11-10,static_forecast,77189.34713333333,3393.138583333334,80582.48571666668,48331.8992516325,0.0,13298.341937252779,61630.24118888528,1509.6371666666655,781.0721166666667,0.9661225102933966,23333.333333333336,18900.0,1200.0,1200.0,1200.0,10800.0,145.06718402777776,126.14786249999992
2025-11-10,rolling,79047.94767777777,1735.6836027777756,80783.63128055555,48331.8992516325,2389.037926190555,7173.797314030551,57894.73449185361,1786.782730555552,781.0721166666667,0.9599031377215038,22933.333333333336,18576.0,1200.0,1200.0,1200.0,10800.0,94.35249675925927,126.14786249999992
2025-11-11,static_forecast,79055.45693888889,948.5020694444431,80003.95900833333,49953.40543625389,0.0,3295.406250584719,53248.811686838606,3283.562130555557,804.0438777777783,0.9292318174389014,22933.333333333336,18576.0,1200.0,1200.0,1200.0,10800.0,172.64842847222224,125.35436041666668
2025-11-11,rolling,76011.00016944445,1580.720974999999,77591.72114444444,49953.40543625389,-1119.4158608422229,6128.805169294442,54962.7947447061,975.9611388888895,800.7403388888897,0.9789658324394974,22400.0,18144.0,1200.0,1200.0,1200.0,10800.0,43.71714884259259,125.35436041666668
2025-11-12,static_forecast,76066.129175,1818.6635749999991,77884.79275,47457.41579539639,0.0,8294.579522605549,55751.99531800194,1706.9910166666666,813.8139833333333,0.9632594847182337,23200.0,18792.0,1200.0,1200.0,1200.0,10800.0,110.1569451388889,124.92102430555555
2025-11-12,rolling,76987.50199722222,1182.876155555555,78170.37815277778,47457.41579539639,2182.1528578829166,5268.724362119442,54908.29301539875,2119.2430861111116,813.8139833333333,0.9543863545672968,22533.333333333336,18252.0,1200.0,1200.0,1200.0,10800.0,101.97057731481482,124.92102430555555
2025-11-13,static_forecast,73922.37578055555,5450.294349999998,79372.67013055555,46330.41304694195,0.0,20948.769739384716,67279.18278632665,1741.0117499999985,979.7870638888888,0.9616384034333402,22400.0,18144.0,1200.0,1200.0,1200.0,10800.0,261.4576111111111,136.69193749999988
2025-11-13,rolling,76109.6370472222,2440.30821111111,78549.94525833332,46330.41304694195,2493.4585760762493,9382.740905337494,58206.61252835569,993.89432222222,980.1796194444444,0.9781004504886411,22000.0,17820.0,1200.0,1200.0,1200.0,10800.0,71.36624826388886,136.69193749999988
2025-11-14,static_forecast,34220.054683333336,1098.031116666666,35318.0858,18387.21139544611,0.0,4342.944358427777,22730.155753873885,3561.982191666666,889.6483083333334,0.9193015958244337,17200.0,13932.0,1200.0,1200.0,1200.0,10800.0,92.54330092592593,116.56454027777778
2025-11-14,rolling,34383.20557777778,1063.9049027777776,35447.11048055555,18387.21139544611,155.9233196045835,4119.491463908333,22662.626178959028,3690.3639888888883,890.2911916666667,0.9163930450222253,17200.0,13932.0,1200.0,1200.0,1200.0,10800.0,94.16379756944444,116.56454027777778
2025-11-15,static_forecast,36135.981700000004,1102.1927944444442,37238.17449444444,19405.88251100583,0.0,3959.066806006944,23364.94931701278,5008.704761111111,597.5828166666665,0.8868219503693493,18000.0,14580.0,1200.0,1200.0,1200.0,10800.0,190.55997013888887,122.98856944444444
2025-11-15,rolling,34417.087011111114,1441.3517916666667,35858.438802777775,19405.88251100583,-591.3598697501392,5498.976655848612,24313.499297104307,3618.756036111111,607.7958499999999,0.9182296082939126,18000.0,14580.0,1200.0,1200.0,1200.0,10800.0,54.35128842592593,122.98856944444444
2025-11-16,static_forecast,76531.89617777779,3360.229447222222,79892.12562500002,48001.97595421528,0.0,13560.83238463472,61562.80833885,333.7302416666663,741.1843333333339,0.9924023966546095,23066.666666666668,18684.0,1200.0,1200.0,1200.0,10800.0,101.9378462962963,139.35461805555553
2025-11-16,rolling,78901.96653333333,1883.2932250000008,80785.25975833333,48001.97595421528,3050.376715895971,7162.738289495836,58215.090959607085,1226.8643749999992,741.1843333333339,0.9720695708207632,23066.666666666668,18684.0,1200.0,1200.0,1200.0,10800.0,57.39349930555555,139.35461805555553
2025-11-17,static_forecast,73977.85222500001,4489.594349999998,78467.446575,46598.78105999722,0.0,16462.541574288876,63061.322634286094,196.5415416666662,1268.4840333333336,0.9955906641925528,22666.666666666668,18360.0,1200.0,1200.0,1200.0,10800.0,183.43668125,139.82584791666662
2025-11-17,rolling,79436.15743333334,1129.1751888888887,80565.33262222222,46598.78105999722,5560.544774651387,3909.8522437708302,56069.17807841944,2295.982616666668,1266.9290055555557,0.9484904907171505,22666.666666666668,18360.0,1200.0,1200.0,1200.0,10800.0,73.86954131944442,139.82584791666662
2025-11-18,static_forecast,77400.11601111111,3390.399747222224,80790.51575833333,48510.16045653611,0.0,12438.291599484728,60948.45205602084,542.402525000001,974.8947333333331,0.9873545608355475,23066.666666666664,18684.0,1200.0,1200.0,1200.0,10800.0,132.2456076388889,126.01822708333336
2025-11-18,rolling,78612.3132888889,2154.040822222223,80766.35411111111,48510.16045653611,1858.02661908361,7885.066407473617,58253.25348309333,493.0789861111109,974.7232916666665,0.988504477699218,23200.0,18792.0,1200.0,1200.0,1200.0,10800.0,52.8304570601852,126.01822708333336
2025-11-19,static_forecast,76093.11947499998,4410.913111111111,80504.0325861111,47641.515316392775,0.0,17557.998415916667,65199.513732309446,204.34173611111157,498.04591666666516,0.9952269305597323,23333.333333333336,18900.0,1200.0,1200.0,1200.0,10800.0,128.55774930555557,126.19519513888882
2025-11-19,rolling,80679.93323333333,1544.1794499999992,82224.11268333333,47641.515316392775,5476.595438068194,5660.898419845831,58779.009174306804,2037.1090166666668,512.0253999999986,0.9524166576099841,22666.666666666668,18360.0,1200.0,1200.0,1200.0,10800.0,91.12993148148149,126.19519513888882
2025-11-20,static_forecast,76284.63672777778,4002.867830555554,80287.50455833333,47794.58499653111,0.0,15724.988539651386,63519.5735361825,270.6211083333328,815.8074166666672,0.993714289080428,23200.0,18792.0,1200.0,1200.0,1200.0,10800.0,130.96315439814805,120.26974305555554
2025-11-20,rolling,79103.4272527778,1648.9239416666662,80752.35119444443,47794.58499653111,3302.3347591211095,6477.812727704166,57574.73248335639,761.5659722222211,815.0425222222226,0.9823111228201928,23066.66666666667,18684.0,1200.0,1200.0,1200.0,10800.0,37.124868634259236,120.26974305555554
2025-11-21,static_forecast,34266.067825,1723.9746222222213,35990.04244722222,18370.21128036278,0.0,6058.2428142041645,24428.454094566943,3123.6452638888886,658.0131166666665,0.9275840906092901,17600.0,14256.0,1200.0,1200.0,1200.0,10800.0,124.32661574074073,121.48154444444441
2025-11-21,rolling,34850.854677777774,1363.3420666666661,36214.196744444445,18370.21128036278,673.9378232069439,4448.680320730555,23492.829424300275,3347.147619444443,658.665058333333,0.9224026039290866,17600.0,14256.0,1200.0,1200.0,1200.0,10800.0,79.11078773148148,121.48154444444441
2025-11-22,static_forecast,37799.52246388889,1164.9261888888893,38964.44865277778,20119.715897592778,0.0,4356.099628079168,24475.815525671947,4715.268841666668,508.0169944444439,0.8886071377785889,18533.333333333332,15012.0,1200.0,1200.0,1200.0,10800.0,165.61311412037037,116.02135069444441
2025-11-22,rolling,36292.31670277778,1215.5547583333332,37507.871461111106,20119.715897592778,-453.26183752666657,4535.897840202776,24202.351900268888,3232.369372222223,509.00593888888835,0.9236389507747791,18666.666666666664,15120.0,1200.0,1200.0,1200.0,10800.0,57.730940393518495,116.02135069444441
2025-11-23,static_forecast,77279.68020555555,3374.0094972222223,80653.68970277779,48620.16683270611,0.0,13504.824938816666,62124.99177152278,301.0853555555555,763.174730555556,0.992924062540858,22933.333333333336,18576.0,1200.0,1200.0,1200.0,10800.0,133.49120486111113,124.32842083333344
2025-11-23,rolling,80259.1626388889,1252.8699750000007,81512.03261388889,48620.16683270611,3612.1566328402796,4736.763986211114,56969.0874517575,1154.1489527777792,768.454044444445,0.9728758451459029,22933.333333333336,18576.0,1200.0,1200.0,1200.0,10800.0,41.36025243055557,124.32842083333344
2025-11-24,static_forecast,75267.78769444446,4007.7661500000013,79275.55384444445,47185.0730461561,0.0,15154.252113925002,62339.32516008111,200.72655277777824,555.5502583333334,0.9954186395884523,22933.333333333336,18576.0,1200.0,1200.0,1200.0,10800.0,117.9482226851852,119.80480416666657
2025-11-24,rolling,77188.90145833333,2398.1299444444458,79587.03140277778,47185.0730461561,2211.9615101549994,9073.099300229169,58470.13385654028,511.3969222222231,556.3574472222222,0.988327933790354,22933.333333333336,18576.0,1200.0,1200.0,1200.0,10800.0,53.50689097222221,119.80480416666657
2025-11-25,static_forecast,86904.865525,1014.5393416666672,87919.40486666668,55353.90197944138,0.0,3485.9858924333357,58839.88787187472,6474.88313888889,665.1945944444436,0.844030327654442,24266.666666666668,19656.0,1200.0,1200.0,1200.0,10800.0,256.4335493055556,128.22808958333337
2025-11-25,rolling,81548.24721388888,1392.8178138888902,82941.06502777777,55353.90197944138,-1889.495291571806,4935.24670352084,58399.65339139043,1657.3323722222224,656.4055222222214,0.9600774899687927,23466.666666666668,19008.0,1200.0,1200.0,1200.0,10800.0,36.241779398148125,128.22808958333337
2025-11-26,static_forecast,82311.71183333333,1972.7034694444442,84284.41530277778,51870.43487896527,0.0,8667.262316636108,60537.69719560139,1746.7585777777776,1346.656508333333,0.9573219868522929,23333.333333333336,18900.0,1200.0,1200.0,1200.0,10800.0,116.21534490740737,135.37128819444436
2025-11-26,rolling,83024.40666666666,1136.3201249999986,84160.72679166666,51870.43487896527,1630.9799500113893,4445.939814234716,57947.35464321138,1590.1246499999982,1354.2685916666662,0.9611489752604916,23466.666666666668,19008.0,1200.0,1200.0,1200.0,10800.0,74.73172291666668,135.37128819444436
2025-11-27,static_forecast,79561.47460277779,2214.3426944444454,81775.81729722222,50194.666754893886,0.0,8722.704338405558,58917.37109329945,654.4840055555566,957.7738916666672,0.9841977914353411,23066.666666666668,18684.0,1200.0,1200.0,1200.0,10800.0,81.54910833333332,112.06654930555567
2025-11-27,rolling,81720.43328333335,1157.2854000000013,82877.71868333334,50194.666754893886,2648.855248786945,4534.890421738893,57378.41242541972,1752.6831916666688,961.4760916666672,0.9576822884785722,23066.666666666668,18684.0,1200.0,1200.0,1200.0,10800.0,78.51106435185183,112.06654930555567
2025-11-28,static_forecast,35642.411141666664,1891.8787805555564,37534.28992222222,18943.516827208332,0.0,7331.96589606806,26275.482723276393,2053.4316416666675,1063.6197305555552,0.9503015044413298,18400.0,14904.0,1200.0,1200.0,1200.0,10800.0,72.95015694444446,137.4042284722222
2025-11-28,rolling,36053.20993055555,1408.6342527777779,37461.844183333335,18943.516827208332,403.8709841608341,6063.951353805556,25411.339165174726,1981.5498416666674,1063.0557916666662,0.9520412347764238,18400.0,14904.0,1200.0,1200.0,1200.0,10800.0,52.65068460648147,137.4042284722222
2025-11-29,static_forecast,44561.0478,859.9931222222226,45421.04092222222,23508.396434198334,0.0,2820.837642072223,26329.234076270557,6003.5392111111105,992.051611111111,0.8387305030373902,18400.0,14904.0,1200.0,1200.0,1200.0,10800.0,222.55498032407408,126.42014513888888
2025-11-29,rolling,40823.13721111111,900.6560333333333,41723.793244444445,23508.396434198334,-913.6801292227765,2977.335993429166,25572.05229840472,2307.431186111112,990.9119583333331,0.9380168507983965,18400.0,14904.0,1200.0,1200.0,1200.0,10800.0,50.04798321759264,126.42014513888888
2025-11-30,static_forecast,82419.42768333333,3636.9745666666677,86056.40225,51902.313098709725,0.0,15729.821529570838,67632.13462828056,655.9508444444441,848.9566222222213,0.9826302633533098,22666.666666666668,18360.0,1200.0,1200.0,1200.0,10800.0,124.87012106481484,131.269438888889
2025-11-30,rolling,84735.47256666666,1562.2596583333343,86297.73222499999,51902.313098709725,3157.8040647909734,6359.830400198616,61419.9475636993,795.2502527777785,849.6538555555546,0.9789415814066633,23200.0,18792.0,1200.0,1200.0,1200.0,10800.0,41.793975694444455,131.269438888889
2025-12-01,static_forecast,86119.68505277779,5665.01785,91784.70290277779,55073.525862052775,0.0,19709.663271079167,74783.18913313193,505.0200138888887,370.08848888888826,0.9870482661679431,24266.666666666668,19656.0,1200.0,1200.0,1200.0,10800.0,125.33432199074079,341.7103895833334
2025-12-01,rolling,83251.11793611111,8066.001827777778,91317.1197638889,55073.525862052775,-931.5032576136111,29417.196977247226,83559.21958168638,137.56525000000033,371.2934472222215,0.9964720041710419,23733.333333333336,19224.0,1200.0,1200.0,1200.0,10800.0,52.69547986111112,341.7103895833334
2025-12-02,static_forecast,89018.0124888889,6273.758744444443,95291.77123333333,56547.040442435275,0.0,24384.34110333055,80931.38154576583,1841.1900583333318,202.10455833333367,0.9499170527081424,24266.666666666668,19656.0,1200.0,1200.0,1200.0,10800.0,164.84383055555554,340.60985625
2025-12-02,rolling,86471.82711111111,7222.721816666666,93694.54892777777,56547.040442435275,-679.8019834727785,27687.760807097224,83554.99926605973,243.39611111111,202.67620000000034,0.9933792850180522,24266.666666666668,19656.0,1200.0,1200.0,1200.0,10800.0,49.96380578703703,340.60985625
2025-12-03,static_forecast,79173.72916111111,12617.99206388889,91791.721225,50073.40381948833,0.0,44565.428759400005,94638.83257888834,6.243683333333332,240.06230833333353,0.9998333248023492,23066.666666666668,18684.0,1200.0,1200.0,1200.0,10800.0,232.20998680555556,317.1904000000001
2025-12-03,rolling,85556.30343333332,6501.1217611111115,92057.42519444444,50073.40381948833,6794.076293127362,22386.491138823614,79253.9712514393,245.1866527777775,241.48997500000013,0.9934547395133105,23200.0,18792.0,1200.0,1200.0,1200.0,10800.0,51.772418750000014,317.1904000000001
2025-12-04,static_forecast,86285.95200555556,8172.134827777778,94458.08683333333,55306.330249597784,0.0,30424.122601983334,85730.45285158111,2910.7625166666667,140.11556666666627,0.9245232897303386,24400.0,19764.0,1200.0,1200.0,1200.0,10800.0,227.12888611111111,351.77599027777785
2025-12-04,rolling,83318.48212500001,8156.623675000001,91475.10579999999,55306.330249597784,-846.8832862851393,29832.48753884584,84291.93450215846,3.7814833333335107,140.11556666666627,0.9999019453080403,24000.0,19440.0,1200.0,1200.0,1200.0,10800.0,37.489570833333346,351.77599027777785
2025-12-05,static_forecast,39410.078466666666,6127.751400000001,45537.82986666667,21145.714312256667,0.0,21232.430601751388,42378.14491400805,248.6447000000003,354.8908166666668,0.9933794396516258,19066.666666666668,15444.0,1200.0,1200.0,1200.0,10800.0,78.45697939814818,317.6805361111112
2025-12-05,rolling,40160.594213888886,5557.692438888889,45718.28665277778,21145.714312256667,898.2491572783329,18986.385155888893,41030.34862542389,454.43481944444477,354.8908166666668,0.9878999506261968,18933.333333333332,15336.0,1200.0,1200.0,1200.0,10800.0,64.62497777777781,317.6805361111112
2025-12-06,static_forecast,41725.98298055556,6193.919069444443,47919.90205,22146.902887601667,0.0,20985.678685711104,43132.581573312775,352.82693055555563,254.44430277777803,0.9901462030092854,19200.0,15552.0,1200.0,1200.0,1200.0,10800.0,64.80546574074077,333.4937972222222
2025-12-06,rolling,41533.0839,6260.174547222221,47793.25844722222,22146.902887601667,167.7051107422224,21705.21244894722,44019.8204472911,226.2627999999998,254.36483055555578,0.9936809027183949,19200.0,15552.0,1200.0,1200.0,1200.0,10800.0,58.30902916666668,333.4937972222222
2025-12-07,static_forecast,89449.89822222223,4895.474152777777,94345.372375,57233.31198551778,0.0,17413.111322704164,74646.42330822194,1831.4257000000002,250.59875833333354,0.9510507446945322,24266.666666666668,19656.0,1200.0,1200.0,1200.0,10800.0,186.1035449074074,318.2478090277778
2025-12-07,rolling,84953.28769166667,7737.404836111111,92690.69252777778,57233.31198551778,-1425.7739813177777,27107.321682373607,82914.85968657362,227.67600000000024,250.33527777777817,0.993914811476694,24000.0,19440.0,1200.0,1200.0,1200.0,10800.0,52.83599965277776,318.2478090277778
2025-12-08,static_forecast,96424.23353333333,1318.752583333333,97742.98611666667,61875.64236689305,0.0,5293.216227566665,67168.85859445971,4055.6209833333355,1153.4873499999994,0.889078983071317,24666.666666666668,19980.0,1200.0,1200.0,1200.0,10800.0,176.7797013888889,126.56132916666664
2025-12-08,rolling,95147.03666944444,1038.4174111111106,96185.45408055556,61875.64236689305,93.33280373374947,4064.4413054374963,66033.4164760643,2599.4762472222233,1153.4333833333326,0.9289044637038888,24133.333333333336,19548.0,1200.0,1200.0,1200.0,10800.0,95.38796319444441,126.56132916666664
2025-12-09,static_forecast,95669.3311611111,1329.6668333333328,96998.99799444445,61517.09190388973,0.0,5367.413823641662,66884.50572753139,3797.710397222223,1075.4999972222222,0.8982017019334267,24933.333333333336,20196.0,1200.0,1200.0,1200.0,10800.0,167.65237916666672,137.95692152777778
2025-12-09,rolling,93013.2722888889,1382.1418444444444,94395.41413333334,61517.09190388973,-585.6648361438885,5698.485583218055,66629.91265096389,1295.3245138888901,1075.6353527777778,0.9652785975849426,24400.0,19764.0,1200.0,1200.0,1200.0,10800.0,45.54632754629629,137.95692152777778
2025-12-10,static_forecast,91032.48108888889,3543.3434055555567,94575.82449444445,58045.82928157305,0.0,13122.325204336114,71168.15448590917,714.7171500000006,862.8222111111103,0.980141861862162,24266.666666666668,19656.0,1200.0,1200.0,1200.0,10800.0,136.3954736111111,135.74940347222218
2025-12-10,rolling,93280.42855555555,1564.4144694444449,94844.843025,58045.82928157305,2430.856999362083,6368.414015711112,66845.10029664624,958.4367555555546,862.7878027777771,0.9733702073775571,24400.0,19764.0,1200.0,1200.0,1200.0,10800.0,33.27936365740743,135.74940347222218
2025-12-11,static_forecast,95072.77101666667,670.0213083333331,95742.79232499999,60972.46238601195,0.0,2605.6332640875007,63578.09565009945,3607.1245944444445,1487.7463638888892,0.9046403877389588,24666.666666666668,19980.0,1200.0,1200.0,1200.0,10800.0,126.14579444444439,147.38812569444457
2025-12-11,rolling,92733.58824166667,1063.2528638888882,93796.84110555556,60972.46238601195,-851.7259618923604,4235.888254193054,64356.62467831264,1667.2084527777788,1481.7112861111113,0.955924907096339,24666.666666666668,19980.0,1200.0,1200.0,1200.0,10800.0,48.87402916666666,147.38812569444457
2025-12-12,static_forecast,47624.60181944444,2365.6746999999996,49990.27651944444,25018.649796659443,0.0,9300.284296023608,34318.93409268305,1030.5580194444447,1318.6383499999997,0.9705110750061976,20666.666666666668,16740.0,1200.0,1200.0,1200.0,10800.0,84.54270902777778,155.4164125
2025-12-12,rolling,49944.77957222222,1333.5194638888881,51278.299036111115,25018.649796659443,2447.463301733749,4989.544240769442,32455.657339162633,2318.5805361111106,1318.6383499999997,0.9336549265238565,20666.666666666668,16740.0,1200.0,1200.0,1200.0,10800.0,92.82035706018513,155.4164125
2025-12-13,static_forecast,49278.294125,1884.4226972222227,51162.716822222224,25912.609909157225,0.0,7898.269246690279,33810.8791558475,2137.70643888889,1173.143666666667,0.9389952238309096,21333.333333333336,17280.0,1200.0,1200.0,1200.0,10800.0,132.61621180555562,131.56589722222225
2025-12-13,rolling,49179.691216666666,1175.8584194444443,50355.549636111115,25912.609909157225,698.4028907290275,4946.656466718054,31557.6692666043,1482.5392527777774,1173.143666666667,0.957692050867093,20533.333333333336,16632.0,1200.0,1200.0,1200.0,10800.0,35.742995370370394,131.56589722222225
2025-12-14,static_forecast,90295.59096666667,4367.34253888889,94662.93350555556,57629.03419045611,0.0,17033.073245611115,74662.10743606722,129.7911222222225,1143.753916666667,0.9963688558673829,24266.666666666668,19656.0,1200.0,1200.0,1200.0,10800.0,152.5074909722222,124.80745972222222
2025-12-14,rolling,94445.319575,1269.122777777779,95714.44235277778,57629.03419045611,4509.019680507916,5523.601667591671,67661.6555385557,1155.966636111112,1143.753916666667,0.9676597181968324,24400.0,19764.0,1200.0,1200.0,1200.0,10800.0,47.754501041666686,124.80745972222222
2025-12-15,static_forecast,89563.34741111111,5388.978813888887,94952.326225,56992.77774045055,0.0,20035.804801070826,77028.58254152138,94.03225833333272,778.0693333333337,0.9973006902110216,24266.666666666668,19656.0,1200.0,1200.0,1200.0,10800.0,193.0963798611111,115.73021736111107
2025-12-15,rolling,94601.49131666667,1303.404158333333,95904.895475,56992.77774045055,5458.333621655416,4962.456474295833,67413.56783640181,1046.6015083333334,778.0693333333337,0.9699560369316133,24266.666666666668,19656.0,1200.0,1200.0,1200.0,10800.0,45.87292430555555,115.73021736111107
2025-12-16,static_forecast,94904.35295,1598.4736888888892,96502.82663888889,61382.05638425,0.0,4674.324068483334,66056.38045273334,1549.6370722222198,772.4315666666671,0.9560122745406852,25066.666666666668,20304.0,1200.0,1200.0,1200.0,10800.0,82.42219861111113,117.69324305555554
2025-12-16,rolling,94302.30563055555,1422.2052972222223,95724.51092777778,61382.05638425,95.1061184622223,4775.225191831943,66252.38769454417,821.9880277777752,772.4315666666671,0.9766671923737074,24800.0,20088.0,1200.0,1200.0,1200.0,10800.0,41.96643275462962,117.69324305555554
2025-12-17,static_forecast,95288.02227222222,1528.2344444444432,96816.25671666666,61023.38076303556,0.0,6092.986337740273,67116.36710077582,2960.876016666669,1027.533633333334,0.9183762953880553,24400.0,19764.0,1200.0,1200.0,1200.0,10800.0,122.45404375000001,142.3978249999999
2025-12-17,rolling,92496.94708333333,1959.5882388888876,94456.53532222222,61023.38076303556,-984.0189874273615,7820.056047972216,67859.41782358041,601.1546222222235,1027.533633333334,0.9834277196903325,24400.0,19764.0,1200.0,1200.0,1200.0,10800.0,40.38873159722224,142.3978249999999
2025-12-18,static_forecast,90270.24001666666,2918.883219444444,93189.1232361111,58007.125570439995,0.0,10490.793115401386,68497.91868584139,358.3780694444446,853.8115333333328,0.9903007612058593,24266.666666666668,19656.0,1200.0,1200.0,1200.0,10800.0,63.064655787037054,146.7509194444445
2025-12-18,rolling,91787.35866666667,1885.4226361111118,93672.78130277779,58007.125570439995,1784.0434656020827,6277.359706386114,66068.5287424282,842.0361361111119,853.8115333333328,0.9772109114542142,24266.666666666668,19656.0,1200.0,1200.0,1200.0,10800.0,31.610439120370376,146.7509194444445
2025-12-19,static_forecast,45092.16798611111,3324.1996638888886,48416.36765,23945.08752550833,0.0,11230.867482830556,35175.95500833889,648.18805,882.4549666666661,0.9818358064616819,20933.333333333336,16956.0,1200.0,1200.0,1200.0,10800.0,110.72827407407401,144.35585625
2025-12-19,rolling,47442.025761111116,1747.7921638888888,49189.817924999996,23945.08752550833,2090.522068569445,6591.265692408333,32626.87528648611,1446.9716583333332,882.4549666666661,0.9594514689889335,20800.0,16848.0,1200.0,1200.0,1200.0,10800.0,52.06826111111113,144.35585625
2025-12-20,static_forecast,47979.058808333335,1330.5790305555552,49309.6378388889,25436.118572258056,0.0,4454.907649638888,29891.026221896944,1481.9926694444443,917.9595861111111,0.9586176219501122,21333.333333333336,17280.0,1200.0,1200.0,1200.0,10800.0,59.43786041666666,119.48555555555552
2025-12-20,rolling,47568.894669444446,1468.511169444444,49037.40583888889,25436.118572258056,-61.23411860180504,5269.065704459721,30643.950158115975,1214.3924555555566,913.3278,0.9660899485315467,21333.333333333336,17280.0,1200.0,1200.0,1200.0,10800.0,45.08845833333334,119.48555555555552
2025-12-21,static_forecast,93732.7256,2015.5833333333321,95748.30893333333,60142.26784918306,0.0,7226.5200275569405,67368.78787674,1055.785750000001,993.4079833333328,0.9701237744473445,24533.333333333336,19872.0,1200.0,1200.0,1200.0,10800.0,60.84399791666672,148.0094243055556
2025-12-21,rolling,93690.924575,2207.416005555556,95898.34058055555,60142.26784918306,925.7181518812489,7471.563202456943,68539.54920352125,1205.817397222224,993.4079833333328,0.9658782356792303,24533.333333333336,19872.0,1200.0,1200.0,1200.0,10800.0,66.93332164351847,148.0094243055556
2025-12-22,static_forecast,91627.98874722223,3273.3089527777784,94901.2977,58798.83706996889,0.0,11149.493350613891,69948.33042058277,505.2765166666668,771.9274333333335,0.9858786467914306,24666.666666666668,19980.0,1200.0,1200.0,1200.0,10800.0,93.80688912037037,136.27144027777774
2025-12-22,rolling,93364.070175,1891.4147305555562,95255.48490555555,58798.83706996889,1666.4445620486108,7143.586408611112,67608.86804062861,859.4637222222218,771.9274333333335,0.9759799032982597,24666.666666666668,19980.0,1200.0,1200.0,1200.0,10800.0,36.355566550925936,136.27144027777774
2025-12-23,static_forecast,94204.46903333333,1296.954313888888,95501.42334722223,60493.935163300004,0.0,5014.132321211109,65508.067484511106,2516.6164138888907,1065.381066666666,0.9314246587753753,24533.333333333336,19872.0,1200.0,1200.0,1200.0,10800.0,106.48208495370372,116.15975208333333
2025-12-23,rolling,92268.78664444444,1400.9911416666644,93669.77778611111,60493.935163300004,-487.13777613500105,4982.99513513194,64989.79252229694,684.9708527777775,1065.381066666666,0.9813352127487824,24533.333333333336,19872.0,1200.0,1200.0,1200.0,10800.0,33.71875358796294,116.15975208333333
2025-12-24,static_forecast,93057.75775833333,1825.1287722222216,94882.88653055555,59952.611853734445,0.0,6558.904988104161,66511.5168418386,1185.2327305555546,1105.7611499999994,0.9671678973937604,24933.333333333336,20196.0,1200.0,1200.0,1200.0,10800.0,58.04596250000001,129.13178888888874
2025-12-24,rolling,93242.52000833333,1632.382399999999,94874.90240833334,59952.611853734445,406.9539665612498,6405.197760312494,66764.76358060818,1177.2486083333317,1105.7611499999994,0.9673890653663137,24933.333333333336,20196.0,1200.0,1200.0,1200.0,10800.0,57.9169490740741,129.13178888888874
2025-12-25,static_forecast,89565.68312222222,4249.543952777778,93815.227075,57071.99514817611,0.0,15010.270013987501,72082.26516216362,249.75537499999928,1142.3565000000008,0.9930579944638427,24266.666666666668,19656.0,1200.0,1200.0,1200.0,10800.0,142.27920000000003,154.8230222222222
2025-12-25,rolling,92465.4372388889,2123.723555555555,94589.16079444444,57071.99514817611,3039.8791768687497,7998.737554486108,68110.61187953097,1023.6890944444428,1142.3565000000008,0.9715463366466598,24266.666666666668,19656.0,1200.0,1200.0,1200.0,10800.0,56.01958194444436,154.8230222222222
2025-12-26,static_forecast,45505.777408333335,2748.786313888889,48254.56372222223,24282.952957581947,0.0,9559.046121320833,33841.99907890278,297.37317222222214,1073.5681166666668,0.9915669164048326,20400.0,16524.0,1200.0,1200.0,1200.0,10800.0,91.84072546296296,131.92539930555554
2025-12-26,rolling,47066.480574999994,1683.5103805555555,48749.99095555555,24282.952957581947,1566.829243446666,5642.903266643054,31492.68546767166,666.1337388888878,1073.5681166666668,0.9811093870249551,21066.666666666664,17064.0,1200.0,1200.0,1200.0,10800.0,41.202396643518526,131.92539930555554
2025-12-27,static_forecast,47135.37753333333,2275.321416666668,49410.698950000005,24873.799130375275,0.0,8605.461673455558,33479.26080383084,913.5456999999996,1358.3441833333331,0.9739510711398669,20000.0,16200.0,1200.0,1200.0,1200.0,10800.0,88.90295208333333,149.48139791666665
2025-12-27,rolling,47903.90741111111,1637.1691916666664,49541.07660277778,24873.799130375275,1045.3889639043077,6095.435320455554,32014.62341473514,942.5900194444447,1358.3441833333331,0.9731228986565426,20533.333333333336,16632.0,1200.0,1200.0,1200.0,10800.0,45.84523067129629,149.48139791666665
2025-12-28,static_forecast,92178.85755,2009.0945250000013,94187.95207500001,59258.283455724166,0.0,6844.735126994448,66103.01858271862,1462.038958333333,1255.325033333334,0.960164613350702,24533.333333333336,19872.0,1200.0,1200.0,1200.0,10800.0,81.34407546296296,161.27222708333335
2025-12-28,rolling,92163.75279166666,1780.3204805555565,93944.07327222222,59258.283455724166,459.6157061351383,6564.38484146806,66282.28400332737,1268.8268222222218,1255.325033333334,0.9654289601750143,24266.666666666668,19656.0,1200.0,1200.0,1200.0,10800.0,34.038782291666664,161.27222708333335
2025-12-29,static_forecast,91430.76939166666,2230.1555333333336,93660.924925,58319.86582771195,0.0,7859.584544240273,66179.45037195222,441.7023916666658,1084.7896,0.9877825963863759,24266.666666666668,19656.0,1200.0,1200.0,1200.0,10800.0,81.6322914351852,130.91031249999995
2025-12-29,rolling,94386.99821666667,873.2193222222213,95260.21753888889,58319.86582771195,3262.413714378472,2928.3473007513835,64510.626842841804,2015.6616722222216,1084.7896,0.9442471839350247,24400.0,19764.0,1200.0,1200.0,1200.0,10800.0,61.66850833333331,130.91031249999995
2025-12-30,static_forecast,91771.5174111111,2038.8092722222223,93810.32668333333,58703.32668316972,0.0,7857.003157551389,66560.32984072111,1985.585999999999,939.0047500000001,0.9467701374274535,24533.333333333336,19872.0,1200.0,1200.0,1200.0,10800.0,109.19192685185183,124.55061875000004
2025-12-30,rolling,90745.12545833334,2192.7207333333326,92937.84619166667,58703.32668316972,112.38799255194454,7711.6260358583295,66527.34071158001,1113.1055083333313,939.0047500000001,0.9701597144433292,24533.333333333336,19872.0,1200.0,1200.0,1200.0,10800.0,71.97104201388885,124.55061875000004
2025-12-31,static_forecast,93750.62548333334,2076.0723944444444,95826.69787777777,59993.64605259083,0.0,8003.122690937503,67996.76874352833,1502.3011416666668,1041.973802777778,0.9572545431487831,24400.0,19764.0,1200.0,1200.0,1200.0,10800.0,83.67126226851853,146.77660555555562
2025-12-31,rolling,93588.72934166665,1758.1189055555549,95346.84824722222,59993.64605259083,880.7855504051391,6426.232420655553,67300.66402365154,1023.2813444444449,1041.1439694444446,0.9708842472774274,24400.0,19764.0,1200.0,1200.0,1200.0,10800.0,32.724754050925924,146.77660555555562
