date,emergency_period,emergency_purchase_kwh,start_time_index,end_time_index_inclusive
2025-02-01,03:30-03:40,12.860800000000095,21,21
2025-02-01,07:40-07:50,20.39458888888873,46,46
2025-02-01,08:50-09:10,17.453630555555492,53,54
2025-02-01,09:20-09:40,65.39775833333329,56,57
2025-02-01,09:50-10:20,129.607616666667,59,61
2025-02-01,10:40-10:50,45.69930555555561,64,64
2025-02-01,11:00-11:30,30.353933333333316,66,68
2025-02-01,11:50-12:00,34.24346666666679,71,71
2025-02-01,14:20-14:30,12.494924999999968,86,86
2025-02-01,15:20-15:40,30.404600000000073,92,93
2025-02-01,17:00-17:40,58.25105000000007,102,105
2025-02-01,18:00-18:20,12.110700000000008,108,109
2025-02-01,19:10-19:40,97.28354999999993,115,117
2025-02-01,21:10-21:30,51.367966666666746,127,128
2025-02-01,22:40-23:10,53.20240000000001,136,138
2025-02-01,23:50-24:00,7.430000000000064,143,143
2025-02-02,01:40-02:00,18.08118333333323,10,11
2025-02-02,02:40-03:10,85.36464999999998,16,18
2025-02-02,06:30-06:40,31.75350555555553,39,39
2025-02-02,10:50-11:10,46.9431277777785,65,66
2025-02-02,11:30-11:50,80.77731666666705,69,70
2025-02-02,12:10-12:20,3.043027777777752,73,73
2025-02-02,17:00-17:20,22.55024166666672,102,103
2025-02-02,18:20-18:40,34.06574999999985,110,111
2025-02-02,19:00-19:20,33.34016666666673,114,115
2025-02-02,21:50-22:00,3.7233333333333576,131,131
2025-02-03,00:20-00:40,13.406550000000152,2,3
2025-02-03,01:50-02:20,35.22423333333336,11,13
2025-02-03,03:00-03:30,66.96561666666673,18,20
2025-02-03,04:10-04:20,7.078583333333427,25,25
2025-02-03,06:20-06:50,80.29343333333328,38,40
2025-02-03,07:10-07:50,50.701999999999884,43,46
2025-02-03,09:00-09:20,84.38527500000043,54,55
2025-02-03,10:30-10:50,120.85164999999995,63,64
2025-02-03,11:20-11:40,24.03189722222237,68,69
2025-02-03,12:20-12:50,55.85588333333362,74,76
2025-02-03,13:20-13:30,19.378741666666883,80,80
2025-02-03,15:00-15:20,31.64609166666662,90,91
2025-02-03,16:10-17:30,218.86781111111085,97,104
2025-02-03,18:10-18:40,45.21396666666684,109,111
2025-02-03,20:20-20:40,29.339016666666566,122,123
2025-02-03,22:30-22:40,2.195133333333388,135,135
2025-02-03,23:50-24:00,15.758333333333212,143,143
2025-02-04,00:20-00:30,23.706666666666933,2,2
2025-02-04,02:10-02:20,5.111633333333316,13,13
2025-02-04,06:20-06:40,26.54313888888883,38,39
2025-02-04,07:30-07:40,24.133049999999717,45,45
2025-02-04,13:10-13:20,4.522544444444407,79,79
2025-02-04,15:00-15:20,95.22575,90,91
2025-02-04,16:00-16:30,103.93273333333329,96,98
2025-02-04,16:50-17:20,61.82456666666654,101,103
2025-02-04,17:50-18:00,6.81666666666672,107,107
2025-02-04,18:20-18:40,27.51906666666682,110,111
2025-02-04,19:10-19:20,1.025600000000054,115,115
2025-02-04,20:40-20:50,7.319716666666522,124,124
2025-02-04,22:00-22:40,194.67343333333315,132,135
2025-02-05,00:00-00:20,45.52375000000007,0,1
2025-02-05,01:00-01:10,6.991116666666585,6,6
2025-02-05,01:40-01:50,14.53511666666668,10,10
2025-02-05,03:50-04:10,1.297583333333364,23,24
2025-02-05,06:00-06:40,101.72830000000015,36,39
2025-02-05,07:00-07:20,56.246416666666846,42,43
2025-02-05,13:50-14:10,34.59190555555563,83,84
2025-02-05,14:20-14:30,12.04480000000001,86,86
2025-02-05,15:50-16:00,1.0689833333331649,95,95
2025-02-05,16:30-16:50,60.98909166666651,99,100
2025-02-05,17:00-17:50,136.97226666666677,102,106
2025-02-05,18:00-18:20,41.78441666666663,108,109
2025-02-05,18:40-19:10,50.72140000000002,112,114
2025-02-05,19:40-20:10,51.57013333333339,118,120
2025-02-05,20:20-20:30,1.0299999999999727,122,122
2025-02-05,21:00-21:20,2.7606166666666927,126,127
2025-02-05,22:10-22:40,40.07518333333326,133,135
2025-02-06,00:00-00:30,69.00681666666651,0,2
2025-02-06,00:50-01:00,1.2416666666665606,5,5
2025-02-06,03:40-03:50,2.781600000000026,22,22
2025-02-06,04:50-05:00,3.32666666666671,29,29
2025-02-06,06:30-06:40,1.9148000000001504,39,39
2025-02-06,07:50-08:10,12.37376666666728,47,48
2025-02-06,12:10-12:20,19.81856111111051,73,73
2025-02-06,12:40-13:00,32.39176944444398,76,77
2025-02-06,13:30-13:40,19.33872777777742,81,81
2025-02-06,14:50-15:10,33.862483333333216,89,90
2025-02-06,15:50-16:00,25.94805000000008,95,95
2025-02-06,16:20-16:40,52.87169722222225,98,99
2025-02-06,17:00-17:40,97.53812222222193,102,105
2025-02-06,18:50-19:10,24.18399999999997,113,114
2025-02-06,20:30-20:40,9.4998333333333,123,123
2025-02-06,21:00-21:20,76.78631666666661,126,127
2025-02-06,22:20-23:00,55.82133333333343,134,137
2025-02-07,01:20-01:30,1.918333333333294,8,8
2025-02-07,02:00-02:20,23.569583333333526,12,13
2025-02-07,03:20-03:40,30.507616666666706,20,21
2025-02-07,04:40-04:50,3.2992666666666537,28,28
2025-02-07,14:40-14:50,27.84600000000012,88,88
2025-02-07,15:40-15:50,20.843480555555573,94,94
2025-02-07,16:30-16:40,1.5042277777779134,99,99
2025-02-07,17:00-17:20,8.441341666666727,102,103
2025-02-07,18:30-18:50,112.74916666666667,111,112
2025-02-07,19:00-19:20,23.302499999999895,114,115
2025-02-07,19:30-19:50,31.483783333333463,117,118
2025-02-07,20:40-21:10,72.89526666666677,124,126
2025-02-07,22:20-22:30,19.34999999999991,134,134
2025-02-07,22:50-23:00,1.1633333333332985,137,137
2025-02-07,23:20-23:30,11.603333333333351,140,140
2025-02-08,00:20-01:10,84.21558333333309,2,6
2025-02-08,01:50-02:10,62.67735000000011,11,12
2025-02-08,02:50-03:20,25.309183333333465,17,19
2025-02-08,03:50-04:40,47.670733333333374,23,27
2025-02-08,04:50-05:20,34.25068333333324,29,31
2025-02-08,06:20-06:40,56.80599166666673,38,39
2025-02-08,07:00-07:40,170.58512777777787,42,45
2025-02-08,08:10-08:40,50.46760833333332,49,51
2025-02-08,09:30-09:40,3.473038888888709,57,57
2025-02-08,09:50-10:10,78.56455000000005,59,60
2025-02-08,10:20-10:30,9.38704166666662,62,62
2025-02-08,11:00-11:20,29.830999999999904,66,67
2025-02-08,12:20-12:40,105.64222222222224,74,75
2025-02-08,14:20-14:50,91.46725000000038,86,88
2025-02-08,15:50-18:10,361.1960472222222,95,108
2025-02-08,18:40-19:20,101.00411666666662,112,115
2025-02-08,19:40-20:50,124.84071666666665,118,124
2025-02-08,22:00-22:30,92.93264999999985,132,134
2025-02-08,23:20-23:30,1.3266666666667106,140,140
2025-02-09,00:30-01:00,41.92268333333345,3,5
2025-02-09,01:20-01:40,51.54691666666645,8,9
2025-02-09,02:00-02:20,47.97513333333325,12,13
2025-02-09,03:10-03:30,22.512033333333193,19,20
2025-02-09,03:50-04:20,68.32510000000013,23,25
2025-02-09,04:40-04:50,21.45428333333325,28,28
2025-02-09,05:30-05:50,14.853733333333466,33,34
2025-02-09,06:00-08:00,322.97595833333395,36,47
2025-02-09,08:20-08:30,1.3225000000001046,50,50
2025-02-09,15:10-15:20,8.17647222222206,91,91
2025-02-09,16:00-16:10,5.363275000000044,96,96
2025-02-09,17:00-18:10,198.27965833333351,102,108
2025-02-09,19:10-20:00,65.97261666666645,115,119
2025-02-09,20:40-21:10,33.12013333333335,124,126
2025-02-09,21:20-21:40,35.42541666666682,128,129
2025-02-09,22:00-22:20,29.86539999999991,132,133
2025-02-09,22:50-23:10,3.0742999999999943,137,138
2025-02-09,23:20-23:50,39.30686666666668,140,142
2025-02-10,00:00-00:20,14.438166666666575,0,1
2025-02-10,01:00-01:20,53.57786666666675,6,7
2025-02-10,02:20-03:00,48.976,14,17
2025-02-10,03:40-03:50,6.822983333333241,22,22
2025-02-10,04:30-05:30,132.57298333333318,27,32
2025-02-10,05:40-06:00,20.79006666666669,34,35
2025-02-10,06:20-06:40,25.29935000000006,38,39
2025-02-10,08:00-08:20,55.247686111110966,48,49
2025-02-10,09:50-10:10,31.473036111111014,59,60
2025-02-10,10:30-11:20,255.20696944444467,63,67
2025-02-10,11:30-12:00,221.84215833333405,69,71
2025-02-10,12:30-13:10,105.50796666666656,75,78
2025-02-10,17:10-17:50,91.16361666666613,103,106
2025-02-10,18:40-19:00,96.59163333333333,112,113
2025-02-10,19:30-19:50,12.543733333333307,117,118
2025-02-10,20:40-21:00,41.01125000000002,124,125
2025-02-10,21:20-22:10,90.81298333333325,128,132
2025-02-10,22:50-23:00,7.051666666666733,137,137
2025-02-10,23:10-24:00,149.60519999999997,139,143
2025-02-11,00:00-00:10,12.759716666666918,0,0
2025-02-11,00:30-00:50,17.55404999999996,3,4
2025-02-11,02:00-02:20,9.95803333333322,12,13
2025-02-11,02:30-02:40,7.891849999999977,15,15
2025-02-11,03:00-03:20,46.530816666666624,18,19
2025-02-11,03:40-03:50,3.277583333333382,22,22
2025-02-11,04:10-05:10,75.82983333333351,25,30
2025-02-11,05:40-05:50,0.0785500000000638,34,34
2025-02-11,06:00-06:50,211.94938333333354,36,40
2025-02-11,07:10-07:30,62.82439444444455,43,44
2025-02-11,08:30-08:40,6.528694444444454,51,51
2025-02-11,08:50-09:20,149.32111666666617,53,55
2025-02-11,09:30-09:50,17.284733333333293,57,58
2025-02-11,10:00-11:10,303.7861333333327,60,66
2025-02-11,11:30-12:20,178.57966666666744,69,73
2025-02-11,12:30-12:40,1.004777777777463,75,75
2025-02-11,13:40-14:20,133.4055361111109,82,85
2025-02-11,14:30-15:00,86.49746666666658,87,89
2025-02-11,16:30-16:50,31.74290833333302,99,100
2025-02-11,17:00-17:40,170.29734444444455,102,105
2025-02-11,18:00-18:20,12.34281666666661,108,109
2025-02-11,18:40-19:50,110.01734999999996,112,118
2025-02-11,20:00-21:40,224.7099000000003,120,129
2025-02-11,22:50-23:50,94.59510000000012,137,142
2025-02-12,00:30-00:50,12.322949999999764,3,4
2025-02-12,02:40-02:50,5.614550000000008,16,16
2025-02-12,03:00-03:20,17.782500000000255,18,19
2025-02-12,03:30-03:40,8.952666666666687,21,21
2025-02-12,04:20-04:50,74.42164999999994,26,28
2025-02-12,06:00-07:00,195.2554249999999,36,41
2025-02-12,07:20-07:40,65.82233333333315,44,45
2025-02-12,08:30-08:50,55.30399166666633,51,52
2025-02-12,09:10-09:20,47.728866666666704,55,55
2025-02-12,09:50-10:10,72.36497777777777,59,60
2025-02-12,10:30-11:30,139.4390000000003,63,68
2025-02-12,11:40-12:10,141.81434999999985,70,72
2025-02-12,12:20-12:30,20.66339999999991,74,74
2025-02-12,12:50-13:40,179.43331111111138,77,81
2025-02-12,14:10-14:30,71.9975333333332,85,86
2025-02-12,14:40-15:00,63.33393888888895,88,89
2025-02-12,15:30-15:50,104.56710833333312,93,94
2025-02-12,16:00-16:20,45.12240833333334,96,97
2025-02-12,17:00-18:00,154.5571833333332,102,107
2025-02-12,18:10-18:40,45.87198333333341,109,111
2025-02-12,19:10-19:30,29.335166666666737,115,116
2025-02-12,19:50-20:10,41.45561666666663,119,120
2025-02-12,20:30-22:00,134.54273333333356,123,131
2025-02-12,22:50-23:40,72.54866666666692,137,141
2025-02-13,00:00-00:10,8.866100000000188,0,0
2025-02-13,00:30-00:50,49.418399999999565,3,4
2025-02-13,01:10-01:20,28.944766666666965,7,7
2025-02-13,01:40-02:40,99.22379999999998,10,15
2025-02-13,03:00-03:50,74.00498333333337,18,22
2025-02-13,04:10-04:30,61.497100000000046,25,26
2025-02-13,04:50-05:10,54.61888333333323,29,30
2025-02-13,05:30-05:50,74.93485000000007,33,34
2025-02-13,06:10-07:50,323.4571361111105,37,46
2025-02-13,09:10-09:40,60.824866666666935,55,57
2025-02-13,09:50-10:00,49.46479999999997,59,59
2025-02-13,10:20-10:50,160.08701666666707,62,64
2025-02-13,11:20-11:30,24.26781666666648,68,68
2025-02-13,11:50-12:00,56.94014999999968,71,71
2025-02-13,14:20-14:40,40.81080555555559,86,87
2025-02-13,16:20-16:30,5.360083333333648,98,98
2025-02-13,17:00-17:50,74.6627666666669,102,106
2025-02-13,18:30-18:50,41.68341666666663,111,112
2025-02-13,19:10-20:00,209.55618333333337,115,119
2025-02-13,20:40-21:00,39.65833333333342,124,125
2025-02-13,21:20-21:40,26.3665666666667,128,129
2025-02-13,23:20-23:30,32.59166666666658,140,140
2025-02-14,00:00-00:10,31.649766666666665,0,0
2025-02-14,00:40-01:10,85.13269999999999,4,6
2025-02-14,02:00-02:10,4.459666666666635,12,12
2025-02-14,02:30-03:20,121.27136666666655,15,19
2025-02-14,03:40-03:50,3.1548500000000104,22,22
2025-02-14,04:20-04:40,2.950866666666735,26,27
2025-02-14,05:20-06:00,133.5833166666664,32,35
2025-02-14,06:20-06:50,80.98611666666676,38,40
2025-02-14,07:00-07:10,8.468113888888865,42,42
2025-02-14,07:20-07:50,143.50418888888873,44,46
2025-02-14,09:20-09:30,6.444583333333526,56,56
2025-02-14,10:40-11:40,185.78816666666728,64,69
2025-02-14,12:30-12:50,37.14238333333333,75,76
2025-02-14,16:00-16:10,9.600136111111055,96,96
2025-02-14,17:00-18:30,392.2126833333333,102,110
2025-02-14,19:00-19:20,4.525300000000016,114,115
2025-02-14,20:10-20:30,14.019416666666643,121,122
2025-02-14,21:20-21:30,3.828333333333262,128,128
2025-02-14,22:00-22:10,14.40103333333326,132,132
2025-02-14,22:40-22:50,22.13346666666672,136,136
2025-02-14,23:10-23:20,5.631716666666705,139,139
2025-02-14,23:30-24:00,33.60270000000003,141,143
2025-02-15,00:00-00:10,21.47928333333357,0,0
2025-02-15,00:40-01:40,57.57311666666641,4,9
2025-02-15,02:00-02:50,163.21440000000007,12,16
2025-02-15,03:30-03:50,46.58881666666679,21,22
2025-02-15,04:40-05:00,25.88810000000001,28,29
2025-02-15,05:20-07:00,338.8803833333334,32,41
2025-02-15,07:20-07:30,0.0551249999999186,44,44
2025-02-15,08:00-08:20,13.479983333333452,48,49
2025-02-15,11:10-11:20,21.06651666666653,67,67
2025-02-15,13:50-14:00,30.110000000000014,83,83
2025-02-15,14:50-15:00,19.45500000000004,89,89
2025-02-15,15:40-16:00,33.97497222222222,94,95
2025-02-15,17:00-17:50,222.12474999999992,102,106
2025-02-15,18:00-18:20,28.56438333333324,108,109
2025-02-15,18:30-18:50,12.91123333333343,111,112
2025-02-15,19:20-20:00,112.87373333333335,116,119
2025-02-15,20:50-21:50,209.13729999999998,125,130
2025-02-15,22:20-23:20,181.43436666666662,134,139
2025-02-15,23:30-24:00,26.837616666666634,141,143
2025-02-16,00:00-00:20,35.56853333333356,0,1
2025-02-16,00:30-00:50,21.025466666666716,3,4
2025-02-16,01:30-01:50,17.114599999999996,9,10
2025-02-16,02:20-02:50,31.32370000000003,14,16
2025-02-16,03:30-03:50,37.91723333333334,21,22
2025-02-16,04:10-04:30,114.3884833333334,25,26
2025-02-16,04:50-05:00,24.600000000000023,29,29
2025-02-16,05:20-05:40,57.79458333333346,32,33
2025-02-16,05:50-07:10,283.9087583333331,35,42
2025-02-16,08:00-08:30,92.61256666666657,48,50
2025-02-16,08:40-08:50,23.82621666666671,52,52
2025-02-16,09:40-10:10,24.576780555555274,58,60
2025-02-16,10:20-12:00,550.5893166666663,62,71
2025-02-16,12:20-12:50,39.63855000000012,74,76
2025-02-16,13:00-13:20,13.881400000000214,78,79
2025-02-16,13:30-14:00,181.8410777777782,81,83
2025-02-16,14:40-17:50,756.6814583333323,88,106
2025-02-16,18:40-19:30,85.80298333333315,112,116
2025-02-16,19:50-20:40,81.78445000000022,119,123
2025-02-16,21:00-21:20,34.06306666666649,126,127
2025-02-16,21:30-21:50,42.939649999999915,129,130
2025-02-16,22:20-23:00,78.48771666666664,134,137
2025-02-16,23:20-23:40,38.075583333333384,140,141
2025-02-17,00:00-00:20,22.228100000000268,0,1
2025-02-17,00:30-01:00,80.10688333333383,3,5
2025-02-17,01:30-01:50,62.43426666666687,9,10
2025-02-17,02:00-02:20,60.917900000000145,12,13
2025-02-17,03:00-03:30,72.49968333333322,18,20
2025-02-17,04:20-04:30,5.338333333333367,26,26
2025-02-17,06:00-07:20,289.61343333333343,36,43
2025-02-17,08:50-09:00,4.32256666666683,53,53
2025-02-17,09:50-10:10,9.97825277777747,59,60
2025-02-17,11:30-11:40,22.67501666666658,69,69
2025-02-17,12:00-12:30,199.87021666666715,72,74
2025-02-17,13:00-13:20,64.71527500000025,78,79
2025-02-17,13:30-15:00,331.45545833333335,81,89
2025-02-17,15:30-17:50,479.43072500000056,93,106
2025-02-17,18:10-18:50,56.714600000000004,109,112
2025-02-17,19:00-19:30,126.86434999999983,114,116
2025-02-17,19:50-20:30,70.86136666666653,119,122
2025-02-17,21:00-21:20,10.495566666666832,126,127
2025-02-17,21:30-21:40,8.82039999999995,129,129
2025-02-17,22:10-23:30,110.13021666666657,133,140
2025-02-18,00:00-00:20,17.389116666666723,0,1
2025-02-18,00:40-01:30,119.10631666666677,4,8
2025-02-18,01:50-02:00,9.943333333333612,11,11
2025-02-18,03:10-03:30,14.809183333333408,19,20
2025-02-18,03:40-04:30,95.75216666666654,22,26
2025-02-18,04:50-05:00,12.50666666666666,29,29
2025-02-18,05:10-05:30,39.880716666666785,31,32
2025-02-18,05:40-06:40,151.53318333333345,34,39
2025-02-18,08:20-08:40,37.67681666666692,50,51
2025-02-18,11:20-11:40,29.974008333333586,68,69
2025-02-18,11:50-12:20,32.945099999999684,71,73
2025-02-18,12:40-13:00,50.0065833333333,76,77
2025-02-18,13:20-14:00,239.27606666666713,80,83
2025-02-18,14:20-14:30,1.893650000000093,86,86
2025-02-18,14:40-15:00,38.43973888888923,88,89
2025-02-18,15:10-18:20,705.8412694444444,91,109
2025-02-18,18:30-18:50,27.29238333333342,111,112
2025-02-18,19:00-19:20,16.51929999999993,114,115
2025-02-18,19:50-20:10,39.83701666666673,119,120
2025-02-18,20:30-20:40,12.547799999999938,123,123
2025-02-18,21:00-21:20,14.952699999999936,126,127
2025-02-18,21:40-22:20,36.9988166666667,130,133
2025-02-18,22:40-22:50,8.571333333333428,136,136
2025-02-18,23:10-23:30,9.778183333333232,139,140
2025-02-18,23:50-24:00,7.376666666666665,143,143
2025-02-19,00:00-00:10,5.157950000000028,0,0
2025-02-19,00:40-02:10,228.07336666666708,4,12
2025-02-19,02:20-03:10,142.53506666666658,14,18
2025-02-19,03:20-03:40,25.22040000000004,20,21
2025-02-19,04:40-05:20,71.42215000000013,28,31
2025-02-19,05:50-06:40,229.6868222222222,35,39
2025-02-19,06:50-07:20,40.802533333333386,41,43
2025-02-19,07:40-08:10,18.78399722222241,46,48
2025-02-19,08:40-09:20,98.7688277777778,52,55
2025-02-19,09:30-12:20,735.781830555557,57,73
2025-02-19,13:00-13:30,54.75694999999973,78,80
2025-02-19,15:00-15:30,74.02020000000016,90,92
2025-02-19,15:50-16:10,47.880602777777995,95,96
2025-02-19,16:30-16:50,32.89779166666662,99,100
2025-02-19,17:00-17:50,173.45784999999984,102,106
2025-02-19,18:00-18:10,3.221849999999904,108,108
2025-02-19,18:40-19:20,34.754866666666544,112,115
2025-02-19,19:40-21:20,141.99633333333327,118,127
2025-02-19,21:40-23:00,173.32044999999994,130,137
2025-02-19,23:30-24:00,133.88535000000002,141,143
2025-02-20,00:20-00:30,26.625,2,2
2025-02-20,00:50-01:10,49.222949999999855,5,6
2025-02-20,02:20-02:30,0.2333333333332348,14,14
2025-02-20,02:40-03:00,53.03143333333344,16,17
2025-02-20,03:50-04:20,54.31524999999999,23,25
2025-02-20,04:30-04:50,60.299483333333406,27,28
2025-02-20,05:20-05:40,33.75461666666638,32,33
2025-02-20,06:00-06:50,186.39745000000005,36,40
2025-02-20,07:10-07:30,46.91103611111134,43,44
2025-02-20,07:50-08:50,217.21257222222164,47,52
2025-02-20,10:00-11:00,216.32124166666767,60,65
2025-02-20,11:40-12:00,154.52007222222232,70,71
2025-02-20,12:50-13:00,27.339349999999968,77,77
2025-02-20,14:40-15:30,110.5544194444443,88,92
2025-02-20,16:00-16:10,4.018169444444368,96,96
2025-02-20,16:30-16:50,49.003058333333115,99,100
2025-02-20,17:00-18:00,308.9392749999999,102,107
2025-02-20,18:10-18:40,79.22876666666674,109,111
2025-02-20,20:00-20:20,65.99358333333339,120,121
2025-02-20,20:40-21:20,52.32491666666647,124,127
2025-02-20,21:50-22:30,55.722766666666644,131,134
2025-02-20,22:50-23:20,93.7776,137,139
2025-02-20,23:50-24:00,12.868333333333284,143,143
2025-02-21,00:20-02:10,208.78988333333342,2,12
2025-02-21,03:50-04:30,87.14986666666658,23,26
2025-02-21,04:50-05:40,89.38885000000029,29,33
2025-02-21,06:20-06:50,115.6144555555556,38,40
2025-02-21,07:10-07:40,45.05088333333333,43,45
2025-02-21,15:00-15:10,22.330233333333357,90,90
2025-02-21,15:40-16:00,47.8026500000002,94,95
2025-02-21,16:20-17:50,253.441741666667,98,106
2025-02-21,18:10-18:30,37.4690333333333,109,110
2025-02-21,18:50-19:00,19.361666666666626,113,113
2025-02-21,19:20-19:40,60.05991666666671,116,117
2025-02-21,20:50-21:20,68.15406666666644,125,127
2025-02-21,21:40-22:10,80.32915000000003,130,132
2025-02-21,22:20-23:10,93.53441666666674,134,138
2025-02-21,23:40-24:00,44.71960000000007,142,143
2025-02-22,00:20-00:40,20.864383333333535,2,3
2025-02-22,00:50-01:30,17.815833333333615,5,8
2025-02-22,01:40-02:10,79.25374999999997,10,12
2025-02-22,02:40-04:30,185.33981666666648,16,26
2025-02-22,05:00-05:20,28.417983333333332,30,31
2025-02-22,06:10-06:40,128.78198611111122,37,39
2025-02-22,06:50-07:20,76.41600000000005,41,43
2025-02-22,07:40-07:50,5.361433333333196,46,46
2025-02-22,08:10-08:20,5.559638888888799,49,49
2025-02-22,09:40-09:50,28.485877777777887,58,58
2025-02-22,10:30-10:40,20.73550000000023,63,63
2025-02-22,10:50-11:00,2.705483333333177,65,65
2025-02-22,11:30-11:40,54.48482777777804,69,69
2025-02-22,13:30-13:40,4.681400000000053,81,81
2025-02-22,14:20-14:30,9.022083333333285,86,86
2025-02-22,15:50-16:00,16.168966666666677,95,95
2025-02-22,16:30-16:40,3.9391666666666367,99,99
2025-02-22,17:00-18:00,394.41137499999996,102,107
2025-02-22,19:00-19:30,46.07063333333326,114,116
2025-02-22,20:00-20:20,15.824883333333334,120,121
2025-02-22,20:30-20:50,33.2363666666667,123,124
2025-02-22,21:20-21:30,9.883333333333326,128,128
2025-02-22,21:40-22:10,96.5858,130,132
2025-02-22,22:50-23:00,17.27000000000004,137,137
2025-02-22,23:30-24:00,71.15968333333336,141,143
2025-02-23,00:00-00:30,51.31031666666695,0,2
2025-02-23,01:10-01:30,37.48079999999982,7,8
2025-02-23,01:50-02:20,24.256883333333576,11,13
2025-02-23,03:00-03:20,89.7946833333333,18,19
2025-02-23,03:50-04:00,15.306666666666615,23,23
2025-02-23,04:30-04:50,72.96343333333346,27,28
2025-02-23,05:00-05:30,136.1757666666668,30,32
2025-02-23,06:00-06:50,150.97659166666665,36,40
2025-02-23,07:20-07:40,8.352136111111122,44,45
2025-02-23,08:00-08:20,45.3964416666671,48,49
2025-02-23,08:30-08:50,14.333524999999893,51,52
2025-02-23,09:00-09:20,50.17858333333368,54,55
2025-02-23,09:30-10:20,230.270166666666,57,61
2025-02-23,11:00-11:30,36.51979999999958,66,68
2025-02-23,12:00-12:50,367.29644166666617,72,76
2025-02-23,13:40-13:50,3.0822638888885194,82,82
2025-02-23,14:40-15:50,335.7541416666661,88,94
2025-02-23,16:00-16:20,10.167491666666479,96,97
2025-02-23,17:00-17:40,213.6717555555557,102,105
2025-02-23,18:00-18:20,39.46126666666667,108,109
2025-02-23,19:20-19:50,86.91173333333347,116,118
2025-02-23,20:00-20:50,66.48390000000006,120,124
2025-02-23,21:00-21:30,55.26558333333355,126,128
2025-02-23,21:40-22:30,80.68143333333353,130,134
2025-02-23,23:00-23:30,69.59491666666656,138,140
2025-02-23,23:50-24:00,12.543333333333408,143,143
2025-02-24,00:20-00:50,48.63318333333291,2,4
2025-02-24,01:10-01:30,68.00315,7,8
2025-02-24,03:00-03:10,5.8351166666667496,18,18
2025-02-24,04:40-05:10,69.07945000000004,28,30
2025-02-24,06:00-06:50,300.112625,36,40
2025-02-24,08:10-09:00,80.43809999999951,49,53
2025-02-24,09:10-09:20,12.333383333333472,55,55
2025-02-24,12:40-13:00,10.32662777777773,76,77
2025-02-24,13:20-13:30,87.52873333333355,80,80
2025-02-24,14:00-14:10,5.156708333333427,84,84
2025-02-24,15:30-15:50,49.81966666666698,93,94
2025-02-24,16:00-16:20,17.106674999999598,96,97
2025-02-24,16:30-18:10,429.7704833333329,99,108
2025-02-24,19:40-19:50,8.730733333333546,118,118
2025-02-24,20:10-21:00,154.1098666666668,121,125
2025-02-24,21:20-22:20,102.83775000000003,128,133
2025-02-24,22:40-22:50,0.024816666666652,136,136
2025-02-24,23:20-23:30,0.988333333333344,140,140
2025-02-25,00:00-00:20,24.86534999999958,0,1
2025-02-25,00:30-00:50,11.846250000000055,3,4
2025-02-25,01:00-01:20,55.258833333333314,6,7
2025-02-25,02:00-02:20,63.82981666666661,12,13
2025-02-25,02:40-03:40,119.16021666666654,16,21
2025-02-25,04:10-04:20,1.3052000000000137,25,25
2025-02-25,05:00-05:10,7.626500000000078,30,30
2025-02-25,05:30-08:20,636.3339583333332,33,49
2025-02-25,08:50-09:00,18.03833333333307,53,53
2025-02-25,09:40-09:50,22.30023333333361,58,58
2025-02-25,10:10-10:20,3.8542499999998654,61,61
2025-02-25,13:00-13:20,15.683183333333318,78,79
2025-02-25,14:10-14:30,60.427016666666646,85,86
2025-02-25,15:00-16:00,132.3791333333334,90,95
2025-02-25,17:00-18:30,184.66466666666685,102,110
2025-02-25,18:50-19:10,83.24843333333354,113,114
2025-02-25,19:20-19:40,31.085749999999962,116,117
2025-02-25,20:40-22:50,226.5687666666663,124,136
2025-02-25,23:10-23:50,88.26998333333336,139,142
2025-02-26,00:00-00:40,48.35034999999948,0,3
2025-02-26,01:30-01:40,35.42139999999995,9,9
2025-02-26,02:10-02:20,16.255583333333334,13,13
2025-02-26,03:00-03:20,51.106766666666545,18,19
2025-02-26,03:50-04:00,1.136666666666656,23,23
2025-02-26,04:10-04:30,75.76756666666665,25,26
2025-02-26,05:10-05:50,48.735000000000255,31,34
2025-02-26,06:00-06:50,204.51391666666677,36,40
2025-02-26,07:20-08:10,115.06535277777749,44,48
2025-02-26,08:40-09:00,114.06403055555563,52,53
2025-02-26,09:30-10:00,4.874275000000125,57,59
2025-02-26,10:10-10:20,40.895505555555474,61,61
2025-02-26,10:40-11:10,91.3794555555562,64,66
2025-02-26,11:30-12:00,70.52663333333317,69,71
2025-02-26,12:30-13:00,97.58815833333324,75,77
2025-02-26,13:40-13:50,14.271500000000287,82,82
2025-02-26,14:30-15:00,83.88078888888913,87,89
2025-02-26,15:20-15:30,18.56752499999993,92,92
2025-02-26,15:50-16:30,83.7170333333334,95,98
2025-02-26,16:50-18:00,293.565741666667,101,107
2025-02-26,18:20-18:30,32.60333333333335,110,110
2025-02-26,18:50-19:10,34.88711666666677,113,114
2025-02-26,19:30-19:50,27.438433333333478,117,118
2025-02-26,23:10-23:30,53.0159666666666,139,140
2025-02-27,00:40-00:50,0.8747999999998228,4,4
2025-02-27,01:10-02:00,39.30708333333325,7,11
2025-02-27,02:20-02:30,7.915000000000077,14,14
2025-02-27,03:10-03:40,99.79668333333336,19,21
2025-02-27,04:10-04:30,20.694266666666636,25,26
2025-02-27,05:50-06:50,253.7568999999999,35,40
2025-02-27,07:30-07:40,0.1823055555554447,45,45
2025-02-27,08:00-08:20,9.64068888888869,48,49
2025-02-27,08:50-09:20,156.28229999999996,53,55
2025-02-27,09:30-10:20,214.76914166666518,57,61
2025-02-27,12:10-13:30,193.78158333333204,73,80
2025-02-27,14:20-14:30,4.52069999999992,86,86
2025-02-27,14:50-15:00,15.419050000000084,89,89
2025-02-27,15:20-16:40,134.69673888888872,92,99
2025-02-27,17:10-18:30,230.6444722222222,103,110
2025-02-27,18:40-20:00,96.63133333333349,112,119
2025-02-27,20:20-20:50,38.11736666666661,122,124
2025-02-27,21:10-21:40,60.849766666666596,127,129
2025-02-27,23:30-23:40,0.7734833333332745,141,141
2025-02-28,00:10-00:30,53.05573333333314,1,2
2025-02-28,01:00-01:20,42.028216666666594,6,7
2025-02-28,01:30-01:50,38.9881666666667,9,10
2025-02-28,02:20-02:40,13.395733333333453,14,15
2025-02-28,03:00-03:20,45.448350000000005,18,19
2025-02-28,04:00-04:20,25.413733333333315,24,25
2025-02-28,04:30-05:20,119.03548333333342,27,31
2025-02-28,06:00-06:30,175.0652583333332,36,38
2025-02-28,07:20-07:40,27.169477777777672,44,45
2025-02-28,08:00-08:10,20.40565833333324,48,48
2025-02-28,13:50-14:00,10.490833333333285,83,83
2025-02-28,15:20-15:30,39.88125000000002,92,92
2025-02-28,16:10-17:40,211.66103888888895,97,105
2025-02-28,17:50-18:00,7.241666666666674,107,107
2025-02-28,18:30-18:50,43.64771666666667,111,112
2025-02-28,19:00-19:20,23.85558333333313,114,115
2025-02-28,19:40-20:40,137.19308333333322,118,123
2025-02-28,21:00-21:20,11.182600000000036,126,127
2025-02-28,21:30-21:50,64.68978333333337,129,130
2025-02-28,22:00-22:20,16.1512166666667,132,133
2025-02-28,23:10-23:30,49.14824999999996,139,140
2025-03-01,00:00-00:20,85.93166666666684,0,1
2025-03-01,00:40-00:50,0.3868666666667195,4,4
2025-03-01,01:20-01:40,25.26309999999984,8,9
2025-03-01,02:20-02:30,9.516666666666652,14,14
2025-03-01,08:50-09:00,16.443333333333385,53,53
2025-03-01,09:50-10:00,19.17916666666656,59,59
2025-03-01,10:40-10:50,33.92748333333361,64,64
2025-03-01,15:40-15:50,20.596505555555492,94,94
2025-03-01,16:00-16:30,49.39784999999989,96,98
2025-03-01,16:40-17:40,170.48564444444432,100,105
2025-03-01,18:10-18:40,103.62133333333344,109,111
2025-03-01,18:50-19:20,49.703983333333156,113,115
2025-03-01,19:50-20:00,1.7016666666667677,119,119
2025-03-01,20:10-20:30,40.443416666666735,121,122
2025-03-01,20:50-21:20,114.28990000000005,125,127
2025-03-01,21:50-22:00,1.6149999999999525,131,131
2025-03-01,22:20-22:50,41.45628333333343,134,136
2025-03-01,23:10-23:30,33.44425000000007,139,140
2025-03-02,00:40-01:10,38.15166666666664,4,6
2025-03-02,02:30-02:50,15.37048333333314,15,16
2025-03-02,04:00-04:10,2.796716666666612,24,24
2025-03-02,06:20-06:30,7.820566666666536,38,38
2025-03-02,11:50-12:00,14.661783333333346,71,71
2025-03-02,12:30-12:40,6.634222222222206,75,75
2025-03-02,13:20-13:40,14.391130555555494,80,81
2025-03-02,14:10-14:40,154.58075833333305,85,87
2025-03-02,16:30-16:40,6.81418333333346,99,99
2025-03-02,17:00-19:10,388.82745833333337,102,114
2025-03-02,20:40-21:10,71.01358333333326,124,126
2025-03-02,21:20-21:40,67.86024999999984,128,129
2025-03-02,22:30-22:50,40.47138333333328,135,136
2025-03-02,23:00-23:20,27.25956666666673,138,139
2025-03-02,23:30-24:00,38.8453333333332,141,143
2025-03-03,00:00-00:20,43.34134999999992,0,1
2025-03-03,01:30-02:00,96.86771666666652,9,11
2025-03-03,02:30-02:50,16.13503333333324,15,16
2025-03-03,03:20-03:40,29.913716666666573,20,21
2025-03-03,06:20-06:30,36.38428333333332,38,38
2025-03-03,07:10-07:30,20.28657499999997,43,44
2025-03-03,09:20-09:30,0.9715500000002066,56,56
2025-03-03,09:40-09:50,32.77204444444476,58,58
2025-03-03,11:20-12:00,300.0455666666662,68,71
2025-03-03,13:40-14:00,49.34766111111139,82,83
2025-03-03,14:10-14:30,56.958061111111306,85,86
2025-03-03,15:00-15:30,110.48883333333299,90,92
2025-03-03,15:50-16:40,124.17998888888886,95,99
2025-03-03,17:00-17:20,33.59017500000037,102,103
2025-03-03,17:30-17:50,53.58817500000002,105,106
2025-03-03,18:10-18:30,35.54293333333317,109,110
2025-03-03,18:50-19:50,120.91246666666677,113,118
2025-03-03,20:30-21:30,181.57545000000027,123,128
2025-03-03,22:10-22:50,59.965366666666796,133,136
2025-03-03,23:30-24:00,53.745399999999904,141,143
2025-03-04,00:20-00:40,50.30688333333319,2,3
2025-03-04,00:50-01:00,0.2816666666667515,5,5
2025-03-04,01:30-02:00,142.35473333333312,9,11
2025-03-04,03:50-04:10,4.93850000000009,23,24
2025-03-04,06:00-06:20,34.93600000000015,36,37
2025-03-04,11:10-11:50,202.15896666666686,67,70
2025-03-04,12:10-12:40,41.147574999999506,73,75
2025-03-04,13:30-15:50,567.7516916666664,81,94
2025-03-04,17:00-17:40,197.95636111111102,102,105
2025-03-04,18:30-18:40,4.836450000000022,111,111
2025-03-04,19:10-19:50,33.65695000000017,115,118
2025-03-04,20:10-21:00,89.25738333333322,121,125
2025-03-04,21:20-21:50,21.220400000000154,128,130
2025-03-04,22:20-22:30,43.35833333333335,134,134
2025-03-04,22:50-23:20,61.8592000000001,137,139
2025-03-04,23:30-24:00,91.73678333333328,141,143
2025-03-05,00:00-00:10,6.301400000000285,0,0
2025-03-05,00:20-01:00,48.00131666666675,2,5
2025-03-05,01:50-02:00,10.305000000000064,11,11
2025-03-05,06:00-06:20,13.568075000000022,36,37
2025-03-05,12:00-12:20,155.10543333333362,72,73
2025-03-05,12:30-12:40,1.0053388888884456,75,75
2025-03-05,13:10-14:30,339.65176388888926,79,86
2025-03-05,14:50-16:00,298.14747500000044,89,95
2025-03-05,16:20-16:50,115.68916666666715,98,100
2025-03-05,17:00-17:50,217.90782500000003,102,106
2025-03-05,18:30-18:50,64.03774999999996,111,112
2025-03-05,19:10-19:30,26.507416666666696,115,116
2025-03-05,19:50-20:50,101.74474999999984,119,124
2025-03-05,21:00-21:20,37.4543000000001,126,127
2025-03-05,22:00-22:20,35.17609999999996,132,133
2025-03-05,22:30-22:50,54.33481666666671,135,136
2025-03-05,23:40-24:00,39.89503333333346,142,143
2025-03-06,00:00-00:30,84.60453333333317,0,2
2025-03-06,01:50-02:10,40.44141666666679,11,12
2025-03-06,02:30-02:50,52.77834999999994,15,16
2025-03-06,06:20-06:30,9.194999999999936,38,38
2025-03-06,06:50-07:00,15.339616666666672,41,41
2025-03-06,10:40-10:50,8.308861111111355,64,64
2025-03-06,11:00-12:00,192.86695833333374,66,71
2025-03-06,13:30-13:50,45.3574694444443,81,82
2025-03-06,15:00-15:10,5.4120972222223145,90,90
2025-03-06,15:50-16:20,61.16889999999967,95,97
2025-03-06,16:30-18:00,344.2359416666662,99,107
2025-03-06,18:40-19:00,21.845466666666766,112,113
2025-03-06,19:30-19:50,12.596899999999893,117,118
2025-03-06,20:10-20:30,11.012166666666644,121,122
2025-03-06,20:40-21:10,61.15648333333331,124,126
2025-03-06,22:10-24:00,270.82311666666675,133,143
2025-03-07,00:00-00:20,53.3576333333333,0,1
2025-03-07,01:10-01:20,1.1834666666666749,7,7
2025-03-07,01:50-02:10,31.795416666666597,11,12
2025-03-07,02:50-03:00,9.839999999999977,17,17
2025-03-07,13:20-13:40,75.93538333333322,80,81
2025-03-07,15:00-15:20,109.6800166666668,90,91
2025-03-07,15:40-16:30,166.88192500000014,94,98
2025-03-07,17:00-17:20,97.13444166666666,102,103
2025-03-07,17:30-17:50,112.74325833333339,105,106
2025-03-07,18:00-18:20,29.088616666666667,108,109
2025-03-07,18:30-19:10,35.91215000000011,111,114
2025-03-07,19:30-19:50,19.933783333333395,117,118
2025-03-07,20:40-21:00,28.147483333333412,124,125
2025-03-07,21:10-22:00,58.30778333333319,127,131
2025-03-07,22:10-22:40,115.42251666666658,133,135
2025-03-07,23:20-23:40,14.4294000000001,140,141
2025-03-08,00:10-00:30,12.766983333333428,1,2
2025-03-08,00:50-01:10,17.580366666666578,5,6
2025-03-08,01:40-02:10,78.0077,10,12
2025-03-08,02:30-03:50,143.2787166666667,15,22
2025-03-08,04:10-05:30,213.30768333333333,25,32
2025-03-08,06:10-07:40,209.63746666666648,37,45
2025-03-08,15:20-15:30,38.7116666666667,92,92
2025-03-08,16:20-16:50,92.6525666666667,98,100
2025-03-08,17:20-18:10,157.47865000000002,104,108
2025-03-08,18:30-18:50,14.713366666666616,111,112
2025-03-08,20:00-20:10,9.036350000000084,120,120
2025-03-08,20:30-20:50,8.84808333333325,123,124
2025-03-08,21:20-21:50,68.21484999999984,128,130
2025-03-08,22:00-22:20,45.08998333333335,132,133
2025-03-08,22:30-22:50,59.876199999999926,135,136
2025-03-08,23:40-24:00,4.971766666666667,142,143
2025-03-09,00:30-00:50,9.18853333333368,3,4
2025-03-09,01:20-02:20,147.15273333333323,8,13
2025-03-09,02:50-04:00,128.19495000000018,17,23
2025-03-09,04:30-05:10,75.82426666666674,27,30
2025-03-09,06:00-07:10,130.04600277777803,36,42
2025-03-09,07:30-07:50,23.421977777777503,45,46
2025-03-09,08:00-08:10,25.997644444444745,48,48
2025-03-09,09:40-10:00,84.39077222222181,58,59
2025-03-09,10:30-10:50,35.115175000000136,63,64
2025-03-09,11:00-12:00,493.75520833333303,66,71
2025-03-09,12:50-13:00,9.59833333333313,77,77
2025-03-09,13:10-13:40,102.10391666666715,79,81
2025-03-09,14:50-15:10,14.281577777777898,89,90
2025-03-09,15:40-16:00,16.565572222222045,94,95
2025-03-09,16:10-16:30,74.09938055555574,97,98
2025-03-09,16:50-17:40,109.8954277777778,101,105
2025-03-09,18:20-18:50,93.57091666666689,110,112
2025-03-09,19:00-19:20,21.060316666666495,114,115
2025-03-09,20:00-20:30,65.84398333333343,120,122
2025-03-09,20:50-21:00,14.596666666666692,125,125
2025-03-09,21:40-22:50,126.51923333333315,130,136
2025-03-10,00:00-00:20,22.524083333333465,0,1
2025-03-10,00:40-01:10,140.13978333333353,4,6
2025-03-10,02:10-02:30,70.13408333333336,13,14
2025-03-10,04:10-05:50,228.59906666666672,25,34
2025-03-10,06:00-06:20,66.25227500000005,36,37
2025-03-10,06:40-07:00,44.50327499999992,40,41
2025-03-10,07:10-07:30,63.664438888888924,43,44
2025-03-10,07:50-08:10,39.422847222222344,47,48
2025-03-10,08:30-09:20,164.6093999999997,51,55
2025-03-10,09:30-10:00,149.606124999999,57,59
2025-03-10,10:50-11:20,112.59889166666699,65,67
2025-03-10,11:50-13:00,436.9868833333337,71,77
2025-03-10,14:50-15:20,55.57795833333341,89,91
2025-03-10,15:40-16:00,9.582602777777879,94,95
2025-03-10,16:40-18:10,309.73468888888914,100,108
2025-03-10,18:20-18:40,10.377900000000203,110,111
2025-03-10,19:10-20:10,194.42988333333324,115,120
2025-03-10,21:10-21:20,17.868133333333162,127,127
2025-03-10,21:50-22:00,24.68666666666661,131,131
2025-03-10,22:20-23:30,169.4829666666667,134,140
2025-03-10,23:50-24:00,4.863333333333344,143,143
2025-03-11,00:00-00:40,35.87506666666627,0,3
2025-03-11,01:10-01:30,49.56968333333339,7,8
2025-03-11,02:10-02:30,38.324449999999956,13,14
2025-03-11,02:50-03:10,1.7399166666666588,17,18
2025-03-11,04:10-04:20,5.802899999999909,25,25
2025-03-11,04:50-05:30,81.14178333333325,29,32
2025-03-11,06:10-07:30,220.2441166666665,37,44
2025-03-11,08:20-09:00,108.31912777777757,50,53
2025-03-11,10:00-11:30,474.64098611110967,60,68
2025-03-11,11:40-12:00,34.10567499999979,70,71
2025-03-11,13:50-15:00,208.59583888888903,83,89
2025-03-11,15:10-15:30,67.4859250000004,91,92
2025-03-11,15:50-17:10,207.71822777777768,95,102
2025-03-11,17:20-18:30,234.61736666666673,104,110
2025-03-11,19:10-19:30,44.457749999999805,115,116
2025-03-11,19:50-20:10,27.644483333333255,119,120
2025-03-11,21:00-21:30,56.6252333333332,126,128
2025-03-11,22:00-22:20,62.65778333333333,132,133
2025-03-11,22:30-22:50,83.02218333333337,135,136
2025-03-12,00:10-00:40,58.1398333333334,1,3
2025-03-12,01:30-02:30,170.64343333333375,9,14
2025-03-12,02:50-03:10,71.5762666666667,17,18
2025-03-12,03:30-03:50,84.33450000000005,21,22
2025-03-12,04:30-05:00,59.818416666666614,27,29
2025-03-12,05:30-05:50,16.78875000000001,33,34
2025-03-12,06:10-06:50,177.42647777777756,37,40
2025-03-12,07:10-07:30,34.544733333333284,43,44
2025-03-12,08:30-08:50,36.16975833333356,51,52
2025-03-12,10:10-10:20,1.873988888889244,61,61
2025-03-12,11:00-12:00,257.3221666666673,66,71
2025-03-12,12:20-12:30,0.8543166666665911,74,74
2025-03-12,12:50-13:20,144.0179000000005,77,79
2025-03-12,14:00-14:20,71.81137777777758,84,85
2025-03-12,15:50-16:10,19.260622222222025,95,96
2025-03-12,16:40-17:00,45.06919444444432,100,101
2025-03-12,17:10-18:30,252.1088166666669,103,110
2025-03-12,18:50-19:00,19.296666666666734,113,113
2025-03-12,19:20-19:40,26.60593333333316,116,117
2025-03-12,20:00-20:20,20.743133333333276,120,121
2025-03-12,20:50-21:10,35.40833333333319,125,126
2025-03-12,21:40-23:30,259.0580000000002,130,140
2025-03-13,00:00-00:50,104.32181666666679,0,4
2025-03-13,01:40-02:00,31.660683333333395,10,11
2025-03-13,02:20-02:30,24.88333333333344,14,14
2025-03-13,02:50-03:10,74.63711666666666,17,18
2025-03-13,04:20-04:40,4.511333333333358,26,27
2025-03-13,04:50-05:10,9.38186666666661,29,30
2025-03-13,05:40-06:50,290.630041666667,34,40
2025-03-13,07:10-07:40,121.23652500000003,43,45
2025-03-13,07:50-08:00,16.86999999999989,47,47
2025-03-13,08:30-08:50,34.15428055555515,51,52
2025-03-13,09:10-09:30,19.58252499999969,55,56
2025-03-13,09:40-10:30,213.0802083333332,58,62
2025-03-13,10:40-11:00,45.34714444444444,64,65
2025-03-13,12:40-12:50,3.552730555555854,76,76
2025-03-13,13:00-13:30,108.9612166666667,78,80
2025-03-13,14:50-15:00,9.449566666666328,89,89
2025-03-13,16:50-17:20,160.3105666666665,101,103
2025-03-13,17:40-17:50,20.02059444444458,106,106
2025-03-13,18:00-18:40,27.48840000000028,108,111
2025-03-13,19:00-20:10,294.67071666666664,114,120
2025-03-13,20:40-20:50,10.44038333333333,124,124
2025-03-13,21:20-22:30,116.85334999999975,128,134
2025-03-13,23:10-23:50,42.432333333333304,139,142
2025-03-14,00:50-01:00,31.14833333333337,5,5
2025-03-14,01:30-03:20,241.15449999999998,9,19
2025-03-14,04:00-04:20,39.73855000000003,24,25
2025-03-14,04:30-05:00,60.02663333333337,27,29
2025-03-14,05:20-06:30,211.49556666666666,32,38
2025-03-14,07:40-07:50,27.78185000000002,46,46
2025-03-14,16:20-16:40,39.08501666666666,98,99
2025-03-14,17:10-18:00,223.77898333333331,103,107
2025-03-14,18:10-18:30,29.809133333333367,109,110
2025-03-14,19:30-20:50,174.31661666666662,117,124
2025-03-14,22:30-23:10,80.06355000000002,135,138
2025-03-14,23:20-23:40,23.37270000000001,140,141
2025-03-15,00:00-00:50,115.10205000000019,0,4
2025-03-15,01:00-01:20,46.94740000000007,6,7
2025-03-15,02:10-02:50,63.23185000000001,13,16
2025-03-15,03:00-03:10,4.600216666666711,18,18
2025-03-15,04:20-04:30,13.529999999999973,26,26
2025-03-15,05:00-05:30,47.491633333333354,30,32
2025-03-15,05:50-06:10,48.09383333333329,35,36
2025-03-15,06:20-06:40,50.5364416666668,38,39
2025-03-15,07:00-07:10,5.5143027777778,42,42
2025-03-15,07:20-07:30,2.6583583333333536,44,44
2025-03-15,15:50-16:10,18.900569444444386,95,96
2025-03-15,17:00-17:50,103.32019166666683,102,106
2025-03-15,18:00-18:40,106.85826666666668,108,111
2025-03-15,18:50-19:20,34.770849999999996,113,115
2025-03-15,20:00-21:40,255.0180166666667,120,129
2025-03-15,21:50-22:10,2.20101666666676,131,132
2025-03-15,22:40-24:00,203.83516666666634,136,143
2025-03-16,00:00-00:30,74.87396666666632,0,2
2025-03-16,00:40-01:20,78.28769999999986,4,7
2025-03-16,02:20-02:50,50.80824999999994,14,16
2025-03-16,03:00-03:20,31.884083333333365,18,19
2025-03-16,03:40-03:50,0.1044333333333042,22,22
2025-03-16,04:10-04:40,33.37301666666679,25,27
2025-03-16,05:20-07:50,340.2055111111116,32,46
2025-03-16,08:30-09:00,39.07667500000025,51,53
2025-03-16,10:00-10:20,66.45626666666635,60,61
2025-03-16,10:30-11:00,182.1321833333334,63,65
2025-03-16,12:00-12:40,79.20106666666584,72,75
2025-03-16,13:00-13:30,113.2334999999996,78,80
2025-03-16,13:50-14:00,20.68653333333293,83,83
2025-03-16,14:20-14:30,7.946425000000431,86,86
2025-03-16,15:20-15:30,10.761549999999945,92,92
2025-03-16,16:00-16:10,1.5972305555556543,96,96
2025-03-16,16:40-16:50,23.99858611111091,100,100
2025-03-16,17:20-18:20,230.79341666666667,104,109
2025-03-16,18:50-19:00,1.9316666666666151,113,113
2025-03-16,19:40-20:00,32.382716666666624,118,119
2025-03-16,20:30-20:50,9.75638333333336,123,124
2025-03-16,21:20-21:40,3.748833333333323,128,129
2025-03-16,22:10-23:30,152.68291666666698,133,140
2025-03-16,23:40-24:00,41.25848333333329,142,143
2025-03-17,00:20-00:30,24.46166666666681,2,2
2025-03-17,01:20-01:30,1.8683333333333396,8,8
2025-03-17,01:50-02:10,35.72273333333328,11,12
2025-03-17,02:30-03:10,51.96145000000001,15,18
2025-03-17,03:40-04:10,74.84915000000018,22,24
2025-03-17,04:30-04:50,7.484883333333416,27,28
2025-03-17,05:20-05:30,9.26166666666677,32,32
2025-03-17,06:00-06:10,15.465916666666772,36,36
2025-03-17,06:20-06:50,95.72438333333344,38,40
2025-03-17,07:00-07:20,21.408050000000003,42,43
2025-03-17,08:00-08:20,70.70590000000004,48,49
2025-03-17,08:30-08:40,4.358533333333071,51,51
2025-03-17,09:00-09:20,5.370325000000321,54,55
2025-03-17,10:10-11:00,603.8538444444448,61,65
2025-03-17,11:20-12:00,255.54428333333294,68,71
2025-03-17,12:40-13:30,40.369463888889186,76,80
2025-03-17,13:40-14:30,179.61178055555592,82,86
2025-03-17,15:00-16:40,256.29304722222224,90,99
2025-03-17,17:20-17:50,74.8474666666671,104,106
2025-03-17,18:00-18:20,26.192233333333398,108,109
2025-03-17,18:30-18:50,13.872133333333181,111,112
2025-03-17,19:50-20:40,165.59998333333328,119,123
2025-03-17,20:50-21:10,40.54883333333339,125,126
2025-03-17,21:30-21:50,21.57693333333316,129,130
2025-03-17,23:30-23:50,37.00258333333329,141,142
2025-03-18,00:20-00:30,17.73166666666657,2,2
2025-03-18,01:30-01:40,6.693899999999985,9,9
2025-03-18,02:10-02:20,10.23554999999999,13,13
2025-03-18,03:10-03:30,65.24331666666671,19,20
2025-03-18,03:50-04:00,29.94000000000005,23,23
2025-03-18,04:20-04:50,94.64228333333331,26,28
2025-03-18,05:50-06:20,88.67579444444425,35,37
2025-03-18,06:50-07:00,2.082233333333136,41,41
2025-03-18,07:30-08:50,144.91796944444457,45,52
2025-03-18,09:40-10:00,26.472641666666163,58,59
2025-03-18,11:20-11:30,18.397924999999987,68,68
2025-03-18,12:40-13:00,11.809380555555435,76,77
2025-03-18,14:10-14:30,84.25555833333397,85,86
2025-03-18,15:40-15:50,16.271730555555564,94,94
2025-03-18,16:20-16:50,130.94295,98,100
2025-03-18,17:00-17:50,157.7197166666666,102,106
2025-03-18,18:10-19:20,104.69866666666701,109,115
2025-03-18,20:20-20:50,44.36095,122,124
2025-03-18,21:30-22:00,74.11579999999992,129,131
2025-03-18,22:10-22:30,24.186566666666636,133,134
2025-03-18,22:50-23:10,80.27281666666659,137,138
2025-03-18,23:20-24:00,133.38790000000006,140,143
2025-03-19,00:00-00:10,18.26366666666649,0,0
2025-03-19,00:40-01:30,49.887399999999616,4,8
2025-03-19,01:50-02:10,47.85663333333309,11,12
2025-03-19,02:30-02:50,25.957983333333345,15,16
2025-03-19,03:10-03:30,19.321050000000014,19,20
2025-03-19,04:00-04:20,35.2064833333333,24,25
2025-03-19,05:50-06:30,162.70454166666673,35,38
2025-03-19,06:50-07:00,7.968933333333268,41,41
2025-03-19,07:30-07:40,10.535555555555618,45,45
2025-03-19,09:00-09:40,76.39363888888818,54,57
2025-03-19,09:50-12:10,1119.0225361111077,59,72
2025-03-19,14:30-14:40,0.2297833333332164,87,87
2025-03-19,15:20-15:40,23.80136666666647,92,93
2025-03-19,16:20-16:40,36.38858055555568,98,99
2025-03-19,17:00-17:50,137.68722499999976,102,106
2025-03-19,18:40-19:00,45.81888333333325,112,113
2025-03-19,20:30-20:50,9.110683333333554,123,124
2025-03-19,21:20-21:50,79.22356666666678,128,130
2025-03-19,23:40-23:50,0.1690666666667084,142,142
2025-03-20,00:20-00:30,28.149999999999864,2,2
2025-03-20,00:50-01:40,188.72838333333334,5,9
2025-03-20,02:30-02:40,3.74378333333334,15,15
2025-03-20,03:00-04:00,146.15346666666676,18,23
2025-03-20,04:50-05:30,31.17906666666697,29,32
2025-03-20,06:00-06:20,21.738075000000208,36,37
2025-03-20,06:30-07:00,68.93874166666654,39,41
2025-03-20,08:00-09:20,471.3085583333335,48,55
2025-03-20,09:30-10:00,86.05509999999936,57,59
2025-03-20,10:20-10:30,65.75583333333316,62,62
2025-03-20,10:50-12:00,838.575108333333,65,71
2025-03-20,12:30-13:00,204.28602500000056,75,77
2025-03-20,13:10-14:00,158.8918000000001,79,83
2025-03-20,14:10-14:30,47.57254166666644,85,86
2025-03-20,15:20-16:50,233.50403333333236,92,100
2025-03-20,17:20-17:40,37.68278333333337,104,105
2025-03-20,18:00-18:20,14.038533333333156,108,109
2025-03-20,18:40-19:10,81.18706666666662,112,114
2025-03-20,20:00-20:30,46.669950000000085,120,122
2025-03-20,21:00-21:50,94.49748333333366,126,130
2025-03-20,23:30-23:50,48.35194999999999,141,142
2025-03-21,00:00-00:50,85.69800000000009,0,4
2025-03-21,01:00-01:40,99.9129999999999,6,9
2025-03-21,02:10-02:50,131.82786666666658,13,16
2025-03-21,03:20-04:00,113.55986666666678,20,23
2025-03-21,04:20-04:30,28.06333333333328,26,26
2025-03-21,05:00-05:40,74.86618333333341,30,33
2025-03-21,06:10-07:00,133.44816111111115,37,41
2025-03-21,07:10-07:40,84.40795555555559,43,45
2025-03-21,14:00-14:10,19.592466666666724,84,84
2025-03-21,16:10-16:20,3.674233333333405,97,97
2025-03-21,16:30-17:00,51.566474999999855,99,101
2025-03-21,17:40-17:50,1.705719444444412,106,106
2025-03-21,18:00-18:20,9.48696666666666,108,109
2025-03-21,18:40-20:00,131.60000000000002,112,119
2025-03-21,20:10-20:40,45.10546666666659,121,123
2025-03-21,21:00-21:50,82.29936666666651,126,130
2025-03-21,22:00-22:40,114.3347333333333,132,135
2025-03-21,22:50-23:00,10.0,137,137
2025-03-21,23:20-23:30,13.964999999999977,140,140
2025-03-21,23:50-24:00,16.610000000000014,143,143
2025-03-22,00:50-01:00,11.246666666666728,5,5
2025-03-22,01:30-01:50,62.39448333333337,9,10
2025-03-22,02:50-03:00,20.19,17,17
2025-03-22,03:20-03:40,37.44571666666678,20,21
2025-03-22,04:00-04:20,35.2155166666667,24,25
2025-03-22,04:30-05:10,64.36659999999995,27,30
2025-03-22,05:30-05:50,55.20710000000008,33,34
2025-03-22,06:10-06:30,8.495013888888877,37,38
2025-03-22,06:50-07:00,2.101983333333351,41,41
2025-03-22,12:20-12:50,107.42856666666648,74,76
2025-03-22,13:20-13:30,26.58999999999992,80,80
2025-03-22,17:00-17:50,50.1601416666665,102,106
2025-03-22,18:50-19:00,14.709999999999924,113,113
2025-03-22,19:40-20:00,37.12138333333337,118,119
2025-03-22,20:20-20:30,0.5799999999999272,122,122
2025-03-22,21:50-22:00,2.2533333333333303,131,131
2025-03-22,22:20-22:30,31.421666666666567,134,134
2025-03-22,23:00-23:30,57.26191666666682,138,140
2025-03-22,23:50-24:00,4.615000000000009,143,143
2025-03-23,00:30-00:50,27.504033333333155,3,4
2025-03-23,01:20-01:50,4.414433333333477,8,10
2025-03-23,02:20-02:50,56.41736666666691,14,16
2025-03-23,03:20-03:40,61.04148333333342,20,21
2025-03-23,04:00-04:20,64.96768333333338,24,25
2025-03-23,04:40-05:30,152.55641666666665,28,32
2025-03-23,06:00-06:50,181.94962499999974,36,40
2025-03-23,09:20-09:40,40.801522222221706,56,57
2025-03-23,12:50-13:00,7.695833333333212,77,77
2025-03-23,15:50-16:30,29.20348333333311,95,98
2025-03-23,17:00-18:00,239.90326666666652,102,107
2025-03-23,18:30-20:00,224.07575833333317,111,119
2025-03-23,20:20-20:40,64.36889999999994,122,123
2025-03-23,20:50-21:10,35.57838333333348,125,126
2025-03-23,21:40-22:10,53.22113333333334,130,132
2025-03-24,00:00-00:20,29.30746666666664,0,1
2025-03-24,00:40-00:50,17.217216666666673,4,4
2025-03-24,01:20-01:40,8.095316666666804,8,9
2025-03-24,02:20-02:30,12.37833333333333,14,14
2025-03-24,02:50-03:40,81.00171666666665,17,21
2025-03-24,04:10-04:30,45.506500000000074,25,26
2025-03-24,04:50-05:20,105.91713333333357,29,31
2025-03-24,05:30-06:30,209.08054999999945,33,38
2025-03-24,06:50-07:00,2.542199999999923,41,41
2025-03-24,08:20-08:30,31.772499999999923,50,50
2025-03-24,08:40-08:50,22.999216666666825,52,52
2025-03-24,09:10-09:20,42.93191666666678,55,55
2025-03-24,09:30-09:40,14.00195000000008,57,57
2025-03-24,09:50-10:00,9.9067666666665,59,59
2025-03-24,11:00-11:10,1.9659333333336235,66,66
2025-03-24,11:40-12:50,318.3823916666672,70,76
2025-03-24,14:50-15:00,24.8910833333332,89,89
2025-03-24,17:00-18:30,201.395108333333,102,110
2025-03-24,18:50-19:20,47.21676666666656,113,115
2025-03-24,20:40-20:50,4.978966666666679,124,124
2025-03-24,21:20-21:30,39.76333333333332,128,128
2025-03-24,21:50-22:30,60.773483333333274,131,134
2025-03-24,22:40-23:10,126.67963333333341,136,138
2025-03-24,23:30-24:00,127.1112833333334,141,143
2025-03-25,00:00-00:20,38.19986666666637,0,1
2025-03-25,00:40-01:00,82.23495000000048,4,5
2025-03-25,01:20-02:10,81.18081666666649,8,12
2025-03-25,02:30-03:20,122.34253333333356,15,19
2025-03-25,03:30-04:10,98.5979000000001,21,24
2025-03-25,05:00-07:00,388.921066666667,30,41
2025-03-25,07:20-07:30,13.131324999999949,44,44
2025-03-25,07:50-08:00,0.8623666666666168,47,47
2025-03-25,08:20-08:30,4.994525000000181,50,50
2025-03-25,08:50-09:00,43.38334999999995,53,53
2025-03-25,09:30-11:00,297.8364388888897,57,65
2025-03-25,11:30-12:00,187.02468333333331,69,71
2025-03-25,12:10-12:50,70.00460555555514,73,76
2025-03-25,13:00-13:30,75.72170000000051,78,80
2025-03-25,13:50-14:00,43.661716666666734,83,83
2025-03-25,14:10-14:20,8.62857777777731,85,85
2025-03-25,14:30-15:20,87.86149722222228,87,91
2025-03-25,15:30-17:00,227.59845833333367,93,101
2025-03-25,17:40-18:00,21.600469444444357,106,107
2025-03-25,18:40-19:00,28.5854333333333,112,113
2025-03-25,19:20-20:30,187.62553333333358,116,122
2025-03-25,20:50-21:30,141.83908333333306,125,128
2025-03-25,22:00-22:10,2.4295666666666875,132,132
2025-03-25,22:30-22:50,80.90711666666675,135,136
2025-03-25,23:10-23:30,103.06113333333326,139,140
2025-03-26,00:10-00:40,73.07454999999982,1,3
2025-03-26,01:00-01:20,37.474916666666786,6,7
2025-03-26,01:30-01:50,50.794149999999945,9,10
2025-03-26,02:20-02:30,22.254999999999995,14,14
2025-03-26,03:00-03:20,10.065416666666579,18,19
2025-03-26,03:40-04:40,88.11425000000011,22,27
2025-03-26,05:00-05:50,136.3884000000003,30,34
2025-03-26,06:30-06:50,48.9223833333333,39,40
2025-03-26,07:30-07:50,66.0693583333333,45,46
2025-03-26,08:00-08:10,20.82133055555562,48,48
2025-03-26,08:30-09:10,121.30249999999967,51,54
2025-03-26,12:00-12:20,86.313308333333,72,73
2025-03-26,13:00-13:50,183.2473666666665,78,82
2025-03-26,14:00-14:10,17.417366666666567,84,84
2025-03-26,15:00-15:20,33.04989999999998,90,91
2025-03-26,16:00-16:20,7.122249999999326,96,97
2025-03-26,17:10-17:20,0.9832611111110908,103,103
2025-03-26,17:40-18:00,24.680052777777917,106,107
2025-03-26,18:20-18:30,12.301458333333244,110,110
2025-03-26,18:50-20:30,169.70601666666687,113,122
2025-03-26,21:00-21:20,10.031449999999948,126,127
2025-03-26,22:00-22:50,133.5288499999998,132,136
2025-03-26,23:20-24:00,90.4774166666665,140,143
2025-03-27,00:00-00:10,7.514949999999999,0,0
2025-03-27,00:40-00:50,20.38424999999984,4,4
2025-03-27,01:20-01:30,7.353333333333467,8,8
2025-03-27,02:00-03:00,225.2529666666668,12,17
2025-03-27,03:50-05:00,130.82211666666706,23,29
2025-03-27,05:30-05:50,38.30886666666663,33,34
2025-03-27,06:10-06:50,102.51705833333335,37,40
2025-03-27,07:10-07:20,5.938461111111053,43,43
2025-03-27,07:50-08:10,114.4242833333335,47,48
2025-03-27,08:20-08:30,3.399441666666803,50,50
2025-03-27,08:50-09:10,28.812908333333326,53,54
2025-03-27,09:20-10:20,315.52521666666564,56,61
2025-03-27,10:30-11:50,550.5776416666656,63,70
2025-03-27,13:10-14:00,214.42783611110985,79,83
2025-03-27,14:50-15:20,81.57334166666647,89,91
2025-03-27,15:30-17:30,269.6174416666658,93,104
2025-03-27,17:40-18:00,4.336999999999893,106,107
2025-03-27,19:40-20:00,32.70564999999999,118,119
2025-03-27,20:20-21:10,59.0695833333333,122,126
2025-03-27,21:30-22:00,76.14559999999983,129,131
2025-03-27,22:20-23:30,209.41101666666657,134,140
2025-03-27,23:50-24:00,10.404999999999973,143,143
2025-03-28,00:40-01:20,74.96738333333343,4,7
2025-03-28,01:40-02:10,62.030083333333266,10,12
2025-03-28,02:20-02:30,6.829999999999927,14,14
2025-03-28,03:00-03:20,75.15591666666654,18,19
2025-03-28,04:00-04:20,20.825833333333385,24,25
2025-03-28,04:40-04:50,4.846216666666649,28,28
2025-03-28,05:20-05:40,29.08778888888895,32,33
2025-03-28,07:00-07:10,14.550599999999974,42,42
2025-03-28,13:20-13:40,30.14949999999999,80,81
2025-03-28,14:00-14:10,6.0580666666667184,84,84
2025-03-28,16:10-16:30,24.289774999999963,97,98
2025-03-28,17:30-18:30,106.57119999999993,105,110
2025-03-28,19:10-19:30,37.72745000000003,115,116
2025-03-28,21:00-21:30,110.16061666666656,126,128
2025-03-28,22:30-22:50,22.377649999999903,135,136
2025-03-28,23:30-24:00,85.44098333333329,141,143
2025-03-29,00:00-00:20,39.54291666666654,0,1
2025-03-29,00:40-01:30,107.10546666666664,4,8
2025-03-29,01:50-02:30,104.67444999999987,11,14
2025-03-29,02:50-03:00,5.908333333333303,17,17
2025-03-29,03:20-03:50,21.506566666666515,20,22
2025-03-29,04:10-04:30,14.875949999999978,25,26
2025-03-29,04:40-05:00,15.605400000000015,28,29
2025-03-29,06:10-06:20,0.7853611111110581,37,37
2025-03-29,06:30-07:00,57.806338888888774,39,41
2025-03-29,07:30-07:40,3.885449999999992,45,45
2025-03-29,16:00-16:50,163.84914999999967,96,100
2025-03-29,17:10-17:50,62.35176111111113,103,106
2025-03-29,18:00-18:20,62.456950000000006,108,109
2025-03-29,18:30-18:50,19.02211666666659,111,112
2025-03-29,19:10-19:30,47.70470000000006,115,116
2025-03-29,19:50-21:30,162.98910000000006,119,128
2025-03-29,21:50-23:00,72.95898333333344,131,137
2025-03-30,00:00-00:30,61.03913333333344,0,2
2025-03-30,01:30-02:20,146.89778333333345,9,13
2025-03-30,02:50-03:10,49.29790000000003,17,18
2025-03-30,03:30-04:10,100.22539999999981,21,24
2025-03-30,04:50-05:50,138.97044166666691,29,34
2025-03-30,07:00-07:20,58.10352222222241,42,43
2025-03-30,08:40-08:50,22.920230555555463,52,52
2025-03-30,09:00-09:10,15.188988888888616,54,54
2025-03-30,09:50-10:40,299.83429999999976,59,63
2025-03-30,10:50-11:20,113.39734166666653,65,67
2025-03-30,11:30-12:10,288.91041944444487,69,72
2025-03-30,12:50-13:20,137.4409833333334,77,79
2025-03-30,14:00-16:10,613.6052638888881,84,96
2025-03-30,16:20-16:30,1.1176166666667768,98,98
2025-03-30,16:40-17:10,101.8127111111109,100,102
2025-03-30,17:30-17:40,18.794983333333448,105,105
2025-03-30,18:00-18:40,145.34646666666657,108,111
2025-03-30,19:00-19:20,36.291516666666666,114,115
2025-03-30,20:00-20:10,12.6565333333333,120,120
2025-03-30,20:30-20:40,4.836833333333402,123,123
2025-03-30,21:10-21:40,34.26665000000003,127,129
2025-03-30,22:00-22:20,32.0793666666666,132,133
2025-03-30,22:40-23:00,6.945299999999861,136,137
2025-03-30,23:10-24:00,94.53989999999999,139,143
2025-03-31,00:00-01:10,170.05556666666678,0,6
2025-03-31,01:30-02:20,69.84375,9,13
2025-03-31,02:30-02:50,18.41930000000002,15,16
2025-03-31,04:00-04:10,8.888283333333447,24,24
2025-03-31,04:30-05:00,72.0914166666665,27,29
2025-03-31,05:20-06:00,105.0435777777775,32,35
2025-03-31,07:10-07:40,48.220433333333,43,45
2025-03-31,08:10-08:40,28.290149999999812,49,51
2025-03-31,09:40-10:00,20.067563888889026,58,59
2025-03-31,10:20-11:30,239.66115555555461,62,68
2025-03-31,12:00-12:20,63.48291666666637,72,73
2025-03-31,13:00-13:20,63.36229999999955,78,79
2025-03-31,13:30-13:50,30.293841666666367,81,82
2025-03-31,14:00-14:20,29.004711111111078,84,85
2025-03-31,14:30-15:20,250.3141499999997,87,91
2025-03-31,15:30-17:10,400.5146888888891,93,102
2025-03-31,17:30-17:50,9.307358333333545,105,106
2025-03-31,18:40-19:00,8.135241666666616,112,113
2025-03-31,19:20-20:30,131.83788333333325,116,122
2025-03-31,20:50-21:10,36.96564999999998,125,126
2025-03-31,21:20-22:00,62.42666666666662,128,131
2025-03-31,22:30-22:40,4.635150000000067,135,135
2025-03-31,23:10-23:30,50.09781666666663,139,140
2025-04-01,00:00-00:20,18.967266666666774,0,1
2025-04-01,00:30-00:50,44.24643333333324,3,4
2025-04-01,01:00-01:30,91.27451666666684,6,8
2025-04-01,01:50-03:00,179.70978333333346,11,17
2025-04-01,03:20-03:40,82.61673333333329,20,21
2025-04-01,04:10-05:50,331.8595499999998,25,34
2025-04-01,06:40-06:50,4.677944444444506,40,40
2025-04-01,11:10-11:30,67.53501944444474,67,68
2025-04-01,12:30-12:40,0.5894888888890364,75,75
2025-04-01,13:30-13:50,35.03750833333288,81,82
2025-04-01,14:30-14:50,85.36017500000048,87,88
2025-04-01,15:10-15:30,64.31920555555519,91,92
2025-04-01,16:10-16:30,33.4529583333333,97,98
2025-04-01,17:00-18:20,217.04220000000043,102,109
2025-04-01,19:00-19:10,19.65746666666655,114,114
2025-04-01,19:30-19:50,9.051083333333395,117,118
2025-04-01,20:00-20:20,60.405866666666725,120,121
2025-04-01,20:30-20:50,53.2888999999999,123,124
2025-04-01,21:30-21:50,87.34384999999997,129,130
2025-04-01,22:50-23:00,17.90666666666675,137,137
2025-04-01,23:50-24:00,12.358333333333348,143,143
2025-04-02,00:00-00:20,81.78136666666683,0,1
2025-04-02,00:40-01:00,20.46468333333314,4,5
2025-04-02,01:20-01:30,10.444999999999936,8,8
2025-04-02,02:00-02:20,54.131766666666636,12,13
2025-04-02,02:30-02:50,87.02848333333338,15,16
2025-04-02,03:10-04:20,90.24810000000014,19,25
2025-04-02,04:30-06:50,365.79248333333237,27,40
2025-04-02,07:00-07:20,61.96594999999979,42,43
2025-04-02,09:50-10:00,8.723716666666633,59,59
2025-04-02,12:00-12:10,7.5461999999997715,72,72
2025-04-02,14:50-15:00,17.389650000000074,89,89
2025-04-02,15:40-16:50,125.27336111111276,94,100
2025-04-02,17:20-18:50,260.684525,104,112
2025-04-02,19:20-19:50,63.2804666666666,116,118
2025-04-02,20:10-21:00,120.6442833333333,121,125
2025-04-02,21:10-21:30,1.868883333333315,127,128
2025-04-02,21:40-22:00,42.36618333333331,130,131
2025-04-02,22:50-23:20,86.44231666666656,137,139
2025-04-02,23:30-23:50,6.800433333333444,141,142
2025-04-03,00:00-00:30,84.93239999999992,0,2
2025-04-03,00:40-01:00,22.344350000000077,4,5
2025-04-03,01:30-02:20,35.856299999999464,9,13
2025-04-03,03:00-03:20,69.97751666666659,18,19
2025-04-03,03:30-03:50,14.837733333333324,21,22
2025-04-03,04:00-04:30,32.505766666666474,24,26
2025-04-03,05:00-06:10,208.2148722222223,30,36
2025-04-03,06:40-07:00,68.97534999999999,40,41
2025-04-03,09:00-09:20,6.651266666667426,54,55
2025-04-03,12:20-12:50,108.58003333333363,74,76
2025-04-03,13:00-13:10,23.183008333332964,78,78
2025-04-03,16:10-16:30,51.148733333333496,97,98
2025-04-03,17:20-19:30,302.4516166666667,104,116
2025-04-03,20:10-20:40,53.26701666666668,121,123
2025-04-03,21:00-21:20,11.62315000000001,126,127
2025-04-03,22:00-22:20,16.788383333333286,132,133
2025-04-03,22:40-22:50,7.049033333333455,136,136
2025-04-03,23:20-23:50,122.94709999999998,140,142
2025-04-04,00:10-00:30,89.9563499999997,1,2
2025-04-04,00:50-01:00,15.48666666666668,5,5
2025-04-04,01:20-01:40,35.4625166666666,8,9
2025-04-04,02:10-02:50,24.390600000000063,13,16
2025-04-04,03:30-05:40,295.301672222222,21,33
2025-04-04,06:30-07:00,139.08058888888908,39,41
2025-04-04,17:00-17:20,72.22400000000002,102,103
2025-04-04,17:30-17:50,13.23353333333327,105,106
2025-04-04,18:10-19:10,133.16088333333352,109,114
2025-04-04,19:50-20:20,89.2153166666667,119,121
2025-04-04,20:40-21:00,62.19134999999994,124,125
2025-04-04,21:50-22:10,43.12030000000004,131,132
2025-04-04,22:20-22:30,8.123333333333335,134,134
2025-04-04,22:40-23:10,43.15923333333342,136,138
2025-04-05,00:20-00:40,65.91964999999999,2,3
2025-04-05,01:00-01:50,101.43713333333329,6,10
2025-04-05,02:10-02:30,48.87923333333339,13,14
2025-04-05,03:00-03:20,24.189999999999998,18,19
2025-04-05,03:30-04:10,113.62663333333333,21,24
2025-04-05,04:20-04:40,17.53121666666658,26,27
2025-04-05,05:20-06:30,217.83208888888873,32,38
2025-04-05,13:10-13:50,298.66239999999993,79,82
2025-04-05,15:20-15:40,113.18898333333357,92,93
2025-04-05,16:20-16:40,32.1201611111112,98,99
2025-04-05,16:50-19:00,331.2069888888887,101,113
2025-04-05,19:30-19:50,75.76975000000004,117,118
2025-04-05,20:20-21:00,53.34306666666669,122,125
2025-04-05,21:30-22:10,44.443050000000085,129,132
2025-04-05,22:40-22:50,6.766850000000034,136,136
2025-04-05,23:00-23:50,127.30215000000004,138,142
2025-04-06,00:50-01:30,93.17863333333344,5,8
2025-04-06,02:30-02:50,63.57839999999999,15,16
2025-04-06,03:00-03:20,26.74986666666655,18,19
2025-04-06,04:20-05:00,134.57321666666672,26,29
2025-04-06,05:20-05:50,70.5786666666665,32,34
2025-04-06,06:30-06:40,1.329638888888894,39,39
2025-04-06,06:50-07:00,5.7748333333333335,41,41
2025-04-06,07:20-07:50,34.77248333333324,44,46
2025-04-06,08:40-08:50,2.7340333333334,52,52
2025-04-06,10:40-12:00,141.93878055555433,64,71
2025-04-06,12:10-12:30,38.23899999999912,73,74
2025-04-06,13:20-13:30,46.56759999999963,80,80
2025-04-06,13:50-14:00,0.3379166666666151,83,83
2025-04-06,14:40-15:30,39.62423611111103,88,92
2025-04-06,17:20-17:30,27.04065833333317,104,104
2025-04-06,17:50-18:10,39.26400833333312,107,108
2025-04-06,18:40-19:00,75.2250416666667,112,113
2025-04-06,19:20-20:30,153.6544666666664,116,122
2025-04-06,20:40-21:00,60.08131666666657,124,125
2025-04-06,21:20-21:50,69.65338333333318,128,130
2025-04-06,23:00-23:20,22.92403333333334,138,139
2025-04-06,23:30-23:40,9.177599999999984,141,141
2025-04-07,01:00-01:30,93.0183833333333,6,8
2025-04-07,02:20-04:40,352.59065,14,27
2025-04-07,05:00-05:40,118.60876111111098,30,33
2025-04-07,06:00-06:10,2.39110277777786,36,36
2025-04-07,06:40-07:20,48.48810555555565,40,43
2025-04-07,07:30-07:50,19.407374999999774,45,46
2025-04-07,08:20-09:30,202.72910277777726,50,56
2025-04-07,09:40-10:00,101.97956388888883,58,59
2025-04-07,10:50-11:20,98.92095833333337,65,67
2025-04-07,11:40-12:00,26.93386944444478,70,71
2025-04-07,12:30-12:50,6.645150000000058,75,76
2025-04-07,13:50-14:10,34.85250555555581,83,84
2025-04-07,14:30-15:00,18.463833333333127,87,89
2025-04-07,16:00-16:40,84.0673722222221,96,99
2025-04-07,17:00-17:20,26.119475000000083,102,103
2025-04-07,17:40-19:00,230.57769722222253,106,113
2025-04-07,20:00-20:20,23.685699999999883,120,121
2025-04-07,21:00-21:20,43.75715000000014,126,127
2025-04-07,21:30-21:50,37.20086666666657,129,130
2025-04-07,22:00-23:30,219.1818666666668,132,140
2025-04-07,23:40-24:00,21.54576666666651,142,143
2025-04-08,00:00-00:10,8.980216666666365,0,0
2025-04-08,00:50-01:00,0.7033333333333758,5,5
2025-04-08,01:30-01:50,31.775583333333316,9,10
2025-04-08,03:10-03:20,6.110349999999926,19,19
2025-04-08,03:50-04:00,3.808333333333394,23,23
2025-04-08,04:10-04:40,35.41366666666667,25,27
2025-04-08,05:40-06:00,37.743397222222114,34,35
2025-04-08,06:10-06:40,168.09955833333322,37,39
2025-04-08,07:10-07:40,103.93354999999991,43,45
2025-04-08,08:20-08:30,4.198033333333228,50,50
2025-04-08,12:50-13:00,18.84541666666655,77,77
2025-04-08,14:00-14:20,89.99479999999994,84,85
2025-04-08,14:40-15:40,181.92153888888936,88,93
2025-04-08,16:30-17:40,139.45775000000023,99,105
2025-04-08,18:00-19:00,265.38530833333357,108,113
2025-04-08,19:40-20:00,65.7940000000001,118,119
2025-04-08,20:20-20:40,22.399599999999964,122,123
2025-04-08,21:00-21:30,83.29454999999973,126,128
2025-04-08,22:00-24:00,252.09424999999965,132,143
2025-04-09,00:20-00:40,31.972549999999956,2,3
2025-04-09,01:00-01:30,51.797483333333275,6,8
2025-04-09,01:40-02:00,28.842966666666825,10,11
2025-04-09,02:20-02:30,13.366666666666674,14,14
2025-04-09,02:50-03:00,27.930000000000064,17,17
2025-04-09,03:40-04:10,31.032733333333116,22,24
2025-04-09,04:20-04:40,2.192250000000058,26,27
2025-04-09,05:30-05:40,8.384394444444297,33,33
2025-04-09,06:10-06:20,4.401127777777788,37,37
2025-04-09,06:30-07:10,91.7948083333336,39,42
2025-04-09,07:50-08:00,39.193566666666925,47,47
2025-04-09,09:00-09:40,73.91834444444464,54,57
2025-04-09,10:10-10:40,79.79385000000002,61,63
2025-04-09,11:10-11:50,176.85491111111082,67,70
2025-04-09,12:50-13:10,38.26279722222239,77,78
2025-04-09,14:10-14:20,3.200611111111016,85,85
2025-04-09,14:50-16:00,151.34881666666593,89,95
2025-04-09,16:20-16:30,20.088208333333,98,98
2025-04-09,16:50-17:40,155.8909777777779,101,105
2025-04-09,18:00-18:40,141.29519999999982,108,111
2025-04-09,18:50-19:20,63.75653333333332,113,115
2025-04-09,19:50-20:10,30.85679999999991,119,120
2025-04-09,20:40-21:00,40.323266666666655,124,125
2025-04-09,21:50-22:10,47.746849999999995,131,132
2025-04-09,22:20-22:50,147.64616666666666,134,136
2025-04-09,23:20-24:00,65.99576666666667,140,143
2025-04-10,00:30-01:20,63.2621666666671,3,7
2025-04-10,01:30-01:50,37.54278333333343,9,10
2025-04-10,02:50-03:50,71.2695,17,22
2025-04-10,04:30-05:50,113.72203333333296,27,34
2025-04-10,06:00-06:10,20.045088888888927,36,36
2025-04-10,06:20-06:50,77.41234444444456,38,40
2025-04-10,07:00-07:30,111.87207777777775,42,44
2025-04-10,07:50-08:00,9.320966666666775,47,47
2025-04-10,08:40-09:00,29.042949999999905,52,53
2025-04-10,09:20-09:50,68.78716666666708,56,58
2025-04-10,13:10-13:40,80.38358333333326,79,81
2025-04-10,14:10-15:10,106.05794444444405,85,90
2025-04-10,15:50-16:40,271.4552722222229,95,99
2025-04-10,16:50-17:30,86.23758333333294,101,104
2025-04-10,17:50-18:50,185.71314166666642,107,112
2025-04-10,19:00-19:20,33.09346666666648,114,115
2025-04-10,19:40-20:10,53.98720000000003,118,120
2025-04-10,20:40-21:00,46.01253333333318,124,125
2025-04-10,21:20-22:30,162.40469999999993,128,134
2025-04-10,23:10-23:30,20.909299999999917,139,140
2025-04-10,23:50-24:00,19.95666666666665,143,143
2025-04-11,00:00-00:10,9.05248333333327,0,0
2025-04-11,00:30-00:40,10.4065333333333,3,3
2025-04-11,01:00-01:30,127.83414999999997,6,8
2025-04-11,02:50-03:30,114.61499999999995,17,20
2025-04-11,03:50-04:20,33.337716666666694,23,25
2025-04-11,04:50-06:40,523.3615416666667,29,39
2025-04-11,14:20-14:30,52.44916666666654,86,86
2025-04-11,16:20-18:20,473.4353249999999,98,109
2025-04-11,18:30-19:40,238.6194833333335,111,117
2025-04-11,21:10-21:30,22.42896666666678,127,128
2025-04-11,21:50-22:40,145.40358333333342,131,135
2025-04-11,23:00-24:00,118.18400000000008,138,143
2025-04-12,00:00-00:20,17.8272833333333,0,1
2025-04-12,00:30-01:00,60.03910000000002,3,5
2025-04-12,01:40-01:50,10.211583333333294,10,10
2025-04-12,02:30-02:50,47.0493166666667,15,16
2025-04-12,03:10-03:50,49.38938333333323,19,22
2025-04-12,05:00-06:00,219.44463333333306,30,35
2025-04-12,06:30-06:40,11.71757777777782,39,39
2025-04-12,07:10-07:20,44.88865000000004,43,43
2025-04-12,12:10-12:20,4.528316666666797,73,73
2025-04-12,16:10-16:50,144.73766666666643,97,100
2025-04-12,17:40-18:10,59.96379999999988,106,108
2025-04-12,18:30-18:50,10.29840833333327,111,112
2025-04-12,19:50-20:30,61.008350000000064,119,122
2025-04-12,21:10-21:40,27.10343333333344,127,129
2025-04-12,22:30-23:10,54.54048333333327,135,138
2025-04-12,23:50-24:00,20.86500000000001,143,143
2025-04-13,00:00-01:00,115.71380000000045,0,5
2025-04-13,01:20-01:40,4.547233333333224,8,9
2025-04-13,02:10-02:40,76.95859999999982,13,15
2025-04-13,03:30-03:40,8.787483333333284,21,21
2025-04-13,05:00-05:20,91.9420250000002,30,31
2025-04-13,05:30-05:50,30.996791666666702,33,34
2025-04-13,06:00-06:40,30.180772222222117,36,39
2025-04-13,06:50-07:00,21.131250000000023,41,41
2025-04-13,08:50-09:00,30.90798333333328,53,53
2025-04-13,09:20-09:50,52.383297222222154,56,58
2025-04-13,10:00-10:10,29.109033333333628,60,60
2025-04-13,10:40-11:00,89.35431666666659,64,65
2025-04-13,11:20-11:50,78.94877499999916,68,70
2025-04-13,12:20-13:50,201.47102222222156,74,82
2025-04-13,14:50-15:10,88.53615000000025,89,90
2025-04-13,15:30-16:20,149.06579166666677,93,97
2025-04-13,16:30-16:50,101.53195833333331,99,100
2025-04-13,17:00-18:40,309.56556666666654,102,111
2025-04-13,19:10-19:30,61.957899999999995,115,116
2025-04-13,20:00-20:10,3.081733333333318,120,120
2025-04-13,20:30-21:20,136.84913333333338,123,127
2025-04-13,21:50-22:00,37.82833333333326,131,131
2025-04-13,22:20-23:00,82.52018333333342,134,137
2025-04-14,00:20-00:50,115.47676666666621,2,4
2025-04-14,01:10-01:40,31.91143333333366,7,9
2025-04-14,02:00-03:10,102.73636666666664,12,18
2025-04-14,03:40-04:00,19.529150000000072,22,23
2025-04-14,04:40-06:10,323.99421111111167,28,36
2025-04-14,06:50-07:00,41.09548333333333,41,41
2025-04-14,07:10-07:20,21.85843333333338,43,43
2025-04-14,07:40-07:50,28.49604999999997,46,46
2025-04-14,08:20-08:30,5.8891833333332215,50,50
2025-04-14,09:00-09:10,11.359200000000328,54,54
2025-04-14,09:20-09:30,0.9624416666667912,56,56
2025-04-14,10:40-11:00,54.25308333333351,64,65
2025-04-14,11:20-12:40,457.89969444444455,68,75
2025-04-14,12:50-13:10,79.78156666666678,77,78
2025-04-14,13:30-13:50,116.24123333333296,81,82
2025-04-14,14:00-14:40,177.22509999999897,84,87
2025-04-14,14:50-16:30,475.6710999999999,89,98
2025-04-14,16:40-17:50,299.2807194444439,100,106
2025-04-14,18:00-18:50,208.17708333333346,108,112
2025-04-14,19:00-19:20,73.95934999999997,114,115
2025-04-14,19:30-20:00,56.68330000000003,117,119
2025-04-14,20:20-20:50,126.90733333333344,122,124
2025-04-14,21:10-21:40,58.06615000000011,127,129
2025-04-14,22:10-22:20,0.3329333333333579,133,133
2025-04-14,23:00-23:10,6.9586499999999205,138,138
2025-04-14,23:30-23:50,43.201950000000124,141,142
2025-04-15,01:10-01:40,41.577350000000024,7,9
2025-04-15,02:10-02:30,34.52356666666674,13,14
2025-04-15,02:50-03:20,39.64621666666676,17,19
2025-04-15,03:50-04:00,22.09833333333336,23,23
2025-04-15,05:10-05:50,169.94854444444474,31,34
2025-04-15,06:00-06:10,21.0775666666666,36,36
2025-04-15,06:40-07:00,37.797483333333275,40,41
2025-04-15,07:30-08:00,62.954999999999814,45,47
2025-04-15,10:00-10:10,7.185233333333372,60,60
2025-04-15,10:30-10:50,16.93016666666631,63,64
2025-04-15,12:20-12:30,5.53357500000061,74,74
2025-04-15,13:00-13:20,35.211627777778176,78,79
2025-04-15,13:30-14:00,91.09414444444451,81,83
2025-04-15,14:30-14:50,5.486461111111566,87,88
2025-04-15,15:00-16:30,341.68620000000055,90,98
2025-04-15,16:50-17:10,94.32328055555564,101,102
2025-04-15,17:20-17:50,97.24423333333348,104,106
2025-04-15,18:00-18:40,85.2092999999997,108,111
2025-04-15,19:00-19:50,141.34773333333328,114,118
2025-04-15,20:30-21:10,41.238750000000095,123,126
2025-04-15,21:30-22:00,103.71988333333331,129,131
2025-04-15,23:30-23:40,0.1875333333332491,141,141
2025-04-16,00:40-01:10,100.62151666666705,4,6
2025-04-16,01:30-02:40,155.4921333333334,9,15
2025-04-16,03:10-03:30,10.748383333333322,19,20
2025-04-16,03:40-04:00,29.71676666666667,22,23
2025-04-16,04:50-06:10,283.16861388888884,29,36
2025-04-16,07:00-07:50,168.09563611111105,42,46
2025-04-16,08:20-09:10,125.59731111111068,50,54
2025-04-16,09:20-09:50,50.01066666666702,56,58
2025-04-16,10:10-10:30,165.74525833333382,61,62
2025-04-16,11:00-11:10,9.245013888888934,66,66
2025-04-16,12:20-13:00,134.3928333333331,74,77
2025-04-16,13:40-13:50,20.470299999999952,82,82
2025-04-16,14:30-15:30,164.34488333333263,87,92
2025-04-16,16:00-16:20,32.937741666666625,96,97
2025-04-16,16:40-16:50,1.3538138888888511,100,100
2025-04-16,17:50-19:00,202.1348250000002,107,113
2025-04-16,19:20-19:50,27.78459999999984,116,118
2025-04-16,21:00-21:50,125.62423333333334,126,130
2025-04-16,22:00-22:20,11.771716666666748,132,133
2025-04-16,22:40-23:10,80.21761666666657,136,138
2025-04-16,23:30-24:00,30.008100000000013,141,143
2025-04-17,00:00-00:20,15.431116666666867,0,1
2025-04-17,00:50-01:20,56.207283333333066,5,7
2025-04-17,02:10-02:30,33.12118333333342,13,14
2025-04-17,02:50-03:00,30.25833333333321,17,17
2025-04-17,03:20-03:30,5.311666666666724,20,20
2025-04-17,03:50-04:10,56.51051666666687,23,24
2025-04-17,05:10-05:50,192.963866666667,31,34
2025-04-17,06:10-07:50,111.65825555555512,37,46
2025-04-17,08:00-08:30,69.04400000000044,48,50
2025-04-17,10:20-10:30,3.1466666666665333,62,62
2025-04-17,10:50-11:00,31.6230833333334,65,65
2025-04-17,12:40-13:40,259.0920333333338,76,81
2025-04-17,14:00-14:50,159.1674111111106,84,88
2025-04-17,16:00-16:50,127.95871666666619,96,100
2025-04-17,17:00-17:40,98.2825333333337,102,105
2025-04-17,17:50-19:00,169.49683333333297,107,113
2025-04-17,19:20-20:40,110.0946666666664,116,123
2025-04-17,21:10-21:30,46.512516666666556,127,128
2025-04-17,22:40-23:10,95.24450000000002,136,138
2025-04-17,23:30-23:50,24.564783333333253,141,142
2025-04-18,00:00-00:20,29.024116666666487,0,1
2025-04-18,00:30-01:10,28.547533333333547,3,6
2025-04-18,01:40-03:00,345.6941,10,17
2025-04-18,03:20-03:40,3.778900000000085,20,21
2025-04-18,04:10-04:50,19.411000000000254,25,28
2025-04-18,05:10-05:50,75.41567777777772,31,34
2025-04-18,12:20-12:30,42.65499999999997,74,74
2025-04-18,14:50-15:10,118.5856666666666,89,90
2025-04-18,16:00-16:10,30.300666666666643,96,96
2025-04-18,16:20-16:30,1.2171083333333854,98,98
2025-04-18,16:50-17:10,8.491574999999898,101,102
2025-04-18,17:20-17:30,1.9641583333332733,104,104
2025-04-18,18:00-18:40,240.27959999999996,108,111
2025-04-18,20:00-21:00,81.96994999999987,120,125
2025-04-18,21:30-21:50,69.6486833333334,129,130
2025-04-18,22:50-23:10,22.985083333333307,137,138
2025-04-19,00:00-00:20,63.07195000000024,0,1
2025-04-19,00:50-01:00,15.481666666666683,5,5
2025-04-19,01:20-01:30,15.63333333333344,8,8
2025-04-19,01:50-02:30,167.83346666666665,11,14
2025-04-19,02:50-03:00,0.8216666666667152,17,17
2025-04-19,03:50-04:20,82.2600666666666,23,25
2025-04-19,04:40-05:50,193.18188333333364,28,34
2025-04-19,06:10-06:30,54.42678333333316,37,38
2025-04-19,06:50-07:10,49.269266666666624,41,42
2025-04-19,07:20-07:30,16.328916666666714,44,44
2025-04-19,13:40-13:50,18.362483333333103,82,82
2025-04-19,17:20-17:40,65.25508888888876,104,105
2025-04-19,18:00-19:20,305.6052333333336,108,115
2025-04-19,20:50-21:00,17.176666666666677,125,125
2025-04-19,21:20-21:30,4.931666666666615,128,128
2025-04-19,22:00-22:30,113.92244999999991,132,134
2025-04-19,23:30-23:50,27.040433333333453,141,142
2025-04-20,00:30-00:50,30.007933333333312,3,4
2025-04-20,01:00-01:20,34.09811666666678,6,7
2025-04-20,02:00-02:20,48.44769999999994,12,13
2025-04-20,02:50-03:10,34.06034999999997,17,18
2025-04-20,03:20-04:20,154.72466666666668,20,25
2025-04-20,04:40-05:00,86.21458333333328,28,29
2025-04-20,05:10-06:40,350.9920583333332,31,39
2025-04-20,07:10-08:00,204.5034666666666,43,47
2025-04-20,08:30-08:50,95.99477499999966,51,52
2025-04-20,09:20-09:30,25.29672500000015,56,56
2025-04-20,09:40-09:50,14.779724999999871,58,58
2025-04-20,10:50-11:10,100.82206388888812,65,66
2025-04-20,12:00-13:00,186.33135000000016,72,77
2025-04-20,14:00-14:30,171.32081666666613,84,86
2025-04-20,16:20-16:30,27.441349999999943,98,98
2025-04-20,18:00-19:10,178.99985000000004,108,114
2025-04-20,19:30-19:50,16.715566666666632,117,118
2025-04-20,21:20-21:40,24.008933333333403,128,129
2025-04-20,22:00-22:20,45.374983333333375,132,133
2025-04-20,23:00-23:30,77.30409999999983,138,140
2025-04-20,23:40-24:00,66.1642333333333,142,143
2025-04-21,00:00-00:30,48.226500000000215,0,2
2025-04-21,00:50-01:00,26.60499999999979,5,5
2025-04-21,01:20-01:40,34.92629999999963,8,9
2025-04-21,02:30-02:40,8.617916666666588,15,15
2025-04-21,03:00-03:40,118.77909999999989,18,21
2025-04-21,04:00-04:50,53.010633333333324,24,28
2025-04-21,05:00-05:50,296.50726666666657,30,34
2025-04-21,06:20-06:30,40.38666666666654,38,38
2025-04-21,07:30-07:40,4.739833333333422,45,45
2025-04-21,08:00-08:20,139.99755000000005,48,49
2025-04-21,08:30-08:40,51.65071666666654,51,51
2025-04-21,08:50-09:00,4.615000000000009,53,53
2025-04-21,10:00-10:10,1.3988833333332875,60,60
2025-04-21,10:20-10:30,73.99208333333354,62,62
2025-04-21,11:00-11:40,320.81856666666704,66,69
2025-04-21,11:50-12:00,13.707916666666732,71,71
2025-04-21,13:20-13:30,43.83124999999996,80,80
2025-04-21,15:30-15:50,101.02029166666671,93,94
2025-04-21,16:10-17:30,158.5736055555555,97,104
2025-04-21,17:50-18:30,223.96223333333324,107,110
2025-04-21,18:40-19:10,19.335733333333337,112,114
2025-04-21,20:00-21:30,173.5832499999998,120,128
2025-04-21,21:50-22:10,29.46010000000001,131,132
2025-04-21,22:30-23:00,156.08203333333336,135,137
2025-04-22,00:20-01:10,129.97113333333346,2,6
2025-04-22,01:30-02:20,81.47891666666669,9,13
2025-04-22,02:30-03:00,60.206800000000044,15,17
2025-04-22,03:20-03:50,127.54379999999995,20,22
2025-04-22,04:00-04:30,102.06933333333336,24,26
2025-04-22,04:50-05:50,252.3956583333332,29,34
2025-04-22,06:10-06:30,6.108413888888663,37,38
2025-04-22,06:50-07:20,62.148933333333446,41,43
2025-04-22,07:30-08:10,30.005666666667253,45,48
2025-04-22,08:40-09:40,80.14310000000046,52,57
2025-04-22,10:10-10:40,125.94583333333208,61,63
2025-04-22,12:00-12:50,259.77440000000024,72,76
2025-04-22,13:20-15:40,657.8137611111111,80,93
2025-04-22,16:30-16:40,29.62066111111096,99,99
2025-04-22,17:50-19:00,212.24845833333328,107,113
2025-04-22,20:00-20:20,38.470133333333365,120,121
2025-04-22,21:10-21:40,110.03735000000006,127,129
2025-04-22,22:00-22:40,110.51118333333329,132,135
2025-04-22,23:00-23:30,82.37286666666671,138,140
2025-04-22,23:40-24:00,94.7850166666667,142,143
2025-04-23,00:00-00:40,129.67966666666644,0,3
2025-04-23,00:50-01:10,38.62288333333322,5,6
2025-04-23,02:00-02:20,38.24724999999989,12,13
2025-04-23,02:50-03:40,69.68500000000006,17,21
2025-04-23,04:10-04:30,48.99828333333335,25,26
2025-04-23,05:00-05:50,345.9059416666665,30,34
2025-04-23,06:00-06:20,33.3308777777778,36,37
2025-04-23,07:10-07:30,103.47639444444468,43,44
2025-04-23,07:50-08:00,39.84556666666697,47,47
2025-04-23,08:30-08:50,60.40678333333358,51,52
2025-04-23,11:10-12:10,229.0917833333333,67,72
2025-04-23,13:20-13:30,29.13280000000009,80,80
2025-04-23,14:10-14:30,74.61585833333424,85,86
2025-04-23,14:40-15:00,11.967825000000062,88,89
2025-04-23,15:50-16:00,23.43936666666673,95,95
2025-04-23,16:30-17:50,173.2653750000005,99,106
2025-04-23,18:10-18:40,188.13922500000007,109,111
2025-04-23,19:50-20:20,112.49078333333341,119,121
2025-04-23,21:10-22:00,65.05378333333351,127,131
2025-04-23,23:00-23:20,10.287500000000136,138,139
2025-04-23,23:50-24:00,5.873333333333335,143,143
2025-04-24,00:00-00:10,25.414266666666663,0,0
2025-04-24,00:30-00:50,36.24935000000005,3,4
2025-04-24,01:10-01:20,17.93883333333315,7,7
2025-04-24,01:40-02:50,98.37996666666652,10,16
2025-04-24,03:10-03:40,25.98429999999993,19,21
2025-04-24,04:00-04:20,21.615699999999933,24,25
2025-04-24,05:00-06:30,306.32576666666637,30,38
2025-04-24,07:30-07:40,6.697066666666615,45,45
2025-04-24,08:00-08:10,11.911769444444303,48,48
2025-04-24,10:30-10:50,29.37130000000002,63,64
2025-04-24,11:00-12:00,429.61531666666656,66,71
2025-04-24,12:20-12:30,38.185975000000326,74,74
2025-04-24,17:30-17:50,48.09413333333299,105,106
2025-04-24,18:00-19:00,284.4755416666671,108,113
2025-04-24,19:30-19:40,15.739833333333422,117,117
2025-04-24,20:20-20:40,15.313216666666563,122,123
2025-04-24,21:00-21:50,110.42981666666662,126,130
2025-04-24,22:10-22:40,43.012716666666506,133,135
2025-04-24,23:10-23:30,31.348133333333294,139,140
2025-04-24,23:40-24:00,29.58121666666688,142,143
2025-04-25,00:30-00:50,60.48531666666656,3,4
2025-04-25,01:20-01:40,39.59461666666675,8,9
2025-04-25,04:00-04:20,35.45921666666655,24,25
2025-04-25,04:50-05:50,235.52828333333352,29,34
2025-04-25,06:00-06:10,0.4614805555554824,36,36
2025-04-25,06:20-07:00,133.66851111111112,38,41
2025-04-25,16:10-16:20,35.63383333333343,97,97
2025-04-25,16:40-16:50,8.704649999999901,100,100
2025-04-25,17:00-17:20,30.80457222222242,102,103
2025-04-25,17:30-17:50,58.5007277777778,105,106
2025-04-25,18:00-18:20,19.783458333333158,108,109
2025-04-25,18:30-19:00,77.37089999999989,111,113
2025-04-25,19:10-19:30,33.64863333333324,115,116
2025-04-25,19:50-20:30,102.15719999999999,119,122
2025-04-25,20:50-21:40,84.54175000000009,125,129
2025-04-25,22:00-22:20,39.840683333333345,132,133
2025-04-25,22:30-23:00,100.94583333333327,135,137
2025-04-25,23:20-23:50,127.69044999999988,140,142
2025-04-26,00:20-02:00,212.4518499999998,2,11
2025-04-26,02:30-03:00,59.50026666666662,15,17
2025-04-26,03:10-03:30,24.438616666666746,19,20
2025-04-26,04:20-04:30,65.78666666666669,26,26
2025-04-26,04:50-06:10,282.3694166666666,29,36
2025-04-26,06:50-07:00,4.61364999999995,41,41
2025-04-26,13:00-13:20,73.24176666666654,78,79
2025-04-26,17:00-17:20,62.929575,102,103
2025-04-26,17:40-17:50,8.725441666666683,106,106
2025-04-26,18:10-19:00,275.12024999999977,109,113
2025-04-26,19:20-19:50,58.11241666666672,116,118
2025-04-26,20:00-20:30,22.530766666666693,120,122
2025-04-26,20:40-21:10,56.423933333333366,124,126
2025-04-26,21:30-22:00,47.22883333333329,129,131
2025-04-26,22:20-23:50,205.7209666666667,134,142
2025-04-27,00:10-01:10,148.32696666666675,1,6
2025-04-27,02:30-02:50,15.231616666666696,15,16
2025-04-27,03:20-04:00,92.82583333333343,20,23
2025-04-27,04:20-04:30,12.174999999999956,26,26
2025-04-27,05:00-05:30,32.522749999999874,30,32
2025-04-27,05:40-06:00,26.882422222222203,34,35
2025-04-27,06:20-06:30,3.990633333333335,38,38
2025-04-27,07:00-07:30,36.11943333333352,42,44
2025-04-27,08:00-08:20,124.87457499999982,48,49
2025-04-27,12:50-13:20,76.09057500000017,77,79
2025-04-27,13:30-13:50,22.00880833333349,81,82
2025-04-27,14:10-17:30,860.6461666666664,85,104
2025-04-27,17:50-18:50,216.34515000000022,107,112
2025-04-27,19:20-20:30,141.0333499999998,116,122
2025-04-27,21:00-21:20,68.1292666666667,126,127
2025-04-27,21:30-21:50,17.669016666666607,129,130
2025-04-27,22:10-22:30,22.120049999999992,133,134
2025-04-27,22:50-23:20,49.28406666666672,137,139
2025-04-27,23:50-24:00,13.19166666666672,143,143
2025-04-28,00:00-01:20,86.98533333333353,0,7
2025-04-28,01:40-02:10,143.465916666667,10,12
2025-04-28,02:20-02:30,2.158333333333303,14,14
2025-04-28,02:50-03:00,24.889999999999983,17,17
2025-04-28,03:20-03:30,0.5199999999999818,20,20
2025-04-28,03:50-04:00,22.934999999999945,23,23
2025-04-28,04:20-04:30,21.04333333333329,26,26
2025-04-28,05:10-05:20,1.041266666666729,31,31
2025-04-28,05:40-06:00,15.782250000000102,34,35
2025-04-28,06:50-07:10,37.39430277777785,41,42
2025-04-28,07:50-08:00,8.24123333333364,47,47
2025-04-28,08:20-08:40,58.750858333333326,50,51
2025-04-28,08:50-09:30,112.02983333333339,53,56
2025-04-28,12:10-12:30,11.310738888888864,73,74
2025-04-28,13:40-13:50,13.215891666666948,82,82
2025-04-28,14:20-14:40,34.10132222222251,86,87
2025-04-28,16:00-16:10,0.8003083333331915,96,96
2025-04-28,17:20-18:00,83.13898333333343,104,107
2025-04-28,18:10-19:10,178.80583333333334,109,114
2025-04-28,19:30-19:50,33.79431666666653,117,118
2025-04-28,20:40-21:00,74.89850000000013,124,125
2025-04-28,21:30-22:20,55.271216666666646,129,133
2025-04-28,23:20-23:30,30.004999999999995,140,140
2025-04-28,23:50-24:00,28.68166666666661,143,143
2025-04-29,00:00-00:10,8.491183333333083,0,0
2025-04-29,00:20-00:30,4.90833333333353,2,2
2025-04-29,01:00-01:30,17.63008333333289,6,8
2025-04-29,02:30-02:50,9.10895000000005,15,16
2025-04-29,03:50-04:10,25.712083333333453,23,24
2025-04-29,04:30-04:50,36.67684999999996,27,28
2025-04-29,05:10-05:50,134.96468888888913,31,34
2025-04-29,06:10-06:50,35.36467777777773,37,40
2025-04-29,08:20-08:40,46.245416666666756,50,51
2025-04-29,11:20-11:30,24.69745000000012,68,68
2025-04-29,13:10-13:40,77.70908333333364,79,81
2025-04-29,14:50-15:00,7.063466666666841,89,89
2025-04-29,15:30-15:50,85.90250000000015,93,94
2025-04-29,16:00-16:40,150.28892777777764,96,99
2025-04-29,17:00-17:10,6.441213888888683,102,102
2025-04-29,18:00-18:50,177.06309166666676,108,112
2025-04-29,19:10-19:30,50.59916666666663,115,116
2025-04-29,19:50-20:40,143.06878333333339,119,123
2025-04-29,22:20-23:00,10.969966666666664,134,137
2025-04-29,23:30-23:40,24.006816666666623,141,141
2025-04-30,01:10-01:40,58.41768333333323,7,9
2025-04-30,02:10-02:50,163.1016833333333,13,16
2025-04-30,03:40-04:00,23.59333333333338,22,23
2025-04-30,04:30-04:50,27.69761666666675,27,28
2025-04-30,05:10-05:40,69.40038333333328,31,33
2025-04-30,05:50-06:20,74.39932499999986,35,37
2025-04-30,06:30-07:20,118.64260833333316,39,43
2025-04-30,07:30-07:50,109.19781666666665,45,46
2025-04-30,08:10-08:30,25.23801111111061,49,50
2025-04-30,08:50-09:10,67.81363333333388,53,54
2025-04-30,10:00-13:00,1397.7860416666674,60,77
2025-04-30,14:00-14:20,46.249808333333476,84,85
2025-04-30,15:00-15:20,57.15539444444426,90,91
2025-04-30,15:30-15:50,134.07996666666634,93,94
2025-04-30,16:00-16:50,67.36983333333262,96,100
2025-04-30,17:20-18:40,126.48425000000017,104,111
2025-04-30,19:00-19:50,134.06430000000012,114,118
2025-04-30,20:10-21:20,151.7923999999997,121,127
2025-04-30,22:00-22:30,72.3829833333333,132,134
2025-04-30,23:20-24:00,129.63605000000007,140,143
2025-05-01,00:00-00:40,73.13885000000005,0,3
2025-05-01,00:50-01:00,11.699999999999818,5,5
2025-05-01,01:30-01:40,1.0644666666667035,9,9
2025-05-01,02:10-02:40,25.33663333333334,13,15
2025-05-01,03:00-03:30,60.352649999999926,18,20
2025-05-01,03:40-04:10,91.69344999999994,22,24
2025-05-01,04:20-04:50,107.55259999999983,26,28
2025-05-01,05:00-05:30,128.06339999999977,30,32
2025-05-01,06:40-06:50,15.187149999999974,40,40
2025-05-01,08:30-08:40,4.281316666666612,51,51
2025-05-01,11:00-11:20,51.89861666666684,66,67
2025-05-01,11:30-11:50,76.8395444444443,69,70
2025-05-01,12:00-12:30,90.07368333333352,72,74
2025-05-01,13:00-13:50,255.14755833333356,78,82
2025-05-01,14:50-15:00,24.75525000000016,89,89
2025-05-01,16:00-24:00,3147.6537750000016,96,143
2025-05-02,00:00-00:30,65.80033333333353,0,2
2025-05-02,01:00-02:20,89.65153333333313,6,13
2025-05-02,02:40-03:00,47.39965000000001,16,17
2025-05-02,03:30-04:00,57.00034999999999,21,23
2025-05-02,04:20-05:40,266.0167944444442,26,33
2025-05-02,05:50-06:20,81.25015833333347,35,37
2025-05-02,06:50-07:00,35.28860000000009,41,41
2025-05-02,07:10-07:20,2.05282777777785,43,43
2025-05-02,14:20-14:30,35.81499999999994,86,86
2025-05-02,16:20-17:30,386.16016666666667,98,104
2025-05-02,17:40-22:40,1955.6612555555566,106,135
2025-05-02,22:50-24:00,267.4906166666665,137,143
2025-05-03,00:00-00:10,18.814750000000004,0,0
2025-05-03,00:30-00:40,10.265033333333406,3,3
2025-05-03,01:10-02:10,172.08225,7,12
2025-05-03,03:30-04:20,127.75488333333331,21,25
2025-05-03,04:30-05:00,27.463766666666732,27,29
2025-05-03,05:10-05:40,151.3661250000004,31,33
2025-05-03,07:00-07:20,15.291544444444526,42,43
2025-05-03,16:10-16:30,59.904391666666584,97,98
2025-05-03,16:40-22:40,2336.569811111111,100,135
2025-05-03,22:50-24:00,210.04566666666653,137,143
2025-05-04,00:00-00:30,82.07701666666662,0,2
2025-05-04,00:40-02:10,234.92766666666625,4,12
2025-05-04,02:40-03:20,98.5233166666668,16,19
2025-05-04,04:00-04:20,59.57583333333338,24,25
2025-05-04,04:30-04:50,7.348833333333382,27,28
2025-05-04,05:00-05:50,342.5577333333332,30,34
2025-05-04,06:10-06:20,2.703399999999874,37,37
2025-05-04,06:30-07:00,104.08400000000006,39,41
2025-05-04,07:20-07:30,22.73199999999997,44,44
2025-05-04,08:20-08:50,136.56764166666642,50,52
2025-05-04,09:10-09:20,49.43164999999976,55,55
2025-05-04,09:50-10:20,39.63306666666654,59,61
2025-05-04,10:40-12:00,966.346266666666,64,71
2025-05-04,13:40-14:10,70.02026666666711,82,84
2025-05-04,15:00-23:50,3635.469072222223,90,142
2025-05-05,00:00-00:30,139.99261666666666,0,2
2025-05-05,00:50-01:00,14.055000000000064,5,5
2025-05-05,01:20-01:40,21.643133333333253,8,9
2025-05-05,02:00-02:20,139.8202666666666,12,13
2025-05-05,03:30-04:00,46.53674999999993,21,23
2025-05-05,04:40-05:50,324.1456916666666,28,34
2025-05-05,06:10-06:20,4.790116666666563,37,37
2025-05-05,07:30-07:50,58.750327777777784,45,46
2025-05-05,09:10-09:30,28.616977777778175,55,56
2025-05-05,09:40-10:30,168.43873333333318,58,62
2025-05-05,10:50-11:00,17.91996666666705,65,65
2025-05-05,11:20-11:40,12.52179444444414,68,69
2025-05-05,12:30-12:40,1.0132555555555882,75,75
2025-05-05,13:30-13:50,83.3307166666666,81,82
2025-05-05,14:40-17:50,1299.773044444444,88,106
2025-05-05,18:00-24:00,2306.2416833333323,108,143
2025-05-06,00:00-01:30,218.60086666666643,0,8
2025-05-06,01:50-02:40,91.63606666666647,11,15
2025-05-06,03:00-03:40,100.28334999999993,18,21
2025-05-06,04:00-05:50,432.2269000000002,24,34
2025-05-06,06:00-06:20,31.51020833333348,36,37
2025-05-06,06:30-06:40,9.54512777777768,39,39
2025-05-06,07:30-08:00,37.30240833333312,45,47
2025-05-06,08:10-08:40,184.09507499999984,49,51
2025-05-06,09:10-09:50,155.6436,55,58
2025-05-06,10:00-10:20,77.1992944444446,60,61
2025-05-06,10:50-11:50,247.60468333333438,65,70
2025-05-06,12:00-12:20,62.70434444444414,72,73
2025-05-06,12:30-12:50,71.4364333333333,75,76
2025-05-06,13:00-13:20,48.34290833333307,78,79
2025-05-06,14:20-14:30,29.28083333333325,86,86
2025-05-06,15:00-15:10,1.0649055555559244,90,90
2025-05-06,15:30-16:00,119.32506666666654,93,95
2025-05-06,16:20-24:00,3364.0681250000007,98,143
2025-05-07,00:20-01:10,244.38781666666603,2,6
2025-05-07,01:40-02:00,34.08889999999997,10,11
2025-05-07,02:50-03:40,105.18363333333332,17,21
2025-05-07,04:00-04:20,82.03521666666666,24,25
2025-05-07,04:40-05:50,271.03769999999986,28,34
2025-05-07,06:30-06:50,24.130841666666697,39,40
2025-05-07,07:00-07:30,31.08910000000003,42,44
2025-05-07,07:40-08:00,11.065822222222097,46,47
2025-05-07,08:50-09:20,46.41136666666682,53,55
2025-05-07,09:50-10:40,218.40603333333274,59,63
2025-05-07,11:00-11:30,79.84590000000026,66,68
2025-05-07,13:10-13:20,0.4246666666667806,79,79
2025-05-07,14:30-15:10,61.04279444444444,87,90
2025-05-07,15:20-16:00,22.559816666667416,92,95
2025-05-07,16:10-23:30,3169.6435694444444,97,140
2025-05-08,00:10-00:30,87.99471666666659,1,2
2025-05-08,00:50-01:30,74.80068333333315,5,8
2025-05-08,02:30-03:10,65.89218333333326,15,18
2025-05-08,04:50-06:00,386.6900249999999,29,35
2025-05-08,06:40-06:50,0.8222222222222513,40,40
2025-05-08,07:20-07:40,21.766622222222054,44,45
2025-05-08,07:50-08:00,17.317499999999995,47,47
2025-05-08,08:10-08:20,21.2636277777774,49,49
2025-05-08,08:40-08:50,32.419486111111155,52,52
2025-05-08,09:20-09:30,12.217383333332918,56,56
2025-05-08,11:20-11:30,0.0780166666665991,68,68
2025-05-08,12:00-12:10,21.42758333333336,72,72
2025-05-08,12:30-12:50,42.30723333333344,75,76
2025-05-08,14:20-14:50,122.16099166666663,86,88
2025-05-08,15:00-15:20,46.495750000000044,90,91
2025-05-08,15:30-16:20,218.68299166666623,93,97
2025-05-08,16:30-17:10,106.62267499999996,99,102
2025-05-08,17:30-17:50,89.4997666666666,105,106
2025-05-08,18:30-19:00,97.267275,111,113
2025-05-08,19:20-19:30,20.023333333333422,116,116
2025-05-08,19:50-20:20,273.5974166666665,119,121
2025-05-08,21:10-22:00,179.31033333333323,127,131
2025-05-08,22:20-22:40,22.520450000000096,134,135
2025-05-08,23:40-24:00,63.04536666666665,142,143
2025-05-09,00:00-00:10,13.363066666666668,0,0
2025-05-09,00:30-01:20,229.55478333333332,3,7
2025-05-09,01:40-02:00,21.427483333333328,10,11
2025-05-09,02:20-03:20,137.30968333333345,14,19
2025-05-09,03:50-04:10,23.936283333333392,23,24
2025-05-09,05:10-05:50,97.3064416666665,31,34
2025-05-09,06:30-06:40,8.42542777777777,39,39
2025-05-09,13:50-14:00,27.757500000000164,83,83
2025-05-09,14:20-14:30,8.23708333333343,86,86
2025-05-09,15:50-16:00,60.9133333333333,95,95
2025-05-09,16:50-17:40,180.94552222222205,101,105
2025-05-09,18:00-19:00,128.28032499999966,108,113
2025-05-09,19:20-19:30,40.54000000000008,116,116
2025-05-09,19:50-20:20,110.89403333333343,119,121
2025-05-09,20:30-20:50,26.25210000000004,123,124
2025-05-09,21:10-21:40,108.75928333333337,127,129
2025-05-09,23:10-23:20,0.954366666666715,139,139
2025-05-10,00:40-01:00,13.00473333333332,4,5
2025-05-10,01:50-02:00,7.085000000000036,11,11
2025-05-10,02:20-03:30,171.0010833333332,14,20
2025-05-10,04:00-04:20,44.03065,24,25
2025-05-10,04:40-04:50,9.35969999999998,28,28
2025-05-10,05:00-05:50,211.7848999999998,30,34
2025-05-10,06:00-06:10,6.480525000000057,36,36
2025-05-10,06:20-06:30,31.43670833333329,38,38
2025-05-10,06:50-07:00,1.755833333333328,41,41
2025-05-10,07:30-07:50,25.894133333333343,45,46
2025-05-10,15:40-15:50,12.302666666666823,94,94
2025-05-10,16:10-16:50,159.43290000000007,97,100
2025-05-10,17:50-18:10,60.28114999999997,107,108
2025-05-10,18:30-18:50,150.95906666666684,111,112
2025-05-10,19:20-19:40,37.42994999999985,116,117
2025-05-10,20:30-21:00,141.0640166666667,123,125
2025-05-10,21:20-21:30,5.773333333333426,128,128
2025-05-10,21:50-23:30,271.67848333333313,131,140
2025-05-11,00:50-01:00,21.40166666666664,5,5
2025-05-11,01:20-01:40,64.73913333333348,8,9
2025-05-11,01:50-02:50,192.35776666666686,11,16
2025-05-11,03:20-04:00,95.5746333333332,20,23
2025-05-11,04:20-05:40,269.41273333333356,26,33
2025-05-11,05:50-06:10,20.80256944444443,35,36
2025-05-11,07:00-08:20,199.87896111111098,42,49
2025-05-11,08:30-08:40,12.770444444444593,51,51
2025-05-11,08:50-09:20,54.43134166666641,53,55
2025-05-11,09:30-09:50,47.19638333333364,57,58
2025-05-11,10:10-10:20,4.870261111111404,61,61
2025-05-11,10:40-11:30,260.5069861111119,64,68
2025-05-11,11:50-12:40,202.30069166666567,71,75
2025-05-11,13:10-13:30,10.16791666666677,79,80
2025-05-11,14:10-14:50,115.76040000000069,85,88
2025-05-11,15:20-16:00,48.545449999999846,92,95
2025-05-11,16:50-17:20,83.31197499999968,101,103
2025-05-11,17:30-17:50,60.28692499999988,105,106
2025-05-11,18:00-18:50,323.69591666666656,108,112
2025-05-11,19:10-19:30,161.65351666666652,115,116
2025-05-11,19:50-20:40,88.63903333333303,119,123
2025-05-11,22:20-22:30,48.64999999999986,134,134
2025-05-11,22:50-24:00,188.4369333333333,137,143
2025-05-12,00:30-02:00,246.14790000000005,3,11
2025-05-12,02:20-03:20,210.03791666666663,14,19
2025-05-12,04:00-04:40,71.54685000000003,24,27
2025-05-12,05:00-05:20,37.094950000000146,30,31
2025-05-12,05:40-07:10,247.91193611111117,34,42
2025-05-12,11:00-11:20,19.139574999999695,66,67
2025-05-12,12:00-13:00,303.0234916666668,72,77
2025-05-12,13:50-14:00,0.0200666666667075,83,83
2025-05-12,16:00-17:30,202.43845833333347,96,104
2025-05-12,17:40-18:00,71.04040555555528,106,107
2025-05-12,18:20-18:40,111.7851583333335,110,111
2025-05-12,19:00-19:40,149.71796666666648,114,117
2025-05-12,20:20-21:00,64.05228333333343,122,125
2025-05-12,21:30-22:00,52.58719999999994,129,131
2025-05-12,22:20-22:30,6.861666666666679,134,134
2025-05-12,22:50-23:10,36.176150000000234,137,138
2025-05-13,00:50-01:10,23.791666666666515,5,6
2025-05-13,01:40-02:00,28.903799999999933,10,11
2025-05-13,02:40-03:00,12.762000000000057,16,17
2025-05-13,04:50-06:00,135.36130000000014,29,35
2025-05-13,06:20-06:30,7.530650000000037,38,38
2025-05-13,06:50-07:10,16.446966666666697,41,42
2025-05-13,08:00-08:30,147.19931666666673,48,50
2025-05-13,08:40-08:50,14.179149999999822,52,52
2025-05-13,09:00-10:50,615.0880277777779,54,64
2025-05-13,11:00-11:20,40.802708333333385,66,67
2025-05-13,11:40-12:00,146.1588416666666,70,71
2025-05-13,12:50-13:00,8.141666666666652,77,77
2025-05-13,16:00-16:40,88.77657777777756,96,99
2025-05-13,17:10-18:30,110.89851111111116,103,110
2025-05-13,18:50-19:10,84.05415000000005,113,114
2025-05-13,19:30-20:00,87.05115,117,119
2025-05-13,20:10-20:30,65.9278833333334,121,122
2025-05-13,20:50-21:20,74.42955000000029,125,127
2025-05-13,23:00-23:40,53.33428333333336,138,141
2025-05-14,01:50-02:20,23.871216666666896,11,13
2025-05-14,03:10-04:10,171.6863999999999,19,24
2025-05-14,04:30-05:00,63.500450000000036,27,29
2025-05-14,05:20-05:30,10.71619166666678,32,32
2025-05-14,05:50-06:50,87.06774722222207,35,40
2025-05-14,07:30-07:40,5.34567222222222,45,45
2025-05-14,08:10-08:20,12.484694444444472,49,49
2025-05-14,12:00-12:10,0.7374944444443372,72,72
2025-05-14,12:20-12:50,92.66739444444488,74,76
2025-05-14,13:00-13:30,142.0752333333337,78,80
2025-05-14,14:10-14:40,59.77515833333314,85,87
2025-05-14,15:30-16:20,154.06144999999958,93,97
2025-05-14,17:00-17:50,135.33227499999995,102,106
2025-05-14,18:10-19:10,230.97063333333347,109,114
2025-05-14,19:40-20:00,47.39015000000006,118,119
2025-05-14,21:30-21:50,34.13401666666664,129,130
2025-05-14,22:30-22:50,53.928883333333374,135,136
2025-05-14,23:10-23:20,13.267883333333316,139,139
2025-05-14,23:30-23:50,72.40281666666658,141,142
2025-05-15,01:40-02:10,98.30923333333328,10,12
2025-05-15,02:30-03:00,53.40101666666658,15,17
2025-05-15,03:20-03:40,10.39513333333332,20,21
2025-05-15,03:50-04:00,1.713333333333367,23,23
2025-05-15,04:10-04:50,142.57220000000007,25,28
2025-05-15,05:10-05:30,38.989783333333335,31,32
2025-05-15,05:50-06:10,19.3339222222221,35,36
2025-05-15,06:20-06:30,10.336316666666733,38,38
2025-05-15,06:50-07:10,43.704002777777816,41,42
2025-05-15,07:20-07:50,128.53463333333332,44,46
2025-05-15,08:20-08:40,31.872624999999513,50,51
2025-05-15,09:10-09:20,17.890338888889346,55,55
2025-05-15,09:30-10:00,119.23209722222236,57,59
2025-05-15,10:20-10:40,92.46607499999982,62,63
2025-05-15,10:50-11:00,9.696583333333365,65,65
2025-05-15,12:20-12:40,41.08979444444458,74,75
2025-05-15,14:10-15:30,193.21738888888854,85,92
2025-05-15,16:10-16:50,266.3248722222222,97,100
2025-05-15,17:10-17:30,140.84865277777783,103,104
2025-05-15,18:10-19:00,155.44878333333315,109,113
2025-05-15,20:50-21:30,133.7809666666666,125,128
2025-05-15,22:00-22:30,83.3860166666667,132,134
2025-05-15,23:10-23:30,48.72109999999998,139,140
2025-05-16,00:10-00:40,76.19673333333343,1,3
2025-05-16,01:20-01:40,45.193299999999965,8,9
2025-05-16,02:00-02:20,47.01386666666673,12,13
2025-05-16,03:10-03:20,2.820183333333261,19,19
2025-05-16,03:40-04:00,4.647483333333184,22,23
2025-05-16,04:30-06:10,333.4655833333333,27,36
2025-05-16,06:40-07:10,48.83409444444442,40,42
2025-05-16,12:50-13:00,34.834583333333285,77,77
2025-05-16,13:10-13:20,41.27016666666668,79,79
2025-05-16,15:10-15:20,32.902499999999804,91,91
2025-05-16,16:30-16:40,47.04403888888896,99,99
2025-05-16,17:20-17:50,108.70854999999992,104,106
2025-05-16,18:10-19:00,220.99961666666672,109,113
2025-05-16,19:30-19:40,14.741066666666654,117,117
2025-05-16,20:10-20:30,42.484883333333414,121,122
2025-05-16,21:00-22:00,237.55855000000008,126,131
2025-05-16,22:10-24:00,475.5517833333334,133,143
2025-05-17,00:00-00:30,98.2201833333333,0,2
2025-05-17,01:00-01:50,90.55656666666675,6,10
2025-05-17,02:00-02:20,77.58701666666656,12,13
2025-05-17,02:40-02:50,17.958216666666658,16,16
2025-05-17,03:20-04:00,176.61119999999988,20,23
2025-05-17,04:10-04:40,34.85385000000004,25,27
2025-05-17,04:50-05:20,138.50692500000014,29,31
2025-05-17,05:40-05:50,1.8123999999999116,34,34
2025-05-17,06:20-06:40,18.58103055555557,38,39
2025-05-17,11:30-11:40,5.746433333333243,69,69
2025-05-17,13:20-13:30,41.33249999999998,80,80
2025-05-17,14:50-15:00,12.70291666666651,89,89
2025-05-17,16:00-16:10,13.71096666666665,96,96
2025-05-17,16:30-17:50,299.51045833333353,99,106
2025-05-17,18:00-18:50,247.2441749999998,108,112
2025-05-17,19:10-19:50,115.90801666666664,115,118
2025-05-17,20:10-20:40,94.0431666666666,121,123
2025-05-17,21:50-22:10,23.739100000000008,131,132
2025-05-17,22:30-23:00,77.39608333333325,135,137
2025-05-17,23:30-24:00,122.37473333333327,141,143
2025-05-18,00:00-00:50,96.0791499999998,0,4
2025-05-18,01:30-01:50,54.249083333333374,9,10
2025-05-18,02:10-02:30,48.785933333333446,13,14
2025-05-18,02:50-03:10,81.84568333333323,17,18
2025-05-18,03:30-04:30,127.16766666666662,21,26
2025-05-18,04:50-05:00,10.406666666666638,29,29
2025-05-18,05:10-06:00,158.2184222222219,31,35
2025-05-18,06:20-06:30,6.604833333333147,38,38
2025-05-18,06:50-07:00,36.03800000000001,41,41
2025-05-18,07:30-08:00,82.59557499999983,45,47
2025-05-18,08:20-08:50,80.1822666666668,50,52
2025-05-18,11:50-12:20,68.98347500000045,71,73
2025-05-18,12:30-12:50,48.08884166666712,75,76
2025-05-18,14:00-14:10,26.79306666666639,84,84
2025-05-18,14:50-15:00,28.8310666666664,89,89
2025-05-18,16:50-17:00,42.45828333333333,101,101
2025-05-18,17:40-17:50,0.6303861111110507,106,106
2025-05-18,19:40-19:50,33.503983333333395,118,118
2025-05-18,20:20-20:40,43.102316666666866,122,123
2025-05-18,21:00-21:50,105.93421666666677,126,130
2025-05-18,22:00-22:20,118.48086666666677,132,133
2025-05-18,22:30-22:50,6.920099999999934,135,136
2025-05-18,23:00-23:20,29.990733333333537,138,139
2025-05-19,00:00-00:40,41.59705000000031,0,3
2025-05-19,01:50-02:20,41.94889999999987,11,13
2025-05-19,03:10-03:50,55.05541666666667,19,22
2025-05-19,04:30-04:40,4.4531833333333175,27,27
2025-05-19,05:00-05:50,161.65458333333328,30,34
2025-05-19,06:20-06:30,11.639816666666604,38,38
2025-05-19,08:00-08:20,44.74030000000016,48,49
2025-05-19,09:00-09:10,7.785750000000007,54,54
2025-05-19,10:30-10:50,115.4149166666664,63,64
2025-05-19,11:10-11:30,56.26302222222238,67,68
2025-05-19,12:00-12:10,50.629174999999805,72,72
2025-05-19,13:00-13:10,25.4895472222222,78,78
2025-05-19,14:50-15:00,16.896783333333133,89,89
2025-05-19,15:50-16:00,2.0370000000000346,95,95
2025-05-19,16:20-16:30,1.2259333333335007,98,98
2025-05-19,17:40-18:10,108.80540833333316,106,108
2025-05-19,18:40-19:00,65.56131666666658,112,113
2025-05-19,19:40-20:00,47.063699999999926,118,119
2025-05-19,20:10-20:40,260.7293166666666,121,123
2025-05-19,21:10-21:40,171.60813333333317,127,129
2025-05-19,22:00-22:20,26.50529999999992,132,133
2025-05-19,22:30-22:40,29.4428333333334,135,135
2025-05-19,23:10-24:00,150.69198333333327,139,143
2025-05-20,00:00-00:40,107.85656666666682,0,3
2025-05-20,01:10-01:30,10.271733333333486,7,8
2025-05-20,02:10-02:30,41.82683333333341,13,14
2025-05-20,02:40-03:10,29.814166666666665,16,18
2025-05-20,03:20-04:00,68.13216666666654,20,23
2025-05-20,05:00-05:40,106.6366166666667,30,33
2025-05-20,06:30-07:00,64.30656111111114,39,41
2025-05-20,07:20-07:40,73.46460277777805,44,45
2025-05-20,08:30-08:50,53.92371666666668,51,52
2025-05-20,10:50-11:00,14.665050000000065,65,65
2025-05-20,12:10-12:50,143.71875000000045,73,76
2025-05-20,13:10-13:40,92.6853500000002,79,81
2025-05-20,14:00-14:10,14.661533333333182,84,84
2025-05-20,15:10-15:50,266.9326222222222,91,94
2025-05-20,16:30-16:50,22.86702500000035,99,100
2025-05-20,17:00-17:20,24.601291666666782,102,103
2025-05-20,18:00-19:00,359.91411666666653,108,113
2025-05-20,19:20-19:40,66.56736666666677,116,117
2025-05-20,20:00-20:20,85.80745000000013,120,121
2025-05-20,20:30-20:50,42.06763333333333,123,124
2025-05-20,21:20-22:20,276.04385,128,133
2025-05-20,22:30-23:00,56.00434999999993,135,137
2025-05-20,23:20-24:00,119.71466666666663,140,143
2025-05-21,00:00-00:20,29.267233333333024,0,1
2025-05-21,00:30-00:50,60.91964999999982,3,4
2025-05-21,01:10-01:20,13.73829999999998,7,7
2025-05-21,01:50-02:00,6.2450000000000045,11,11
2025-05-21,02:30-03:10,139.4824166666666,15,18
2025-05-21,04:30-04:40,12.544433333333371,27,27
2025-05-21,05:00-05:50,140.54002499999973,30,34
2025-05-21,06:00-06:20,10.279399999999953,36,37
2025-05-21,06:30-06:40,1.8341222222223337,39,39
2025-05-21,07:00-07:20,34.41239166666685,42,43
2025-05-21,10:30-10:40,32.76414999999997,63,63
2025-05-21,11:40-11:50,6.490177777777717,70,70
2025-05-21,12:20-12:50,75.78501666666693,74,76
2025-05-21,13:00-13:10,6.6063833333332695,78,78
2025-05-21,14:00-14:20,53.32268611111068,84,85
2025-05-21,14:40-14:50,12.198963888888557,88,88
2025-05-21,15:10-15:40,97.11440833333347,91,93
2025-05-21,16:30-17:00,77.55354999999997,99,101
2025-05-21,17:50-18:00,6.733316666666724,107,107
2025-05-21,18:10-18:40,130.92370833333325,109,111
2025-05-21,19:20-19:50,157.7070666666666,116,118
2025-05-21,20:40-21:10,132.6782166666668,124,126
2025-05-21,21:30-21:50,33.03929999999991,129,130
2025-05-21,22:10-22:30,43.20183333333341,133,134
2025-05-21,22:50-23:00,37.735000000000014,137,137
2025-05-21,23:20-24:00,147.81124999999997,140,143
2025-05-22,00:00-00:10,3.6849999999999454,0,0
2025-05-22,00:40-01:40,91.6918499999997,4,9
2025-05-22,02:10-02:20,24.780566666666687,13,13
2025-05-22,03:00-03:20,18.238283333333356,18,19
2025-05-22,03:40-04:20,82.8918000000001,22,25
2025-05-22,05:10-05:50,143.38060555555566,31,34
2025-05-22,06:40-07:00,71.3164999999999,40,41
2025-05-22,07:20-08:10,165.19453333333365,44,48
2025-05-22,08:20-08:30,7.986049999999864,50,50
2025-05-22,08:50-09:00,42.30221666666648,53,53
2025-05-22,10:00-10:10,43.313499999999976,60,60
2025-05-22,11:00-12:20,406.3388499999994,66,73
2025-05-22,12:30-12:50,78.90835833333358,75,76
2025-05-22,13:50-14:00,49.72251666666716,83,83
2025-05-22,14:10-14:20,18.4541999999999,85,85
2025-05-22,14:50-16:10,155.1304805555542,89,96
2025-05-22,16:50-17:10,80.56772222222196,101,102
2025-05-22,17:30-18:40,401.2323833333336,105,111
2025-05-22,19:10-20:00,141.52048333333335,115,119
2025-05-22,20:20-20:50,127.50803333333317,122,124
2025-05-22,22:20-23:10,113.80569999999989,134,138
2025-05-23,00:40-01:20,98.6624833333334,4,7
2025-05-23,01:50-02:00,16.765000000000043,11,11
2025-05-23,02:10-03:40,257.6342666666666,13,21
2025-05-23,04:00-04:30,56.537633333333424,24,26
2025-05-23,05:20-05:50,83.82358333333337,32,34
2025-05-23,06:10-07:00,101.84901388888892,37,41
2025-05-23,17:40-18:10,114.37873888888882,106,108
2025-05-23,18:30-18:50,104.84546666666665,111,112
2025-05-23,19:00-19:20,80.77976666666672,114,115
2025-05-23,19:40-20:00,106.69215000000014,118,119
2025-05-23,20:30-21:00,110.00885,123,125
2025-05-23,22:00-22:20,87.9093499999999,132,133
2025-05-23,22:40-22:50,20.54063333333329,136,136
2025-05-24,00:00-00:10,4.717849999999999,0,0
2025-05-24,00:20-01:10,134.1168500000001,2,6
2025-05-24,01:40-02:50,132.27964999999972,10,16
2025-05-24,03:00-03:10,16.169783333333328,18,18
2025-05-24,03:50-04:10,46.521283333333365,23,24
2025-05-24,04:30-04:50,49.74518333333323,27,28
2025-05-24,05:10-06:20,64.91284444444445,31,37
2025-05-24,06:40-06:50,20.598077777777803,40,40
2025-05-24,14:20-14:30,38.52000000000021,86,86
2025-05-24,17:20-17:30,42.05845833333336,104,104
2025-05-24,17:50-18:10,75.13521666666662,107,108
2025-05-24,18:40-19:20,126.62408333333332,112,115
2025-05-24,20:50-21:50,161.8201833333332,125,130
2025-05-24,22:20-22:30,13.438333333333333,134,134
2025-05-24,23:00-23:50,68.61279999999988,138,142
2025-05-25,00:10-00:20,22.03475000000026,1,1
2025-05-25,01:00-01:20,58.252599999999916,6,7
2025-05-25,01:50-02:00,0.2750000000000909,11,11
2025-05-25,02:30-02:50,23.20416666666665,15,16
2025-05-25,03:10-03:20,2.0520500000000084,19,19
2025-05-25,04:00-04:10,14.419016666666714,24,24
2025-05-25,04:30-04:50,14.455450000000043,27,28
2025-05-25,05:00-05:50,115.52227500000014,30,34
2025-05-25,06:00-06:10,52.042650000000094,36,36
2025-05-25,06:30-06:40,11.662883333333356,39,39
2025-05-25,08:40-09:00,62.98620000000028,52,53
2025-05-25,12:20-12:30,31.86041666666688,74,74
2025-05-25,12:40-12:50,38.61461666666651,76,76
2025-05-25,14:30-14:50,11.732183333333296,87,88
2025-05-25,15:10-15:20,54.700744444444695,91,91
2025-05-25,15:50-16:30,107.9568166666669,95,98
2025-05-25,16:50-19:00,378.3423749999993,101,113
2025-05-25,19:20-19:50,84.92713333333347,116,118
2025-05-25,20:00-20:20,65.60383333333334,120,121
2025-05-25,20:40-21:00,178.99148333333324,124,125
2025-05-25,21:30-21:50,66.65931666666677,129,130
2025-05-25,22:30-23:00,96.38488333333328,135,137
2025-05-26,01:10-01:40,76.88911666666684,7,9
2025-05-26,02:00-02:10,17.4684666666667,12,12
2025-05-26,02:40-02:50,19.41038333333336,16,16
2025-05-26,04:20-06:00,333.39217500000007,26,35
2025-05-26,06:40-07:40,184.53279166666704,40,45
2025-05-26,08:10-08:30,75.89109722222224,49,50
2025-05-26,10:20-10:30,11.715316666666697,62,62
2025-05-26,10:50-11:10,64.10669166666662,65,66
2025-05-26,11:40-11:50,28.851325000000088,70,70
2025-05-26,12:10-13:00,214.6027222222226,73,77
2025-05-26,13:40-13:50,9.269902777777816,82,82
2025-05-26,16:00-16:20,9.236241666666842,96,97
2025-05-26,16:50-17:40,132.64044444444409,101,105
2025-05-26,18:10-19:10,343.12246666666624,109,114
2025-05-26,20:00-20:10,12.28803333333326,120,120
2025-05-26,20:40-20:50,13.324299999999994,124,124
2025-05-26,21:00-21:20,38.75418333333323,126,127
2025-05-26,21:30-21:50,84.51343333333341,129,130
2025-05-26,22:30-23:00,164.38296666666645,135,137
2025-05-27,00:00-00:20,27.499083333333374,0,1
2025-05-27,01:20-01:40,39.439833333333354,8,9
2025-05-27,02:10-04:00,192.8886666666669,13,23
2025-05-27,04:20-05:30,221.55320000000006,26,32
2025-05-27,05:50-06:20,50.578649999999755,35,37
2025-05-27,07:00-08:50,511.97054444444416,42,52
2025-05-27,09:20-09:40,120.8777583333333,56,57
2025-05-27,10:20-10:30,64.71482500000002,62,62
2025-05-27,12:10-12:20,7.459733333333588,73,73
2025-05-27,15:50-16:20,125.98912499999983,95,97
2025-05-27,17:20-17:30,4.377774999999815,104,104
2025-05-27,17:50-18:10,44.361425000000054,107,108
2025-05-27,18:30-18:40,14.2668999999999,111,111
2025-05-27,19:00-19:20,27.306949999999915,114,115
2025-05-27,19:30-19:50,27.058749999999918,117,118
2025-05-27,20:10-20:40,74.70146666666642,121,123
2025-05-27,21:00-21:20,76.51564999999994,126,127
2025-05-27,22:10-22:30,94.96684999999991,133,134
2025-05-27,22:50-23:00,25.49333333333334,137,137
2025-05-27,23:30-24:00,26.63970000000006,141,143
2025-05-28,00:10-00:40,128.93795,1,3
2025-05-28,00:50-01:30,98.16371666666669,5,8
2025-05-28,02:00-02:20,32.366116666666585,12,13
2025-05-28,03:00-03:50,123.47968333333353,18,22
2025-05-28,04:10-04:30,9.642016666666677,25,26
2025-05-28,05:00-05:30,51.908483333333336,30,32
2025-05-28,06:50-07:10,29.99763333333317,41,42
2025-05-28,07:20-07:30,1.7344083333333629,44,44
2025-05-28,11:00-11:20,55.015216666666674,66,67
2025-05-28,11:40-12:00,52.67871111111117,70,71
2025-05-28,12:10-12:40,164.12240833333317,73,75
2025-05-28,16:00-16:10,4.689166666666552,96,96
2025-05-28,16:50-17:00,25.868366666666702,101,101
2025-05-28,17:20-17:50,110.16676666666623,104,106
2025-05-28,18:40-19:10,87.04813333333323,112,114
2025-05-28,19:30-19:50,33.534766666666656,117,118
2025-05-28,20:00-20:20,66.78621666666675,120,121
2025-05-28,21:40-22:20,103.2999166666666,130,133
2025-05-28,22:30-22:40,10.92313333333334,135,135
2025-05-28,23:10-23:20,24.850583333333248,139,139
2025-05-28,23:50-24:00,3.3933333333333167,143,143
2025-05-29,00:00-01:00,202.53963333333377,0,5
2025-05-29,01:20-01:30,20.16833333333352,8,8
2025-05-29,02:20-03:00,105.72320000000002,14,17
2025-05-29,03:20-03:30,19.924999999999955,20,20
2025-05-29,04:10-06:10,375.42372777777774,25,36
2025-05-29,06:20-06:30,15.80295833333338,38,38
2025-05-29,07:00-07:20,18.456799999999873,42,43
2025-05-29,12:10-12:30,63.84786111111112,73,74
2025-05-29,13:50-14:30,49.00175000000036,83,86
2025-05-29,14:50-15:20,52.9670583333342,89,91
2025-05-29,15:30-17:50,747.6189583333344,93,106
2025-05-29,18:20-18:50,152.30185,110,112
2025-05-29,19:00-20:20,248.75643333333358,114,121
2025-05-29,20:50-21:50,197.4817166666669,125,130
2025-05-29,22:10-22:20,9.068149999999946,133,133
2025-05-29,22:50-23:10,31.688766666666652,137,138
2025-05-29,23:20-23:50,65.37271666666663,140,142
2025-05-30,01:30-01:50,9.44206666666662,9,10
2025-05-30,02:00-02:20,18.577883333333432,12,13
2025-05-30,02:40-03:00,27.51991666666669,16,17
2025-05-30,03:20-03:50,132.6997499999998,20,22
2025-05-30,04:40-05:20,54.79290000000004,28,31
2025-05-30,05:30-06:10,84.37168333333335,33,36
2025-05-30,06:30-07:00,35.62122499999998,39,41
2025-05-30,13:10-13:30,123.10840000000007,79,80
2025-05-30,13:50-14:00,5.653333333333421,83,83
2025-05-30,16:10-16:20,22.398311111111184,97,97
2025-05-30,16:30-17:00,96.15364166666654,99,101
2025-05-30,17:10-17:40,161.12036666666668,103,105
2025-05-30,18:50-19:00,34.64000000000004,113,113
2025-05-30,19:20-19:40,18.631416666666723,116,117
2025-05-30,19:50-20:10,28.294433333333302,119,120
2025-05-30,21:10-21:30,51.61200000000002,127,128
2025-05-30,21:50-22:10,63.770266666666714,131,132
2025-05-30,22:20-22:50,77.87434999999994,134,136
2025-05-30,23:30-23:50,35.722050000000024,141,142
2025-05-31,00:00-00:10,0.3998333333332766,0,0
2025-05-31,00:30-01:00,50.00891666666672,3,5
2025-05-31,01:20-01:40,47.37083333333333,8,9
2025-05-31,02:30-03:40,172.8554999999999,15,21
2025-05-31,03:50-04:30,65.36661666666683,23,26
2025-05-31,04:50-05:20,127.26670833333316,29,31
2025-05-31,06:20-06:30,63.53458333333327,38,38
2025-05-31,07:10-07:20,1.377383333333455,43,43
2025-05-31,15:50-16:10,23.03290000000004,95,96
2025-05-31,16:30-16:50,28.331091666666566,99,100
2025-05-31,17:00-17:10,23.925111111111164,102,102
2025-05-31,18:00-18:30,130.0896000000002,108,110
2025-05-31,18:40-19:00,70.04837500000008,112,113
2025-05-31,19:50-20:10,91.48091666666676,119,120
2025-05-31,20:30-20:50,37.084466666666685,123,124
2025-05-31,21:50-22:00,4.0383333333332985,131,131
2025-05-31,22:50-23:20,45.85095000000001,137,139
2025-05-31,23:40-24:00,168.61586666666665,142,143
2025-06-01,00:00-04:00,1653.7277166666663,0,23
2025-06-01,04:10-04:40,67.58481666666668,25,27
2025-06-01,05:00-06:00,113.75563333333326,30,35
2025-06-01,06:10-06:30,8.978116666666665,37,38
2025-06-01,06:50-07:00,5.9299499999999625,41,41
2025-06-01,09:10-09:20,5.111233333333644,55,55
2025-06-01,09:30-09:50,45.16504722222214,57,58
2025-06-01,11:50-12:10,77.50429444444444,71,72
2025-06-01,12:40-13:00,107.41552222222208,76,77
2025-06-01,13:30-24:00,6699.930366666668,81,143
2025-06-02,00:00-03:50,1693.7258333333325,0,22
2025-06-02,04:00-04:50,160.05086666666656,24,28
2025-06-02,05:10-05:30,44.43380833333336,31,32
2025-06-02,05:50-06:00,35.450000000000045,35,35
2025-06-02,06:20-06:40,43.47917499999982,38,39
2025-06-02,06:50-07:10,21.739313888888717,41,42
2025-06-02,07:50-08:00,34.1303333333334,47,47
2025-06-02,08:10-08:20,2.2454166666665287,49,49
2025-06-02,08:30-08:40,25.44368333333341,51,51
2025-06-02,09:00-09:30,119.64911388888834,54,56
2025-06-02,09:40-10:00,114.03838611111064,58,59
2025-06-02,10:20-11:40,541.4883222222225,62,69
2025-06-02,11:50-12:50,360.2211749999999,71,76
2025-06-02,13:00-13:30,244.27981666666653,78,80
2025-06-02,13:50-14:00,19.97708333333321,83,83
2025-06-02,14:20-14:40,53.576361111111396,86,87
2025-06-02,14:50-24:00,5934.066616666669,89,143
2025-06-03,00:00-03:20,1441.9602166666655,0,19
2025-06-03,03:30-03:50,28.459866666666713,21,22
2025-06-03,04:00-04:20,88.02528333333336,24,25
2025-06-03,04:40-04:50,12.71569999999997,28,28
2025-06-03,05:00-06:00,202.44847499999997,30,35
2025-06-03,06:30-07:00,46.743374999999844,39,41
2025-06-03,08:30-08:40,3.993922222222295,51,51
2025-06-03,12:10-13:00,396.4816611111112,73,77
2025-06-03,13:20-13:30,42.49828333333312,80,80
2025-06-03,13:50-24:00,5943.664091666669,83,143
2025-06-04,00:00-02:40,1510.6767333333328,0,15
2025-06-04,03:00-06:30,821.2516333333335,18,38
2025-06-04,07:00-07:10,9.626780555555342,42,42
2025-06-04,07:30-07:40,5.175100000000043,45,45
2025-06-04,08:00-08:20,23.407477777778013,48,49
2025-06-04,08:30-08:50,23.695572222222495,51,52
2025-06-04,09:50-10:00,26.408416666666422,59,59
2025-06-04,10:30-12:00,566.2950194444434,63,71
2025-06-04,12:20-12:40,55.07241944444445,74,75
2025-06-04,12:50-14:00,332.0948083333343,77,83
2025-06-04,14:10-16:00,633.462027777778,85,95
2025-06-04,16:20-24:00,4175.226625,98,143
2025-06-05,00:00-04:20,1706.2219333333321,0,25
2025-06-05,04:40-05:50,240.80825833333355,28,34
2025-06-05,06:20-06:50,77.75303333333306,38,40
2025-06-05,08:30-09:10,114.4488166666664,51,54
2025-06-05,11:10-11:30,2.7830361111109596,67,68
2025-06-05,11:50-12:00,61.06028333333347,71,71
2025-06-05,12:20-13:10,352.60541111111206,74,78
2025-06-05,13:30-24:00,5917.389008333331,81,143
2025-06-06,00:00-03:20,1616.660433333333,0,19
2025-06-06,03:50-04:50,184.9133333333333,23,28
2025-06-06,05:00-05:40,164.72286111111117,30,33
2025-06-06,06:20-06:50,67.11786666666646,38,40
2025-06-06,07:20-07:40,16.97085833333324,44,45
2025-06-06,10:00-10:40,148.6040333333333,60,63
2025-06-06,11:40-12:00,194.98119999999997,70,71
2025-06-06,12:20-13:00,272.64874999999984,74,77
2025-06-06,13:30-13:50,106.84772222222205,81,82
2025-06-06,14:10-24:00,6105.867300000002,85,143
2025-06-07,00:00-02:30,1210.9283666666665,0,14
2025-06-07,03:00-03:20,30.80241666666678,18,19
2025-06-07,03:30-03:50,95.48848333333316,21,22
2025-06-07,04:10-04:50,24.75891666666636,25,28
2025-06-07,05:10-05:50,226.67987500000018,31,34
2025-06-07,06:40-06:50,0.8049499999999625,40,40
2025-06-07,07:30-07:40,41.0567166666666,45,45
2025-06-07,08:20-08:30,17.42791666666676,50,50
2025-06-07,10:40-10:50,43.94095000000016,64,64
2025-06-07,11:40-11:50,14.526316666666617,70,70
2025-06-07,12:00-12:40,237.30669444444425,72,75
2025-06-07,13:00-13:10,8.345550000000003,78,78
2025-06-07,13:40-14:30,288.3970666666662,82,86
2025-06-07,14:50-15:00,94.83333333333336,89,89
2025-06-07,15:10-23:50,4896.775058333334,91,142
2025-06-08,00:10-00:30,45.21576666666692,1,2
2025-06-08,00:50-01:00,8.736666666666679,5,5
2025-06-08,01:30-01:50,24.478849999999966,9,10
2025-06-08,02:20-02:40,13.072733333333304,14,15
2025-06-08,04:00-04:20,71.36811666666671,24,25
2025-06-08,05:10-05:50,83.78688333333346,31,34
2025-06-08,06:20-06:40,33.74931666666663,38,39
2025-06-08,07:10-07:20,14.158161111111212,43,43
2025-06-08,07:30-07:50,44.79864999999961,45,46
2025-06-08,12:00-13:10,522.4957166666663,72,78
2025-06-08,13:30-13:50,89.90503333333322,81,82
2025-06-08,15:50-16:20,56.17620833333342,95,97
2025-06-08,17:00-18:30,347.2153416666671,102,110
2025-06-08,19:00-19:50,71.79628333333312,114,118
2025-06-08,20:00-20:10,20.54581666666684,120,120
2025-06-08,20:50-21:10,13.257650000000012,125,126
2025-06-08,21:30-21:50,27.25964999999997,129,130
2025-06-08,22:20-23:10,181.23355000000004,134,138
2025-06-08,23:40-24:00,25.4368166666668,142,143
2025-06-09,00:20-01:20,136.14171666666698,2,7
2025-06-09,02:50-03:00,46.31499999999994,17,17
2025-06-09,03:20-04:10,278.5885166666667,20,24
2025-06-09,04:30-04:40,8.739949999999913,27,27
2025-06-09,05:00-05:50,137.4811999999996,30,34
2025-06-09,06:10-06:40,57.25933333333364,37,39
2025-06-09,07:40-07:50,0.0814527777779403,46,46
2025-06-09,08:10-08:20,13.695616666666751,49,49
2025-06-09,08:30-08:50,89.48402222222217,51,52
2025-06-09,09:20-09:40,5.5344000000002325,56,57
2025-06-09,10:00-10:30,133.04478333333236,60,62
2025-06-09,11:00-11:20,82.79265833333352,66,67
2025-06-09,11:30-12:00,193.79777500000023,69,71
2025-06-09,13:10-13:50,200.2453333333341,79,82
2025-06-09,14:40-14:50,4.072808333333342,88,88
2025-06-09,16:20-16:30,49.84854166666668,98,98
2025-06-09,17:00-17:50,174.55665000000045,102,106
2025-06-09,18:00-18:20,11.770700000000048,108,109
2025-06-09,18:30-19:10,161.16734999999954,111,114
2025-06-09,19:30-19:50,69.01991666666652,117,118
2025-06-09,20:10-21:00,151.5144999999998,121,125
2025-06-09,21:30-21:40,14.496916666666609,129,129
2025-06-09,22:20-22:30,3.001666666666665,134,134
2025-06-09,22:50-23:00,33.376666666666665,137,137
2025-06-09,23:20-24:00,195.89621666666642,140,143
2025-06-10,00:00-00:20,29.08690000000024,0,1
2025-06-10,00:30-00:50,28.647666666666964,3,4
2025-06-10,01:00-01:20,62.241700000000264,6,7
2025-06-10,01:40-02:00,38.17136666666671,10,11
2025-06-10,02:10-02:40,75.09848333333332,13,15
2025-06-10,03:10-03:20,10.894116666666603,19,19
2025-06-10,03:40-04:00,49.92476666666664,22,23
2025-06-10,04:20-05:10,170.17893888888906,26,30
2025-06-10,05:20-05:50,79.95775000000015,32,34
2025-06-10,06:10-06:30,43.458430555555594,37,38
2025-06-10,07:40-08:00,78.03278333333321,46,47
2025-06-10,08:20-09:50,247.58765555555533,50,58
2025-06-10,10:00-10:10,5.158400000000256,60,60
2025-06-10,10:50-12:00,706.8983916666668,65,71
2025-06-10,12:20-12:40,21.75649166666699,74,75
2025-06-10,13:40-14:10,74.32206111111134,82,84
2025-06-10,16:00-16:10,14.89314166666668,96,96
2025-06-10,18:20-18:40,51.3852166666665,110,111
2025-06-10,19:00-19:20,71.30941666666672,114,115
2025-06-10,19:50-20:20,88.2655166666666,119,121
2025-06-10,20:30-21:10,125.9827166666669,123,126
2025-06-10,21:40-22:00,24.435583333333398,130,131
2025-06-10,22:30-22:50,122.22626666666656,135,136
2025-06-10,23:10-23:40,54.8656666666667,139,141
2025-06-10,23:50-24:00,3.568333333333271,143,143
2025-06-11,00:00-00:20,31.54116666666664,0,1
2025-06-11,00:50-01:00,10.951666666666595,5,5
2025-06-11,01:20-01:30,24.00666666666666,8,8
2025-06-11,02:00-02:10,1.7665833333330738,12,12
2025-06-11,02:30-02:50,67.82078333333345,15,16
2025-06-11,04:30-04:40,2.3430833333333987,27,27
2025-06-11,06:00-06:50,141.14485833333293,36,40
2025-06-11,07:00-07:20,16.455008333333637,42,43
2025-06-11,07:40-08:00,18.17243055555548,46,47
2025-06-11,09:10-09:30,137.12438333333284,55,56
2025-06-11,10:00-10:30,25.937999999999988,60,62
2025-06-11,12:00-12:20,73.63875000000007,72,73
2025-06-11,12:40-13:00,43.906772222222344,76,77
2025-06-11,14:00-14:10,23.776577777777675,84,84
2025-06-11,14:50-15:50,189.63275833333398,89,94
2025-06-11,16:20-16:50,98.68631666666619,98,100
2025-06-11,17:00-17:30,191.74575000000019,102,104
2025-06-11,17:50-18:00,28.476916666666654,107,107
2025-06-11,18:10-19:40,225.60746666666665,109,117
2025-06-11,20:40-20:50,6.248466666666766,124,124
2025-06-11,21:30-22:40,206.64416666666648,129,135
2025-06-11,23:20-23:40,24.687733333333426,140,141
2025-06-12,00:20-00:50,104.98990000000003,2,4
2025-06-12,01:00-01:20,20.567983333332904,6,7
2025-06-12,02:20-02:30,16.716666666666697,14,14
2025-06-12,03:20-03:50,131.15090000000006,20,22
2025-06-12,05:50-06:10,49.33013888888877,35,36
2025-06-12,06:30-06:50,19.560266666666735,39,40
2025-06-12,07:10-07:30,56.744202777777794,43,44
2025-06-12,07:50-08:10,52.76083055555592,47,48
2025-06-12,08:20-08:30,28.71374999999989,50,50
2025-06-12,08:50-09:00,1.0289000000003623,53,53
2025-06-12,09:10-09:30,49.47922222222213,55,56
2025-06-12,10:20-10:40,5.138627777777857,62,63
2025-06-12,12:00-12:10,14.972408333333306,72,72
2025-06-12,12:50-13:00,30.820233333333363,77,77
2025-06-12,13:20-14:00,180.10856666666655,80,83
2025-06-12,14:30-15:30,446.0823083333331,87,92
2025-06-12,15:50-16:20,157.1521250000004,95,97
2025-06-12,16:40-16:50,3.446952777777483,100,100
2025-06-12,17:10-17:40,90.68892499999993,103,105
2025-06-12,17:50-18:50,93.1157166666669,107,112
2025-06-12,19:20-19:30,7.530033333333336,116,116
2025-06-12,20:50-21:30,121.51681666666695,125,128
2025-06-12,22:20-22:30,49.46333333333337,134,134
2025-06-12,23:20-23:40,21.242566666666676,140,141
2025-06-13,01:20-01:40,40.77193333333332,8,9
2025-06-13,02:20-02:50,61.44444999999997,14,16
2025-06-13,03:00-03:20,26.30314999999991,18,19
2025-06-13,03:40-04:00,17.091566666666665,22,23
2025-06-13,04:20-04:40,37.822197222222215,26,27
2025-06-13,04:50-05:20,27.631866666666674,29,31
2025-06-13,05:30-06:00,83.24980000000028,33,35
2025-06-13,08:00-08:10,13.859816666666802,48,48
2025-06-13,10:40-10:50,31.371183333333533,64,64
2025-06-13,12:00-12:30,78.3228694444449,72,74
2025-06-13,13:20-13:50,193.35169999999982,80,82
2025-06-13,15:20-15:30,3.026666666666756,92,92
2025-06-13,15:50-16:30,113.66633333333334,95,98
2025-06-13,17:00-17:50,192.5439,102,106
2025-06-13,18:30-18:50,2.043208333333382,111,112
2025-06-13,19:30-20:10,113.65305833333343,117,120
2025-06-13,20:30-21:00,180.05210000000017,123,125
2025-06-13,22:20-22:50,83.50543333333337,134,136
2025-06-13,23:20-23:30,30.973333333333244,140,140
2025-06-13,23:50-24:00,39.501666666666665,143,143
2025-06-14,00:00-00:20,54.80205000000001,0,1
2025-06-14,00:30-01:20,50.074949999999944,3,7
2025-06-14,01:30-01:40,5.126950000000022,9,9
2025-06-14,02:10-03:00,85.71584999999999,13,17
2025-06-14,03:20-03:30,5.85666666666674,20,20
2025-06-14,03:40-04:00,31.719616666666695,22,23
2025-06-14,04:20-04:30,21.352783333333377,26,26
2025-06-14,05:20-05:30,27.46344166666661,32,32
2025-06-14,06:00-06:10,15.852577777777867,36,36
2025-06-14,06:40-07:10,22.438105555555637,40,42
2025-06-14,11:00-11:10,18.377266666666745,66,66
2025-06-14,13:10-13:40,110.05055000000004,79,81
2025-06-14,15:00-15:10,32.97646666666674,90,90
2025-06-14,15:30-17:30,467.416966666667,93,104
2025-06-14,18:00-18:20,16.92609166666665,108,109
2025-06-14,19:00-19:30,73.18486666666672,114,116
2025-06-14,20:20-21:10,163.55843333333314,122,126
2025-06-14,21:40-21:50,7.21085000000005,130,130
2025-06-14,22:00-23:10,251.5897333333334,132,138
2025-06-14,23:30-23:50,7.738166666666757,141,142
2025-06-15,01:20-01:40,32.43190000000004,8,9
2025-06-15,02:00-02:20,42.48964999999998,12,13
2025-06-15,03:10-03:50,71.62181666666667,19,22
2025-06-15,04:20-04:30,13.299241666666603,26,26
2025-06-15,04:50-05:20,33.69852500000006,29,31
2025-06-15,05:40-06:00,21.824619444444608,34,35
2025-06-15,06:30-07:00,53.816141666666965,39,41
2025-06-15,07:20-07:40,22.324816666666607,44,45
2025-06-15,08:50-09:20,62.17231111111107,53,55
2025-06-15,09:50-10:00,3.0902000000003227,59,59
2025-06-15,10:10-11:00,228.56448888888883,61,65
2025-06-15,11:20-11:40,45.63056111111133,68,69
2025-06-15,12:30-12:50,131.64730833333329,75,76
2025-06-15,13:10-13:30,67.49233055555533,79,80
2025-06-15,14:10-14:30,60.59621666666726,85,86
2025-06-15,16:40-17:30,102.9330333333333,100,104
2025-06-15,18:10-18:50,155.91195000000027,109,112
2025-06-15,19:30-19:50,39.1583916666666,117,118
2025-06-15,20:20-20:40,75.54599999999994,122,123
2025-06-15,21:20-21:40,90.94138333333353,128,129
2025-06-15,22:00-22:10,18.3345833333334,132,132
2025-06-15,22:30-22:50,70.78343333333339,135,136
2025-06-16,00:00-00:40,120.00886666666656,0,3
2025-06-16,01:10-01:30,18.397583333333614,7,8
2025-06-16,01:50-02:40,130.4501166666672,11,15
2025-06-16,03:00-03:10,8.375200000000014,18,18
2025-06-16,03:30-03:40,1.798733333333307,21,21
2025-06-16,04:10-04:20,31.99478888888882,25,25
2025-06-16,04:50-05:20,25.128299999999932,29,31
2025-06-16,05:30-06:00,90.14290000000018,33,35
2025-06-16,06:10-08:00,227.4562861111104,37,47
2025-06-16,08:20-08:30,3.8919750000003432,50,50
2025-06-16,08:50-09:00,29.06485000000009,53,53
2025-06-16,09:40-10:10,10.887952777777969,58,60
2025-06-16,12:00-12:10,1.6014361111112976,72,72
2025-06-16,12:30-13:00,297.287058333333,75,77
2025-06-16,13:50-14:50,325.19225000000074,83,88
2025-06-16,15:00-16:20,302.6162250000001,90,97
2025-06-16,16:30-17:20,194.36365833333292,99,103
2025-06-16,17:50-18:10,43.5412444444444,107,108
2025-06-16,18:20-18:40,25.637211111111192,110,111
2025-06-16,19:10-19:30,32.294477777777615,115,116
2025-06-16,19:50-20:10,45.21568333333312,119,120
2025-06-16,20:40-20:50,20.468466666666792,124,124
2025-06-16,21:00-21:30,151.6922833333332,126,128
2025-06-16,21:50-22:00,5.266666666666652,131,131
2025-06-16,22:30-23:10,99.31178333333321,135,138
2025-06-17,00:20-01:00,143.89733333333288,2,5
2025-06-17,01:20-01:30,17.75166666666655,8,8
2025-06-17,02:50-03:10,89.85866666666674,17,18
2025-06-17,03:20-03:40,34.607949999999974,20,21
2025-06-17,04:00-04:20,48.48445000000007,24,25
2025-06-17,05:00-05:20,91.16173333333316,30,31
2025-06-17,05:40-05:50,12.3157111111112,34,34
2025-06-17,06:00-07:20,145.1311916666661,36,43
2025-06-17,08:50-09:20,70.53261666666685,53,55
2025-06-17,09:50-10:00,53.47616666666693,59,59
2025-06-17,10:20-11:00,232.34310000000016,62,65
2025-06-17,11:20-11:50,167.5574333333334,68,70
2025-06-17,12:30-13:50,471.41097499999955,75,82
2025-06-17,14:20-14:30,5.627916666666692,86,86
2025-06-17,16:20-16:30,31.666333333333228,98,98
2025-06-17,16:50-17:10,87.39088055555584,101,102
2025-06-17,17:40-18:30,192.89223611111095,106,110
2025-06-17,19:20-19:40,100.25506111111133,116,117
2025-06-17,19:50-20:40,87.85946666666678,119,123
2025-06-17,21:10-21:40,125.58005000000014,127,129
2025-06-17,22:10-22:40,59.60804999999983,133,135
2025-06-17,23:00-23:30,62.07816666666656,138,140
2025-06-18,01:40-02:00,5.993483333333302,10,11
2025-06-18,02:20-03:10,92.08093333333323,14,18
2025-06-18,03:20-03:30,1.6116666666666788,20,20
2025-06-18,04:20-04:40,11.399383333333201,26,27
2025-06-18,05:00-05:50,114.7282249999999,30,34
2025-06-18,06:00-06:50,133.67348333333354,36,40
2025-06-18,07:00-07:50,252.28008333333332,42,46
2025-06-18,08:40-09:00,17.956050000000005,52,53
2025-06-18,12:00-12:20,57.70565833333342,72,73
2025-06-18,13:20-13:30,93.93714166666678,80,80
2025-06-18,14:20-14:30,44.47694999999965,86,86
2025-06-18,16:00-16:20,84.4564666666667,96,97
2025-06-18,16:40-17:00,20.994649999999865,100,101
2025-06-18,17:40-18:40,104.606775,106,111
2025-06-18,19:50-20:30,131.7823666666667,119,122
2025-06-18,21:20-21:40,30.414150000000063,128,129
2025-06-18,22:40-23:00,82.01618333333329,136,137
2025-06-18,23:30-24:00,18.923566666666602,141,143
2025-06-19,00:00-00:20,32.675883333333104,0,1
2025-06-19,00:40-01:00,58.609466666666776,4,5
2025-06-19,01:20-01:30,16.304999999999836,8,8
2025-06-19,01:50-02:20,82.90291666666656,11,13
2025-06-19,02:30-02:50,66.65478333333328,15,16
2025-06-19,04:20-05:50,316.89403333333337,26,34
2025-06-19,06:00-06:30,211.46185000000014,36,38
2025-06-19,06:50-07:00,29.11011666666667,41,41
2025-06-19,07:30-09:00,379.8422777777779,45,53
2025-06-19,09:50-10:00,10.832499999999982,59,59
2025-06-19,10:10-10:30,45.968352777777916,61,62
2025-06-19,10:40-12:00,672.7648194444444,64,71
2025-06-19,16:20-16:30,15.164558333333332,98,98
2025-06-19,16:50-17:10,23.60277777777827,101,102
2025-06-19,17:30-17:50,130.86749999999998,105,106
2025-06-19,18:10-18:40,103.71199166666695,109,111
2025-06-19,19:00-19:40,174.66800555555596,114,117
2025-06-19,19:50-20:00,3.3999999999999773,119,119
2025-06-19,20:20-20:30,10.559999999999944,122,122
2025-06-19,20:40-21:10,58.191333333333525,124,126
2025-06-19,21:30-21:50,22.261416666666378,129,130
2025-06-19,22:40-23:20,107.55313333333322,136,139
2025-06-19,23:50-24:00,90.43333333333334,143,143
2025-06-20,00:00-00:10,46.90656666666678,0,0
2025-06-20,00:30-00:50,27.03234999999995,3,4
2025-06-20,01:00-01:40,144.54306666666662,6,9
2025-06-20,02:10-02:20,15.33850000000001,13,13
2025-06-20,03:20-03:40,23.17223333333319,20,21
2025-06-20,03:50-04:20,42.918516666666605,23,25
2025-06-20,05:10-05:30,18.632508333333355,31,32
2025-06-20,06:00-06:20,52.10772222222218,36,37
2025-06-20,06:40-07:00,39.77718333333331,40,41
2025-06-20,13:40-14:00,36.831566666666504,82,83
2025-06-20,14:50-15:00,43.35500000000002,89,89
2025-06-20,15:40-15:50,8.259527777777862,94,94
2025-06-20,16:40-17:00,63.04607777777778,100,101
2025-06-20,17:50-18:20,83.7183000000002,107,109
2025-06-20,19:20-19:30,8.664533333333338,116,116
2025-06-20,19:50-20:10,3.2147500000000946,119,120
2025-06-20,21:00-22:00,177.9689000000002,126,131
2025-06-20,22:40-23:10,110.72304999999994,136,138
2025-06-20,23:30-24:00,95.67541666666665,141,143
2025-06-21,00:20-00:30,44.33999999999992,2,2
2025-06-21,01:10-02:10,142.2252000000001,7,12
2025-06-21,02:20-02:30,9.356666666666626,14,14
2025-06-21,02:50-03:30,110.45956666666672,17,20
2025-06-21,04:00-04:20,64.5330916666666,24,25
2025-06-21,04:40-05:20,69.30922222222213,28,31
2025-06-21,06:10-06:30,57.20733611111112,37,38
2025-06-21,17:30-17:50,28.257874999999952,105,106
2025-06-21,18:40-19:10,65.73456666666652,112,114
2025-06-21,19:40-19:50,3.428566666666597,118,118
2025-06-21,20:20-20:30,31.588333333333367,122,122
2025-06-21,21:10-21:50,118.47383333333335,127,130
2025-06-21,22:10-22:30,29.546100000000024,133,134
2025-06-21,23:10-23:20,2.5640666666666903,139,139
2025-06-22,00:00-01:30,366.5235333333328,0,8
2025-06-22,02:00-02:10,22.278833333333296,12,12
2025-06-22,02:30-03:00,178.57381666666674,15,17
2025-06-22,04:00-04:10,1.860791666666714,24,24
2025-06-22,04:40-04:50,1.3953750000000582,28,28
2025-06-22,05:00-05:50,105.25752499999953,30,34
2025-06-22,06:00-06:50,160.46639444444423,36,40
2025-06-22,07:00-08:10,215.19208333333313,42,48
2025-06-22,08:20-08:30,25.479166666666742,50,50
2025-06-22,08:40-08:50,4.351305555555541,52,52
2025-06-22,09:20-09:50,199.53711666666663,56,58
2025-06-22,11:00-11:40,149.61670000000026,66,69
2025-06-22,12:10-12:30,26.301197222222527,73,74
2025-06-22,13:00-13:50,146.06735000000072,78,82
2025-06-22,14:00-14:20,133.06087777777748,84,85
2025-06-22,14:40-15:00,33.703744444444396,88,89
2025-06-22,15:30-15:40,13.979938888888796,93,93
2025-06-22,17:20-17:40,49.65779166666664,104,105
2025-06-22,18:50-19:30,115.01991666666663,113,116
2025-06-22,19:50-20:10,31.875716666666566,119,120
2025-06-22,20:30-21:10,143.23418333333342,123,126
2025-06-22,22:30-22:50,16.737916666666592,135,136
2025-06-22,23:30-23:50,32.78880000000015,141,142
2025-06-23,02:20-02:30,33.5766666666666,14,14
2025-06-23,02:50-03:30,142.18905000000012,17,20
2025-06-23,03:50-04:00,68.7116666666667,23,23
2025-06-23,04:20-04:30,40.98937500000011,26,26
2025-06-23,04:50-05:00,34.922916666666744,29,29
2025-06-23,05:20-05:30,25.735225000000085,32,32
2025-06-23,06:00-06:10,28.286094444444306,36,36
2025-06-23,06:40-07:00,29.95492222222248,40,41
2025-06-23,07:30-07:50,18.620400000000018,45,46
2025-06-23,12:50-13:00,22.573616666666798,77,77
2025-06-23,13:20-15:20,645.5815999999993,80,91
2025-06-23,16:00-16:40,187.54630555555588,96,99
2025-06-23,17:20-17:50,74.0701000000002,104,106
2025-06-23,18:00-18:40,87.27806111111114,108,111
2025-06-23,19:30-20:00,42.423024999999825,117,119
2025-06-23,20:20-21:00,65.1617166666665,122,125
2025-06-23,21:30-21:50,58.12910000000011,129,130
2025-06-23,22:00-22:30,176.63929999999982,132,134
2025-06-23,23:10-23:30,79.17859999999996,139,140
2025-06-23,23:50-24:00,10.678333333333285,143,143
2025-06-24,00:00-00:10,0.5227999999999611,0,0
2025-06-24,01:00-02:10,372.92968333333295,6,12
2025-06-24,02:40-02:50,9.516183333333402,16,16
2025-06-24,03:10-03:30,42.214966666666555,19,20
2025-06-24,04:20-04:50,61.21133333333338,26,28
2025-06-24,05:10-06:00,122.066377777778,31,35
2025-06-24,06:20-07:00,64.04728333333344,38,41
2025-06-24,07:20-07:40,22.51653888888876,44,45
2025-06-24,09:20-09:30,12.333291666666696,56,56
2025-06-24,09:50-11:20,421.95748333333347,59,67
2025-06-24,11:40-12:40,262.047305555555,70,75
2025-06-24,13:00-14:00,357.32249444444494,78,83
2025-06-24,14:20-14:40,34.804211111111044,86,87
2025-06-24,15:00-15:10,1.7530249999994112,90,90
2025-06-24,17:10-17:40,86.33718333333368,103,105
2025-06-24,17:50-18:10,64.75013888888904,107,108
2025-06-24,19:00-19:20,54.77044166666667,114,115
2025-06-24,20:40-21:20,118.23763333333358,124,127
2025-06-24,22:00-22:20,20.694049999999947,132,133
2025-06-24,22:40-22:50,7.0652500000001055,136,136
2025-06-24,23:20-23:30,22.879999999999995,140,140
2025-06-24,23:50-24:00,35.39166666666665,143,143
2025-06-25,00:00-00:10,22.0949333333333,0,0
2025-06-25,00:30-01:00,99.29665000000045,3,5
2025-06-25,01:30-01:50,37.36721666666665,9,10
2025-06-25,02:10-02:20,13.283800000000042,13,13
2025-06-25,02:40-03:30,121.05488333333327,16,20
2025-06-25,03:50-04:30,78.27021666666666,23,26
2025-06-25,05:50-06:00,10.592999999999847,35,35
2025-06-25,06:20-06:50,89.9212166666668,38,40
2025-06-25,08:00-08:50,173.35043333333272,48,52
2025-06-25,11:10-11:30,26.10393055555494,67,68
2025-06-25,12:40-13:10,90.0859361111111,76,78
2025-06-25,13:50-14:00,60.82566666666639,83,83
2025-06-25,14:20-14:50,394.25603333333356,86,88
2025-06-25,17:10-17:40,97.33452500000035,103,105
2025-06-25,18:00-19:10,105.52855555555541,108,114
2025-06-25,20:00-20:20,20.25361666666663,120,121
2025-06-25,20:30-21:10,70.79726666666656,123,126
2025-06-25,21:40-22:10,147.65374999999995,130,132
2025-06-25,22:40-23:00,7.220450000000028,136,137
2025-06-25,23:30-23:50,17.729266666666717,141,142
2025-06-26,00:00-00:30,28.40361666666718,0,2
2025-06-26,01:00-01:20,23.222366666666858,6,7
2025-06-26,01:30-01:50,114.6954833333333,9,10
2025-06-26,02:40-02:50,0.1881666666665751,16,16
2025-06-26,04:00-04:20,65.40269999999992,24,25
2025-06-26,05:10-05:30,3.5562444444443813,31,32
2025-06-26,06:20-07:40,287.5682000000001,38,45
2025-06-26,08:20-08:30,16.4620666666666,50,50
2025-06-26,09:00-09:10,19.30543333333333,54,54
2025-06-26,12:00-12:20,38.61025833333316,72,73
2025-06-26,13:00-13:10,9.822269444444146,78,78
2025-06-26,13:50-14:20,107.92346666666697,83,85
2025-06-26,14:40-15:30,176.37552777777853,88,92
2025-06-26,15:50-16:00,28.213783333333254,95,95
2025-06-26,16:50-17:20,65.81368333333302,101,103
2025-06-26,17:50-18:00,24.99163333333331,107,107
2025-06-26,18:40-19:10,53.59439444444433,112,114
2025-06-26,19:30-19:50,71.11805833333335,117,118
2025-06-26,20:10-20:20,17.8354333333333,121,121
2025-06-26,20:30-20:40,3.8639833333332954,123,123
2025-06-26,21:10-23:00,307.3060833333336,127,137
2025-06-26,23:30-23:50,117.93479999999988,141,142
2025-06-27,00:00-00:30,157.4292333333335,0,2
2025-06-27,00:50-01:00,3.010000000000048,5,5
2025-06-27,01:50-02:10,79.41320000000002,11,12
2025-06-27,02:20-03:10,57.987583333333426,14,18
2025-06-27,04:20-05:10,112.3649333333333,26,30
2025-06-27,06:30-06:40,8.015733333333344,39,39
2025-06-27,15:20-15:30,4.985833333333403,92,92
2025-06-27,16:00-16:40,170.0134083333332,96,99
2025-06-27,16:50-17:20,66.42956666666646,101,103
2025-06-27,17:40-17:50,28.342538888888868,106,106
2025-06-27,18:20-19:10,194.10817777777766,110,114
2025-06-27,19:30-20:00,64.57468333333327,117,119
2025-06-27,20:20-20:40,11.615999999999985,122,123
2025-06-27,21:20-21:40,66.06881666666652,128,129
2025-06-27,22:00-22:20,11.77359999999993,132,133
2025-06-27,22:30-22:40,16.236899999999935,135,135
2025-06-27,23:00-23:20,44.905583333333425,138,139
2025-06-28,00:40-01:10,128.89385,4,6
2025-06-28,01:50-02:00,3.883333333333383,11,11
2025-06-28,03:30-03:50,28.092249999999964,21,22
2025-06-28,04:30-06:00,223.27348333333342,27,35
2025-06-28,06:30-06:40,14.220355555555614,39,39
2025-06-28,07:30-07:50,41.720655555555716,45,46
2025-06-28,10:00-10:10,3.708316666667088,60,60
2025-06-28,14:50-15:00,15.567499999999995,89,89
2025-06-28,16:20-17:00,126.93351666666689,98,101
2025-06-28,18:00-18:30,60.90831111111106,108,110
2025-06-28,19:20-19:30,31.865441666666698,116,116
2025-06-28,19:50-20:10,147.2225166666667,119,120
2025-06-28,20:40-21:20,225.8382,124,127
2025-06-28,21:40-22:10,38.86113333333333,130,132
2025-06-28,22:50-23:00,21.24666666666667,137,137
2025-06-28,23:10-23:30,59.1847499999999,139,140
2025-06-28,23:40-24:00,99.48771666666653,142,143
2025-06-29,00:30-00:50,25.142800000000534,3,4
2025-06-29,01:20-01:30,6.831666666666706,8,8
2025-06-29,01:40-02:10,119.68019999999979,10,12
2025-06-29,02:20-02:40,74.72398333333354,14,15
2025-06-29,03:50-04:50,224.4710666666664,23,28
2025-06-29,05:00-05:20,6.2879249999999125,30,31
2025-06-29,06:00-06:20,8.851216666666573,36,37
2025-06-29,06:50-07:10,29.275611111110834,41,42
2025-06-29,07:20-07:50,120.2848166666667,44,46
2025-06-29,08:10-08:40,110.38491944444434,49,51
2025-06-29,09:20-09:40,224.22630277777796,56,57
2025-06-29,10:00-10:10,16.12824999999998,60,60
2025-06-29,10:40-12:20,827.7415833333341,64,73
2025-06-29,12:30-12:50,74.16094999999973,75,76
2025-06-29,13:50-14:00,10.520333333333156,83,83
2025-06-29,14:50-15:20,135.15949166666655,89,91
2025-06-29,15:30-16:40,398.98187500000034,93,99
2025-06-29,18:00-19:10,285.3495277777779,108,114
2025-06-29,19:50-20:30,51.79200000000026,119,122
2025-06-29,21:10-22:00,148.1076833333334,127,131
2025-06-29,23:10-23:20,15.21384999999998,139,139
2025-06-29,23:50-24:00,5.071666666666715,143,143
2025-06-30,00:00-00:10,32.17673333333323,0,0
2025-06-30,00:40-01:00,90.84143333333327,4,5
2025-06-30,01:20-02:20,181.87814999999978,8,13
2025-06-30,02:50-03:00,13.99333333333334,17,17
2025-06-30,04:30-04:50,111.79520000000005,27,28
2025-06-30,05:00-05:20,35.298991666666595,30,31
2025-06-30,05:40-05:50,4.404169444444392,34,34
2025-06-30,06:00-06:10,1.2552472222223514,36,36
2025-06-30,06:50-07:30,187.58341666666655,41,44
2025-06-30,09:50-11:10,435.5784666666666,59,66
2025-06-30,11:40-12:00,145.22898055555538,70,71
2025-06-30,12:10-12:50,156.8964722222222,73,76
2025-06-30,13:00-13:10,3.482544444444557,78,78
2025-06-30,14:30-14:50,111.84782499999983,87,88
2025-06-30,15:10-16:00,242.5368666666667,91,95
2025-06-30,16:50-17:10,29.597433333333584,101,102
2025-06-30,17:30-17:40,1.817033333333427,105,105
2025-06-30,18:00-18:20,42.12159999999999,108,109
2025-06-30,18:40-19:10,113.66921944444425,112,114
2025-06-30,19:20-19:40,53.42138055555563,116,117
2025-06-30,21:10-21:20,18.45861666666667,127,127
2025-06-30,21:40-21:50,0.8274833333333618,130,130
2025-06-30,22:20-23:00,140.52896666666663,134,137
2025-06-30,23:40-24:00,211.81950000000006,142,143
2025-07-01,00:00-06:20,3792.7171083333337,0,37
2025-07-01,06:30-09:10,736.6196277777767,39,54
2025-07-01,09:40-10:10,93.70382222222224,58,60
2025-07-01,10:30-24:00,9678.332352777776,63,143
2025-07-02,00:00-06:10,4139.929602777778,0,36
2025-07-02,06:30-24:00,11139.586608333331,39,143
2025-07-03,00:00-06:10,4287.866955555556,0,36
2025-07-03,06:30-06:40,1.473533333333421,39,39
2025-07-03,07:00-08:10,427.3411777777771,42,48
2025-07-03,09:00-09:30,51.84411666666654,54,56
2025-07-03,09:50-10:20,45.066383333333306,59,61
2025-07-03,10:50-24:00,8687.47533611111,65,143
2025-07-04,00:00-07:20,4586.40946111111,0,43
2025-07-04,07:40-08:10,146.6912666666666,46,48
2025-07-04,13:30-13:40,120.14696666666669,81,81
2025-07-04,14:40-24:00,6716.219091666668,88,143
2025-07-05,00:00-06:50,4064.733916666667,0,40
2025-07-05,07:10-07:30,153.8930055555556,43,44
2025-07-05,13:00-13:50,595.2662000000007,78,82
2025-07-05,14:00-14:10,105.4549333333332,84,84
2025-07-05,15:30-24:00,6423.801713888889,93,143
2025-07-06,00:00-07:30,4304.196747222222,0,44
2025-07-06,07:40-08:50,411.67056944444425,46,52
2025-07-06,09:00-09:30,48.643549999999436,54,56
2025-07-06,09:50-10:10,139.929625,59,60
2025-07-06,10:30-11:30,136.0503000000001,63,68
2025-07-06,11:50-16:10,2598.426513888888,71,96
2025-07-06,16:20-24:00,5371.124116666666,98,143
2025-07-07,00:00-10:10,6620.303661111111,0,60
2025-07-07,10:20-14:10,2034.2325277777754,62,84
2025-07-07,14:20-14:30,11.132500000000164,86,86
2025-07-07,14:40-15:30,449.6636666666659,88,92
2025-07-07,15:50-16:00,21.779966666666496,95,95
2025-07-07,16:10-23:50,5004.549175000001,97,142
2025-07-08,00:20-01:50,316.9143499999998,2,10
2025-07-08,02:40-03:00,156.6843500000001,16,17
2025-07-08,04:50-05:50,215.13322500000007,29,34
2025-07-08,06:00-06:10,0.9992805555556288,36,36
2025-07-08,06:20-06:30,7.859166666666624,38,38
2025-07-08,07:00-07:20,36.780850000000214,42,43
2025-07-08,08:20-09:00,148.27076111111148,50,53
2025-07-08,09:40-10:20,76.7836416666662,58,61
2025-07-08,11:10-11:40,260.81939999999963,67,69
2025-07-08,12:40-13:00,58.40160277777705,76,77
2025-07-08,14:00-14:40,192.48972222222176,84,87
2025-07-08,15:50-16:00,9.335633333333137,95,95
2025-07-08,17:00-17:10,29.167594444444887,102,102
2025-07-08,17:40-17:50,7.517305555555424,106,106
2025-07-08,18:10-18:30,71.76664166666653,109,110
2025-07-08,18:40-19:10,93.56125833333323,112,114
2025-07-08,19:20-19:40,13.795366666666496,116,117
2025-07-08,19:50-20:10,17.828066666666473,119,120
2025-07-08,20:20-20:50,100.00874999999989,122,124
2025-07-08,21:10-21:30,56.938699999999926,127,128
2025-07-08,21:50-22:10,38.387816666666595,131,132
2025-07-08,22:40-23:10,114.47646666666662,136,138
2025-07-08,23:40-23:50,2.14453333333347,142,142
2025-07-09,00:20-01:20,174.47566666666717,2,7
2025-07-09,02:20-03:10,154.86944999999997,14,18
2025-07-09,04:30-04:50,9.05450000000015,27,28
2025-07-09,05:10-05:40,84.7466416666669,31,33
2025-07-09,06:10-06:30,86.8059833333333,37,38
2025-07-09,06:40-07:00,47.39360833333336,40,41
2025-07-09,08:00-08:40,87.663644444444,48,51
2025-07-09,09:00-09:10,6.185538888888686,54,54
2025-07-09,11:40-11:50,2.0562138888888057,70,70
2025-07-09,12:30-12:50,27.03332222222275,75,76
2025-07-09,13:30-13:40,6.195766666666941,81,81
2025-07-09,14:00-15:00,253.00603333333424,84,89
2025-07-09,15:40-16:00,94.12104166666666,94,95
2025-07-09,16:20-16:40,73.33115277777813,98,99
2025-07-09,17:30-18:50,357.7007333333331,105,112
2025-07-09,19:20-19:40,114.14403333333314,116,117
2025-07-09,20:20-21:00,42.52348333333337,122,125
2025-07-09,21:10-21:30,72.79481666666675,127,128
2025-07-09,22:20-22:30,36.33666666666659,134,134
2025-07-09,23:00-23:50,108.01498333333359,138,142
2025-07-10,00:20-00:30,20.0,2,2
2025-07-10,00:50-01:00,8.998333333332994,5,5
2025-07-10,01:50-02:10,82.62975000000006,11,12
2025-07-10,02:40-03:40,108.00811666666638,16,21
2025-07-10,04:10-04:50,182.58713333333324,25,28
2025-07-10,05:00-05:20,109.3871250000001,30,31
2025-07-10,06:10-07:40,307.6170499999996,37,45
2025-07-10,08:40-09:00,41.495274999999765,52,53
2025-07-10,09:30-10:50,269.3497944444448,57,64
2025-07-10,11:10-13:10,805.3193916666671,67,78
2025-07-10,14:40-15:20,118.65365833333283,88,91
2025-07-10,15:30-16:10,245.60600277777758,93,96
2025-07-10,17:00-17:30,68.34353333333274,102,104
2025-07-10,18:50-19:40,160.64286666666624,113,117
2025-07-10,19:50-20:00,10.199999999999932,119,119
2025-07-10,20:10-20:30,41.185016666666684,121,122
2025-07-10,20:40-21:00,96.75079999999994,124,125
2025-07-10,21:40-22:10,109.05321666666669,130,132
2025-07-10,22:30-22:50,116.28378333333342,135,136
2025-07-11,00:10-00:30,26.116733333333286,1,2
2025-07-11,01:50-02:10,21.5863333333333,11,12
2025-07-11,03:10-03:40,119.84828333333328,19,21
2025-07-11,04:00-04:30,105.1000666666666,24,26
2025-07-11,04:50-05:20,180.21520833333324,29,31
2025-07-11,05:40-05:50,12.8408305555555,34,34
2025-07-11,06:20-06:40,32.47073333333344,38,39
2025-07-11,06:50-07:00,0.0166666666667083,41,41
2025-07-11,07:10-07:40,68.83503333333351,43,45
2025-07-11,14:10-14:20,21.149050000000216,85,85
2025-07-11,15:50-16:00,2.4377833333333,95,95
2025-07-11,16:10-17:00,156.22819444444428,97,101
2025-07-11,17:40-18:30,71.6886249999997,106,110
2025-07-11,19:00-19:50,117.2456333333331,114,118
2025-07-11,20:40-21:30,104.75914999999989,124,128
2025-07-11,21:50-22:10,52.6578333333332,131,132
2025-07-11,23:40-24:00,58.03131666666684,142,143
2025-07-12,00:30-00:50,29.603066666666678,3,4
2025-07-12,01:20-02:00,135.8263666666668,8,11
2025-07-12,02:20-02:50,125.05090000000018,14,16
2025-07-12,03:10-03:40,108.11591666666662,19,21
2025-07-12,05:20-06:00,65.63520000000028,32,35
2025-07-12,06:40-07:00,120.98383888888895,40,41
2025-07-12,07:20-07:40,38.07499166666673,44,45
2025-07-12,15:30-15:40,8.59968333333336,93,93
2025-07-12,16:10-16:20,11.038400000000138,97,97
2025-07-12,17:30-17:50,68.33080000000012,105,106
2025-07-12,18:10-19:40,183.40543333333335,109,117
2025-07-12,20:10-20:20,11.279750000000035,121,121
2025-07-12,20:50-21:10,50.97353333333331,125,126
2025-07-12,21:20-21:30,5.511666666666656,128,128
2025-07-12,21:40-22:10,156.39616666666677,130,132
2025-07-12,22:20-22:40,19.369666666666717,134,135
2025-07-12,23:20-23:40,2.702016666666736,140,141
2025-07-13,00:00-00:20,29.25681666666651,0,1
2025-07-13,01:10-01:30,25.524783333333286,7,8
2025-07-13,01:50-02:00,40.690000000000055,11,11
2025-07-13,02:20-02:30,10.093333333333248,14,14
2025-07-13,03:00-03:40,96.54473333333348,18,21
2025-07-13,04:40-05:00,34.709049999999934,28,29
2025-07-13,06:40-07:00,20.052161111111104,40,41
2025-07-13,07:30-07:50,30.94149999999991,45,46
2025-07-13,10:30-10:50,30.5308583333333,63,64
2025-07-13,11:00-11:20,29.87205000000017,66,67
2025-07-13,11:50-12:00,44.04453333333345,71,71
2025-07-13,12:40-12:50,4.924941666666655,76,76
2025-07-13,14:00-14:10,9.055763888889032,84,84
2025-07-13,14:20-15:20,418.05626111111167,86,91
2025-07-13,15:30-15:50,149.8645666666664,93,94
2025-07-13,16:10-17:00,202.10886666666704,97,101
2025-07-13,17:20-17:40,62.23639166666635,104,105
2025-07-13,17:50-18:40,192.709433333334,107,111
2025-07-13,19:00-19:30,131.93383333333315,114,116
2025-07-13,19:50-20:00,66.09833333333324,119,119
2025-07-13,20:30-20:50,12.38758333333346,123,124
2025-07-13,21:00-21:20,20.75688333333312,126,127
2025-07-13,22:40-23:20,49.39008333333345,136,139
2025-07-13,23:30-23:50,84.06795000000011,141,142
2025-07-14,00:00-00:20,48.91468333333296,0,1
2025-07-14,01:10-01:20,7.389316666666673,7,7
2025-07-14,02:50-03:20,21.226100000000265,17,19
2025-07-14,03:30-04:00,110.06515000000016,21,23
2025-07-14,05:00-05:30,79.71865000000024,30,32
2025-07-14,05:40-06:00,60.03222222222237,34,35
2025-07-14,06:30-06:50,30.336294444444377,39,40
2025-07-14,07:30-07:50,38.156816666666714,45,46
2025-07-14,08:50-09:40,142.7881666666674,53,57
2025-07-14,10:10-10:30,148.40689444444433,61,62
2025-07-14,10:50-11:10,176.4018222222221,65,66
2025-07-14,11:40-12:00,15.07146111111092,70,71
2025-07-14,12:30-12:40,2.123583333333272,75,75
2025-07-14,13:10-13:30,66.77534722222276,79,80
2025-07-14,13:50-14:00,15.507499999999936,83,83
2025-07-14,14:40-15:00,25.65752777777743,88,89
2025-07-14,15:30-16:10,155.8682027777777,93,96
2025-07-14,16:30-16:50,46.95631666666668,99,100
2025-07-14,17:10-18:20,336.18805277777705,103,109
2025-07-14,18:30-19:00,110.80980833333328,111,113
2025-07-14,19:20-19:40,56.468466666666814,116,117
2025-07-14,19:50-20:20,38.9417999999996,119,121
2025-07-14,20:50-21:20,82.06946666666636,125,127
2025-07-14,21:50-22:00,6.583333333333371,131,131
2025-07-14,22:40-23:10,71.55116666666675,136,138
2025-07-14,23:20-23:30,4.64333333333343,140,140
2025-07-15,00:00-00:10,49.59293333333335,0,0
2025-07-15,00:40-00:50,32.67791666666653,4,4
2025-07-15,01:50-02:40,188.51763333333372,11,15
2025-07-15,03:00-03:40,182.92523333333344,18,21
2025-07-15,03:50-04:20,19.704166666666744,23,25
2025-07-15,04:30-04:40,38.29996666666677,27,27
2025-07-15,05:10-05:30,44.128602777777594,31,32
2025-07-15,05:50-06:30,94.90400833333354,35,38
2025-07-15,07:00-07:20,58.58823055555541,42,43
2025-07-15,07:50-08:10,128.9755,47,48
2025-07-15,08:40-08:50,6.902986111111432,52,52
2025-07-15,10:20-11:10,340.9717999999998,62,66
2025-07-15,11:30-12:00,346.32277500000055,69,71
2025-07-15,12:10-12:40,112.19403333333321,73,75
2025-07-15,13:30-14:00,126.4081500000002,81,83
2025-07-15,14:30-16:20,655.4138416666678,87,97
2025-07-15,16:30-16:50,58.796808333333225,99,100
2025-07-15,17:10-17:30,90.94020555555545,103,104
2025-07-15,17:50-18:20,171.58461666666682,107,109
2025-07-15,18:30-18:50,51.11681666666655,111,112
2025-07-15,19:00-19:40,85.85055000000023,114,117
2025-07-15,20:50-21:10,20.42738333333307,125,126
2025-07-15,21:20-21:40,10.004116666666846,128,129
2025-07-15,22:40-23:00,11.759216666666816,136,137
2025-07-15,23:20-23:30,50.308333333333394,140,140
2025-07-16,00:00-00:10,33.35500000000002,0,0
2025-07-16,02:00-02:40,166.28051666666647,12,15
2025-07-16,03:20-03:40,40.61093333333338,20,21
2025-07-16,04:00-04:50,119.07275000000014,24,28
2025-07-16,05:00-05:30,79.34510000000019,30,32
2025-07-16,05:40-06:10,194.04054444444435,34,36
2025-07-16,07:30-07:50,47.003955555555535,45,46
2025-07-16,08:10-08:40,82.08129166666743,49,51
2025-07-16,09:40-09:50,15.607741666666923,58,58
2025-07-16,10:20-11:30,592.9727333333317,62,68
2025-07-16,11:50-13:00,272.12104999999906,71,77
2025-07-16,13:50-14:00,73.42184999999995,83,83
2025-07-16,14:20-14:30,3.5970833333333303,86,86
2025-07-16,14:50-15:40,289.09486666666623,89,93
2025-07-16,16:00-16:20,79.50938333333272,96,97
2025-07-16,16:50-17:50,164.77932499999895,101,106
2025-07-16,18:20-18:40,89.57711666666674,110,111
2025-07-16,18:50-19:10,72.80214999999976,113,114
2025-07-16,20:00-20:20,127.0338833333335,120,121
2025-07-16,21:40-22:10,130.58230000000003,130,132
2025-07-16,22:20-23:10,129.6925,134,138
2025-07-16,23:30-24:00,8.94119999999998,141,143
2025-07-17,00:00-00:20,52.103000000000065,0,1
2025-07-17,00:40-01:30,301.4229,4,8
2025-07-17,01:50-02:00,14.554999999999836,11,11
2025-07-17,02:20-02:30,21.99833333333322,14,14
2025-07-17,03:30-04:10,221.9619666666666,21,24
2025-07-17,04:40-05:10,106.02043611111107,28,30
2025-07-17,05:20-05:40,26.297486111110643,32,33
2025-07-17,05:50-06:10,81.03226666666671,35,36
2025-07-17,06:40-07:00,16.201941666666755,40,41
2025-07-17,07:40-07:50,7.024283333333187,46,46
2025-07-17,08:30-08:50,174.74004999999988,51,52
2025-07-17,09:00-09:40,173.382425,54,57
2025-07-17,10:00-10:30,171.43301666666707,60,62
2025-07-17,10:50-11:10,14.46830833333388,65,66
2025-07-17,12:50-13:00,13.359816666666802,77,77
2025-07-17,13:30-14:40,200.490919444444,81,87
2025-07-17,15:20-15:30,33.32472500000017,92,92
2025-07-17,16:10-17:00,280.8374222222227,97,101
2025-07-17,17:40-17:50,10.409413888889048,106,106
2025-07-17,18:00-18:10,0.9263749999998652,108,108
2025-07-17,18:20-18:50,96.89486666666689,110,112
2025-07-17,19:30-19:50,9.887783333333232,117,118
2025-07-17,20:00-20:20,68.30854999999997,120,121
2025-07-17,20:30-20:50,20.09268333333341,123,124
2025-07-17,21:00-21:20,81.77594999999963,126,127
2025-07-17,22:20-22:30,27.4466666666666,134,134
2025-07-17,22:50-23:10,39.55189999999993,137,138
2025-07-17,23:20-23:50,210.4602,140,142
2025-07-18,00:20-00:50,21.716399999999908,2,4
2025-07-18,01:00-01:20,22.27466666666669,6,7
2025-07-18,02:20-02:30,21.980000000000015,14,14
2025-07-18,02:50-03:00,27.70166666666671,17,17
2025-07-18,03:40-03:50,5.025966666666591,22,22
2025-07-18,04:20-04:30,9.531666666666638,26,26
2025-07-18,05:20-05:50,95.19774999999993,32,34
2025-07-18,06:00-06:20,42.98389999999992,36,37
2025-07-18,07:20-07:40,11.906799999999976,44,45
2025-07-18,13:40-13:50,19.27025000000026,82,82
2025-07-18,14:00-15:10,290.7998166666665,84,90
2025-07-18,15:40-16:10,245.3003749999997,94,96
2025-07-18,16:50-18:30,346.2616833333337,101,110
2025-07-18,19:10-19:30,65.05618333333337,115,116
2025-07-18,20:00-20:40,108.70596666666643,120,123
2025-07-18,21:40-21:50,21.441283333333445,130,130
2025-07-18,22:00-23:40,149.60720000000015,132,141
2025-07-19,01:00-01:20,71.73643333333337,6,7
2025-07-19,02:20-02:30,49.01499999999987,14,14
2025-07-19,02:50-03:00,53.50833333333344,17,17
2025-07-19,03:20-04:00,87.37646666666652,20,23
2025-07-19,04:10-04:30,59.25703333333331,25,26
2025-07-19,04:50-05:30,237.56775000000022,29,32
2025-07-19,06:00-06:10,8.62499166666663,36,36
2025-07-19,06:30-06:50,51.7195999999999,39,40
2025-07-19,12:40-12:50,35.7380499999997,76,76
2025-07-19,14:10-14:20,25.50669999999991,85,85
2025-07-19,16:10-16:30,1.7798694444444436,97,98
2025-07-19,16:40-17:00,35.5008194444444,100,101
2025-07-19,17:20-17:30,31.0823166666666,104,104
2025-07-19,17:50-18:20,63.10489166666653,107,109
2025-07-19,18:30-18:50,38.02489166666652,111,112
2025-07-19,19:20-19:50,72.68995000000007,116,118
2025-07-19,20:00-20:20,12.612416666666604,120,121
2025-07-19,20:30-20:50,19.846383333333392,123,124
2025-07-19,21:00-21:20,50.88431666666668,126,127
2025-07-19,21:30-21:40,0.5779333333333625,129,129
2025-07-19,22:30-22:40,6.822533333333354,135,135
2025-07-19,23:30-24:00,120.6822166666667,141,143
2025-07-20,00:40-01:10,37.07365000000027,4,6
2025-07-20,01:30-01:50,37.31941666666694,9,10
2025-07-20,02:20-03:10,140.1248499999998,14,18
2025-07-20,03:40-03:50,16.222183333333305,22,22
2025-07-20,04:20-04:40,123.9940333333333,26,27
2025-07-20,05:00-05:30,83.95893333333358,30,32
2025-07-20,06:20-06:40,125.8189499999998,38,39
2025-07-20,07:10-07:30,133.3021277777778,43,44
2025-07-20,08:10-08:40,88.1336666666665,49,51
2025-07-20,11:10-11:40,132.9371000000001,67,69
2025-07-20,12:20-12:30,22.90771666666683,74,74
2025-07-20,13:20-13:50,159.00051944444454,80,82
2025-07-20,14:10-14:20,19.51395555555564,85,85
2025-07-20,15:20-15:40,113.95837499999993,92,93
2025-07-20,16:00-16:20,54.84585833333347,96,97
2025-07-20,16:50-17:10,41.83183333333261,101,102
2025-07-20,17:30-18:00,98.86983333333325,105,107
2025-07-20,20:10-20:50,65.54578333333302,121,124
2025-07-20,21:20-22:00,106.01541666666674,128,131
2025-07-20,22:20-22:40,91.33660000000009,134,135
2025-07-20,22:50-23:10,48.94436666666661,137,138
2025-07-21,01:10-01:30,71.87566666666635,7,8
2025-07-21,01:50-02:50,233.44951666666736,11,16
2025-07-21,04:10-04:20,16.0936333333334,25,25
2025-07-21,04:30-04:50,40.38316666666668,27,28
2025-07-21,05:10-05:50,150.41205000000033,31,34
2025-07-21,06:10-06:30,88.4148555555555,37,38
2025-07-21,07:40-08:00,45.28133611111093,46,47
2025-07-21,08:20-08:30,79.6158000000006,50,50
2025-07-21,09:20-09:30,20.80167499999993,56,56
2025-07-21,10:20-10:30,5.704666666666071,62,62
2025-07-21,10:40-11:30,172.88674999999898,64,68
2025-07-21,11:50-12:20,87.54414166666675,71,73
2025-07-21,12:30-12:50,111.46310833333314,75,76
2025-07-21,17:20-17:50,82.44561666666732,104,106
2025-07-21,18:30-18:50,26.240783333333432,111,112
2025-07-21,19:00-19:20,14.036616666666646,114,115
2025-07-21,20:30-20:50,33.41003333333367,123,124
2025-07-21,21:10-21:20,14.298066666666614,127,127
2025-07-21,21:30-21:50,5.251566666666804,129,130
2025-07-21,22:40-22:50,4.170916666666699,136,136
2025-07-21,23:30-24:00,81.52098333333356,141,143
2025-07-22,00:10-01:10,232.31198333333305,1,6
2025-07-22,01:40-01:50,38.65464999999995,10,10
2025-07-22,03:00-03:20,15.556966666666769,18,19
2025-07-22,03:30-04:20,151.25539999999984,21,25
2025-07-22,04:40-06:00,289.65778333333344,28,35
2025-07-22,06:20-06:50,64.15720000000022,38,40
2025-07-22,07:20-07:40,95.08403611111123,44,45
2025-07-22,08:50-09:20,122.71164999999974,53,55
2025-07-22,12:00-12:10,10.08877777777775,72,72
2025-07-22,12:20-13:00,117.21097777777732,74,77
2025-07-22,13:10-13:40,157.37275555555516,79,81
2025-07-22,15:20-15:40,78.22137777777789,92,93
2025-07-22,16:10-16:40,291.68192499999964,97,99
2025-07-22,16:50-17:20,122.30925000000008,101,103
2025-07-22,18:20-18:40,27.40579999999996,110,111
2025-07-22,19:20-19:30,18.099999999999795,116,116
2025-07-22,19:40-20:20,143.80699999999956,118,121
2025-07-22,20:30-20:50,29.376700000000028,123,124
2025-07-22,21:50-22:40,227.86490000000003,131,135
2025-07-22,23:00-23:50,122.1481500000001,138,142
2025-07-23,00:10-00:40,50.03634999999986,1,3
2025-07-23,00:50-01:30,136.42801666666674,5,8
2025-07-23,02:50-03:20,175.73658333333344,17,19
2025-07-23,03:50-04:00,11.480000000000018,23,23
2025-07-23,04:20-04:30,11.833333333333258,26,26
2025-07-23,04:50-05:00,19.948333333333267,29,29
2025-07-23,05:20-05:40,63.52541111111071,32,33
2025-07-23,06:20-06:30,18.63832500000001,38,38
2025-07-23,06:50-07:20,102.54284999999982,41,43
2025-07-23,07:40-08:40,275.47264444444454,46,51
2025-07-23,08:50-09:20,152.5296388888886,53,55
2025-07-23,09:50-10:30,117.05661666666651,59,62
2025-07-23,10:50-12:00,726.6092166666665,65,71
2025-07-23,12:30-12:40,2.5570888888887566,75,75
2025-07-23,13:00-13:40,284.3486388888896,78,81
2025-07-23,14:10-14:50,184.52969444444466,85,88
2025-07-23,16:50-17:00,7.378066666666768,101,101
2025-07-23,17:50-18:20,58.05903333333346,107,109
2025-07-23,18:30-18:50,62.150700000000214,111,112
2025-07-23,19:00-19:50,129.5867999999998,114,118
2025-07-23,20:30-21:20,212.03085000000033,123,127
2025-07-23,22:00-22:10,8.718249999999898,132,132
2025-07-23,22:40-22:50,8.093250000000012,136,136
2025-07-23,23:20-24:00,88.23088333333328,140,143
2025-07-24,00:10-00:40,69.11738333333324,1,3
2025-07-24,02:00-02:20,60.48566666666659,12,13
2025-07-24,02:30-02:50,41.35388333333333,15,16
2025-07-24,03:00-03:30,113.88564999999994,18,20
2025-07-24,05:00-05:50,241.11542500000002,30,34
2025-07-24,06:10-06:40,124.30868333333325,37,39
2025-07-24,06:50-07:10,12.794083333333331,41,42
2025-07-24,07:40-07:50,1.4836333333332732,46,46
2025-07-24,08:50-09:00,10.3434166666666,53,53
2025-07-24,10:10-10:40,62.95332777777753,61,63
2025-07-24,10:50-11:10,19.907438888889146,65,66
2025-07-24,11:50-12:00,94.35351666666656,71,71
2025-07-24,12:20-14:00,219.8086888888879,74,83
2025-07-24,14:50-15:10,36.68211388888869,89,90
2025-07-24,15:50-16:00,90.62614999999994,95,95
2025-07-24,16:50-17:10,40.64123888888895,101,102
2025-07-24,17:40-18:30,214.93102777777855,106,110
2025-07-24,18:50-19:00,29.819999999999936,113,113
2025-07-24,19:20-19:30,19.31166666666684,116,116
2025-07-24,19:50-20:00,26.816666666666837,119,119
2025-07-24,21:20-21:30,21.25666666666677,128,128
2025-07-24,21:40-22:30,120.4022666666666,130,134
2025-07-24,23:10-23:30,13.119500000000016,139,140
2025-07-24,23:50-24:00,18.700000000000045,143,143
2025-07-25,00:00-00:30,75.35019999999997,0,2
2025-07-25,01:30-01:40,7.512066666666669,9,9
2025-07-25,02:30-02:50,46.403716666666696,15,16
2025-07-25,03:00-03:20,64.73744999999997,18,19
2025-07-25,03:30-03:50,83.01886666666675,21,22
2025-07-25,04:00-04:20,49.556050000000035,24,25
2025-07-25,04:30-05:30,210.7229833333333,27,32
2025-07-25,06:20-07:00,91.27376111111113,38,41
2025-07-25,07:30-07:50,92.85376666666662,45,46
2025-07-25,10:20-10:50,241.7885666666666,62,64
2025-07-25,16:10-16:40,74.388458333333,97,99
2025-07-25,17:10-17:30,68.43549722222235,103,104
2025-07-25,18:00-18:50,214.10630833333323,108,112
2025-07-25,19:30-20:20,88.79811666666706,117,121
2025-07-25,21:10-22:00,107.36553333333325,127,131
2025-07-25,23:40-24:00,63.916999999999916,142,143
2025-07-26,00:50-01:10,126.97061666666663,5,6
2025-07-26,01:50-02:20,57.96378333333337,11,13
2025-07-26,02:30-02:50,74.59795000000008,15,16
2025-07-26,03:00-03:20,22.795949999999948,18,19
2025-07-26,03:50-04:10,87.1964666666666,23,24
2025-07-26,04:40-04:50,11.769750000000045,28,28
2025-07-26,05:00-05:10,7.912338888888877,30,30
2025-07-26,05:30-06:00,125.608566666667,33,35
2025-07-26,06:10-06:30,84.6027611111112,37,38
2025-07-26,06:50-07:00,2.377700000000118,41,41
2025-07-26,15:50-16:00,37.83624999999995,95,95
2025-07-26,16:30-16:50,19.7580416666666,99,100
2025-07-26,17:00-17:10,4.908911111111138,102,102
2025-07-26,17:50-18:00,5.044683333333268,107,107
2025-07-26,18:20-18:40,93.21284999999999,110,111
2025-07-26,19:00-19:20,41.53713333333337,114,115
2025-07-26,20:20-20:40,60.77171666666652,122,123
2025-07-26,21:10-21:30,30.537366666666802,127,128
2025-07-26,22:30-22:50,73.50451666666663,135,136
2025-07-26,23:00-23:20,70.21541666666678,138,139
2025-07-27,00:00-00:30,36.939750000000004,0,2
2025-07-27,00:40-01:00,33.48601666666673,4,5
2025-07-27,01:10-01:40,242.47204999999985,7,9
2025-07-27,02:00-02:20,59.62384999999995,12,13
2025-07-27,03:10-03:40,32.456600000000094,19,21
2025-07-27,04:00-04:20,64.2169999999998,24,25
2025-07-27,04:30-06:30,502.04793333333373,27,38
2025-07-27,07:30-07:50,42.92291666666654,45,46
2025-07-27,08:30-08:50,19.253258333333406,51,52
2025-07-27,09:00-09:10,48.35295833333328,54,54
2025-07-27,10:20-11:00,61.66390000000024,62,65
2025-07-27,11:50-12:10,175.78009722222214,71,72
2025-07-27,13:20-13:30,0.717441666666673,80,80
2025-07-27,13:50-14:10,39.33211666666671,83,84
2025-07-27,14:20-15:20,415.25822499999913,86,91
2025-07-27,15:40-16:00,34.16676388888993,94,95
2025-07-27,16:20-16:50,190.66349999999971,98,100
2025-07-27,18:00-19:00,273.6847333333336,108,113
2025-07-27,19:20-19:50,43.280533333333324,116,118
2025-07-27,20:20-20:30,4.871666666666783,122,122
2025-07-27,21:00-21:10,10.764933333333149,126,126
2025-07-27,22:10-22:30,37.28426666666678,133,134
2025-07-27,22:50-23:30,71.87821666666673,137,140
2025-07-27,23:50-24:00,25.428333333333285,143,143
2025-07-28,00:00-00:20,37.15083333333314,0,1
2025-07-28,00:40-01:00,25.402699999999644,4,5
2025-07-28,01:30-01:50,98.85508333333303,9,10
2025-07-28,02:30-03:20,114.92763333333312,15,19
2025-07-28,03:50-04:10,25.8040666666667,23,24
2025-07-28,04:50-05:40,114.0879777777782,29,33
2025-07-28,06:00-07:00,219.22783055555573,36,41
2025-07-28,09:10-09:30,67.69142777777768,55,56
2025-07-28,09:50-10:50,288.66504999999984,59,64
2025-07-28,11:00-11:30,79.42831666666711,66,68
2025-07-28,11:50-12:50,320.09515000000056,71,76
2025-07-28,13:50-14:10,33.12637499999983,83,84
2025-07-28,14:20-14:50,109.78145000000018,86,88
2025-07-28,15:30-15:50,66.70995833333302,93,94
2025-07-28,16:00-17:20,344.55597499999965,96,103
2025-07-28,17:30-17:50,72.83429166666687,105,106
2025-07-28,18:00-18:30,160.46168333333316,108,110
2025-07-28,20:10-20:30,44.62636666666663,121,122
2025-07-28,20:50-21:40,168.80023333333338,125,129
2025-07-28,21:50-22:20,106.58611666666661,131,133
2025-07-28,23:10-23:40,142.35981666666657,139,141
2025-07-29,00:20-00:30,28.091666666666697,2,2
2025-07-29,01:20-01:40,89.46141666666699,8,9
2025-07-29,01:50-02:20,120.0081333333336,11,13
2025-07-29,02:30-02:50,114.7557333333333,15,16
2025-07-29,03:40-04:00,24.152450000000037,22,23
2025-07-29,05:00-05:50,218.4823166666666,30,34
2025-07-29,06:20-06:30,2.597641666666675,38,38
2025-07-29,07:00-07:10,18.215180555555605,42,42
2025-07-29,08:10-08:30,35.853013888889336,49,50
2025-07-29,09:50-10:00,12.141633333333177,59,59
2025-07-29,12:20-12:30,26.486374999999956,74,74
2025-07-29,13:00-13:20,109.7790749999997,78,79
2025-07-29,13:50-14:20,104.53936666666687,83,85
2025-07-29,14:30-14:40,23.592166666667023,87,87
2025-07-29,16:30-17:00,88.57383333333343,99,101
2025-07-29,18:00-18:20,82.5832249999999,108,109
2025-07-29,18:30-19:30,209.2554083333333,111,116
2025-07-29,20:20-21:00,76.05098333333342,122,125
2025-07-29,21:30-21:40,13.179799999999773,129,129
2025-07-29,22:30-22:40,13.025066666666705,135,135
2025-07-29,23:40-24:00,16.410099999999943,142,143
2025-07-30,00:00-00:10,4.402566666666644,0,0
2025-07-30,00:40-01:00,105.14141666666683,4,5
2025-07-30,01:50-02:20,66.3691500000001,11,13
2025-07-30,02:40-03:40,107.44261666666648,16,21
2025-07-30,03:50-04:20,68.7843833333333,23,25
2025-07-30,04:30-04:40,14.975983333333488,27,27
2025-07-30,05:00-05:50,134.86697499999997,30,34
2025-07-30,06:10-06:20,0.2113666666666631,37,37
2025-07-30,06:30-06:50,92.59339166666655,39,40
2025-07-30,07:20-07:40,50.03479444444429,44,45
2025-07-30,08:20-08:30,5.407775000000015,50,50
2025-07-30,08:50-09:00,33.844400000000064,53,53
2025-07-30,11:20-11:40,10.014483333333374,68,69
2025-07-30,11:50-12:20,124.48099999999863,71,73
2025-07-30,12:40-12:50,8.08688888888878,76,76
2025-07-30,13:50-14:00,27.701050000000123,83,83
2025-07-30,15:00-15:20,52.890841666666574,90,91
2025-07-30,16:00-16:20,26.353733333333253,96,97
2025-07-30,17:00-17:20,63.35685000000012,102,103
2025-07-30,17:30-17:50,30.5147833333329,105,106
2025-07-30,18:00-18:20,53.62164166666679,108,109
2025-07-30,18:30-18:50,111.99992500000013,111,112
2025-07-30,20:20-20:30,0.8066666666663878,122,122
2025-07-30,20:40-21:00,45.42286666666644,124,125
2025-07-30,21:20-21:40,50.63696666666658,128,129
2025-07-30,22:40-23:10,37.06663333333336,136,138
2025-07-31,01:10-01:30,48.302566666666735,7,8
2025-07-31,02:00-02:30,167.332533333333,12,14
2025-07-31,03:50-04:00,3.153333333333308,23,23
2025-07-31,04:10-04:40,135.04133333333337,25,27
2025-07-31,04:50-05:40,99.27608333333326,29,33
2025-07-31,07:10-07:20,1.755355555555525,43,43
2025-07-31,08:00-08:30,114.48375000000021,48,50
2025-07-31,09:30-10:00,159.83883333333335,57,59
2025-07-31,10:30-11:00,136.53690555555545,63,65
2025-07-31,11:20-11:50,75.38778333333266,68,70
2025-07-31,14:00-15:00,212.06286666666676,84,89
2025-07-31,15:20-16:00,293.13445000000024,92,95
2025-07-31,16:10-16:20,1.860505555555278,97,97
2025-07-31,16:30-16:50,19.738583333333338,99,100
2025-07-31,17:10-17:40,194.35026666666607,103,105
2025-07-31,18:10-18:50,264.4486333333334,109,112
2025-07-31,19:10-19:20,20.196616666666728,115,115
2025-07-31,19:30-21:00,180.48409999999956,117,125
2025-07-31,22:00-22:10,3.745866666666643,132,132
2025-07-31,22:30-22:50,100.28899999999987,135,136
2025-07-31,23:30-24:00,114.34621666666669,141,143
2025-08-01,00:00-00:20,6.3154833333333045,0,1
2025-08-01,00:50-01:00,21.823333333333267,5,5
2025-08-01,01:20-02:10,146.98711666666657,8,12
2025-08-01,02:40-03:30,102.28126666666645,16,20
2025-08-01,03:50-04:00,66.88833333333326,23,23
2025-08-01,04:20-04:40,104.98035000000004,26,27
2025-08-01,04:50-05:40,318.83777777777783,29,33
2025-08-01,06:00-06:10,9.346044444444516,36,36
2025-08-01,06:20-06:30,0.4579666666666639,38,38
2025-08-01,07:00-07:20,14.955363888888655,42,43
2025-08-01,14:00-14:10,38.54381666666677,84,84
2025-08-01,15:30-15:40,45.89958333333345,93,93
2025-08-01,16:00-16:20,33.30299444444415,96,97
2025-08-01,16:40-17:00,60.16356944444448,100,101
2025-08-01,17:10-17:50,215.6612499999995,103,106
2025-08-01,18:10-19:10,193.0026166666663,109,114
2025-08-01,20:10-20:50,106.5338833333335,121,124
2025-08-01,22:10-22:30,12.51288333333332,133,134
2025-08-01,22:40-23:10,133.1220333333332,136,138
2025-08-02,00:00-00:30,53.473150000000146,0,2
2025-08-02,01:20-01:40,27.91930000000002,8,9
2025-08-02,01:50-02:10,34.950966666666545,11,12
2025-08-02,03:10-03:50,92.86985000000004,19,22
2025-08-02,04:20-04:40,32.60693333333336,26,27
2025-08-02,05:10-05:30,91.2005055555556,31,32
2025-08-02,05:50-06:10,64.7363111111112,35,36
2025-08-02,07:00-07:20,25.613966666666556,42,43
2025-08-02,13:10-14:00,331.7785166666665,79,83
2025-08-02,14:30-14:40,36.20940000000019,87,87
2025-08-02,15:40-15:50,35.227666666666664,94,94
2025-08-02,17:30-17:50,37.62847499999995,105,106
2025-08-02,18:00-19:10,307.0341249999998,108,114
2025-08-02,19:40-20:10,28.380949999999984,118,120
2025-08-02,20:40-21:00,46.228716666666855,124,125
2025-08-02,22:10-22:20,5.574416666666707,133,133
2025-08-02,23:20-24:00,161.0920833333331,140,143
2025-08-03,00:30-00:50,31.580516666666878,3,4
2025-08-03,01:40-01:50,27.274700000000053,10,10
2025-08-03,02:10-02:30,5.084166666666647,13,14
2025-08-03,02:50-03:00,25.146666666666647,17,17
2025-08-03,03:20-03:40,44.77128333333337,20,21
2025-08-03,03:50-04:30,53.95896666666689,23,26
2025-08-03,05:00-06:00,195.31390833333356,30,35
2025-08-03,06:30-07:00,164.7783888888889,39,41
2025-08-03,07:10-07:20,12.250166666666589,43,43
2025-08-03,07:30-08:30,86.9354999999997,45,50
2025-08-03,09:00-09:20,93.51326666666728,54,55
2025-08-03,09:40-10:00,59.11863333333304,58,59
2025-08-03,10:20-10:30,20.675833333333458,62,62
2025-08-03,11:00-11:50,264.25900833333367,66,70
2025-08-03,13:00-13:40,156.26971666666714,78,81
2025-08-03,13:50-14:00,9.494166666666844,83,83
2025-08-03,14:10-14:30,117.04112499999997,85,86
2025-08-03,15:10-15:50,216.77361666666673,91,94
2025-08-03,16:00-16:40,183.24545000000035,96,99
2025-08-03,17:00-18:00,159.46735000000027,102,107
2025-08-03,18:20-20:10,454.6214833333336,110,120
2025-08-03,20:40-22:50,399.82291666666583,124,136
2025-08-03,23:20-23:40,17.844916666666563,140,141
2025-08-04,00:20-00:50,68.40054999999984,2,4
2025-08-04,03:20-04:00,206.29696666666683,20,23
2025-08-04,04:10-04:40,139.8024833333331,25,27
2025-08-04,05:10-05:30,13.399961111111038,31,32
2025-08-04,05:40-06:00,26.70229444444431,34,35
2025-08-04,06:40-06:50,0.1333111111109133,40,40
2025-08-04,07:00-07:20,78.70095833333346,42,43
2025-08-04,08:30-09:00,111.84600000000046,51,53
2025-08-04,09:30-09:40,24.03936111111102,57,57
2025-08-04,12:20-14:20,531.5537972222216,74,85
2025-08-04,14:50-17:40,1040.920902777779,89,105
2025-08-04,17:50-19:00,337.3129500000006,107,113
2025-08-04,19:50-20:10,41.440983333333406,119,120
2025-08-04,21:40-21:50,8.4525000000001,130,130
2025-08-04,22:00-22:40,103.38385000000005,132,135
2025-08-04,22:50-23:10,47.57491666666658,137,138
2025-08-04,23:40-24:00,74.82888333333324,142,143
2025-08-05,00:00-00:10,32.571833333333416,0,0
2025-08-05,00:30-01:20,164.80601666666644,3,7
2025-08-05,02:10-02:20,42.96491666666657,13,13
2025-08-05,03:50-04:00,7.676666666666733,23,23
2025-08-05,04:20-04:50,98.97503333333331,26,28
2025-08-05,05:00-05:20,23.120591666666634,30,31
2025-08-05,05:40-06:00,24.258741666666538,34,35
2025-08-05,06:20-06:50,56.87071666666645,38,40
2025-08-05,07:50-08:30,228.8071583333333,47,50
2025-08-05,10:20-11:30,277.6485166666657,62,68
2025-08-05,11:50-12:00,11.639900000000123,71,71
2025-08-05,12:40-12:50,24.585222222222452,76,76
2025-08-05,13:20-13:40,59.65665555555506,80,81
2025-08-05,14:50-15:10,86.3358944444442,89,90
2025-08-05,15:30-15:50,35.45571666666717,93,94
2025-08-05,16:00-16:20,72.62874166666666,96,97
2025-08-05,17:00-17:20,158.41685000000047,102,103
2025-08-05,17:40-18:00,71.10916666666674,106,107
2025-08-05,18:20-18:50,125.33789999999999,110,112
2025-08-05,19:40-20:20,72.30259999999964,118,121
2025-08-05,21:00-21:20,149.27585,126,127
2025-08-05,21:40-22:30,155.86018333333368,130,134
2025-08-05,22:40-23:00,33.88921666666681,136,137
2025-08-05,23:20-23:50,44.06198333333339,140,142
2025-08-06,00:10-00:40,70.55353333333323,1,3
2025-08-06,01:10-01:30,38.76778333333323,7,8
2025-08-06,02:30-02:40,39.23923333333323,15,15
2025-08-06,03:10-03:50,99.77485000000007,19,22
2025-08-06,04:50-06:00,238.46487500000035,29,35
2025-08-06,06:20-06:30,16.567083333333358,38,38
2025-08-06,06:50-07:00,42.12383333333344,41,41
2025-08-06,08:00-08:40,209.8934750000003,48,51
2025-08-06,09:20-09:30,10.142916666666451,56,56
2025-08-06,10:20-10:50,145.82416666666586,62,64
2025-08-06,11:20-11:40,106.44507222222205,68,69
2025-08-06,13:00-13:20,129.20366944444459,78,79
2025-08-06,14:20-14:30,2.5527999999997064,86,86
2025-08-06,14:50-15:00,39.346500000000106,89,89
2025-08-06,15:50-16:00,53.25521666666657,95,95
2025-08-06,17:30-18:00,81.094725000001,105,107
2025-08-06,18:10-18:40,187.40465000000012,109,111
2025-08-06,19:10-19:20,0.3435666666666748,115,115
2025-08-06,20:00-20:10,14.319449999999849,120,120
2025-08-06,21:00-22:00,165.3446333333336,126,131
2025-08-06,22:20-22:40,94.6732333333332,134,135
2025-08-06,23:00-24:00,228.0887333333335,138,143
2025-08-07,00:00-00:20,113.37284999999974,0,1
2025-08-07,00:30-01:10,163.24865,3,6
2025-08-07,01:30-02:10,82.92821666666714,9,12
2025-08-07,02:30-02:50,37.15084999999999,15,16
2025-08-07,03:00-03:20,35.19901666666681,18,19
2025-08-07,04:00-04:20,60.32483333333338,24,25
2025-08-07,05:00-06:00,211.2555916666666,30,35
2025-08-07,06:10-06:30,19.75390555555566,37,38
2025-08-07,06:40-07:00,63.415200000000084,40,41
2025-08-07,07:20-08:00,188.01527499999975,44,47
2025-08-07,08:20-08:40,105.90426111111117,50,51
2025-08-07,10:30-11:30,78.763466666667,63,68
2025-08-07,11:50-12:00,7.261949999999842,71,71
2025-08-07,13:50-14:00,42.35291666666694,83,83
2025-08-07,14:10-14:20,1.3444666666669036,85,85
2025-08-07,15:10-15:20,30.114438888889023,91,91
2025-08-07,18:00-19:00,162.53151666666628,108,113
2025-08-07,19:30-19:40,4.388783333333322,117,117
2025-08-07,20:00-20:20,54.12231666666697,120,121
2025-08-07,21:00-21:20,4.348300000000108,126,127
2025-08-07,21:40-22:30,211.18798333333336,130,134
2025-08-07,22:50-23:30,166.98043333333328,137,140
2025-08-08,00:20-00:30,9.834999999999924,2,2
2025-08-08,01:00-01:20,61.602200000000046,6,7
2025-08-08,02:20-02:30,31.38333333333333,14,14
2025-08-08,05:20-05:50,58.72521666666668,32,34
2025-08-08,06:20-07:00,112.73753333333349,38,41
2025-08-08,16:10-16:30,64.01662500000043,97,98
2025-08-08,16:50-17:10,43.29950277777772,101,102
2025-08-08,17:50-18:20,113.96046666666685,107,109
2025-08-08,18:40-18:50,12.555950000000053,112,112
2025-08-08,20:00-20:20,28.315683333333368,120,121
2025-08-08,20:40-21:10,85.15090000000009,124,126
2025-08-08,21:40-22:10,179.62641666666661,130,132
2025-08-08,22:20-22:40,63.85905000000002,134,135
2025-08-08,23:20-23:40,44.39263333333338,140,141
2025-08-09,00:00-00:10,3.1829166666666424,0,0
2025-08-09,00:30-01:10,177.09421666666663,3,6
2025-08-09,01:40-02:00,18.91260000000011,10,11
2025-08-09,02:20-02:50,62.43178333333333,14,16
2025-08-09,04:20-04:30,18.039999999999907,26,26
2025-08-09,05:10-05:40,133.0724333333332,31,33
2025-08-09,06:00-06:20,19.593572222222207,36,37
2025-08-09,06:50-07:20,188.27009166666664,41,43
2025-08-09,16:40-17:20,26.4653222222222,100,103
2025-08-09,18:20-18:50,80.48009999999987,110,112
2025-08-09,19:00-19:20,35.45411666666655,114,115
2025-08-09,21:00-23:10,576.1766500000001,126,138
2025-08-10,00:10-00:30,99.65528333333351,1,2
2025-08-10,00:50-01:00,7.031666666666752,5,5
2025-08-10,01:20-01:30,64.78166666666675,8,8
2025-08-10,01:50-02:00,10.26166666666677,11,11
2025-08-10,02:30-02:50,81.83365000000015,15,16
2025-08-10,03:00-03:10,9.943200000000047,18,18
2025-08-10,03:50-04:00,25.740000000000123,23,23
2025-08-10,04:30-04:40,0.4979666666666844,27,27
2025-08-10,05:00-05:50,99.76988333333314,30,34
2025-08-10,06:10-06:20,19.4527333333333,37,37
2025-08-10,07:00-07:20,44.252966666666566,42,43
2025-08-10,07:50-08:00,26.170949999999834,47,47
2025-08-10,08:10-08:40,93.98341666666715,49,51
2025-08-10,09:30-09:50,129.03138333333345,57,58
2025-08-10,10:00-10:20,23.830883333333986,60,61
2025-08-10,10:30-10:40,24.03491666666696,63,63
2025-08-10,11:00-12:50,446.7194583333328,66,76
2025-08-10,13:30-14:00,79.59188333333282,81,83
2025-08-10,14:40-14:50,1.991563888888777,88,88
2025-08-10,15:10-16:00,188.61324999999988,91,95
2025-08-10,16:30-16:50,38.37075833333341,99,100
2025-08-10,17:10-17:30,22.320322222222217,103,104
2025-08-10,18:00-18:40,126.50093333333338,108,111
2025-08-10,20:10-20:40,71.3321666666667,121,123
2025-08-10,22:50-23:10,103.1895333333332,137,138
2025-08-10,23:20-24:00,51.82013333333339,140,143
2025-08-11,00:10-00:40,77.88723333333337,1,3
2025-08-11,00:50-01:20,159.3421499999995,5,7
2025-08-11,01:30-01:40,0.1574666666665507,9,9
2025-08-11,02:10-02:30,9.693750000000135,13,14
2025-08-11,02:50-03:20,111.45713333333333,17,19
2025-08-11,04:40-04:50,4.340949999999947,28,28
2025-08-11,05:10-05:40,130.94957499999967,31,33
2025-08-11,06:40-06:50,2.5312944444445407,40,40
2025-08-11,07:20-08:00,208.60376666666662,44,47
2025-08-11,09:20-09:30,13.415358333333645,56,56
2025-08-11,14:40-14:50,12.690880555555625,88,88
2025-08-11,15:00-15:20,22.830233333334036,90,91
2025-08-11,15:30-15:50,23.377183333333164,93,94
2025-08-11,17:50-18:00,16.604450000000014,107,107
2025-08-11,18:10-18:30,143.94789166666644,109,110
2025-08-11,18:50-19:40,197.04473333333317,113,117
2025-08-11,20:00-20:50,80.11356666666677,120,124
2025-08-11,21:50-22:20,85.57021666666662,131,133
2025-08-11,22:40-23:00,67.40876666666668,136,137
2025-08-11,23:30-23:40,18.10699999999997,141,141
2025-08-12,00:00-00:30,82.19698333333281,0,2
2025-08-12,00:50-01:00,5.620000000000346,5,5
2025-08-12,01:40-02:00,17.36386666666681,10,11
2025-08-12,02:20-02:30,7.486666666666679,14,14
2025-08-12,02:50-03:40,206.15746666666655,17,21
2025-08-12,04:00-04:20,33.492299999999936,24,25
2025-08-12,04:50-05:50,360.96844999999996,29,34
2025-08-12,06:10-06:20,22.869450000000143,37,37
2025-08-12,06:50-07:50,193.84549999999962,41,46
2025-08-12,08:50-09:00,4.615800000000149,53,53
2025-08-12,09:30-09:40,16.692633333333333,57,57
2025-08-12,10:00-10:20,69.23239166666622,60,61
2025-08-12,10:40-11:10,176.81914444444533,64,66
2025-08-12,14:30-14:40,60.792644444444704,87,87
2025-08-12,15:10-15:50,142.82976111111088,91,94
2025-08-12,16:20-16:30,30.728908333333493,98,98
2025-08-12,17:20-17:50,140.47268333333278,104,106
2025-08-12,18:00-18:50,247.49407499999944,108,112
2025-08-12,19:00-20:00,204.77731666666682,114,119
2025-08-12,20:20-21:00,126.90365000000008,122,125
2025-08-12,22:20-22:40,9.882166666666535,134,135
2025-08-13,00:40-01:00,94.63358333333372,4,5
2025-08-13,01:20-01:40,72.12295000000029,8,9
2025-08-13,02:00-03:10,159.99261666666666,12,18
2025-08-13,03:50-04:00,17.754999999999995,23,23
2025-08-13,04:20-05:40,274.1012333333333,26,33
2025-08-13,06:00-06:10,38.24490000000014,36,36
2025-08-13,06:30-06:50,121.91485555555568,39,40
2025-08-13,07:00-07:20,75.77348333333316,42,43
2025-08-13,08:20-08:30,11.516391666666893,50,50
2025-08-13,08:50-09:00,19.505049999999528,53,53
2025-08-13,09:30-10:00,103.23322777777776,57,59
2025-08-13,10:20-11:30,330.87121111111037,62,68
2025-08-13,11:40-12:00,105.67166388888813,70,71
2025-08-13,12:50-13:00,26.681949999999915,77,77
2025-08-13,13:50-14:20,251.34980833333293,83,85
2025-08-13,15:00-15:10,11.816569444444326,90,90
2025-08-13,15:40-15:50,18.98843055555551,94,94
2025-08-13,16:30-17:50,273.99365833333303,99,106
2025-08-13,18:00-19:30,383.98246666666654,108,116
2025-08-13,20:20-20:50,67.46645000000024,122,124
2025-08-13,21:50-22:10,50.29209999999989,131,132
2025-08-13,22:40-23:00,59.86926666666659,136,137
2025-08-14,00:10-00:40,39.94951666666611,1,3
2025-08-14,01:00-01:10,17.209733333333133,6,6
2025-08-14,01:40-01:50,21.17866666666669,10,10
2025-08-14,02:30-02:50,21.92904999999996,15,16
2025-08-14,03:20-04:00,225.48156666666662,20,23
2025-08-14,04:20-04:40,31.003250000000094,26,27
2025-08-14,05:10-06:00,148.35982777777792,31,35
2025-08-14,08:00-08:20,72.7068833333334,48,49
2025-08-14,08:40-09:00,129.6683777777779,52,53
2025-08-14,09:50-10:00,33.568533333333335,59,59
2025-08-14,12:00-12:10,38.01886944444482,72,72
2025-08-14,12:50-13:10,38.21673888888927,77,78
2025-08-14,15:10-15:40,7.248758333333171,91,93
2025-08-14,16:00-16:30,111.5492166666669,96,98
2025-08-14,16:50-18:40,230.37168333333307,101,111
2025-08-14,18:50-19:20,131.2411499999996,113,115
2025-08-14,20:20-21:20,286.0755166666669,122,127
2025-08-14,21:30-21:40,29.54936666666663,129,129
2025-08-14,22:30-23:10,65.78870000000029,135,138
2025-08-14,23:30-24:00,59.85736666666662,141,143
2025-08-15,00:00-00:10,0.5444999999999709,0,0
2025-08-15,00:30-00:50,103.84529999999995,3,4
2025-08-15,01:20-02:50,166.05468333333351,8,16
2025-08-15,04:00-04:20,85.99631666666662,24,25
2025-08-15,04:40-05:50,424.26034166666665,28,34
2025-08-15,06:20-06:50,45.847144444444496,38,40
2025-08-15,07:00-07:10,8.077633333333324,42,42
2025-08-15,15:30-15:40,38.67965000000004,93,93
2025-08-15,16:10-16:50,189.2521055555551,97,100
2025-08-15,18:20-18:40,81.34180000000005,110,111
2025-08-15,18:50-19:20,44.82249999999988,113,115
2025-08-15,19:40-20:10,65.70688333333351,118,120
2025-08-15,20:20-20:50,56.68775000000005,122,124
2025-08-15,21:00-21:40,148.17605000000015,126,129
2025-08-15,22:00-22:20,14.246183333333194,132,133
2025-08-15,22:50-24:00,249.56470000000013,137,143
2025-08-16,00:00-00:10,20.892033333333305,0,0
2025-08-16,01:00-01:20,121.44945000000007,6,7
2025-08-16,01:30-01:50,40.304233333333286,9,10
2025-08-16,02:10-02:20,3.63863333333336,13,13
2025-08-16,02:50-03:20,68.32618333333335,17,19
2025-08-16,03:30-04:00,92.57285000000002,21,23
2025-08-16,04:30-06:00,438.6460916666666,27,35
2025-08-16,06:20-07:20,201.39139166666672,38,43
2025-08-16,16:30-16:50,1.7606416666665154,99,100
2025-08-16,18:00-19:00,301.3418166666667,108,113
2025-08-16,19:20-19:40,104.26788333333343,116,117
2025-08-16,20:10-20:40,176.8227333333332,121,123
2025-08-16,22:00-22:20,36.81883333333349,132,133
2025-08-16,23:10-23:30,44.69035000000008,139,140
2025-08-17,00:20-00:40,27.64933333333329,2,3
2025-08-17,01:10-01:20,3.863983333333181,7,7
2025-08-17,02:00-02:30,149.71560000000034,12,14
2025-08-17,03:00-03:50,171.05775000000028,18,22
2025-08-17,04:50-05:40,174.97822222222248,29,33
2025-08-17,06:00-06:10,12.74026944444438,36,36
2025-08-17,06:40-06:50,5.774963888888863,40,40
2025-08-17,07:10-07:40,124.70113888888858,43,45
2025-08-17,08:20-08:30,10.80083333333323,50,50
2025-08-17,08:50-09:00,49.88103333333311,53,53
2025-08-17,09:20-09:30,68.25780833333329,56,56
2025-08-17,13:20-13:40,14.15166666666687,80,81
2025-08-17,14:50-15:10,106.4772583333338,89,90
2025-08-17,15:30-15:40,11.072783333333518,93,93
2025-08-17,16:00-16:20,104.14205000000027,96,97
2025-08-17,17:30-17:50,52.351791666666884,105,106
2025-08-17,18:10-18:50,288.95730000000015,109,112
2025-08-17,19:00-19:50,216.81974999999977,114,118
2025-08-17,20:20-20:30,3.5283333333334213,122,122
2025-08-17,21:20-22:00,105.30226666666658,128,131
2025-08-17,22:40-22:50,15.31166666666661,136,136
2025-08-17,23:40-24:00,38.02271666666684,142,143
2025-08-18,00:00-00:10,49.39956666666694,0,0
2025-08-18,01:20-02:20,282.8052666666664,8,13
2025-08-18,02:30-03:00,57.77339999999981,15,17
2025-08-18,03:40-04:10,73.39895000000003,22,24
2025-08-18,04:30-04:50,43.50429999999995,27,28
2025-08-18,05:00-06:20,476.13899999999984,30,37
2025-08-18,06:50-07:00,4.572500000000048,41,41
2025-08-18,08:00-08:20,19.249372222221837,48,49
2025-08-18,10:20-10:30,2.906216666666751,62,62
2025-08-18,10:40-10:50,15.23078888888881,64,64
2025-08-18,12:10-12:30,34.791355555555356,73,74
2025-08-18,13:00-13:30,22.67275000000018,78,80
2025-08-18,13:40-14:00,43.79331666666666,82,83
2025-08-18,14:20-14:30,8.03125,86,86
2025-08-18,14:50-15:00,29.203933333333,89,89
2025-08-18,15:40-16:30,249.3231722222214,94,98
2025-08-18,16:40-17:00,40.48948611111115,100,101
2025-08-18,17:10-17:40,208.41206666666636,103,105
2025-08-18,18:00-18:20,5.681999999999853,108,109
2025-08-18,18:30-18:50,98.98030000000011,111,112
2025-08-18,19:00-19:20,66.35101666666674,114,115
2025-08-18,19:40-20:00,53.330383333333316,118,119
2025-08-18,20:20-20:40,125.67489999999998,122,123
2025-08-18,20:50-21:20,27.488616666666985,125,127
2025-08-18,21:30-21:50,67.42063333333329,129,130
2025-08-18,22:50-23:10,35.9621833333332,137,138
2025-08-19,00:30-01:00,94.19646666666677,3,5
2025-08-19,01:10-01:30,24.499383333333526,7,8
2025-08-19,01:40-02:10,144.02558333333332,10,12
2025-08-19,02:20-02:50,113.0336166666666,14,16
2025-08-19,03:30-04:00,15.77653333333339,21,23
2025-08-19,04:20-04:50,136.38621666666674,26,28
2025-08-19,05:10-05:50,161.5415722222225,31,34
2025-08-19,06:20-06:40,15.102683333333518,38,39
2025-08-19,08:10-09:10,323.45198333333224,49,54
2025-08-19,09:50-10:00,58.58405000000016,59,59
2025-08-19,12:50-13:00,9.374216666666598,77,77
2025-08-19,13:50-14:10,101.00839444444455,83,84
2025-08-19,14:40-15:10,89.98604999999941,88,90
2025-08-19,15:50-16:00,21.8214999999999,95,95
2025-08-19,17:00-17:20,3.820758333333629,102,103
2025-08-19,18:00-18:40,154.92466666666746,108,111
2025-08-19,19:20-19:40,98.07113333333336,116,117
2025-08-19,19:50-20:20,87.8051666666662,119,121
2025-08-19,20:50-21:00,0.0850000000000363,125,125
2025-08-19,21:10-21:50,174.65716666666697,127,130
2025-08-19,22:40-22:50,21.994249999999965,136,136
2025-08-19,23:00-23:10,6.187716666666688,138,138
2025-08-19,23:30-24:00,40.81421666666665,141,143
2025-08-20,00:10-00:40,113.14976666666689,1,3
2025-08-20,01:40-02:20,128.8060999999999,10,13
2025-08-20,03:00-03:20,48.20089999999993,18,19
2025-08-20,03:50-04:00,6.543333333333294,23,23
2025-08-20,05:10-05:50,175.4224055555557,31,34
2025-08-20,06:10-06:30,17.18795,37,38
2025-08-20,08:50-09:20,88.150422222222,53,55
2025-08-20,11:30-11:50,35.25347500000066,69,70
2025-08-20,12:10-12:50,53.801488888889025,73,76
2025-08-20,13:10-14:00,213.35178888888868,79,83
2025-08-20,14:20-14:30,29.278750000000173,86,86
2025-08-20,14:40-15:00,115.67466666666667,88,89
2025-08-20,15:20-15:40,90.86452499999939,92,93
2025-08-20,16:20-17:30,295.1758166666671,98,104
2025-08-20,17:50-18:10,97.99695000000008,107,108
2025-08-20,18:20-18:40,42.3289666666667,110,111
2025-08-20,19:00-19:20,11.58063333333348,114,115
2025-08-20,19:30-20:20,264.63793333333285,117,121
2025-08-20,20:50-21:00,64.30499999999984,125,125
2025-08-20,22:10-22:30,32.71291666666673,133,134
2025-08-20,22:50-24:00,269.4324833333334,137,143
2025-08-21,00:00-00:20,35.90361666666695,0,1
2025-08-21,00:50-01:00,7.966666666666697,5,5
2025-08-21,01:10-01:30,53.693283333333284,7,8
2025-08-21,02:40-03:20,202.78138333333334,16,19
2025-08-21,03:50-04:10,36.650500000000065,23,24
2025-08-21,04:30-05:40,323.17590000000007,27,33
2025-08-21,06:20-06:40,16.09680833333323,38,39
2025-08-21,07:10-07:30,24.59817222222216,43,44
2025-08-21,07:50-08:00,26.945316666666827,47,47
2025-08-21,09:30-09:50,42.59011666666606,57,58
2025-08-21,10:50-11:20,59.68069999999966,65,67
2025-08-21,11:30-11:50,124.62733333333335,69,70
2025-08-21,12:10-12:40,177.09924166666656,73,75
2025-08-21,13:10-14:20,259.37465555555514,79,85
2025-08-21,15:20-15:30,29.635466666666503,92,92
2025-08-21,16:00-16:20,47.02613333333341,96,97
2025-08-21,18:00-18:20,233.11408333333327,108,109
2025-08-21,18:30-18:50,87.38830000000002,111,112
2025-08-21,19:10-19:50,34.60743333333403,115,118
2025-08-21,20:10-20:30,36.686683333333576,121,122
2025-08-21,21:20-21:30,20.079999999999927,128,128
2025-08-21,21:50-22:30,177.28926666666666,131,134
2025-08-21,23:10-23:30,36.81188333333341,139,140
2025-08-21,23:50-24:00,9.99666666666667,143,143
2025-08-22,00:20-00:30,30.16833333333329,2,2
2025-08-22,01:30-01:50,100.47090000000003,9,10
2025-08-22,02:00-02:10,7.459300000000098,12,12
2025-08-22,02:30-03:20,193.66516666666655,15,19
2025-08-22,03:30-04:00,158.63938333333337,21,23
2025-08-22,04:20-04:50,77.88558333333344,26,28
2025-08-22,05:20-06:40,285.8049166666666,32,39
2025-08-22,07:00-07:20,8.918483333333313,42,43
2025-08-22,13:50-14:00,12.714166666666642,83,83
2025-08-22,15:50-19:40,883.1908250000004,95,117
2025-08-22,20:20-20:40,105.60423333333324,122,123
2025-08-22,20:50-21:30,73.89743333333308,125,128
2025-08-22,21:50-22:40,245.34608333333347,131,135
2025-08-23,00:10-00:50,55.20246666666662,1,4
2025-08-23,02:20-02:30,4.223333333333358,14,14
2025-08-23,03:00-03:20,71.57571666666672,18,19
2025-08-23,03:30-03:40,0.1596166666666474,21,21
2025-08-23,04:00-04:30,86.9963666666667,24,26
2025-08-23,04:50-05:50,240.92424166666672,29,34
2025-08-23,06:10-06:20,12.853794444444476,37,37
2025-08-23,06:40-06:50,7.315869444444502,40,40
2025-08-23,13:30-13:40,107.28681666666648,81,81
2025-08-23,16:20-16:30,36.73754166666663,98,98
2025-08-23,16:50-17:10,23.10376111111117,101,102
2025-08-23,17:20-17:40,30.76921111111102,104,105
2025-08-23,18:00-18:30,88.43981666666657,108,110
2025-08-23,19:30-20:00,47.11933333333343,117,119
2025-08-23,20:30-20:50,49.245733333333305,123,124
2025-08-23,21:10-21:50,164.64646666666658,127,130
2025-08-23,22:30-23:10,84.6202166666668,135,138
2025-08-23,23:30-24:00,105.91856666666683,141,143
2025-08-24,00:00-00:20,38.776683333333494,0,1
2025-08-24,00:30-01:20,91.95513333333338,3,7
2025-08-24,01:40-02:20,62.02661666666654,10,13
2025-08-24,03:20-04:10,75.46738333333337,20,24
2025-08-24,05:10-07:00,439.74012777777773,31,41
2025-08-24,07:30-07:50,45.60241666666673,45,46
2025-08-24,08:10-08:20,28.29783333333353,49,49
2025-08-24,08:50-09:10,60.32724722222224,53,54
2025-08-24,10:00-10:50,186.9625500000002,60,64
2025-08-24,11:00-11:20,282.5845027777782,66,67
2025-08-24,12:00-12:10,9.960422222222403,72,72
2025-08-24,12:40-12:50,34.432627777777725,76,76
2025-08-24,14:00-14:20,32.30439999999976,84,85
2025-08-24,16:20-16:30,29.373166666666634,98,98
2025-08-24,17:20-17:30,21.973500000000115,104,104
2025-08-24,17:50-19:00,313.37219999999974,107,113
2025-08-24,19:40-20:00,20.794066666666822,118,119
2025-08-24,20:30-21:40,156.84841666666682,123,129
2025-08-24,22:10-22:40,107.65674999999999,133,135
2025-08-24,23:00-23:20,132.5145666666666,138,139
2025-08-25,00:30-01:20,137.57230000000004,3,7
2025-08-25,02:30-02:50,26.852150000000165,15,16
2025-08-25,03:50-04:20,108.83529999999995,23,25
2025-08-25,04:50-05:50,187.3967583333332,29,34
2025-08-25,06:10-06:50,181.05976666666686,37,40
2025-08-25,07:00-07:20,76.40224999999998,42,43
2025-08-25,08:50-09:20,48.495261111111176,53,55
2025-08-25,10:00-11:00,352.15414999999916,60,65
2025-08-25,13:20-13:30,39.13412499999981,80,80
2025-08-25,15:00-15:30,191.35751666666692,90,92
2025-08-25,16:00-16:10,2.5770194444444314,96,96
2025-08-25,16:30-17:10,108.07718888888894,99,102
2025-08-25,17:40-18:40,238.59341944444458,106,111
2025-08-25,19:20-19:40,107.65154999999993,116,117
2025-08-25,20:00-20:20,19.707133333333445,120,121
2025-08-25,20:50-21:00,1.6283333333332166,125,125
2025-08-25,21:50-22:10,21.960916666666662,131,132
2025-08-25,22:30-22:50,44.49913333333325,135,136
2025-08-25,23:00-23:30,103.09498333333352,138,140
2025-08-26,00:20-00:30,7.506666666666661,2,2
2025-08-26,01:00-01:20,63.87761666666643,6,7
2025-08-26,02:30-03:00,52.34850000000006,15,17
2025-08-26,03:30-04:30,93.94304999999979,21,26
2025-08-26,05:00-05:30,72.86828333333347,30,32
2025-08-26,06:00-06:10,16.63566388888887,36,36
2025-08-26,06:30-06:50,38.90960833333338,39,40
2025-08-26,07:10-07:50,93.55446111111132,43,46
2025-08-26,08:20-08:30,27.632933333333654,50,50
2025-08-26,09:10-09:40,77.95295833333375,55,57
2025-08-26,10:20-10:50,112.13319166666724,62,64
2025-08-26,12:10-12:40,79.34173333333229,73,75
2025-08-26,12:50-13:20,176.19210833333273,77,79
2025-08-26,14:30-14:40,22.31230000000005,87,87
2025-08-26,15:10-15:30,45.821363888888754,91,92
2025-08-26,16:00-16:20,45.686983333333046,96,97
2025-08-26,16:40-17:10,131.41137777777737,100,102
2025-08-26,17:40-17:50,7.352338888888738,106,106
2025-08-26,18:00-18:40,108.96064999999976,108,111
2025-08-26,19:00-19:10,25.73595000000023,114,114
2025-08-26,20:30-20:50,56.12043333333315,123,124
2025-08-26,21:00-21:20,31.98143333333337,126,127
2025-08-26,21:50-22:10,36.97169999999994,131,132
2025-08-26,22:50-23:00,8.508333333333212,137,137
2025-08-26,23:20-23:30,33.81333333333339,140,140
2025-08-27,00:00-00:10,20.66551666666692,0,0
2025-08-27,01:00-01:20,56.07463333333317,6,7
2025-08-27,01:30-01:40,12.84479999999985,9,9
2025-08-27,02:10-02:30,36.72896666666679,13,14
2025-08-27,03:20-03:50,65.88543333333337,20,22
2025-08-27,04:00-04:30,82.6182499999999,24,26
2025-08-27,04:50-05:40,168.4283277777777,29,33
2025-08-27,06:00-06:10,23.735119444444425,36,36
2025-08-27,06:40-07:00,36.28013055555539,40,41
2025-08-27,07:20-07:30,6.648000000000138,44,44
2025-08-27,07:50-08:00,28.337499999999977,47,47
2025-08-27,09:20-09:40,27.68841388888859,56,57
2025-08-27,14:20-14:30,52.37708333333353,86,86
2025-08-27,15:50-16:20,47.09619999999984,95,97
2025-08-27,17:30-17:40,0.4732666666664897,105,105
2025-08-27,18:10-19:00,232.6430999999998,109,113
2025-08-27,19:20-19:30,11.698333333333608,116,116
2025-08-27,20:30-20:40,18.177700000000183,123,123
2025-08-27,21:00-21:20,21.438299999999458,126,127
2025-08-27,21:30-22:20,78.53893333333349,129,133
2025-08-27,22:30-22:40,4.485866666666766,135,135
2025-08-28,01:00-01:20,62.45519999999988,6,7
2025-08-28,01:30-01:50,25.169216666666898,9,10
2025-08-28,02:00-02:20,88.86014999999986,12,13
2025-08-28,03:00-03:30,31.89371666666682,18,20
2025-08-28,04:20-04:40,60.02956666666654,26,27
2025-08-28,05:10-06:20,256.8542222222224,31,37
2025-08-28,06:40-07:10,73.85735833333348,40,42
2025-08-28,07:20-07:50,59.40226666666672,44,46
2025-08-28,09:00-11:20,816.4903277777778,54,67
2025-08-28,11:50-12:20,90.88161666666679,71,73
2025-08-28,12:40-13:00,81.44773333333296,76,77
2025-08-28,13:30-13:50,91.22182222222204,81,82
2025-08-28,14:20-14:30,13.546658333333426,86,86
2025-08-28,14:50-15:10,124.38088888888853,89,90
2025-08-28,17:00-17:30,219.88423333333384,102,104
2025-08-28,18:10-19:00,234.33886666666646,109,113
2025-08-28,19:50-20:10,87.43921666666677,119,120
2025-08-28,21:10-21:50,135.42983333333348,127,130
2025-08-28,22:10-22:20,7.288649999999961,133,133
2025-08-28,22:50-23:10,118.9568333333335,137,138
2025-08-28,23:20-23:30,10.399999999999975,140,140
2025-08-29,00:00-00:20,12.01791666666668,0,1
2025-08-29,00:40-01:00,108.1461833333334,4,5
2025-08-29,04:30-04:50,4.55761666666667,27,28
2025-08-29,05:00-05:30,87.75426666666667,30,32
2025-08-29,06:00-06:20,39.77400833333331,36,37
2025-08-29,06:50-07:40,185.39025555555565,41,45
2025-08-29,12:50-13:00,10.992500000000064,77,77
2025-08-29,13:20-13:30,17.877499999999827,80,80
2025-08-29,15:40-15:50,0.5254833333334545,94,94
2025-08-29,16:50-17:00,39.12981666666667,101,101
2025-08-29,18:20-18:50,90.33056666666664,110,112
2025-08-29,19:50-20:20,168.53244999999993,119,121
2025-08-29,20:40-21:00,22.22143333333338,124,125
2025-08-29,21:50-22:10,29.613983333333298,131,132
2025-08-29,22:40-23:50,124.82526666666672,136,142
2025-08-30,00:00-00:20,30.58854999999994,0,1
2025-08-30,00:40-02:50,291.5035333333332,4,16
2025-08-30,03:20-03:30,3.305000000000007,20,20
2025-08-30,03:50-04:40,77.74186666666668,23,27
2025-08-30,05:10-05:40,173.84144166666678,31,33
2025-08-30,06:00-06:10,19.8760166666666,36,36
2025-08-30,16:00-16:40,43.28982777777787,96,99
2025-08-30,17:30-17:50,66.98864166666674,105,106
2025-08-30,18:00-18:30,181.4136833333334,108,110
2025-08-30,19:00-19:30,71.81466666666665,114,116
2025-08-30,20:00-20:10,23.35368333333338,120,120
2025-08-30,20:30-20:50,65.20280000000014,123,124
2025-08-30,21:50-22:20,49.8978166666667,131,133
2025-08-30,22:30-22:50,38.04338333333328,135,136
2025-08-30,23:10-23:40,130.6418,139,141
2025-08-30,23:50-24:00,2.3599999999999,143,143
2025-08-31,01:20-02:00,41.65576666666709,8,11
2025-08-31,02:50-03:00,0.1666666666666287,17,17
2025-08-31,04:10-04:40,111.40773333333341,25,27
2025-08-31,04:50-05:20,37.3893166666667,29,31
2025-08-31,05:30-06:00,125.2092666666669,33,35
2025-08-31,06:20-06:30,7.888833333333196,38,38
2025-08-31,07:00-08:00,337.35381666666694,42,47
2025-08-31,08:30-08:40,28.07017222222225,51,51
2025-08-31,09:30-09:50,103.0373416666664,57,58
2025-08-31,10:50-11:00,28.750733333333528,65,65
2025-08-31,12:20-13:00,236.30011666666655,74,77
2025-08-31,13:50-14:10,55.03065833333403,83,84
2025-08-31,14:40-17:00,612.4540999999992,88,101
2025-08-31,18:00-18:20,50.78068333333301,108,109
2025-08-31,19:00-19:30,115.83828333333304,114,116
2025-08-31,20:00-20:20,84.03866666666636,120,121
2025-08-31,20:30-20:50,37.6164,123,124
2025-08-31,21:40-21:50,7.927333333333422,130,130
2025-08-31,22:40-23:00,82.56741666666653,136,137
2025-08-31,23:20-23:30,23.246666666666783,140,140
2025-09-02,05:30-06:00,135.9555916666668,33,35
2025-09-02,06:50-07:10,9.683052777778016,41,42
2025-09-02,08:30-08:50,50.51939722222278,51,52
2025-09-03,04:50-05:00,12.068333333333271,29,29
2025-09-03,05:40-05:50,27.614569444444417,34,34
2025-09-03,06:20-06:40,92.30673888888896,38,39
2025-09-03,07:00-07:20,21.149249999999768,42,43
2025-09-03,07:30-07:40,36.63349444444441,45,45
2025-09-03,09:00-09:10,12.98033333333342,54,54
2025-09-03,09:30-09:40,10.005583333333334,57,57
2025-09-04,05:20-05:50,75.05208333333383,32,34
2025-09-04,06:10-06:20,10.257150000000024,37,37
2025-09-04,06:30-06:40,25.110483333333377,39,39
2025-09-04,07:50-08:00,14.342916666666383,47,47
2025-09-04,08:30-08:50,86.70237500000007,51,52
2025-09-04,10:50-11:00,24.487383333333355,65,65
2025-09-04,11:20-12:00,306.7850833333325,68,71
2025-09-04,15:10-15:20,1.9191611111112932,91,91
2025-09-05,06:10-06:20,18.46023333333335,37,37
2025-09-06,03:30-03:50,9.155850000000038,21,22
2025-09-06,05:40-05:50,38.16623333333325,34,34
2025-09-06,06:20-06:50,96.12885833333326,38,40
2025-09-07,05:10-05:40,120.24501666666654,31,33
2025-09-07,06:30-06:50,44.95068333333319,39,40
2025-09-07,08:00-08:20,70.65205000000026,48,49
2025-09-07,09:00-09:10,18.240558333333183,54,54
2025-09-07,09:40-09:50,2.0595749999999957,58,58
2025-09-08,00:50-01:10,29.53908333333311,5,6
2025-09-08,01:40-02:00,25.39295000000004,10,11
2025-09-08,02:20-02:30,12.226666666666688,14,14
2025-09-08,03:00-03:10,9.56868333333341,18,18
2025-09-08,03:40-04:20,61.552900000000214,22,25
2025-09-08,04:30-06:20,412.33197222222213,27,37
2025-09-08,07:00-07:10,18.28426111111122,42,42
2025-09-08,08:40-09:10,105.8118000000004,52,54
2025-09-08,10:30-10:50,135.93895000000043,63,64
2025-09-08,11:00-11:10,24.19840000000022,66,66
2025-09-08,16:20-18:50,586.6947333333333,98,112
2025-09-08,20:10-20:30,23.04781666666645,121,122
2025-09-08,20:50-21:10,39.99935000000016,125,126
2025-09-08,21:20-21:50,111.25676666666664,128,130
2025-09-08,22:40-23:00,86.64618333333328,136,137
2025-09-08,23:40-24:00,106.52606666666668,142,143
2025-09-09,00:20-00:30,5.526666666666642,2,2
2025-09-09,00:50-01:10,24.229016666666553,5,6
2025-09-09,01:50-03:30,197.80581666666671,11,20
2025-09-09,04:00-04:20,76.00006666666673,24,25
2025-09-09,04:40-05:00,5.22005000000004,28,29
2025-09-09,05:10-05:40,99.93896666666632,31,33
2025-09-09,06:30-06:50,18.558583333333274,39,40
2025-09-09,07:00-07:40,117.8733777777777,42,45
2025-09-09,08:10-08:20,2.9696888888893227,49,49
2025-09-09,09:10-09:50,136.27863333333335,55,58
2025-09-09,10:10-10:20,0.089333333333343,61,61
2025-09-09,10:50-11:10,43.671716666666725,65,66
2025-09-09,11:30-11:50,45.04346666666652,69,70
2025-09-09,14:30-14:50,79.11323333333382,87,88
2025-09-09,15:20-15:40,42.988183333333495,92,93
2025-09-09,16:00-16:50,355.5283166666663,96,100
2025-09-09,17:30-18:40,320.5390416666666,105,111
2025-09-09,19:20-19:40,20.328816666666626,116,117
2025-09-09,20:00-20:30,115.01240000000018,120,122
2025-09-09,20:50-21:30,97.80216666666627,125,128
2025-09-09,21:50-22:00,26.534999999999968,131,131
2025-09-09,22:40-23:10,53.91391666666664,136,138
2025-09-09,23:40-24:00,70.94601666666665,142,143
2025-09-10,00:30-01:50,284.7896999999989,3,10
2025-09-10,02:10-02:30,10.376416666666842,13,14
2025-09-10,03:20-03:50,93.26785000000007,20,22
2025-09-10,04:10-04:20,15.430133333333366,25,25
2025-09-10,04:30-04:40,17.572749999999928,27,27
2025-09-10,05:10-05:20,3.728588888889007,31,31
2025-09-10,05:40-06:00,46.0856222222221,34,35
2025-09-10,06:10-06:40,86.1215166666666,37,39
2025-09-10,06:50-07:30,61.781550000000266,41,44
2025-09-10,07:50-08:00,8.567083333333358,47,47
2025-09-10,08:10-08:50,113.27295000000015,49,52
2025-09-10,09:10-09:20,19.664600000000178,55,55
2025-09-10,09:30-09:40,23.42961666666679,57,57
2025-09-10,10:10-10:20,22.47776666666641,61,61
2025-09-10,10:50-11:00,28.075416666666342,65,65
2025-09-10,11:20-11:30,11.861574999999904,68,68
2025-09-10,11:50-12:00,49.57023333333336,71,71
2025-09-10,12:30-13:30,317.66745833333266,75,80
2025-09-10,13:50-14:00,11.035400000000209,83,83
2025-09-10,14:20-14:30,11.818008333333296,86,86
2025-09-10,14:50-15:00,6.477700000000482,89,89
2025-09-10,15:20-15:30,40.4928000000001,92,92
2025-09-10,15:50-16:10,25.336144444444244,95,96
2025-09-10,16:20-16:40,25.5416444444445,98,99
2025-09-10,17:00-17:30,97.61064999999982,102,104
2025-09-10,17:50-18:00,26.72723333333333,107,107
2025-09-10,19:20-19:50,93.79531666666662,116,118
2025-09-10,20:10-20:30,141.63633333333314,121,122
2025-09-10,21:20-21:50,91.45498333333342,128,130
2025-09-10,23:40-24:00,66.1129666666667,142,143
2025-09-11,00:00-00:20,96.22261666666691,0,1
2025-09-11,00:50-01:30,47.13928333333388,5,8
2025-09-11,01:50-02:20,62.30345000000045,11,13
2025-09-11,02:30-02:40,4.101783333333401,15,15
2025-09-11,03:10-03:40,30.321116666666967,19,21
2025-09-11,04:00-04:30,40.3186833333333,24,26
2025-09-11,04:50-05:50,71.11615833333285,29,34
2025-09-11,06:50-07:00,14.551666666666732,41,41
2025-09-11,08:10-08:40,142.7613333333337,49,51
2025-09-11,09:50-10:00,43.04661666666698,59,59
2025-09-11,11:40-11:50,20.780897222222396,70,70
2025-09-11,12:20-12:40,97.80326666666679,74,75
2025-09-11,13:20-13:30,5.105000000000018,80,80
2025-09-11,14:50-15:10,61.6492388888887,89,90
2025-09-11,15:30-16:00,153.84030000000018,93,95
2025-09-11,16:10-16:40,66.40640000000042,97,99
2025-09-11,16:50-17:00,7.0434666666666885,101,101
2025-09-11,17:20-17:30,67.68573333333299,104,104
2025-09-11,18:00-18:40,145.87864999999994,108,111
2025-09-11,19:10-19:20,8.302916666666647,115,115
2025-09-11,20:20-20:40,67.2056,122,123
2025-09-11,20:50-21:40,222.69103333333294,125,129
2025-09-11,21:50-22:00,2.44166666666672,131,131
2025-09-11,22:20-22:50,109.20135000000005,134,136
2025-09-12,00:10-00:40,55.788466666666636,1,3
2025-09-12,00:50-01:20,51.61355000000003,5,7
2025-09-12,01:30-01:50,20.302666666666653,9,10
2025-09-12,02:10-03:00,104.99173333333334,13,17
2025-09-12,03:30-04:10,118.60498333333328,21,24
2025-09-12,04:20-05:50,167.19637500000022,26,34
2025-09-12,06:30-06:50,38.52116666666666,39,40
2025-09-12,07:00-07:40,219.27733333333316,42,45
2025-09-12,12:20-12:30,25.142499999999927,74,74
2025-09-12,17:00-17:20,42.41890833333329,102,103
2025-09-12,17:40-18:40,183.82485833333334,106,111
2025-09-12,20:20-20:40,28.181033333333172,122,123
2025-09-12,21:00-22:10,192.11018333333357,126,132
2025-09-12,22:30-23:00,61.09126666666658,135,137
2025-09-12,23:10-23:30,20.24271666666681,139,140
2025-09-13,00:00-00:20,101.5318000000002,0,1
2025-09-13,01:30-02:10,47.427749999999946,9,12
2025-09-13,04:00-05:40,166.61200555555564,24,33
2025-09-13,06:00-06:20,17.936316666666755,36,37
2025-09-13,06:30-06:40,5.601222222222219,39,39
2025-09-13,15:50-16:20,111.60859166666665,95,97
2025-09-13,16:30-17:20,311.8893166666666,99,103
2025-09-13,17:40-18:00,57.676130555555574,106,107
2025-09-13,18:20-18:40,29.786350000000024,110,111
2025-09-13,19:10-19:30,49.41476666666671,115,116
2025-09-13,20:10-21:00,126.1143666666668,121,125
2025-09-13,21:30-22:10,100.30999999999995,129,132
2025-09-13,22:30-22:50,80.32456666666667,135,136
2025-09-14,00:00-00:20,33.85733333333337,0,1
2025-09-14,00:30-00:50,55.697900000000345,3,4
2025-09-14,02:10-02:20,24.751549999999952,13,13
2025-09-14,02:50-03:10,63.56471666666664,17,18
2025-09-14,03:20-03:50,17.60743333333346,20,22
2025-09-14,04:00-04:20,73.25930000000002,24,25
2025-09-14,04:30-04:50,79.02214999999998,27,28
2025-09-14,05:20-05:40,27.340613888889035,32,33
2025-09-14,06:10-06:30,39.13948333333349,37,38
2025-09-14,07:30-07:40,18.734277777777606,45,45
2025-09-14,10:50-11:00,9.097366666667083,65,65
2025-09-14,11:20-11:30,44.56867499999976,68,68
2025-09-14,11:50-12:00,50.08664999999996,71,71
2025-09-14,12:50-13:00,14.772716666667066,77,77
2025-09-14,13:50-14:10,26.116755555555528,83,84
2025-09-14,15:10-16:20,257.96941111111005,91,97
2025-09-14,16:30-17:30,232.7422333333343,99,104
2025-09-14,17:50-18:40,256.89450000000005,107,111
2025-09-14,19:00-19:20,38.159383333333494,114,115
2025-09-14,19:50-20:10,45.82625000000007,119,120
2025-09-14,20:40-21:00,110.28068333333351,124,125
2025-09-14,21:30-22:30,256.4432166666668,129,134
2025-09-14,22:50-23:30,176.80099999999993,137,140
2025-09-15,00:00-00:20,37.62221666666687,0,1
2025-09-15,00:30-00:50,102.8112000000001,3,4
2025-09-15,01:20-02:20,164.85789999999974,8,13
2025-09-15,02:40-02:50,14.340366666666682,16,16
2025-09-15,03:20-03:40,17.593750000000114,20,21
2025-09-15,04:00-04:20,16.20104999999991,24,25
2025-09-15,05:20-06:00,91.53465000000017,32,35
2025-09-15,06:10-06:50,108.8085055555556,37,40
2025-09-15,07:10-08:10,273.97075277777833,43,48
2025-09-15,08:30-09:30,252.9086833333331,51,56
2025-09-15,09:40-09:50,34.80631666666682,58,58
2025-09-15,10:10-10:30,60.937850000000026,61,62
2025-09-15,11:00-12:00,177.54832222222217,66,71
2025-09-15,12:50-13:00,36.63499999999999,77,77
2025-09-15,13:30-13:40,12.28796666666699,81,81
2025-09-15,14:00-14:10,37.8634999999997,84,84
2025-09-15,14:40-15:20,93.58670000000029,88,91
2025-09-15,15:40-16:00,29.235494444444384,94,95
2025-09-15,17:20-17:30,15.856341666666625,104,104
2025-09-15,17:50-18:10,67.45149166666664,107,108
2025-09-15,18:40-19:10,54.542274999999904,112,114
2025-09-15,19:30-20:20,162.30253333333349,117,121
2025-09-15,20:30-20:50,35.46666666666658,123,124
2025-09-15,22:20-22:50,99.06524999999999,134,136
2025-09-15,23:10-23:40,55.171166666666636,139,141
2025-09-16,00:00-00:40,156.53339999999935,0,3
2025-09-16,01:00-01:20,29.36694999999986,6,7
2025-09-16,01:40-02:00,26.154733333333297,10,11
2025-09-16,02:30-02:50,60.03265,15,16
2025-09-16,03:00-03:20,39.24811666666665,18,19
2025-09-16,03:30-04:50,187.47751666666636,21,28
2025-09-16,05:10-05:20,2.354400000000094,31,31
2025-09-16,05:30-06:00,49.12630833333341,33,35
2025-09-16,06:10-06:20,18.238294444444364,37,37
2025-09-16,06:50-07:00,12.916716666666671,41,41
2025-09-16,07:30-07:50,79.8157166666665,45,46
2025-09-16,09:10-09:20,8.58637777777767,55,55
2025-09-16,15:00-15:50,158.93533333333335,90,94
2025-09-16,16:40-17:40,185.53497777777795,100,105
2025-09-16,18:30-18:50,70.21980833333319,111,112
2025-09-16,19:00-19:30,58.78668333333337,114,116
2025-09-16,19:40-20:00,39.489116666666746,118,119
2025-09-16,20:20-20:50,124.08621666666647,122,124
2025-09-16,21:00-21:10,14.344900000000052,126,126
2025-09-16,21:30-22:00,120.05169999999987,129,131
2025-09-16,22:10-22:30,25.435800000000082,133,134
2025-09-16,23:10-23:40,145.25783333333334,139,141
2025-09-16,23:50-24:00,29.924999999999955,143,143
2025-09-17,00:00-00:30,61.49023333333321,0,2
2025-09-17,02:30-03:00,50.82978333333335,15,17
2025-09-17,03:10-03:30,32.97003333333328,19,20
2025-09-17,03:50-04:00,20.706666666666592,23,23
2025-09-17,04:20-04:30,11.488333333333344,26,26
2025-09-17,04:40-05:00,26.01238333333322,28,29
2025-09-17,05:10-06:00,141.89415555555573,31,35
2025-09-17,06:40-07:00,10.077205555555622,40,41
2025-09-17,07:20-08:30,107.13420000000019,44,50
2025-09-17,09:50-10:30,183.26585000000068,59,62
2025-09-17,10:40-12:00,528.1670749999989,64,71
2025-09-17,12:50-13:00,9.336533333333591,77,77
2025-09-17,13:20-13:50,142.7855888888896,80,82
2025-09-17,14:00-14:10,37.81040277777788,84,84
2025-09-17,15:20-16:10,88.1523555555558,92,96
2025-09-17,16:30-16:50,8.558999999999969,99,100
2025-09-17,17:20-17:50,72.70506666666687,104,106
2025-09-17,18:10-18:30,87.69337499999997,109,110
2025-09-17,19:00-19:20,61.37923333333356,114,115
2025-09-17,19:50-20:10,63.36450000000003,119,120
2025-09-17,20:30-20:40,3.981500000000096,123,123
2025-09-17,21:00-21:30,51.71404999999993,126,128
2025-09-17,21:50-22:00,4.588333333333367,131,131
2025-09-17,22:30-22:50,147.82603333333338,135,136
2025-09-17,23:20-24:00,134.71944999999982,140,143
2025-09-18,00:30-01:00,43.69756666666672,3,5
2025-09-18,01:30-01:40,21.297149999999878,9,9
2025-09-18,02:00-02:20,30.950833333333208,12,13
2025-09-18,02:40-03:00,20.009050000000002,16,17
2025-09-18,03:20-04:00,91.99648333333323,20,23
2025-09-18,04:40-05:00,17.03595000000007,28,29
2025-09-18,05:10-05:30,73.30015833333334,31,32
2025-09-18,05:50-06:50,96.85746111111132,35,40
2025-09-18,07:20-07:30,5.202391666666472,44,44
2025-09-18,08:50-09:00,21.41011666666691,53,53
2025-09-18,09:20-09:30,32.077099999999746,56,56
2025-09-18,12:00-12:10,43.58099166666693,72,72
2025-09-18,15:50-16:30,84.30233333333388,95,98
2025-09-18,16:40-17:10,92.2278472222223,100,102
2025-09-18,17:20-17:50,61.36243333333334,104,106
2025-09-18,18:20-18:30,5.292916666666542,110,110
2025-09-18,18:50-19:50,202.7174666666665,113,118
2025-09-18,20:10-20:20,35.93171666666672,121,121
2025-09-18,20:30-21:00,38.36466666666661,123,125
2025-09-18,21:30-21:50,140.72413333333338,129,130
2025-09-18,22:10-22:30,30.218533333333312,133,134
2025-09-18,22:50-23:10,53.07469999999989,137,138
2025-09-18,23:30-23:50,76.57490000000018,141,142
2025-09-19,00:50-02:00,286.1528666666668,5,11
2025-09-19,02:50-03:20,51.84456666666671,17,19
2025-09-19,04:20-05:00,96.17453333333324,26,29
2025-09-19,05:20-06:50,209.2351166666667,32,40
2025-09-19,07:40-07:50,16.264233333333323,46,46
2025-09-19,15:50-16:30,152.84660000000008,95,98
2025-09-19,16:40-17:10,67.28324444444436,100,102
2025-09-19,17:20-17:50,73.64676666666662,104,106
2025-09-19,18:00-18:20,56.320966666666834,108,109
2025-09-19,18:30-18:50,32.28088333333318,111,112
2025-09-19,19:00-19:20,20.77493333333331,114,115
2025-09-19,19:40-20:10,69.82213333333334,118,120
2025-09-19,20:50-21:00,11.108333333333348,125,125
2025-09-19,21:20-21:30,34.01833333333332,128,128
2025-09-19,22:20-22:50,97.69776666666667,134,136
2025-09-19,23:40-24:00,33.549050000000136,142,143
2025-09-20,00:00-00:10,11.471733333333304,0,0
2025-09-20,00:40-01:20,98.59605000000005,4,7
2025-09-20,01:30-02:50,120.80013333333329,9,16
2025-09-20,03:00-04:10,199.91688333333343,18,24
2025-09-20,04:50-05:00,2.035000000000025,29,29
2025-09-20,05:50-06:00,2.9458333333333826,35,35
2025-09-20,06:10-07:50,276.9117472222225,37,46
2025-09-20,13:20-13:30,42.14249999999993,80,80
2025-09-20,13:40-13:50,0.7807333333332735,82,82
2025-09-20,15:40-16:00,18.21496666666667,94,95
2025-09-20,16:10-17:00,177.0507944444443,97,101
2025-09-20,17:10-18:20,165.56131666666673,103,109
2025-09-20,18:50-19:20,141.94463333333317,113,115
2025-09-20,19:40-20:00,92.91198333333335,118,119
2025-09-20,20:20-20:30,32.08833333333337,122,122
2025-09-20,20:40-21:00,20.27774999999997,124,125
2025-09-20,22:10-22:30,61.464983333333464,133,134
2025-09-20,23:30-24:00,78.80165,141,143
2025-09-21,00:20-01:00,69.07359999999994,2,5
2025-09-21,01:20-01:40,49.59239999999977,8,9
2025-09-21,01:50-02:00,0.783333333333303,11,11
2025-09-21,02:10-02:50,60.12321666666685,13,16
2025-09-21,03:00-03:20,65.7928333333333,18,19
2025-09-21,03:50-04:00,19.40166666666676,23,23
2025-09-21,04:20-04:40,25.625833333333336,26,27
2025-09-21,05:00-05:10,4.861416666666701,30,30
2025-09-21,05:30-06:50,229.10362777777766,33,40
2025-09-21,07:00-07:10,2.0119666666666376,42,42
2025-09-21,09:20-09:30,3.974775000000136,56,56
2025-09-21,12:30-12:50,73.1256333333331,75,76
2025-09-21,13:00-13:30,141.17186666666657,78,80
2025-09-21,14:00-14:20,45.60174999999958,84,85
2025-09-21,14:40-15:00,29.80038333333391,88,89
2025-09-21,16:10-16:20,0.0987388888889313,97,97
2025-09-21,16:40-16:50,1.5262888888883597,100,100
2025-09-21,17:00-17:30,34.51026666666631,102,104
2025-09-21,18:00-18:10,21.14498333333336,108,108
2025-09-21,18:30-19:00,100.89786666666652,111,113
2025-09-21,19:20-19:50,81.58631666666668,116,118
2025-09-21,20:20-20:40,52.535349999999994,122,123
2025-09-21,21:00-21:20,80.80873333333341,126,127
2025-09-21,21:30-21:50,22.177216666666595,129,130
2025-09-21,22:30-23:00,46.685249999999996,135,137
2025-09-22,00:00-00:50,89.31799999999976,0,4
2025-09-22,01:00-02:00,47.15258333333395,6,11
2025-09-22,02:30-03:50,185.35865,15,22
2025-09-22,04:00-04:20,33.30261666666664,24,25
2025-09-22,05:00-05:30,105.09310000000002,30,32
2025-09-22,06:00-06:20,42.63570833333347,36,37
2025-09-22,07:00-07:10,9.594216666666624,42,42
2025-09-22,07:20-07:30,7.453766666666638,44,44
2025-09-22,08:00-08:30,97.26381666666657,48,50
2025-09-22,09:00-09:10,5.841041666666342,54,54
2025-09-22,09:40-12:00,903.7099916666671,58,71
2025-09-22,12:20-12:40,78.9772000000005,74,75
2025-09-22,13:10-13:30,55.54889166666658,79,80
2025-09-22,13:50-14:00,5.043749999999818,83,83
2025-09-22,14:30-14:40,14.600205555555249,87,87
2025-09-22,15:20-15:50,44.51941666666687,92,94
2025-09-22,16:00-17:50,483.4447666666668,96,106
2025-09-22,18:10-18:30,42.36295000000018,109,110
2025-09-22,19:40-20:10,84.81108333333316,118,120
2025-09-22,21:00-22:00,306.50373333333357,126,131
2025-09-22,22:50-23:40,144.3726333333335,137,141
2025-09-23,00:30-01:10,68.76848333333373,3,6
2025-09-23,01:30-01:40,7.870783333333293,9,9
2025-09-23,02:00-02:20,52.89845000000014,12,13
2025-09-23,03:20-03:30,5.656666666666752,20,20
2025-09-23,04:50-05:20,74.12886666666668,29,31
2025-09-23,05:40-06:30,105.22496666666677,34,38
2025-09-23,06:40-07:10,22.241577777777763,40,42
2025-09-23,07:40-08:00,65.43895555555616,46,47
2025-09-23,08:30-08:40,51.164750000000026,51,51
2025-09-23,09:20-09:50,54.76227500000027,56,58
2025-09-23,10:00-10:10,3.38896666666642,60,60
2025-09-23,10:40-11:00,38.933633333333546,64,65
2025-09-23,11:30-12:00,80.86318333333338,69,71
2025-09-23,13:20-13:30,18.057083333333367,80,80
2025-09-23,13:50-14:10,59.035133333333306,83,84
2025-09-23,14:30-14:40,25.111666666666565,87,87
2025-09-23,14:50-15:00,17.82251666666707,89,89
2025-09-23,15:50-16:40,186.5254999999999,95,99
2025-09-23,17:00-17:20,15.94185000000033,102,103
2025-09-23,17:30-17:50,15.303799999999722,105,106
2025-09-23,18:00-18:30,80.35958333333332,108,110
2025-09-23,18:50-19:00,10.293333333333408,113,113
2025-09-23,19:20-19:30,0.7849999999999682,116,116
2025-09-23,19:50-20:30,144.4247333333334,119,122
2025-09-23,20:50-21:40,160.1297666666668,125,129
2025-09-23,22:20-22:30,33.95833333333326,134,134
2025-09-23,23:30-23:40,11.572949999999992,141,141
2025-09-24,00:10-00:20,14.83098333333328,1,1
2025-09-24,01:20-02:30,177.45531666666625,8,14
2025-09-24,02:50-03:20,82.51413333333335,17,19
2025-09-24,03:30-03:50,72.53160000000014,21,22
2025-09-24,04:00-05:30,173.26229999999998,24,32
2025-09-24,06:00-07:30,294.78659166666705,36,44
2025-09-24,08:50-09:50,148.62797500000033,53,58
2025-09-24,10:00-10:30,65.36084166666637,60,62
2025-09-24,10:40-11:00,86.4987666666666,64,65
2025-09-24,11:20-12:00,285.76186666666763,68,71
2025-09-24,12:20-13:00,264.80420000000026,74,77
2025-09-24,13:50-14:00,3.597733333333281,83,83
2025-09-24,14:50-15:30,135.6456000000003,89,92
2025-09-24,16:00-16:20,4.316016666666769,96,97
2025-09-24,16:50-17:20,78.44052500000026,101,103
2025-09-24,17:40-18:00,39.49323055555543,106,107
2025-09-24,18:10-18:40,102.68271666666672,109,111
2025-09-24,19:00-19:10,10.74888333333331,114,114
2025-09-24,19:30-20:00,115.89453333333347,117,119
2025-09-24,20:20-20:40,33.15218333333314,122,123
2025-09-24,20:50-21:00,0.0950000000000272,125,125
2025-09-24,21:20-21:30,0.6483333333334258,128,128
2025-09-24,23:00-23:20,26.07758333333345,138,139
2025-09-24,23:40-23:50,16.851699999999937,142,142
2025-09-25,00:10-00:50,158.43528333333302,1,4
2025-09-25,01:00-01:30,68.22149999999988,6,8
2025-09-25,01:50-02:20,57.971766666666554,11,13
2025-09-25,02:50-03:20,118.20720000000006,17,19
2025-09-25,04:20-05:10,93.52004999999997,26,30
2025-09-25,05:40-05:50,11.50881666666669,34,34
2025-09-25,06:10-07:50,203.5956833333334,37,46
2025-09-25,12:00-12:40,43.23483888888745,72,75
2025-09-25,14:30-14:40,7.987655555555534,87,87
2025-09-25,14:50-15:00,5.056883333332962,89,89
2025-09-25,15:40-15:50,18.780977777777707,94,94
2025-09-25,16:20-16:40,63.812061111110836,98,99
2025-09-25,17:00-17:20,50.21614999999994,102,103
2025-09-25,17:30-18:00,89.88171666666672,105,107
2025-09-25,18:30-19:00,206.68588333333332,111,113
2025-09-25,19:50-20:00,25.22666666666657,119,119
2025-09-25,20:50-21:30,157.52788333333342,125,128
2025-09-25,21:50-22:00,41.36166666666668,131,131
2025-09-25,22:30-23:30,251.22185000000002,135,140
2025-09-25,23:50-24:00,30.226666666666688,143,143
2025-09-26,00:00-00:10,11.189800000000105,0,0
2025-09-26,00:20-00:40,18.52569999999986,2,3
2025-09-26,02:00-02:30,71.1912499999998,12,14
2025-09-26,03:20-03:30,17.778333333333308,20,20
2025-09-26,04:00-04:20,78.31205000000003,24,25
2025-09-26,05:00-05:20,40.963300000000025,30,31
2025-09-26,05:30-05:40,4.864600000000056,33,33
2025-09-26,06:10-06:20,29.265738888888905,37,37
2025-09-26,06:50-07:30,86.20245277777786,41,44
2025-09-26,14:00-14:10,17.228233333333037,84,84
2025-09-26,16:10-16:50,121.06638888888875,97,100
2025-09-26,17:10-17:30,61.478894444444535,103,104
2025-09-26,19:20-19:40,48.026249999999834,116,117
2025-09-26,19:50-20:00,44.059999999999945,119,119
2025-09-26,20:20-20:40,15.059066666666636,122,123
2025-09-26,21:00-21:10,6.95956666666666,126,126
2025-09-26,21:30-22:10,131.66631666666672,129,132
2025-09-26,23:20-23:50,122.62366666666662,140,142
2025-09-27,00:20-00:50,76.05991666666665,2,4
2025-09-27,01:00-01:20,74.04755000000006,6,7
2025-09-27,02:00-02:30,24.30756666666656,12,14
2025-09-27,02:50-03:10,62.23328333333336,17,18
2025-09-27,03:40-04:00,27.984649999999984,22,23
2025-09-27,04:20-04:50,137.4628833333332,26,28
2025-09-27,05:00-07:00,379.6267000000001,30,41
2025-09-27,12:40-12:50,25.22628333333296,76,76
2025-09-27,14:50-15:20,46.29881666666677,89,91
2025-09-27,15:50-16:30,133.51965000000013,95,98
2025-09-27,16:50-17:00,2.160516666666581,101,101
2025-09-27,17:30-17:50,114.89816666666658,105,106
2025-09-27,18:10-18:50,166.00783333333345,109,112
2025-09-27,19:10-19:40,121.34046666666666,115,117
2025-09-27,20:00-20:20,8.88333333333344,120,121
2025-09-27,21:00-21:50,360.9309666666666,126,130
2025-09-27,22:30-22:50,46.36733333333325,135,136
2025-09-27,23:00-23:50,236.63630000000006,138,142
2025-09-28,00:00-00:30,87.76831666666658,0,2
2025-09-28,00:50-01:10,34.97966666666639,5,6
2025-09-28,01:30-02:20,117.24611666666635,9,13
2025-09-28,02:30-02:50,12.499316666666687,15,16
2025-09-28,03:20-04:20,39.25856666666664,20,25
2025-09-28,04:50-05:10,46.1161000000001,29,30
2025-09-28,05:50-07:30,196.88859999999994,35,44
2025-09-28,07:40-08:00,14.745619444444344,46,47
2025-09-28,08:30-08:50,32.23244999999998,51,52
2025-09-28,10:20-10:30,21.414524999999912,62,62
2025-09-28,14:10-14:40,42.64259722222198,85,87
2025-09-28,14:50-15:40,245.96405555555555,89,93
2025-09-28,16:10-16:30,25.195152777778105,97,98
2025-09-28,17:20-17:50,261.59511666666714,104,106
2025-09-28,19:20-19:50,64.17423333333352,116,118
2025-09-28,21:50-22:30,81.49598333333313,131,134
2025-09-28,23:00-24:00,250.43200000000013,138,143
2025-09-29,00:20-00:30,52.38666666666677,2,2
2025-09-29,01:10-01:30,13.349883333333537,7,8
2025-09-29,02:10-02:30,57.774183333333326,13,14
2025-09-29,02:50-03:20,104.17780000000005,17,19
2025-09-29,03:50-05:00,128.09304999999995,23,29
2025-09-29,05:40-07:10,310.77202500000044,34,42
2025-09-29,07:30-07:50,66.4237166666669,45,46
2025-09-29,08:40-09:10,133.57251666666627,52,54
2025-09-29,09:20-10:00,319.8575500000004,56,59
2025-09-29,10:20-12:00,1120.9296138888888,62,71
2025-09-29,12:40-13:00,81.14439166666716,76,77
2025-09-29,14:20-14:50,52.42503333333343,86,88
2025-09-29,15:10-15:30,32.14014999999995,91,92
2025-09-29,15:50-16:10,51.852286111111425,95,96
2025-09-29,17:00-17:20,36.0172166666664,102,103
2025-09-29,17:30-17:50,10.088716666666434,105,106
2025-09-29,18:20-19:30,268.3433999999999,110,116
2025-09-29,20:20-20:50,113.85395000000005,122,124
2025-09-29,21:30-21:40,15.080266666666605,129,129
2025-09-29,22:10-22:50,118.18146666666678,133,136
2025-09-29,23:40-24:00,139.40801666666664,142,143
2025-09-30,00:00-01:30,204.73853333333363,0,8
2025-09-30,02:20-02:30,17.096666666666692,14,14
2025-09-30,02:40-03:50,161.33455000000004,16,22
2025-09-30,04:00-04:20,54.74000000000001,24,25
2025-09-30,04:30-05:00,126.18031666666654,27,29
2025-09-30,05:20-05:30,10.181666666666615,32,32
2025-09-30,06:00-06:10,2.619805555555672,36,36
2025-09-30,06:30-07:20,145.4498249999997,39,43
2025-09-30,07:30-07:50,50.261341666666624,45,46
2025-09-30,08:10-08:20,1.6534666666665316,49,49
2025-09-30,08:40-09:30,220.62338333333378,52,56
2025-09-30,10:00-12:10,497.43136388888956,60,72
2025-09-30,15:30-15:40,7.089099999999917,93,93
2025-09-30,17:20-18:00,109.19913333333369,104,107
2025-09-30,18:50-19:10,27.006283333333275,113,114
2025-09-30,20:00-20:20,40.2768000000001,120,121
2025-09-30,20:30-20:50,85.95471666666685,123,124
2025-09-30,21:10-21:20,11.049566666666578,127,127
2025-09-30,22:00-22:10,29.808000000000103,132,132
2025-09-30,22:40-24:00,230.56768333333332,136,143
2025-10-01,00:30-00:50,30.488133333333284,3,4
2025-10-01,01:00-01:10,1.0194333333331542,6,6
2025-10-01,01:40-02:00,27.202416666666863,10,11
2025-10-01,02:40-02:50,2.020116666666695,16,16
2025-10-01,03:50-04:30,88.16474999999991,23,26
2025-10-01,05:00-05:10,9.365299999999984,30,30
2025-10-01,05:40-06:30,139.1149166666669,34,38
2025-10-01,07:30-07:50,22.297638888889082,45,46
2025-10-02,00:00-00:10,26.24459999999999,0,0
2025-10-02,01:20-02:00,64.8442166666664,8,11
2025-10-02,02:10-02:50,96.41510000000005,13,16
2025-10-02,03:30-04:00,46.839583333333394,21,23
2025-10-02,04:20-04:40,24.778433333333282,26,27
2025-10-02,05:20-07:10,316.6254416666664,32,42
2025-10-02,09:10-09:20,24.70582222222197,55,55
2025-10-02,13:50-14:00,29.526166666666768,83,83
2025-10-02,14:50-15:00,0.1216000000003987,89,89
2025-10-02,16:20-16:30,7.372500000000002,98,98
2025-10-02,17:00-17:40,123.82715000000023,102,105
2025-10-02,22:00-22:20,23.352316666666752,132,133
2025-10-03,00:30-01:40,164.44208333333336,3,9
2025-10-03,02:30-02:50,16.796383333333324,15,16
2025-10-03,03:00-03:20,25.00041666666681,18,19
2025-10-03,03:30-04:00,79.8780999999999,21,23
2025-10-03,04:20-04:30,40.91333333333341,26,26
2025-10-03,05:40-07:00,225.41381666666638,34,41
2025-10-03,13:20-13:50,63.59703333333323,80,82
2025-10-03,14:10-14:20,31.849133333333384,85,85
2025-10-03,17:10-17:50,76.02418333333318,103,106
2025-10-04,00:10-00:20,4.268383333333304,1,1
2025-10-04,00:50-01:00,1.273333333333312,5,5
2025-10-04,01:30-01:50,20.715499999999963,9,10
2025-10-04,02:30-02:50,39.838666666666654,15,16
2025-10-04,03:20-03:40,12.373416666666571,20,21
2025-10-04,04:00-04:30,43.87819999999996,24,26
2025-10-04,04:40-05:30,91.48703333333344,28,32
2025-10-04,05:50-06:40,213.49478611111118,35,39
2025-10-04,07:00-07:30,115.72312222222217,42,44
2025-10-04,13:20-13:40,120.77636666666649,80,81
2025-10-04,15:30-15:40,69.63041666666675,93,93
2025-10-04,17:10-17:30,77.39600833333334,103,104
2025-10-05,00:20-01:30,161.22823333333304,2,8
2025-10-05,02:30-03:10,123.6185333333334,15,18
2025-10-05,03:20-03:40,6.867733333333376,20,21
2025-10-05,04:00-04:20,28.808333333333167,24,25
2025-10-05,04:30-05:30,74.99456666666666,27,32
2025-10-05,06:00-06:50,234.31576666666672,36,40
2025-10-05,07:20-07:50,48.808916666666846,44,46
2025-10-05,08:00-08:10,29.707700000000045,48,48
2025-10-05,10:00-10:10,18.72963333333314,60,60
2025-10-05,10:50-12:00,296.5468500000011,65,71
2025-10-05,13:00-13:20,55.62740000000008,78,79
2025-10-05,14:00-14:10,11.82456666666667,84,84
2025-10-05,15:10-15:20,17.256022222221986,91,91
2025-10-05,22:30-22:50,42.66318333333345,135,136
2025-10-06,00:50-01:00,2.035000000000309,5,5
2025-10-06,01:40-02:50,109.99123333333387,10,16
2025-10-06,03:20-03:40,51.05136666666658,20,21
2025-10-06,03:50-04:00,3.091666666666697,23,23
2025-10-06,04:20-04:30,5.4500000000000455,26,26
2025-10-06,04:50-05:40,54.47059999999989,29,33
2025-10-06,06:10-06:50,187.91013888888892,37,40
2025-10-06,07:00-07:20,44.055299999999875,42,43
2025-10-06,08:50-09:30,141.91710833333366,53,56
2025-10-06,09:40-10:20,207.83394444444502,58,61
2025-10-06,10:50-12:20,456.7507416666665,65,73
2025-10-06,13:10-13:40,30.09916666666618,79,81
2025-10-06,14:00-14:20,93.59214999999972,84,85
2025-10-06,14:40-15:10,146.40100833333338,88,90
2025-10-06,15:30-15:40,6.72239999999988,93,93
2025-10-06,16:10-16:20,7.038188888888953,97,97
2025-10-06,17:20-17:40,28.779786111110816,104,105
2025-10-06,22:00-22:10,13.22821666666664,132,132
2025-10-06,23:10-23:20,9.121833333333257,139,139
2025-10-07,01:20-02:10,114.87791666666647,8,12
2025-10-07,02:30-03:00,65.18824999999993,15,17
2025-10-07,03:50-04:00,4.934999999999945,23,23
2025-10-07,05:00-06:40,350.46070555555593,30,39
2025-10-07,07:10-07:30,28.873147222222144,43,44
2025-10-07,08:20-08:50,10.13350000000014,50,52
2025-10-07,09:30-09:50,11.484083333333501,57,58
2025-10-07,15:20-15:40,44.401636111110754,92,93
2025-10-07,17:20-17:40,23.021925000000184,104,105
2025-10-07,23:50-24:00,10.913333333333298,143,143
2025-10-08,00:00-00:20,18.175133333333406,0,1
2025-10-08,00:50-01:00,54.933333333333394,5,5
2025-10-08,01:20-01:40,34.19314999999983,8,9
2025-10-08,02:10-02:20,5.9044333333333725,13,13
2025-10-08,02:30-04:00,117.24293333333321,15,23
2025-10-08,04:30-05:00,58.58544999999999,27,29
2025-10-08,05:20-05:40,22.97083333333353,32,33
2025-10-08,06:00-08:20,680.985033333334,36,49
2025-10-08,08:50-09:10,28.482355555554932,53,54
2025-10-08,09:30-10:30,181.5613472222226,57,62
2025-10-08,10:40-11:10,55.13157500000034,64,66
2025-10-08,11:30-12:20,149.05685833333382,69,73
2025-10-08,12:40-12:50,2.948152777777977,76,76
2025-10-08,13:20-13:30,19.316325000000237,80,80
2025-10-08,14:50-15:50,75.61400833333369,89,94
2025-10-08,16:50-18:30,395.0362916666667,101,110
2025-10-08,18:50-19:40,55.34996666666689,113,117
2025-10-08,20:10-20:50,67.49940000000026,121,124
2025-10-08,21:00-21:30,32.55833333333328,126,128
2025-10-08,21:50-22:10,22.02431666666655,131,132
2025-10-08,22:20-22:40,36.91494999999986,134,135
2025-10-08,23:10-23:30,8.416916666666793,139,140
2025-10-09,00:20-00:40,49.26954999999998,2,3
2025-10-09,00:50-01:20,20.852099999999837,5,7
2025-10-09,02:00-02:10,12.20920000000001,12,12
2025-10-09,02:40-02:50,1.7324666666665962,16,16
2025-10-09,03:00-03:20,14.89456666666672,18,19
2025-10-09,03:30-03:50,13.255383333333272,21,22
2025-10-09,04:00-04:20,21.92503333333341,24,25
2025-10-09,04:40-05:00,57.46826666666679,28,29
2025-10-09,05:20-05:40,57.27299999999991,32,33
2025-10-09,06:00-06:50,246.0532333333332,36,40
2025-10-09,07:10-07:50,54.166574999999966,43,46
2025-10-09,08:20-09:00,164.00465555555502,50,53
2025-10-09,09:10-09:20,46.65856666666696,55,55
2025-10-09,09:30-10:00,185.1623833333333,57,59
2025-10-09,10:20-11:30,280.6431,62,68
2025-10-09,11:40-12:30,136.14759444444485,70,74
2025-10-09,14:00-14:10,0.5896583333333183,84,84
2025-10-09,14:20-14:30,9.705158333333884,86,86
2025-10-09,15:00-16:20,191.67085833333226,90,97
2025-10-09,16:30-18:30,364.78582499999953,99,110
2025-10-09,18:50-19:30,94.97158333333311,113,116
2025-10-09,19:50-20:10,21.121916666666607,119,120
2025-10-09,20:20-21:00,139.5433333333334,122,125
2025-10-09,21:30-21:50,46.522533333333286,129,130
2025-10-09,22:50-23:00,15.529999999999973,137,137
2025-10-09,23:20-23:40,36.51898333333327,140,141
2025-10-09,23:50-24:00,18.424999999999955,143,143
2025-10-10,00:00-00:30,112.32389999999964,0,2
2025-10-10,00:40-01:20,74.47023333333334,4,7
2025-10-10,01:30-02:30,95.51074999999986,9,14
2025-10-10,03:00-03:20,20.190833333333273,18,19
2025-10-10,03:30-03:50,41.621966666666765,21,22
2025-10-10,04:30-05:20,140.4164000000001,27,31
2025-10-10,06:00-06:40,189.4885166666666,36,39
2025-10-10,07:00-07:30,138.2571000000002,42,44
2025-10-10,15:30-15:40,15.376150000000052,93,93
2025-10-10,15:50-18:30,606.0389333333333,95,110
2025-10-10,19:20-19:40,11.901533333333361,116,117
2025-10-10,20:00-20:20,33.6241,120,121
2025-10-10,20:40-21:40,122.27818333333335,124,129
2025-10-10,21:50-23:00,208.26426666666651,131,137
2025-10-10,23:50-24:00,42.204999999999984,143,143
2025-10-11,00:00-00:10,24.783233333333328,0,0
2025-10-11,01:10-01:40,42.66123333333337,7,9
2025-10-11,02:00-02:20,57.65639999999996,12,13
2025-10-11,02:40-03:00,10.71225000000004,16,17
2025-10-11,03:20-03:50,45.00088333333338,20,22
2025-10-11,04:00-04:10,13.52138333333329,24,24
2025-10-11,05:10-05:20,1.8882333333333208,31,31
2025-10-11,05:30-05:40,2.2329833333333227,33,33
2025-10-11,06:10-07:00,121.0346833333333,37,41
2025-10-11,12:10-12:30,53.429883333333464,73,74
2025-10-11,13:30-13:40,14.955633333333251,81,81
2025-10-11,15:50-16:30,107.90076666666664,95,98
2025-10-11,16:50-18:10,310.34163333333333,101,108
2025-10-11,18:20-18:30,6.263333333333321,110,110
2025-10-11,18:50-19:30,119.4957500000001,113,116
2025-10-11,19:50-20:40,94.0358833333334,119,123
2025-10-11,21:20-21:30,15.401666666666756,128,128
2025-10-11,22:20-22:40,53.94308333333339,134,135
2025-10-11,22:50-23:00,2.878333333333273,137,137
2025-10-11,23:30-24:00,26.297016666666593,141,143
2025-10-12,01:30-02:00,80.1777499999996,9,11
2025-10-12,02:10-02:40,23.83606666666651,13,15
2025-10-12,03:00-03:10,10.48109999999997,18,18
2025-10-12,03:30-03:50,30.303016666666622,21,22
2025-10-12,05:00-05:20,38.72516666666674,30,31
2025-10-12,05:30-05:50,19.676549999999835,33,34
2025-10-12,06:00-06:50,261.37384444444456,36,40
2025-10-12,07:00-07:10,5.53690000000006,42,42
2025-10-12,07:30-08:00,41.98210833333365,45,47
2025-10-12,08:10-09:10,226.56220000000087,49,54
2025-10-12,09:40-10:00,20.4885722222225,58,59
2025-10-12,12:40-13:20,71.93217222222233,76,79
2025-10-12,13:50-14:00,18.2662499999999,83,83
2025-10-12,14:30-18:20,1015.063016666667,87,109
2025-10-12,18:40-20:10,222.9563333333332,112,120
2025-10-12,21:30-22:20,99.07763333333321,129,133
2025-10-12,22:40-24:00,188.17290000000003,136,143
2025-10-13,00:40-01:00,12.199216666666414,4,5
2025-10-13,01:10-01:30,46.305450000000064,7,8
2025-10-13,01:50-02:10,40.69461666666689,11,12
2025-10-13,02:40-02:50,8.02903333333336,16,16
2025-10-13,04:10-05:00,125.50223333333332,25,29
2025-10-13,05:40-07:00,242.82032499999985,34,41
2025-10-13,07:40-07:50,8.644008333333318,46,46
2025-10-13,08:10-09:10,109.91519166666637,49,54
2025-10-13,10:20-10:30,7.804166666666788,62,62
2025-10-13,10:50-11:00,9.617633333333288,65,65
2025-10-13,12:00-13:00,456.3551833333338,72,77
2025-10-13,13:20-14:00,120.32417499999997,80,83
2025-10-13,14:10-15:20,395.93799444444494,85,91
2025-10-13,15:40-16:10,122.77785555555562,94,96
2025-10-13,16:30-18:10,416.90783333333377,99,108
2025-10-13,18:50-19:00,15.296666666666624,113,113
2025-10-13,19:20-20:00,74.75756666666689,116,119
2025-10-13,20:50-21:10,13.987949999999955,125,126
2025-10-13,21:30-22:00,55.61463333333336,129,131
2025-10-13,22:20-22:40,41.587516666666716,134,135
2025-10-14,00:20-00:30,5.5300000000002,2,2
2025-10-14,00:50-01:10,18.03269999999975,5,6
2025-10-14,01:30-01:50,15.082133333333331,9,10
2025-10-14,02:00-02:20,90.54689999999971,12,13
2025-10-14,03:00-04:00,135.42736666666667,18,23
2025-10-14,04:30-05:00,82.97593333333324,27,29
2025-10-14,05:20-05:40,21.95723333333308,32,33
2025-10-14,06:00-07:50,452.53832499999993,36,46
2025-10-14,08:20-09:40,242.8071499999993,50,57
2025-10-14,10:20-12:00,1186.9097888888887,62,71
2025-10-14,12:50-13:10,11.019477777777865,77,78
2025-10-14,13:40-14:10,68.32833888888831,82,84
2025-10-14,14:40-15:20,112.89620277777715,88,91
2025-10-14,15:30-16:20,104.94633333333343,93,97
2025-10-14,16:30-18:20,306.22313333333307,99,109
2025-10-14,18:50-19:20,101.91305,113,115
2025-10-14,19:40-20:30,90.98468333333335,118,122
2025-10-14,21:00-21:20,20.625416666666638,126,127
2025-10-14,21:30-22:30,130.2166666666668,129,134
2025-10-14,23:20-23:50,141.47716666666668,140,142
2025-10-15,00:00-00:10,13.995600000000197,0,0
2025-10-15,00:30-00:50,85.2381499999999,3,4
2025-10-15,01:00-01:30,63.26609999999982,6,8
2025-10-15,01:40-02:00,45.38043333333349,10,11
2025-10-15,02:20-02:40,18.039499999999975,14,15
2025-10-15,02:50-03:10,23.376499999999965,17,18
2025-10-15,04:00-04:20,70.07824999999991,24,25
2025-10-15,04:30-04:50,37.021433333333306,27,28
2025-10-15,05:20-05:50,25.391549999999988,32,34
2025-10-15,06:00-06:50,187.73313333333329,36,40
2025-10-15,07:30-08:00,49.31074444444454,45,47
2025-10-15,08:20-09:00,125.34356666666645,50,53
2025-10-15,09:10-09:30,44.950980555555816,55,56
2025-10-15,09:50-10:20,135.8248333333329,59,61
2025-10-15,10:30-12:00,872.5477000000019,63,71
2025-10-15,12:20-12:50,51.21624999999926,74,76
2025-10-15,13:10-13:40,81.63772222222201,79,81
2025-10-15,14:00-14:20,33.31850000000031,84,85
2025-10-15,14:40-15:00,36.517538888888794,88,89
2025-10-15,16:20-16:50,106.38975000000002,98,100
2025-10-15,17:00-17:50,236.62720000000007,102,106
2025-10-15,18:30-19:00,59.438049999999876,111,113
2025-10-15,19:20-19:40,12.510650000000055,116,117
2025-10-15,20:50-21:20,86.72440000000017,125,127
2025-10-15,21:30-22:20,44.08140000000026,129,133
2025-10-15,22:50-23:30,39.62708333333318,137,140
2025-10-16,00:00-00:30,26.333700000000135,0,2
2025-10-16,00:40-02:00,97.41054999999983,4,11
2025-10-16,02:20-02:50,79.45756666666671,14,16
2025-10-16,03:40-04:10,32.19386666666662,22,24
2025-10-16,04:20-04:40,17.059316666666746,26,27
2025-10-16,05:00-05:20,126.70683333333325,30,31
2025-10-16,05:40-07:30,268.44669999999996,34,44
2025-10-16,07:50-08:30,67.15628333333348,47,50
2025-10-16,10:40-12:10,288.49539722222266,64,72
2025-10-16,12:50-13:10,59.295369444444304,77,78
2025-10-16,13:40-13:50,0.2263972222222037,82,82
2025-10-16,14:00-14:30,75.65451666666615,84,86
2025-10-16,14:50-15:30,160.01863333333256,89,92
2025-10-16,15:40-17:40,475.2795972222217,94,105
2025-10-16,18:00-18:20,23.51685000000009,108,109
2025-10-16,18:30-18:50,34.08203333333351,111,112
2025-10-16,19:30-20:10,93.23369999999977,117,120
2025-10-16,21:00-22:00,75.59630000000027,126,131
2025-10-16,22:30-22:50,43.302116666666734,135,136
2025-10-16,23:40-24:00,31.29881666666665,142,143
2025-10-17,00:30-00:40,5.814483333333442,3,3
2025-10-17,01:10-01:50,30.374850000000265,7,10
2025-10-17,02:10-02:30,30.244383333333303,13,14
2025-10-17,03:10-03:30,35.052533333333315,19,20
2025-10-17,03:50-04:00,9.416666666666629,23,23
2025-10-17,04:20-04:30,16.22999999999996,26,26
2025-10-17,04:50-05:00,7.278333333333364,29,29
2025-10-17,05:20-05:40,41.01900000000006,32,33
2025-10-17,06:00-06:50,205.100252777778,36,40
2025-10-17,07:40-07:50,15.61480000000006,46,46
2025-10-17,16:00-16:20,22.513066666666646,96,97
2025-10-17,16:40-16:50,19.47204444444449,100,100
2025-10-17,17:00-17:50,112.35670000000002,102,106
2025-10-17,18:00-18:10,8.594833333333384,108,108
2025-10-17,18:30-18:50,54.48508333333325,111,112
2025-10-17,19:00-19:20,59.33993333333336,114,115
2025-10-17,19:40-20:10,64.83396666666675,118,120
2025-10-17,20:30-20:50,17.83511666666658,123,124
2025-10-17,21:10-21:20,5.737933333333331,127,127
2025-10-17,21:30-22:00,104.1343500000001,129,131
2025-10-17,22:40-23:20,71.75665000000015,136,139
2025-10-17,23:30-23:50,56.19984999999991,141,142
2025-10-18,00:10-01:10,198.36744999999974,1,6
2025-10-18,01:50-02:00,36.49000000000001,11,11
2025-10-18,02:40-03:00,54.04294999999996,16,17
2025-10-18,03:20-03:30,29.72333333333341,20,20
2025-10-18,03:50-04:00,22.87333333333333,23,23
2025-10-18,04:40-05:10,105.04835000000006,28,30
2025-10-18,05:20-05:40,36.93870000000014,32,33
2025-10-18,06:00-06:50,184.01128888888877,36,40
2025-10-18,07:40-08:00,42.66219722222229,46,47
2025-10-18,12:30-12:40,4.592999999999847,75,75
2025-10-18,13:50-14:00,5.905833333333248,83,83
2025-10-18,15:10-15:20,23.30100000000016,91,91
2025-10-18,15:40-16:00,19.169483333333233,94,95
2025-10-18,16:10-16:50,162.16254999999992,97,100
2025-10-18,17:00-17:50,136.20695555555557,102,106
2025-10-18,19:30-19:50,23.616583333333324,117,118
2025-10-18,20:40-21:10,23.33725000000004,124,126
2025-10-18,21:30-22:50,231.15800000000013,129,136
2025-10-18,23:10-23:30,57.71306666666675,139,140
2025-10-19,00:10-01:30,239.48340000000053,1,8
2025-10-19,02:30-02:40,1.9945999999999915,15,15
2025-10-19,03:00-03:30,38.82588333333331,18,20
2025-10-19,03:40-04:00,43.43961666666678,22,23
2025-10-19,04:20-05:00,123.12486666666666,26,29
2025-10-19,05:20-06:00,69.35331666666652,32,35
2025-10-19,06:10-06:50,254.70199999999966,37,40
2025-10-19,07:10-07:50,149.0761555555552,43,46
2025-10-19,08:00-08:30,125.88563333333309,48,50
2025-10-19,08:40-08:50,10.97958333333338,52,52
2025-10-19,09:20-09:40,73.2098694444444,56,57
2025-10-19,09:50-11:00,156.1860388888897,59,65
2025-10-19,11:20-12:00,33.748333333332994,68,71
2025-10-19,12:10-13:10,153.06343888888932,73,78
2025-10-19,13:40-13:50,48.50722500000006,82,82
2025-10-19,14:00-14:30,75.88292499999977,84,86
2025-10-19,14:40-15:00,101.82533055555518,88,89
2025-10-19,15:20-15:50,67.39543333333347,92,94
2025-10-19,16:20-16:40,50.30963888888951,98,99
2025-10-19,17:00-17:50,202.7568250000008,102,106
2025-10-19,18:10-18:50,64.95106666666665,109,112
2025-10-19,19:00-19:20,31.17146666666656,114,115
2025-10-19,19:50-20:00,9.06166666666661,119,119
2025-10-19,20:20-21:00,83.45739999999967,122,125
2025-10-19,21:10-21:40,53.92118333333326,127,129
2025-10-19,22:20-22:30,21.90666666666664,134,134
2025-10-19,23:00-23:20,17.432100000000105,138,139
2025-10-19,23:50-24:00,8.11999999999989,143,143
2025-10-20,00:00-00:10,7.40661666666665,0,0
2025-10-20,01:00-01:20,81.28095000000008,6,7
2025-10-20,02:10-02:50,108.80346666666674,13,16
2025-10-20,03:10-04:10,92.52823333333345,19,24
2025-10-20,05:20-05:50,62.05941666666664,32,34
2025-10-20,06:00-06:50,270.2876166666667,36,40
2025-10-20,07:10-07:30,62.353163888888794,43,44
2025-10-20,08:00-08:10,2.2762222222218043,48,48
2025-10-20,08:30-08:50,59.89877777777792,51,52
2025-10-20,09:40-09:50,14.950761111111206,58,58
2025-10-20,10:50-11:00,17.40161666666677,65,65
2025-10-20,13:00-13:50,156.98891111111175,78,82
2025-10-20,15:00-15:20,55.59464999999966,90,91
2025-10-20,15:30-15:50,20.966849999999795,93,94
2025-10-20,16:00-16:30,90.53609999999975,96,98
2025-10-20,17:10-17:50,170.72644999999957,103,106
2025-10-20,18:20-19:20,115.14705000000015,110,115
2025-10-20,20:00-20:20,22.853149999999914,120,121
2025-10-20,20:30-20:50,10.405650000000037,123,124
2025-10-20,21:00-21:30,64.31235000000004,126,128
2025-10-20,21:50-22:10,34.42253333333326,131,132
2025-10-20,22:30-23:00,77.90646666666657,135,137
2025-10-20,23:20-24:00,114.95143333333328,140,143
2025-10-21,00:00-00:10,13.2965333333334,0,0
2025-10-21,00:30-00:50,24.967533333333222,3,4
2025-10-21,01:40-02:00,14.958383333333359,10,11
2025-10-21,02:20-03:00,90.89126666666652,14,17
2025-10-21,03:30-03:50,25.253699999999867,21,22
2025-10-21,04:10-04:40,22.976116666666584,25,27
2025-10-21,05:10-07:00,348.60574166666584,31,41
2025-10-21,07:20-07:30,5.020891666666557,44,44
2025-10-21,08:00-08:10,3.9725166666667056,48,48
2025-10-21,08:20-08:50,36.16560000000038,50,52
2025-10-21,09:10-10:10,127.4548944444449,55,60
2025-10-21,10:40-11:00,17.65546666666637,64,65
2025-10-21,11:20-11:40,21.474069444444467,68,69
2025-10-21,11:50-12:00,25.79853333333358,71,71
2025-10-21,14:10-14:40,84.11539444444486,85,87
2025-10-21,14:50-15:00,15.408533333333366,89,89
2025-10-21,15:50-16:20,20.42982499999988,95,97
2025-10-21,16:50-17:50,259.71096666666654,101,106
2025-10-21,19:20-19:40,51.40531666666675,116,117
2025-10-21,20:00-20:10,4.504349999999931,120,120
2025-10-21,20:30-21:00,60.30461666666656,123,125
2025-10-21,22:30-22:50,52.59665000000007,135,136
2025-10-21,23:00-23:30,81.98051666666674,138,140
2025-10-21,23:40-24:00,4.3066499999999905,142,143
2025-10-22,00:20-00:30,9.571666666666715,2,2
2025-10-22,00:50-01:10,13.900116666666461,5,6
2025-10-22,01:20-01:50,101.25289999999995,8,10
2025-10-22,02:00-02:20,37.33126666666669,12,13
2025-10-22,03:20-03:50,48.57839999999999,20,22
2025-10-22,04:20-04:30,7.953333333333376,26,26
2025-10-22,04:50-06:50,230.66082499999982,29,40
2025-10-22,07:00-07:40,155.44431111111115,42,45
2025-10-22,08:30-08:40,0.6904166666666924,51,51
2025-10-22,08:50-09:20,76.2733250000008,53,55
2025-10-22,09:30-10:20,144.8895083333333,57,61
2025-10-22,11:20-12:00,98.46016666666742,68,71
2025-10-22,12:30-12:50,57.19205833333308,75,76
2025-10-22,13:40-14:00,37.98724999999922,82,83
2025-10-22,15:00-16:10,172.07823611110967,90,96
2025-10-22,16:30-18:50,395.78233333333293,99,112
2025-10-22,19:10-19:40,43.18570000000011,115,117
2025-10-22,20:30-21:00,55.46878333333325,123,125
2025-10-22,21:20-22:00,53.27953333333335,128,131
2025-10-22,22:30-24:00,137.27274999999975,135,143
2025-10-23,00:00-00:10,6.1750833333330775,0,0
2025-10-23,01:30-02:20,95.62866666666696,9,13
2025-10-23,02:40-02:50,5.940666666666743,16,16
2025-10-23,03:20-03:50,62.25540000000001,20,22
2025-10-23,04:10-04:30,14.960966666666652,25,26
2025-10-23,04:40-04:50,2.7127166666666653,28,28
2025-10-23,05:20-05:40,13.14695000000007,32,33
2025-10-23,06:00-06:50,297.9379916666668,36,40
2025-10-23,08:40-09:40,320.40419166666663,52,57
2025-10-23,09:50-10:00,86.27583333333337,59,59
2025-10-23,10:40-12:20,680.1596083333352,64,73
2025-10-23,12:30-12:50,44.32528333333312,75,76
2025-10-23,13:10-13:20,9.131549999999834,79,79
2025-10-23,13:40-13:50,1.345941666666704,82,82
2025-10-23,14:30-14:40,40.183777777777664,87,87
2025-10-23,15:30-15:50,60.15706666666654,93,94
2025-10-23,16:20-16:30,14.173058333333133,98,98
2025-10-23,17:00-18:00,343.17552500000016,102,107
2025-10-23,19:00-19:20,32.13681666666673,114,115
2025-10-23,19:40-19:50,11.579099999999926,118,118
2025-10-23,20:00-20:30,66.70573333333346,120,122
2025-10-23,21:00-21:10,6.608749999999986,126,126
2025-10-23,22:00-22:20,140.90651666666668,132,133
2025-10-23,23:00-23:20,69.75163333333342,138,139
2025-10-23,23:40-24:00,15.71961666666675,142,143
2025-10-24,00:30-01:00,6.827249999999879,3,5
2025-10-24,01:50-02:10,39.840116666666574,11,12
2025-10-24,02:30-03:10,96.35830000000016,15,18
2025-10-24,03:30-03:50,45.313499999999976,21,22
2025-10-24,04:00-04:20,12.90248333333335,24,25
2025-10-24,04:40-05:10,27.085249999999984,28,30
2025-10-24,05:20-06:30,229.7822583333332,32,38
2025-10-24,06:50-07:50,224.90009999999984,41,46
2025-10-24,08:00-08:10,20.40711666666664,48,48
2025-10-24,15:30-16:00,42.56539722222231,93,95
2025-10-24,16:10-18:00,347.6909611111112,97,107
2025-10-24,18:10-18:30,67.31243333333339,109,110
2025-10-24,18:50-19:10,27.6564833333332,113,114
2025-10-24,19:30-19:50,62.148883333333345,117,118
2025-10-24,20:00-20:30,71.53981666666658,120,122
2025-10-24,20:50-21:20,105.07643333333323,125,127
2025-10-24,22:00-22:30,83.41871666666674,132,134
2025-10-24,22:50-23:00,38.168333333333294,137,137
2025-10-24,23:50-24:00,18.625,143,143
2025-10-25,01:10-01:50,171.04331666666695,7,10
2025-10-25,02:10-02:40,50.39569999999992,13,15
2025-10-25,03:30-03:50,32.18556666666666,21,22
2025-10-25,04:10-04:30,26.674650000000103,25,26
2025-10-25,05:30-05:50,93.1432166666666,33,34
2025-10-25,06:30-06:50,130.86448333333334,39,40
2025-10-25,07:00-07:20,14.753108333333387,42,43
2025-10-25,07:30-07:40,1.2690055555556228,45,45
2025-10-25,13:10-13:20,86.40203333333307,79,79
2025-10-25,16:00-16:20,51.14310000000012,96,97
2025-10-25,17:00-18:30,371.8206555555556,102,110
2025-10-25,18:50-19:30,106.39925000000011,113,116
2025-10-25,19:50-20:50,119.42341666666664,119,124
2025-10-25,21:00-21:20,119.3564333333332,126,127
2025-10-25,21:40-21:50,9.860566666666614,130,130
2025-10-25,22:00-22:20,13.611666666666736,132,133
2025-10-25,22:50-23:20,97.3634833333333,137,139
2025-10-26,00:00-00:20,55.70506666666665,0,1
2025-10-26,00:40-00:50,12.760749999999916,4,4
2025-10-26,01:20-02:40,159.00168333333306,8,15
2025-10-26,02:50-03:00,2.886666666666656,17,17
2025-10-26,03:20-03:40,34.243833333333214,20,21
2025-10-26,04:00-04:20,20.89409999999998,24,25
2025-10-26,04:30-04:40,0.255983333333373,27,27
2025-10-26,05:20-05:40,56.65728333333367,32,33
2025-10-26,06:00-06:40,145.50102222222256,36,39
2025-10-26,07:10-07:50,47.489844444444714,43,46
2025-10-26,08:30-08:50,48.669658333333246,51,52
2025-10-26,09:00-09:20,118.7551833333332,54,55
2025-10-26,09:30-09:50,37.53958333333401,57,58
2025-10-26,10:00-12:30,1222.3178194444451,60,74
2025-10-26,12:50-13:00,2.912883333333184,77,77
2025-10-26,13:20-13:30,16.382083333333185,80,80
2025-10-26,14:30-14:40,7.680788888888969,87,87
2025-10-26,15:00-15:30,89.29575000000011,90,92
2025-10-26,16:20-16:30,14.872991666666678,98,98
2025-10-26,16:50-18:00,363.49637500000006,101,107
2025-10-26,18:20-18:30,8.955000000000041,110,110
2025-10-26,19:20-19:40,23.778316666666797,116,117
2025-10-26,20:00-20:20,17.439466666666817,120,121
2025-10-26,21:40-21:50,5.581016666666528,130,130
2025-10-26,22:00-22:10,0.3419499999999971,132,132
2025-10-26,22:30-22:50,32.87986666666666,135,136
2025-10-26,23:30-23:50,42.9270333333335,141,142
2025-10-27,00:10-00:40,84.3548500000004,1,3
2025-10-27,01:20-02:10,106.12914999999953,8,12
2025-10-27,02:20-02:30,3.259999999999991,14,14
2025-10-27,03:00-03:20,42.36026666666669,18,19
2025-10-27,03:40-03:50,16.419849999999997,22,22
2025-10-27,04:00-04:30,45.03196666666656,24,26
2025-10-27,04:40-05:30,15.796183333333326,28,32
2025-10-27,05:40-06:50,241.40903333333347,34,40
2025-10-27,07:00-07:10,6.260575000000102,42,42
2025-10-27,07:30-07:50,41.48830833333369,45,46
2025-10-27,08:10-08:30,61.80127500000049,49,50
2025-10-27,08:40-09:00,28.74359166666659,52,53
2025-10-27,10:00-10:10,21.930916666666462,60,60
2025-10-27,12:50-13:00,14.064683333333278,77,77
2025-10-27,14:00-14:20,23.161399999999958,84,85
2025-10-27,14:50-15:10,28.454330555555885,89,90
2025-10-27,15:50-16:00,10.587016666666727,95,95
2025-10-27,16:50-17:50,228.89965000000024,101,106
2025-10-27,18:00-18:20,10.040783333333472,108,109
2025-10-27,18:40-18:50,11.57271666666668,112,112
2025-10-27,19:30-20:00,49.44778333333352,117,119
2025-10-27,21:00-21:10,0.8108499999999594,126,126
2025-10-27,21:30-21:40,8.98211666666657,129,129
2025-10-27,22:10-22:40,47.7560666666667,133,135
2025-10-27,23:00-23:20,61.328816666666626,138,139
2025-10-28,00:00-00:30,89.57121666666649,0,2
2025-10-28,00:50-01:40,122.94196666666699,5,9
2025-10-28,01:50-02:00,4.345000000000027,11,11
2025-10-28,02:20-04:00,97.80061666666666,14,23
2025-10-28,04:20-04:30,16.76666666666665,26,26
2025-10-28,04:50-05:10,15.713333333333225,29,30
2025-10-28,06:00-07:30,171.332163888889,36,44
2025-10-28,07:40-08:10,86.11504444444404,46,48
2025-10-28,08:40-09:30,62.69553055555582,52,56
2025-10-28,09:50-10:20,75.88629166666647,59,61
2025-10-28,10:50-11:10,31.117827777776938,65,66
2025-10-28,11:30-12:00,181.82076666666626,69,71
2025-10-28,12:40-12:50,21.83939444444445,76,76
2025-10-28,13:00-13:20,43.54463333333297,78,79
2025-10-28,14:40-15:00,20.975827777778132,88,89
2025-10-28,15:20-15:40,70.44652222222214,92,93
2025-10-28,16:00-17:40,286.0466055555553,96,105
2025-10-28,18:10-18:20,1.4157166666665864,109,109
2025-10-28,18:30-18:50,42.159866666666744,111,112
2025-10-28,19:10-19:30,11.742033333333213,115,116
2025-10-28,19:50-20:10,9.594866666666462,119,120
2025-10-28,20:20-20:50,30.726566666666827,122,124
2025-10-28,21:00-21:20,18.11424999999997,126,127
2025-10-28,22:10-23:00,95.37838333333332,133,137
2025-10-28,23:50-24:00,12.481666666666683,143,143
2025-10-29,00:20-00:30,11.178333333333285,2,2
2025-10-29,01:50-02:00,28.398333333333085,11,11
2025-10-29,02:20-02:50,80.95448333333343,14,16
2025-10-29,03:00-03:20,33.143299999999954,18,19
2025-10-29,03:50-04:00,2.228333333333353,23,23
2025-10-29,04:10-04:40,124.57119999999989,25,27
2025-10-29,05:10-05:40,59.95556666666649,31,33
2025-10-29,06:00-07:00,223.73752499999986,36,41
2025-10-29,07:30-07:50,16.12936666666684,45,46
2025-10-29,09:10-09:20,3.774227777777469,55,55
2025-10-29,11:10-11:40,46.52025833333346,67,69
2025-10-29,13:00-13:10,9.943677777777792,78,78
2025-10-29,14:20-15:20,98.39227500000015,86,91
2025-10-29,16:30-16:40,3.323211111110965,99,99
2025-10-29,17:00-18:00,266.6074749999999,102,107
2025-10-29,18:40-19:10,55.95236666666676,112,114
2025-10-29,19:50-21:30,145.96105,119,128
2025-10-29,22:00-22:50,102.10458333333327,132,136
2025-10-29,23:40-24:00,7.236183333333315,142,143
2025-10-30,00:00-00:10,6.437766666666903,0,0
2025-10-30,00:40-01:30,142.08333333333326,4,8
2025-10-30,02:50-03:30,97.02303333333339,17,20
2025-10-30,03:50-04:10,72.31796666666662,23,24
2025-10-30,04:40-04:50,14.390733333333287,28,28
2025-10-30,05:50-06:50,194.66805833333308,35,40
2025-10-30,07:00-07:50,103.22883333333317,42,46
2025-10-30,08:10-08:30,64.50083333333339,49,50
2025-10-30,08:40-09:00,56.00408333333326,52,53
2025-10-30,09:20-09:40,32.738433333332864,56,57
2025-10-30,09:50-12:00,925.4078333333348,59,71
2025-10-30,12:20-12:30,29.114166666666502,74,74
2025-10-30,13:00-13:40,134.5111055555551,78,81
2025-10-30,14:00-14:30,83.26573333333408,84,86
2025-10-30,14:50-15:00,6.442150000000197,89,89
2025-10-30,15:50-18:00,233.46752499999997,95,107
2025-10-30,18:20-18:50,107.10438333333343,110,112
2025-10-30,19:20-19:30,26.27666666666664,116,116
2025-10-30,20:00-20:10,5.468216666666763,120,120
2025-10-30,20:40-21:00,71.66936666666663,124,125
2025-10-30,21:10-21:40,78.97261666666657,127,129
2025-10-30,21:50-22:00,24.414999999999964,131,131
2025-10-30,22:30-23:40,104.92958333333308,135,141
2025-10-31,00:00-01:00,79.41611666666643,0,5
2025-10-31,01:20-01:50,78.91236666666686,8,10
2025-10-31,03:10-03:30,12.818299999999965,19,20
2025-10-31,03:40-04:10,29.395616666666683,22,24
2025-10-31,04:20-04:40,49.14318333333341,26,27
2025-10-31,05:10-05:30,60.787450000000035,31,32
2025-10-31,06:00-07:30,254.01419166666693,36,44
2025-10-31,14:20-14:30,3.9583333333333712,86,86
2025-10-31,14:40-15:00,36.791233333333366,88,89
2025-10-31,15:20-15:30,24.01994166666668,92,92
2025-10-31,16:10-16:30,73.99748055555548,97,98
2025-10-31,17:10-17:40,103.96613333333337,103,105
2025-10-31,17:50-18:20,71.65504999999985,107,109
2025-10-31,18:40-18:50,20.41736666666668,112,112
2025-10-31,19:20-19:40,51.39399999999995,116,117
2025-10-31,20:40-20:50,1.3113833333333105,124,124
2025-10-31,21:20-21:40,32.2552,128,129
2025-10-31,21:50-22:20,45.59738333333331,131,133
2025-10-31,22:30-22:40,26.22125,135,135
2025-10-31,23:40-23:50,11.28684999999996,142,142
2025-11-01,00:00-00:20,15.389949999999999,0,1
2025-11-01,01:50-02:20,49.49359999999996,11,13
2025-11-01,02:30-03:40,324.7839333333334,15,21
2025-11-01,04:20-04:40,41.33781666666664,26,27
2025-11-01,05:00-05:30,68.75615000000002,30,32
2025-11-01,05:50-06:40,162.13645833333328,35,39
2025-11-01,07:20-07:50,121.81608333333332,44,46
2025-11-01,13:50-14:00,9.402083333333394,83,83
2025-11-01,14:30-14:40,31.782116666666525,87,87
2025-11-01,15:20-15:40,24.690800000000024,92,93
2025-11-01,16:00-16:20,49.58000833333318,96,97
2025-11-01,16:40-17:40,226.66534722222224,100,105
2025-11-01,18:30-18:40,3.962800000000016,111,111
2025-11-01,19:30-19:50,24.257949999999934,117,118
2025-11-01,20:40-21:00,38.99251666666663,124,125
2025-11-01,21:20-21:30,27.866666666666674,128,128
2025-11-01,21:50-22:10,44.89361666666662,131,132
2025-11-01,22:40-22:50,9.61835000000002,136,136
2025-11-01,23:20-24:00,27.516833333333295,140,143
2025-11-02,00:20-01:10,40.14801666666699,2,6
2025-11-02,01:50-02:20,43.29583333333346,11,13
2025-11-02,02:30-03:10,92.14175,15,18
2025-11-02,04:40-05:20,172.1078666666666,28,31
2025-11-02,05:40-05:50,18.961599999999976,34,34
2025-11-02,06:00-08:20,387.97033333333343,36,49
2025-11-02,08:50-09:00,28.15873333333377,53,53
2025-11-02,09:30-09:50,96.74762499999974,57,58
2025-11-02,12:20-12:40,109.4494194444444,74,75
2025-11-02,13:20-13:40,23.984061111111032,80,81
2025-11-02,15:10-15:20,13.121449999999754,91,91
2025-11-02,15:40-16:00,37.82033333333311,94,95
2025-11-02,16:20-17:30,142.8694500000004,98,104
2025-11-02,18:10-20:00,306.27155000000016,109,119
2025-11-02,20:10-21:00,83.75620000000004,121,125
2025-11-02,21:40-22:20,94.31061666666672,130,133
2025-11-02,22:50-23:10,17.693333333333385,137,138
2025-11-03,00:10-00:20,4.714733333333243,1,1
2025-11-03,00:30-01:50,89.82641666666711,3,10
2025-11-03,02:10-03:30,150.09770000000003,13,20
2025-11-03,03:50-04:10,26.549466666666603,23,24
2025-11-03,04:30-04:50,23.109649999999988,27,28
2025-11-03,05:00-05:20,125.54110000000001,30,31
2025-11-03,06:20-07:30,251.11063333333283,38,44
2025-11-03,08:00-08:10,34.29220833333318,48,48
2025-11-03,08:30-08:50,29.80120833333342,51,52
2025-11-03,09:00-10:20,250.49601944444453,54,61
2025-11-03,10:40-11:20,105.9788888888886,64,67
2025-11-03,11:50-12:00,8.469499999999925,71,71
2025-11-03,12:20-12:50,83.2049333333332,74,76
2025-11-03,13:50-14:00,10.3753999999999,83,83
2025-11-03,15:20-15:40,47.423022222222016,92,93
2025-11-03,16:10-16:30,3.0778416666665014,97,98
2025-11-03,17:00-18:30,277.46414166666636,102,110
2025-11-03,19:10-19:30,6.937033333333261,115,116
2025-11-03,20:30-21:00,31.575366666666582,123,125
2025-11-03,21:50-22:10,41.97231666666664,131,132
2025-11-03,22:50-23:00,11.9466666666666,137,137
2025-11-03,23:20-24:00,108.39661666666632,140,143
2025-11-04,00:00-00:10,13.4981833333336,0,0
2025-11-04,00:30-00:50,79.14996666666684,3,4
2025-11-04,02:00-02:30,68.8461500000003,12,14
2025-11-04,03:20-04:20,91.0901,20,25
2025-11-04,05:00-06:50,424.05114722222237,30,40
2025-11-04,07:30-07:50,28.946650000000147,45,46
2025-11-04,11:00-11:20,24.400100000000524,66,67
2025-11-04,11:30-12:00,42.13993333333315,69,71
2025-11-04,12:50-13:00,61.32221666666737,77,77
2025-11-04,13:50-14:20,79.23752222222242,83,85
2025-11-04,14:40-14:50,33.58031388888878,88,88
2025-11-04,15:00-15:20,27.455133333333947,90,91
2025-11-04,15:50-16:00,20.21953333333352,95,95
2025-11-04,16:20-16:40,15.293288888889037,98,99
2025-11-04,17:00-20:30,626.6896750000002,102,122
2025-11-04,20:50-21:20,63.17991666666683,125,127
2025-11-04,21:50-22:20,58.29091666666676,131,133
2025-11-04,23:00-23:50,96.20244999999977,138,142
2025-11-05,00:00-00:50,109.67336666666688,0,4
2025-11-05,01:00-01:40,104.54894999999988,6,9
2025-11-05,02:00-02:30,69.16385000000002,12,14
2025-11-05,02:50-03:20,59.61948333333328,17,19
2025-11-05,03:50-04:00,17.16666666666663,23,23
2025-11-05,04:40-05:10,130.11480000000006,28,30
2025-11-05,05:50-07:20,383.6356250000001,35,43
2025-11-05,07:30-08:00,121.40107499999988,45,47
2025-11-05,08:10-08:30,45.151799999999874,49,50
2025-11-05,08:50-09:00,20.9923666666665,53,53
2025-11-05,09:20-09:50,66.8691749999997,56,58
2025-11-05,10:00-10:10,87.97767777777733,60,60
2025-11-05,10:40-11:20,162.4470472222215,64,67
2025-11-05,11:30-12:00,207.11380833333283,69,71
2025-11-05,14:00-14:10,19.19821666666678,84,84
2025-11-05,14:20-15:00,103.45468333333417,86,89
2025-11-05,15:30-15:50,36.96948333333307,93,94
2025-11-05,16:30-17:30,181.17376666666664,99,104
2025-11-05,17:50-18:10,36.85619999999983,107,108
2025-11-05,18:30-18:40,8.71463333333339,111,111
2025-11-05,19:10-19:40,17.495316666666895,115,117
2025-11-05,20:50-21:00,8.75,125,125
2025-11-05,21:40-22:00,62.75366666666673,130,131
2025-11-05,22:20-23:00,104.92233333333343,134,137
2025-11-05,23:20-23:30,22.50833333333333,140,140
2025-11-06,00:10-00:40,63.16673333333347,1,3
2025-11-06,01:30-02:10,101.74743333333322,9,12
2025-11-06,02:20-03:00,113.62391666666667,14,17
2025-11-06,03:30-03:50,52.047199999999975,21,22
2025-11-06,04:10-04:30,29.383383333333423,25,26
2025-11-06,05:00-05:50,166.49911666666657,30,34
2025-11-06,06:10-07:00,167.97308333333336,37,41
2025-11-06,07:20-10:00,566.0319499999997,44,59
2025-11-06,10:10-10:30,28.854658333332395,61,62
2025-11-06,10:50-11:10,59.362624999999525,65,66
2025-11-06,11:40-12:20,154.77616666666654,70,73
2025-11-06,12:50-13:10,23.89216111111159,77,78
2025-11-06,13:40-14:00,9.781000000000176,82,83
2025-11-06,16:10-16:20,6.347783333333325,97,97
2025-11-06,16:30-17:50,113.3103916666676,99,106
2025-11-06,18:00-18:20,67.72956666666664,108,109
2025-11-06,18:40-19:00,43.99070000000006,112,113
2025-11-06,20:10-21:20,151.3975333333335,121,127
2025-11-06,21:30-21:50,47.612483333333444,129,130
2025-11-06,22:10-22:30,80.25549999999998,133,134
2025-11-06,22:50-23:40,73.51601666666681,137,141
2025-11-07,00:30-00:50,18.163100000000213,3,4
2025-11-07,01:00-02:50,279.9449666666664,6,16
2025-11-07,03:20-03:50,43.22008333333332,20,22
2025-11-07,04:50-05:00,0.4850000000000136,29,29
2025-11-07,05:50-07:20,177.76768333333308,35,43
2025-11-07,07:30-08:00,95.23459444444427,45,47
2025-11-07,08:20-08:30,18.20581666666669,50,50
2025-11-07,08:50-09:00,19.08521666666661,53,53
2025-11-07,15:30-16:00,117.48096388888882,93,95
2025-11-07,17:00-17:50,357.7107750000001,102,106
2025-11-07,18:20-18:30,7.035000000000025,110,110
2025-11-07,19:00-19:10,7.980500000000006,114,114
2025-11-07,19:40-20:00,35.638366666666684,118,119
2025-11-07,20:10-20:50,99.22943333333336,121,124
2025-11-07,22:20-23:30,209.71568333333346,134,140
2025-11-07,23:50-24:00,26.4616666666667,143,143
2025-11-08,00:00-00:20,93.61020000000008,0,1
2025-11-08,00:40-00:50,7.309316666666518,4,4
2025-11-08,01:00-01:40,115.02591666666666,6,9
2025-11-08,02:10-02:30,53.328650000000096,13,14
2025-11-08,03:00-03:10,13.788733333333257,18,18
2025-11-08,03:50-05:00,34.647566666666734,23,29
2025-11-08,06:00-06:50,99.1813666666668,36,40
2025-11-08,07:10-07:20,9.82887777777762,43,43
2025-11-08,07:50-08:00,25.27041666666668,47,47
2025-11-08,11:00-11:10,8.19773333333319,66,66
2025-11-08,12:00-12:10,25.177063888888824,72,72
2025-11-08,12:50-13:20,79.03338333333318,77,79
2025-11-08,14:00-14:10,12.387399999999843,84,84
2025-11-08,15:30-15:50,4.976608333333218,93,94
2025-11-08,16:20-16:40,68.74007777777777,98,99
2025-11-08,17:00-17:50,144.48501666666672,102,106
2025-11-08,18:40-19:50,164.6517499999997,112,118
2025-11-08,20:20-20:40,17.953683333333345,122,123
2025-11-08,21:10-21:40,20.734133333333375,127,129
2025-11-08,22:10-22:40,63.63941666666676,133,135
2025-11-09,00:20-00:40,46.01968333333343,2,3
2025-11-09,01:10-01:30,54.5922833333334,7,8
2025-11-09,02:00-02:10,3.788250000000062,12,12
2025-11-09,03:10-04:30,154.12693333333345,19,26
2025-11-09,05:10-05:20,12.767733333333226,31,31
2025-11-09,05:40-06:00,18.80193333333343,34,35
2025-11-09,06:20-07:10,144.31946111111102,38,42
2025-11-09,08:00-08:20,29.27322500000014,48,49
2025-11-09,09:20-09:30,13.611866666667195,56,56
2025-11-09,10:00-10:20,22.909375000000633,60,61
2025-11-09,11:20-12:20,405.1073333333334,68,73
2025-11-09,12:30-12:50,19.599449999999933,75,76
2025-11-09,13:50-15:10,238.03950833333397,83,90
2025-11-09,15:30-15:50,5.847116666666693,93,94
2025-11-09,16:00-16:20,7.4274250000001985,96,97
2025-11-09,16:30-18:10,325.0749416666654,99,108
2025-11-09,18:30-18:50,23.4189,111,112
2025-11-09,19:50-20:10,26.755350000000135,119,120
2025-11-09,20:40-21:20,99.73111666666671,124,127
2025-11-09,22:10-22:50,83.1840666666667,133,136
2025-11-09,23:40-24:00,42.38554999999997,142,143
2025-11-10,00:20-00:40,52.453333333333376,2,3
2025-11-10,01:10-01:30,75.49246666666636,7,8
2025-11-10,01:50-02:10,28.812399999999798,11,12
2025-11-10,02:40-02:50,13.304816666666625,16,16
2025-11-10,03:30-05:00,116.56836666666679,21,29
2025-11-10,05:30-07:10,258.7893250000003,33,42
2025-11-10,07:30-08:00,93.69225000000017,45,47
2025-11-10,08:30-08:50,20.212850000000117,51,52
2025-11-10,12:00-12:20,91.47646666666606,72,73
2025-11-10,12:30-12:50,86.3008833333331,75,76
2025-11-10,13:00-13:10,5.34258055555506,78,78
2025-11-10,14:10-15:00,95.73524444444422,85,89
2025-11-10,15:40-16:30,58.180969444444,94,98
2025-11-10,17:00-17:50,168.90751666666662,102,106
2025-11-10,18:00-18:20,72.29105000000004,108,109
2025-11-10,18:30-19:00,101.42263333333341,111,113
2025-11-10,19:10-19:40,38.73506666666674,115,117
2025-11-10,19:50-20:30,99.90416666666658,119,122
2025-11-10,20:50-21:00,47.510000000000105,125,125
2025-11-10,21:20-22:00,149.70119999999974,128,131
2025-11-10,23:00-23:30,60.850016666666534,138,140
2025-11-11,00:10-00:30,36.98276666666653,1,2
2025-11-11,00:50-02:10,213.0587833333326,5,12
2025-11-11,02:30-02:50,2.8672999999998865,15,16
2025-11-11,04:30-04:50,22.637183333333233,27,28
2025-11-11,05:00-05:20,7.264549999999922,30,31
2025-11-11,05:30-05:40,0.0107166666666671,33,33
2025-11-11,06:10-07:40,293.38864444444414,37,45
2025-11-11,08:10-08:30,60.94916666666654,49,50
2025-11-11,08:50-09:40,137.33498333333333,53,57
2025-11-11,10:00-10:20,32.34308888888904,60,61
2025-11-11,11:20-11:30,4.77079166666681,68,68
2025-11-11,11:50-12:00,6.670166666666773,71,71
2025-11-11,13:10-13:30,80.49493055555558,79,80
2025-11-11,14:10-14:30,34.250619444444396,85,86
2025-11-11,15:20-17:30,316.4843166666667,92,104
2025-11-11,17:50-18:10,24.262699999999995,107,108
2025-11-11,18:20-18:40,8.942983333333299,110,111
2025-11-11,19:40-20:00,17.0935833333333,118,119
2025-11-11,21:20-22:40,171.73911666666686,128,135
2025-11-11,23:00-23:30,88.74125000000004,138,140
2025-11-11,23:50-24:00,20.43333333333328,143,143
2025-11-12,00:50-01:10,14.734550000000127,5,6
2025-11-12,01:40-02:00,13.480066666666744,10,11
2025-11-12,03:30-03:50,25.118766666666602,21,22
2025-11-12,04:10-04:50,64.51735000000009,25,28
2025-11-12,05:20-05:30,18.378333333333103,32,32
2025-11-12,06:00-06:40,122.48843333333343,36,39
2025-11-12,06:50-07:00,18.868883333333244,41,41
2025-11-12,07:20-07:40,73.5573638888888,44,45
2025-11-12,08:10-08:20,22.598450000000184,49,49
2025-11-12,08:40-08:50,19.314241666666703,52,52
2025-11-12,13:30-13:50,10.272524999999973,81,82
2025-11-12,14:50-15:40,65.14900000000006,89,93
2025-11-12,15:50-16:30,118.0178,95,98
2025-11-12,16:50-17:50,196.95979166666666,101,106
2025-11-12,18:20-18:40,46.2382833333334,110,111
2025-11-12,19:00-20:40,197.35368333333292,114,123
2025-11-12,21:00-21:20,29.826416666666432,126,127
2025-11-12,21:30-21:50,39.18374999999992,129,130
2025-11-12,22:30-22:40,3.744283333333328,135,135
2025-11-12,23:00-23:20,22.33409999999992,138,139
2025-11-12,23:40-24:00,60.74008333333336,142,143
2025-11-13,00:00-00:30,22.415116666666563,0,2
2025-11-13,00:50-01:20,49.38695000000007,5,7
2025-11-13,01:50-02:20,79.94681666666679,11,13
2025-11-13,02:50-03:00,4.69500000000005,17,17
2025-11-13,03:10-03:30,46.079599999999914,19,20
2025-11-13,03:50-04:20,51.612300000000005,23,25
2025-11-13,04:30-05:10,109.9484666666668,27,30
2025-11-13,05:50-07:10,228.4833194444441,35,42
2025-11-13,07:20-07:50,42.64874999999981,44,46
2025-11-13,08:40-09:00,35.7258611111115,52,53
2025-11-13,10:40-11:00,73.19177777777827,64,65
2025-11-13,11:10-11:40,95.08215833333338,67,69
2025-11-13,12:10-13:00,338.51633333333325,73,77
2025-11-13,13:50-17:40,921.6092277777761,83,105
2025-11-13,18:40-20:30,250.26998333333324,112,122
2025-11-13,21:50-22:10,43.2181333333333,131,132
2025-11-13,22:30-22:50,38.58841666666672,135,136
2025-11-13,23:50-24:00,8.890000000000043,143,143
2025-11-14,00:00-00:40,59.291833333333216,0,3
2025-11-14,01:50-02:10,30.841816666666602,11,12
2025-11-14,02:50-03:20,68.48026666666675,17,19
2025-11-14,04:20-04:40,31.629750000000058,26,27
2025-11-14,04:50-05:20,51.70091666666657,29,31
2025-11-14,05:40-06:00,14.747266666666745,34,35
2025-11-14,06:20-06:50,55.255591666666646,38,40
2025-11-14,07:10-07:40,55.796866666666574,43,45
2025-11-14,10:00-10:20,30.572700000000054,60,61
2025-11-14,12:30-12:40,12.382911111111298,75,75
2025-11-14,14:40-15:00,68.47378333333336,88,89
2025-11-14,15:30-15:50,27.07282500000008,93,94
2025-11-14,16:00-17:20,208.00080833333308,96,103
2025-11-14,18:30-19:00,82.34948333333324,111,113
2025-11-14,19:20-19:30,7.123333333333335,116,116
2025-11-14,19:50-20:10,37.71621666666675,119,120
2025-11-14,21:10-22:10,172.89383333333325,127,132
2025-11-14,23:30-23:50,49.57469999999995,141,142
2025-11-15,00:20-01:00,68.08228333333341,2,5
2025-11-15,01:20-01:30,7.156666666666752,8,8
2025-11-15,01:40-02:10,36.2065333333332,10,12
2025-11-15,02:40-03:00,20.473100000000045,16,17
2025-11-15,03:10-04:20,268.49943333333334,19,25
2025-11-15,04:40-05:40,92.14464999999971,28,33
2025-11-15,06:20-06:50,67.62684999999999,38,40
2025-11-15,07:00-07:10,41.52551666666676,42,42
2025-11-15,07:20-07:30,5.729600000000005,44,44
2025-11-15,08:00-08:10,25.36774166666657,48,48
2025-11-15,08:50-09:10,26.13665000000015,53,54
2025-11-15,09:40-10:10,101.88808333333327,58,60
2025-11-15,13:20-13:30,31.45500000000004,80,80
2025-11-15,14:40-15:00,51.57751666666661,88,89
2025-11-15,15:40-16:10,103.40335277777791,94,96
2025-11-15,16:30-16:50,36.53422500000002,99,100
2025-11-15,17:00-17:40,92.83723888888895,102,105
2025-11-15,18:00-18:40,62.1287999999999,108,111
2025-11-15,19:40-20:40,146.69975000000005,118,123
2025-11-15,21:00-21:10,25.92880000000008,126,126
2025-11-15,21:40-22:00,30.65564999999998,130,131
2025-11-15,22:40-23:20,99.29435000000001,136,139
2025-11-16,00:00-00:20,91.29579999999987,0,1
2025-11-16,00:40-01:10,65.75150000000008,4,6
2025-11-16,01:40-02:00,68.0152833333334,10,11
2025-11-16,02:20-02:40,14.306600000000117,14,15
2025-11-16,03:10-03:30,7.494299999999953,19,20
2025-11-16,03:50-04:10,14.551749999999856,23,24
2025-11-16,04:30-05:00,31.738716666666612,27,29
2025-11-16,05:10-05:40,81.88613333333315,31,33
2025-11-16,05:50-06:50,235.03861666666663,35,40
2025-11-16,07:20-07:50,42.62278333333336,44,46
2025-11-16,08:20-08:30,44.01458333333324,50,50
2025-11-16,08:50-09:00,20.882216666666977,53,53
2025-11-16,09:50-10:00,28.370800000000145,59,59
2025-11-16,10:30-12:00,222.68255833333387,63,71
2025-11-16,12:50-13:20,51.07532500000002,77,79
2025-11-16,13:30-14:00,103.64277499999957,81,83
2025-11-16,14:50-15:10,28.65690000000052,89,90
2025-11-16,15:40-18:00,392.1953666666668,94,107
2025-11-16,18:20-18:30,11.691666666666606,110,110
2025-11-16,18:50-19:00,9.311666666666724,113,113
2025-11-16,19:20-19:50,17.372550000000047,116,118
2025-11-16,20:20-20:50,91.12911666666673,122,124
2025-11-16,21:20-21:30,40.31333333333328,128,128
2025-11-16,21:50-22:10,6.8857166666665535,131,132
2025-11-16,22:20-22:30,3.408333333333303,134,134
2025-11-16,22:50-23:30,129.35001666666665,137,140
2025-11-16,23:40-24:00,29.6088166666666,142,143
2025-11-17,00:40-01:20,145.646083333334,4,7
2025-11-17,01:40-02:10,80.6217666666671,10,12
2025-11-17,02:50-03:20,87.52771666666649,17,19
2025-11-17,03:30-03:50,29.601400000000012,21,22
2025-11-17,04:30-04:50,8.033216666666704,27,28
2025-11-17,05:00-05:30,87.61531666666676,30,32
2025-11-17,06:20-06:50,72.2894499999999,38,40
2025-11-17,07:10-07:40,21.581174999999917,43,45
2025-11-17,07:50-08:10,19.42053333333297,47,48
2025-11-17,09:20-10:00,92.29388333333316,56,59
2025-11-17,12:50-13:00,1.496449999999868,77,77
2025-11-17,15:00-15:30,63.61798333333286,90,92
2025-11-17,16:30-17:40,159.91054722222268,99,105
2025-11-17,18:20-18:30,4.516666666666652,110,110
2025-11-17,19:00-19:20,17.561683333333235,114,115
2025-11-17,19:30-19:40,3.0243666666666518,117,117
2025-11-17,20:20-20:50,73.40718333333325,122,124
2025-11-17,21:10-21:20,9.782833333333317,127,127
2025-11-17,21:50-22:40,102.18068333333315,131,135
2025-11-17,23:00-23:20,49.0462500000001,138,139
2025-11-18,00:00-00:20,16.8109166666668,0,1
2025-11-18,00:30-01:30,108.71945000000028,3,8
2025-11-18,02:00-02:10,13.342283333333173,12,12
2025-11-18,02:40-02:50,2.8098999999999705,16,16
2025-11-18,03:00-03:30,73.85601666666673,18,20
2025-11-18,04:00-04:50,136.51936666666677,24,28
2025-11-18,05:00-05:10,5.887550000000033,30,30
2025-11-18,05:40-05:50,1.7754999999999486,34,34
2025-11-18,06:00-06:20,18.060516666666558,36,37
2025-11-18,06:30-06:50,40.4808,39,40
2025-11-18,07:10-07:20,0.9575333333333162,43,43
2025-11-18,07:40-08:10,67.9123888888891,46,48
2025-11-18,08:20-08:50,107.6146166666673,50,52
2025-11-18,09:00-09:10,2.456213888888556,54,54
2025-11-18,09:40-10:00,1.3810527777779953,58,59
2025-11-18,10:10-11:10,241.55308055555543,61,66
2025-11-18,11:30-12:50,348.38522499999954,69,76
2025-11-18,13:50-15:20,364.36044166666716,83,91
2025-11-18,16:00-16:30,94.83339999999978,96,98
2025-11-18,16:40-17:20,110.47699444444473,100,103
2025-11-18,17:30-17:50,17.853691666666748,105,106
2025-11-18,18:40-19:10,42.447866666666755,112,114
2025-11-18,19:20-19:30,13.14666666666676,116,116
2025-11-18,20:10-20:20,0.901083333333304,121,121
2025-11-18,20:30-21:20,128.21131666666633,123,127
2025-11-18,21:50-22:00,16.031666666666638,131,131
2025-11-18,22:20-23:00,128.2572,134,137
2025-11-18,23:30-23:50,48.9980833333334,141,142
2025-11-19,00:00-00:20,22.460549999999785,0,1
2025-11-19,00:30-01:00,100.9063000000001,3,5
2025-11-19,01:20-02:30,133.85078333333308,8,14
2025-11-19,03:00-03:30,111.42513333333318,18,20
2025-11-19,03:50-04:00,25.13833333333332,23,23
2025-11-19,04:50-05:10,47.430233333333376,29,30
2025-11-19,05:40-06:00,136.72690000000006,34,35
2025-11-19,06:30-06:50,72.76136666666659,39,40
2025-11-19,07:00-07:20,63.182850000000016,42,43
2025-11-19,07:50-08:00,6.189583333333303,47,47
2025-11-19,09:20-09:30,11.52301666666665,56,56
2025-11-19,13:20-13:40,17.554438888888853,80,81
2025-11-19,14:10-14:30,31.691336111111127,85,86
2025-11-19,14:50-15:20,58.207008333332965,89,91
2025-11-19,15:30-16:00,33.31375833333317,93,95
2025-11-19,16:10-16:40,118.80630833333305,97,99
2025-11-19,17:00-17:20,23.874783333333454,102,103
2025-11-19,17:30-18:20,100.16398333333328,105,109
2025-11-19,18:50-19:10,34.54305000000011,113,114
2025-11-19,19:40-19:50,3.93954999999994,118,118
2025-11-19,20:10-21:10,210.1744000000001,121,126
2025-11-19,21:20-21:30,2.05499999999995,128,128
2025-11-19,22:10-22:30,27.037283333333335,133,134
2025-11-19,22:40-24:00,151.22350000000029,136,143
2025-11-20,00:00-00:20,8.997766666666394,0,1
2025-11-20,00:50-01:10,16.201566666666622,5,6
2025-11-20,01:30-01:50,64.75724999999989,9,10
2025-11-20,02:30-02:50,30.700366666666696,15,16
2025-11-20,03:10-03:50,91.40768333333335,19,22
2025-11-20,04:20-04:50,48.19934999999998,26,28
2025-11-20,05:20-05:50,103.47118333333367,32,34
2025-11-20,06:30-06:50,33.44360833333322,39,40
2025-11-20,07:00-07:20,50.17879999999988,42,43
2025-11-20,07:50-08:30,182.66194999999993,47,50
2025-11-20,08:50-10:00,114.75382499999944,53,59
2025-11-20,10:40-11:00,43.239444444444416,64,65
2025-11-20,11:50-12:10,44.52684444444435,71,72
2025-11-20,13:00-13:20,57.10527499999955,78,79
2025-11-20,13:30-14:20,138.2388333333339,81,85
2025-11-20,14:30-14:40,0.975827777778136,87,87
2025-11-20,15:20-15:40,34.02182499999998,92,93
2025-11-20,16:10-16:30,33.64245277777789,97,98
2025-11-20,16:50-17:10,51.389655555555464,101,102
2025-11-20,17:20-17:30,5.361483333333354,104,104
2025-11-20,17:50-18:30,116.98321666666698,107,110
2025-11-20,19:00-19:20,20.65371666666681,114,115
2025-11-20,20:30-21:30,157.0544,123,128
2025-11-20,21:50-22:00,3.074999999999932,131,131
2025-11-20,22:20-22:40,29.83911666666654,134,135
2025-11-20,23:10-23:50,168.04349999999982,139,142
2025-11-21,00:40-01:00,21.059916666666595,4,5
2025-11-21,01:30-01:50,53.48275000000007,9,10
2025-11-21,02:00-02:20,22.349466666666558,12,13
2025-11-21,02:30-03:00,95.26445000000007,15,17
2025-11-21,03:10-04:10,251.26374999999973,19,24
2025-11-21,04:30-04:50,70.84608333333335,27,28
2025-11-21,05:30-05:50,44.07818333333324,33,34
2025-11-21,06:00-06:20,47.90453333333335,36,37
2025-11-21,06:30-07:50,132.57343333333313,39,46
2025-11-21,08:00-08:10,9.383383333333429,48,48
2025-11-21,08:50-09:00,6.043033333333256,53,53
2025-11-21,12:50-13:10,53.72086666666701,77,78
2025-11-21,15:20-15:30,7.717483333333234,92,92
2025-11-21,15:50-16:10,59.948511111111195,95,96
2025-11-21,16:40-16:50,13.093338888888852,100,100
2025-11-21,17:00-18:00,139.95673333333335,102,107
2025-11-21,19:00-19:20,21.53104999999999,114,115
2025-11-21,19:40-19:50,3.259283333333258,118,118
2025-11-21,20:50-21:20,69.83445,125,127
2025-11-21,21:30-21:50,44.66816666666665,129,130
2025-11-21,22:10-23:40,195.36319999999972,133,141
2025-11-22,00:00-00:20,49.00810000000024,0,1
2025-11-22,00:30-00:50,22.99541666666687,3,4
2025-11-22,02:00-02:30,76.43284999999992,12,14
2025-11-22,02:50-03:10,64.42235000000005,17,18
2025-11-22,03:30-04:00,46.11783333333335,21,23
2025-11-22,04:20-05:30,74.52761666666676,26,32
2025-11-22,05:50-06:50,165.97716666666668,35,40
2025-11-22,07:20-07:40,15.021249999999895,44,45
2025-11-22,08:40-08:50,7.41563333333329,52,52
2025-11-22,12:00-12:10,15.4223333333332,72,72
2025-11-22,15:10-15:20,19.814255555555636,91,91
2025-11-22,15:30-15:50,22.544124999999955,93,94
2025-11-22,16:00-17:10,305.2652472222221,96,102
2025-11-22,17:20-18:00,50.931030555555445,104,107
2025-11-22,18:30-18:50,54.393033333333335,111,112
2025-11-22,19:20-19:40,18.338799999999935,116,117
2025-11-22,20:00-20:20,11.863850000000014,120,121
2025-11-22,20:40-21:00,50.57943333333333,124,125
2025-11-22,21:20-21:40,27.557366666666553,128,129
2025-11-22,21:50-22:00,10.015000000000043,131,131
2025-11-22,22:10-22:40,53.51690000000002,133,135
2025-11-22,23:00-23:20,29.268666666666547,138,139
2025-11-22,23:30-24:00,24.126499999999965,141,143
2025-11-23,00:20-00:50,83.08921666666674,2,4
2025-11-23,01:10-01:40,58.45810000000006,7,9
2025-11-23,02:00-02:20,28.4272500000003,12,13
2025-11-23,02:50-03:10,73.80089999999996,17,18
2025-11-23,03:20-03:50,63.18556666666666,20,22
2025-11-23,04:10-04:30,41.79991666666672,25,26
2025-11-23,04:40-05:10,66.40265000000011,28,30
2025-11-23,05:30-05:50,50.0730333333337,33,34
2025-11-23,06:10-06:20,6.136644444444299,37,37
2025-11-23,06:50-07:40,91.96395,41,45
2025-11-23,08:00-08:20,44.31312222222209,48,49
2025-11-23,10:10-10:40,78.06426666666721,61,63
2025-11-23,11:30-12:00,26.45933333333278,69,71
2025-11-23,12:30-13:00,50.2952666666672,75,77
2025-11-23,13:20-13:30,1.0438083333333452,80,80
2025-11-23,14:00-14:20,22.85572499999978,84,85
2025-11-23,14:30-15:00,63.83942500000023,87,89
2025-11-23,15:50-16:00,6.769833333332997,95,95
2025-11-23,17:00-17:20,65.85170000000032,102,103
2025-11-23,17:30-17:50,9.359533333333086,105,106
2025-11-23,18:00-18:30,91.91411666666693,108,110
2025-11-23,18:50-19:20,60.897716666666724,113,115
2025-11-23,20:00-20:10,2.984416666666675,120,120
2025-11-23,20:40-21:20,135.36511666666627,124,127
2025-11-23,21:40-21:50,2.89076666666665,130,130
2025-11-23,22:10-22:30,13.122449999999958,133,134
2025-11-23,23:30-23:40,13.506149999999934,141,141
2025-11-24,00:00-00:40,137.47860000000014,0,3
2025-11-24,01:10-01:40,66.52433333333352,7,9
2025-11-24,02:20-02:40,23.139116666666723,14,15
2025-11-24,03:10-03:30,33.91798333333338,19,20
2025-11-24,03:50-04:00,6.856666666666683,23,23
2025-11-24,04:20-04:30,6.106666666666683,26,26
2025-11-24,04:40-05:00,22.588483333333215,28,29
2025-11-24,05:20-06:20,198.0935416666665,32,37
2025-11-24,06:40-07:30,125.41958055555564,40,44
2025-11-24,08:50-09:10,18.32276944444459,53,54
2025-11-24,09:30-10:20,115.8229166666664,57,61
2025-11-24,10:30-12:00,315.0003250000009,63,71
2025-11-24,12:20-13:40,313.5212777777782,74,81
2025-11-24,13:50-14:50,171.76015000000064,83,88
2025-11-24,15:30-16:20,131.90009999999958,93,97
2025-11-24,17:10-17:40,40.78319999999974,103,105
2025-11-24,18:10-19:10,101.04540000000003,109,114
2025-11-24,19:40-20:30,171.47361666666677,118,122
2025-11-24,20:40-21:30,98.19943333333333,124,128
2025-11-24,21:50-22:00,2.0616666666666106,131,131
2025-11-24,22:30-24:00,298.11411666666675,135,143
2025-11-25,00:20-00:30,16.133333333333212,2,2
2025-11-25,01:30-02:00,26.494366666666565,9,11
2025-11-25,02:10-02:40,100.88723333333337,13,15
2025-11-25,02:50-03:10,33.42803333333335,17,18
2025-11-25,03:30-04:20,163.70011666666664,21,25
2025-11-25,04:40-05:00,50.74064999999996,28,29
2025-11-25,05:20-05:40,40.517783333333455,32,33
2025-11-25,06:10-06:50,52.95297222222224,37,40
2025-11-25,07:30-07:50,58.588058333333606,45,46
2025-11-25,09:40-09:50,22.267933333333644,58,58
2025-11-25,11:00-11:30,50.78333333333285,66,68
2025-11-25,11:50-12:10,27.44147777777812,71,72
2025-11-25,12:30-13:00,27.02484999999979,75,77
2025-11-25,13:10-13:40,163.51834722222281,79,81
2025-11-25,13:50-14:00,7.576099999999997,83,83
2025-11-25,15:30-15:50,14.112658333333457,93,94
2025-11-25,16:30-16:50,46.84103333333373,99,100
2025-11-25,17:20-17:50,86.1876499999999,104,106
2025-11-25,18:00-18:30,46.98131666666677,108,110
2025-11-25,18:40-19:00,15.015699999999926,112,113
2025-11-25,19:10-19:30,16.099483333333296,115,116
2025-11-25,19:50-20:00,1.8999999999999773,119,119
2025-11-25,20:20-20:40,56.75125000000014,122,123
2025-11-25,21:20-22:10,117.14106666666669,128,132
2025-11-25,23:00-24:00,149.7330666666668,138,143
2025-11-26,00:20-00:30,12.711666666666588,2,2
2025-11-26,00:50-01:00,6.453333333333148,5,5
2025-11-26,02:10-02:50,97.6040833333335,13,16
2025-11-26,03:30-03:50,24.240433333333385,21,22
2025-11-26,04:00-04:20,32.03123333333326,24,25
2025-11-26,05:10-05:40,78.6168666666666,31,33
2025-11-26,06:00-06:30,140.54993333333323,36,38
2025-11-26,07:00-07:20,35.69886666666661,42,43
2025-11-26,07:50-08:30,111.77923333333365,47,50
2025-11-26,11:50-12:10,25.480816666666442,71,72
2025-11-26,13:20-13:30,6.709300000000098,80,80
2025-11-26,13:50-14:20,73.76656666666622,83,85
2025-11-26,14:50-15:20,31.71618333333322,89,91
2025-11-26,15:40-16:20,151.8194416666664,94,97
2025-11-26,16:30-17:10,119.2407833333334,99,102
2025-11-26,18:00-18:20,13.545349999999873,108,109
2025-11-26,18:30-19:00,58.0762999999998,111,113
2025-11-26,20:10-20:30,8.815149999999903,121,122
2025-11-26,21:10-21:20,12.530949999999962,127,127
2025-11-26,21:50-22:00,15.128333333333387,131,131
2025-11-26,23:00-23:40,79.80529999999987,138,141
2025-11-27,00:20-00:50,41.72288333333313,2,4
2025-11-27,01:20-02:00,42.642133333333504,8,11
2025-11-27,02:20-02:30,41.36833333333334,14,14
2025-11-27,03:00-03:20,21.621733333333395,18,19
2025-11-27,03:50-04:10,13.470500000000015,23,24
2025-11-27,04:50-05:20,59.18956666666668,29,31
2025-11-27,05:40-06:30,112.15318333333339,34,38
2025-11-27,06:50-07:10,24.737427777777928,41,42
2025-11-27,07:20-07:50,97.20891666666697,44,46
2025-11-27,12:00-12:10,12.98756666666668,72,72
2025-11-27,12:40-13:10,50.53385555555565,76,78
2025-11-27,13:40-14:00,9.973077777777576,82,83
2025-11-27,14:40-16:50,330.41243888889034,88,100
2025-11-27,17:30-17:50,38.98446666666648,105,106
2025-11-27,18:20-18:40,43.076283333333215,110,111
2025-11-27,19:40-20:40,114.05421666666643,118,123
2025-11-27,21:30-21:50,31.120750000000044,129,130
2025-11-27,22:00-22:20,32.79004999999995,132,133
2025-11-27,22:40-23:20,39.23801666666674,136,139
2025-11-28,00:10-00:50,74.08581666666646,1,4
2025-11-28,01:00-01:30,65.67306666666667,6,8
2025-11-28,02:20-02:30,13.883333333333212,14,14
2025-11-28,03:00-03:20,13.303399999999897,18,19
2025-11-28,04:00-04:30,119.47165000000001,24,26
2025-11-28,04:50-05:00,47.20999999999998,29,29
2025-11-28,05:50-06:40,104.66043333333323,35,39
2025-11-28,07:30-07:40,0.2392333333334591,45,45
2025-11-28,07:50-08:00,39.45620000000014,47,47
2025-11-28,08:30-08:50,21.418491666666796,51,52
2025-11-28,10:10-10:20,12.04309999999998,61,61
2025-11-28,12:10-12:20,6.153416666666772,73,73
2025-11-28,13:20-13:40,77.79780000000005,80,81
2025-11-28,15:00-15:50,145.10057222222224,90,94
2025-11-28,16:00-16:40,174.91058888888864,96,99
2025-11-28,16:50-17:30,51.85805000000005,101,104
2025-11-28,18:10-18:30,56.06153333333339,109,110
2025-11-28,18:50-20:50,310.21030000000013,113,124
2025-11-28,23:40-24:00,75.09726666666666,142,143
2025-11-29,01:00-01:20,16.993400000000065,6,7
2025-11-29,01:40-02:10,71.07545000000005,10,12
2025-11-29,02:20-02:40,21.902466666666726,14,15
2025-11-29,03:20-03:50,17.086533333333364,20,22
2025-11-29,04:20-04:40,60.51998333333336,26,27
2025-11-29,05:30-05:40,17.508816666666757,33,33
2025-11-29,06:00-06:40,87.63357222222214,36,39
2025-11-29,07:10-07:30,92.49905833333344,43,44
2025-11-29,10:00-10:10,17.566024999999968,60,60
2025-11-29,12:30-12:40,16.373144444444392,75,75
2025-11-29,13:10-13:20,4.166049999999927,79,79
2025-11-29,14:50-15:00,22.17694999999992,89,89
2025-11-29,15:10-15:40,37.23108333333323,91,93
2025-11-29,17:00-17:20,37.406591666666635,102,103
2025-11-29,17:30-17:50,6.409108333333393,105,106
2025-11-29,18:10-18:30,15.523649999999975,109,110
2025-11-29,18:50-19:20,42.22321666666659,113,115
2025-11-29,19:50-20:10,21.950483333333295,119,120
2025-11-29,20:20-20:40,4.020750000000021,122,123
2025-11-29,21:10-21:30,26.021333333333416,127,128
2025-11-29,22:00-22:10,31.24605000000008,132,132
2025-11-29,22:40-23:00,65.94901666666664,136,137
2025-11-29,23:20-24:00,167.17329999999993,140,143
2025-11-30,01:00-01:50,124.78358333333324,6,10
2025-11-30,02:10-02:40,14.531150000000025,13,15
2025-11-30,03:30-04:00,130.34176666666667,21,23
2025-11-30,04:20-04:30,4.94833333333338,26,26
2025-11-30,05:00-05:20,44.47873333333325,30,31
2025-11-30,05:30-05:40,0.8169333333330904,33,33
2025-11-30,06:00-07:10,207.1429722222222,36,42
2025-11-30,07:40-07:50,11.813502777777783,46,46
2025-11-30,08:00-09:30,341.4840583333336,48,56
2025-11-30,12:00-12:20,6.439966666666351,72,73
2025-11-30,12:30-12:50,29.066166666666504,75,76
2025-11-30,13:00-13:20,40.949341666666896,78,79
2025-11-30,13:50-14:10,49.42289166666694,83,84
2025-11-30,14:20-14:30,7.717858333333197,86,86
2025-11-30,14:50-15:00,29.61321666666663,89,89
2025-11-30,15:20-15:40,42.56766111111136,92,93
2025-11-30,15:50-16:30,39.85410000000073,95,98
2025-11-30,16:50-17:00,4.908483333333198,101,101
2025-11-30,17:30-17:40,1.3748888888890178,105,105
2025-11-30,18:30-19:30,105.19558333333305,111,116
2025-11-30,19:50-20:00,24.706666666666703,119,119
2025-11-30,20:10-20:30,44.05448333333334,121,122
2025-11-30,21:20-22:10,115.44625000000008,128,132
2025-11-30,22:30-23:40,133.68273333333343,135,141
2025-11-30,23:50-24:00,6.918333333333408,143,143
2025-12-01,00:00-01:00,179.2228166666671,0,5
2025-12-01,01:10-14:00,6936.213491666667,7,83
2025-12-01,14:20-14:30,6.237116666666793,86,86
2025-12-01,14:40-15:50,315.75279166666706,88,94
2025-12-01,16:10-17:10,185.90093055555545,97,102
2025-12-01,17:40-18:30,136.88489722222187,106,110
2025-12-01,19:10-19:30,41.6497333333333,115,116
2025-12-01,20:10-20:30,19.213116666666792,121,122
2025-12-01,21:00-21:50,72.4435666666667,126,130
2025-12-01,22:00-22:20,59.429816666666625,132,133
2025-12-01,22:40-23:00,20.50305000000003,136,137
2025-12-01,23:30-24:00,92.55049999999994,141,143
2025-12-02,00:00-11:10,5345.854977777777,0,66
2025-12-02,11:30-11:40,11.1619388888887,69,69
2025-12-02,12:00-13:20,408.8025833333337,72,79
2025-12-02,13:30-13:50,70.60571666666692,81,82
2025-12-02,14:00-14:30,83.52930000000038,84,86
2025-12-02,14:40-16:30,460.9124083333335,88,98
2025-12-02,16:40-17:30,181.25704166666586,100,104
2025-12-02,17:50-19:00,233.64603333333358,107,113
2025-12-02,19:20-20:10,151.70543333333342,116,120
2025-12-02,20:40-21:30,129.7471333333333,124,128
2025-12-02,21:50-22:40,57.362166666666894,131,135
2025-12-02,23:00-24:00,88.13708333333318,138,143
2025-12-03,00:00-00:50,246.8483000000001,0,4
2025-12-03,01:00-10:40,4266.721144444446,6,63
2025-12-03,10:50-11:00,26.92993333333311,65,65
2025-12-03,11:10-12:20,527.6379944444452,67,73
2025-12-03,12:30-13:00,228.9980333333324,75,77
2025-12-03,13:20-13:50,155.29543333333322,80,82
2025-12-03,14:20-15:30,228.02055000000053,86,92
2025-12-03,16:10-16:50,132.40275555555544,97,100
2025-12-03,17:20-18:30,162.2356000000002,104,110
2025-12-03,19:00-19:30,52.83881666666673,114,116
2025-12-03,19:50-20:10,11.553216666666572,119,120
2025-12-03,20:20-21:10,94.03235000000018,122,126
2025-12-03,21:20-22:20,158.43550000000016,128,133
2025-12-03,22:30-23:10,107.97959999999995,135,138
2025-12-03,23:20-24:00,101.19253333333336,140,143
2025-12-04,00:00-00:20,113.67738333333341,0,1
2025-12-04,00:40-16:20,7150.805441666667,4,97
2025-12-04,16:30-16:50,108.66691666666689,99,100
2025-12-04,17:00-18:10,217.15259999999967,102,108
2025-12-04,18:40-19:30,77.99011666666695,112,116
2025-12-04,19:50-20:10,59.22628333333341,119,120
2025-12-04,20:30-21:20,114.3444166666668,123,127
2025-12-04,21:40-22:30,57.868633333333264,130,134
2025-12-04,22:40-24:00,256.89188333333317,136,143
2025-12-05,00:00-00:30,63.479783333333444,0,2
2025-12-05,00:50-01:20,111.36728333333326,5,7
2025-12-05,01:30-09:30,3499.6700361111116,9,56
2025-12-05,09:50-10:00,11.504583333333358,59,59
2025-12-05,10:20-10:40,36.32867222222228,62,63
2025-12-05,11:20-11:50,94.46536666666702,68,70
2025-12-05,12:00-13:40,642.2191722222219,72,81
2025-12-05,13:50-14:10,71.10518055555565,83,84
2025-12-05,14:30-14:50,47.511702777777714,87,88
2025-12-05,15:30-16:00,114.29464999999988,93,95
2025-12-05,16:30-18:20,241.32315833333337,99,109
2025-12-05,18:30-18:50,66.61509999999993,111,112
2025-12-05,19:40-20:00,25.553783333333286,118,119
2025-12-05,20:50-21:00,0.8400000000000318,125,125
2025-12-05,21:20-22:00,157.1394666666667,128,131
2025-12-05,22:10-22:40,127.9063333333333,133,135
2025-12-05,22:50-23:00,16.38333333333327,137,137
2025-12-05,23:10-24:00,229.98483333333348,139,143
2025-12-06,00:00-02:20,782.7971333333332,0,13
2025-12-06,02:30-09:50,3162.974344444444,15,58
2025-12-06,10:10-13:00,760.3534638888885,61,77
2025-12-06,13:20-14:30,321.08702500000004,80,86
2025-12-06,15:00-16:50,610.0841583333333,90,100
2025-12-06,17:00-17:20,36.10659166666667,102,103
2025-12-06,17:40-18:40,135.53479722222193,106,111
2025-12-06,18:50-19:40,145.20646666666664,113,117
2025-12-06,20:10-20:30,40.871449999999925,121,122
2025-12-06,21:00-21:20,112.33416666666676,126,127
2025-12-06,21:40-22:40,110.97906666666665,130,135
2025-12-06,23:00-24:00,41.84588333333318,138,143
2025-12-07,00:00-13:10,6406.825836111111,0,78
2025-12-07,13:30-13:50,53.8892583333336,81,82
2025-12-07,14:00-14:20,52.075788888888724,84,85
2025-12-07,14:30-15:50,311.7195472222216,87,94
2025-12-07,16:10-16:50,150.2103777777779,97,100
2025-12-07,17:10-18:50,330.0311444444449,103,112
2025-12-07,19:10-19:50,57.20936666666671,115,118
2025-12-07,20:00-21:00,142.12099999999987,120,125
2025-12-07,21:50-22:30,81.4095166666666,131,134
2025-12-07,22:50-23:50,151.913,137,142
2025-12-08,00:40-01:20,80.07578333333299,4,7
2025-12-08,02:00-02:20,54.666016666666565,12,13
2025-12-08,03:30-04:00,61.21888333333334,21,23
2025-12-08,04:40-05:00,56.7706333333332,28,29
2025-12-08,05:20-05:50,71.87243333333339,32,34
2025-12-08,06:30-06:50,75.05848333333329,39,40
2025-12-08,07:30-07:50,24.64060000000006,45,46
2025-12-08,08:10-08:20,5.560383333332993,49,49
2025-12-08,13:10-14:00,100.25117222222275,79,83
2025-12-08,14:20-14:30,1.0129166666666831,86,86
2025-12-08,15:00-15:20,9.556691666666893,90,91
2025-12-08,15:50-16:30,154.62334999999996,95,98
2025-12-08,16:40-17:30,77.97579722222214,100,104
2025-12-08,18:30-19:10,26.703416666666502,111,114
2025-12-08,19:30-20:00,24.18091666666635,117,119
2025-12-08,20:20-20:50,138.29881666666665,122,124
2025-12-08,22:10-22:30,61.887283333333244,133,134
2025-12-08,23:20-23:40,14.063833333333378,140,141
2025-12-09,00:10-00:30,31.32190000000014,1,2
2025-12-09,00:40-01:10,97.07128333333344,4,6
2025-12-09,01:30-01:40,1.8412166666666965,9,9
2025-12-09,03:00-03:30,125.07303333333334,18,20
2025-12-09,04:10-04:50,58.715016666666656,25,28
2025-12-09,05:20-05:40,61.90226666666685,32,33
2025-12-09,06:20-06:30,26.91946666666649,38,38
2025-12-09,07:10-07:30,23.51033888888914,43,44
2025-12-09,07:50-08:10,59.093905555555466,47,48
2025-12-09,08:40-08:50,13.264411111111258,52,52
2025-12-09,09:00-09:10,13.951747222222023,54,54
2025-12-09,09:40-10:00,45.64345277777761,58,59
2025-12-09,11:20-11:30,7.6545750000000226,68,68
2025-12-09,12:50-13:30,179.4852833333333,77,80
2025-12-09,13:40-14:10,88.31141388888898,82,84
2025-12-09,14:40-15:00,64.86581666666689,88,89
2025-12-09,16:10-16:40,79.89211666666611,97,99
2025-12-09,17:00-17:20,11.422825000000103,102,103
2025-12-09,17:30-18:00,105.31677499999992,105,107
2025-12-09,18:10-18:30,28.60425000000008,109,110
2025-12-09,19:00-19:20,5.106316666666771,114,115
2025-12-09,19:30-19:50,55.31724999999972,117,118
2025-12-09,20:10-20:40,107.28016666666679,121,123
2025-12-09,20:50-21:10,24.658333333333417,125,126
2025-12-09,21:50-22:10,12.629499999999894,131,132
2025-12-09,22:30-22:50,50.29418333333331,135,136
2025-12-09,23:50-24:00,2.9950000000000045,143,143
2025-12-10,00:10-00:40,25.188949999999974,1,3
2025-12-10,01:20-01:30,10.456666666666932,8,8
2025-12-10,02:00-02:10,32.942383333333055,12,12
2025-12-10,02:40-02:50,24.7817,16,16
2025-12-10,03:00-03:40,95.68801666666661,18,21
2025-12-10,04:20-04:30,7.233333333333348,26,26
2025-12-10,04:50-05:20,103.69038333333324,29,31
2025-12-10,06:00-06:30,129.26964999999996,36,38
2025-12-10,07:00-07:20,55.33929999999982,42,43
2025-12-10,07:30-08:40,106.87907222222265,45,51
2025-12-10,09:10-09:40,146.72778333333315,55,57
2025-12-10,10:30-11:20,159.38373333333357,63,67
2025-12-10,12:10-12:30,13.76630555555596,73,74
2025-12-10,12:50-13:10,38.75737222222233,77,78
2025-12-10,13:50-14:00,4.429983333333439,83,83
2025-12-10,14:20-14:30,6.2052583333332905,86,86
2025-12-10,15:30-15:50,64.34522500000031,93,94
2025-12-10,16:30-17:40,123.92198611111064,99,105
2025-12-10,18:00-18:10,16.238749999999982,108,108
2025-12-10,18:30-20:00,209.61464999999998,111,119
2025-12-10,20:40-20:50,1.3910666666665747,124,124
2025-12-10,21:10-21:20,14.94853333333333,127,127
2025-12-10,21:50-23:10,156.09270000000004,131,138
2025-12-10,23:50-24:00,17.12166666666667,143,143
2025-12-11,00:00-00:50,104.68848333333335,0,4
2025-12-11,01:00-01:20,5.918616666666594,6,7
2025-12-11,01:30-02:00,34.434066666666354,9,11
2025-12-11,02:10-02:20,4.29453333333322,13,13
2025-12-11,02:50-03:00,1.900000000000091,17,17
2025-12-11,04:50-05:00,3.853333333333353,29,29
2025-12-11,05:10-05:30,22.25171666666654,31,32
2025-12-11,05:50-06:10,30.224616666666748,35,36
2025-12-11,07:30-08:00,67.17027499999989,45,47
2025-12-11,08:40-08:50,1.0578666666668823,52,52
2025-12-11,10:20-10:30,3.87232500000016,62,62
2025-12-11,12:00-12:10,6.207205555555447,72,72
2025-12-11,13:00-13:30,153.60861666666665,78,80
2025-12-11,13:40-14:00,47.02418611111091,82,83
2025-12-11,14:50-15:00,2.73121666666691,89,89
2025-12-11,15:10-16:30,220.92812222222148,91,98
2025-12-11,16:50-17:00,1.6733333333336304,101,101
2025-12-11,17:20-17:30,36.3416666666667,104,104
2025-12-11,18:00-18:20,24.06013333333332,108,109
2025-12-11,18:30-18:50,27.893883333333292,111,112
2025-12-11,19:10-19:40,93.9076500000001,115,117
2025-12-11,20:00-20:20,7.856599999999958,120,121
2025-12-11,21:10-22:00,57.103033333333315,127,131
2025-12-11,22:10-22:40,102.82454999999993,133,135
2025-12-11,23:40-23:50,1.4268333333333203,142,142
2025-12-12,00:30-00:50,66.49081666666666,3,4
2025-12-12,01:10-01:40,113.23563333333311,7,9
2025-12-12,02:00-02:20,52.192216666666525,12,13
2025-12-12,03:10-03:30,50.16301666666658,19,20
2025-12-12,04:00-04:50,80.93388333333331,24,28
2025-12-12,05:00-05:20,32.538933333333276,30,31
2025-12-12,05:40-05:50,16.52265,34,34
2025-12-12,06:10-06:30,35.88919999999996,37,38
2025-12-12,07:00-07:20,67.52701388888886,42,43
2025-12-12,09:40-09:50,31.28097500000013,58,58
2025-12-12,12:00-12:30,35.020149999999944,72,74
2025-12-12,12:50-13:00,5.76958333333323,77,77
2025-12-12,15:00-15:50,53.08617499999991,90,94
2025-12-12,16:20-17:10,150.23035,98,102
2025-12-12,18:00-18:20,36.0748999999999,108,109
2025-12-12,18:50-19:20,36.58448333333331,113,115
2025-12-12,20:00-21:20,290.0241333333333,120,127
2025-12-12,21:50-22:20,113.30159999999984,131,133
2025-12-12,22:40-23:10,66.65375000000023,136,138
2025-12-13,00:20-00:50,81.29301666666674,2,4
2025-12-13,01:00-01:50,59.83865000000014,6,10
2025-12-13,02:20-02:40,36.72569999999996,14,15
2025-12-13,02:50-03:00,20.683333333333337,17,17
2025-12-13,04:10-04:20,1.4262999999999693,25,25
2025-12-13,05:10-06:20,181.70658333333347,31,37
2025-12-13,07:20-07:30,34.147341666666534,44,44
2025-12-13,07:50-08:10,48.657583333333264,47,48
2025-12-13,08:30-08:50,48.29407499999979,51,52
2025-12-13,09:00-09:20,11.684649999999692,54,55
2025-12-13,09:40-09:50,9.02218333333326,58,58
2025-12-13,10:10-10:30,54.83785277777792,61,62
2025-12-13,11:00-11:10,19.77959722222204,66,66
2025-12-13,11:30-11:50,26.805625000000077,69,70
2025-12-13,14:40-15:00,95.48107222222234,88,89
2025-12-13,16:40-17:10,64.00148888888879,100,102
2025-12-13,17:20-17:40,15.725866666666718,104,105
2025-12-13,18:00-18:20,89.87573333333341,108,109
2025-12-13,18:40-18:50,1.3818666666666672,112,112
2025-12-13,19:50-20:10,35.07789999999994,119,120
2025-12-13,20:20-21:00,96.99046666666658,122,125
2025-12-13,21:20-21:50,88.50286666666682,128,130
2025-12-13,22:10-22:30,25.73366666666675,133,134
2025-12-13,23:20-23:30,21.556666666666672,140,140
2025-12-13,23:50-24:00,6.628333333333444,143,143
2025-12-14,00:00-00:10,3.528933333333498,0,0
2025-12-14,01:00-01:10,3.1071500000002743,6,6
2025-12-14,01:40-02:00,1.9901833333333343,10,11
2025-12-14,02:20-02:30,1.5550000000000637,14,14
2025-12-14,02:40-03:00,35.88154999999995,16,17
2025-12-14,03:20-03:40,36.51778333333334,20,21
2025-12-14,04:00-04:50,76.73306666666667,24,28
2025-12-14,05:30-05:50,48.95646666666674,33,34
2025-12-14,06:00-06:20,53.59201666666684,36,37
2025-12-14,06:40-07:40,70.316983333333,40,45
2025-12-14,08:10-08:20,4.602133333333427,49,49
2025-12-14,08:30-10:30,439.1677833333338,51,62
2025-12-14,10:50-11:00,30.48978333333355,65,65
2025-12-14,12:00-12:10,3.715052777777828,72,72
2025-12-14,13:20-13:30,4.400199999999813,80,80
2025-12-14,14:20-14:30,34.51818333333347,86,86
2025-12-14,15:30-16:00,48.51764166666689,93,95
2025-12-14,16:20-16:50,37.33568333333356,98,100
2025-12-14,17:00-17:30,70.00171666666652,102,104
2025-12-14,18:00-18:10,3.258033333333401,108,108
2025-12-14,18:50-19:10,41.769599999999855,113,114
2025-12-14,19:40-20:10,87.59725000000026,118,120
2025-12-14,21:00-21:20,55.38853333333316,126,127
2025-12-14,21:30-22:00,49.40501666666649,129,131
2025-12-14,22:30-22:40,0.9770333333333384,135,135
2025-12-14,23:50-24:00,25.799999999999955,143,143
2025-12-15,00:00-01:10,90.4700499999999,0,6
2025-12-15,01:50-02:10,44.79148333333342,11,12
2025-12-15,02:30-03:10,30.791566666666654,15,18
2025-12-15,03:30-03:50,23.304733333333388,21,22
2025-12-15,04:10-04:20,10.317949999999996,25,25
2025-12-15,06:00-06:30,77.55801666666649,36,38
2025-12-15,06:50-08:00,179.48621666666682,41,47
2025-12-15,08:40-09:10,37.20749722222217,52,54
2025-12-15,09:50-10:20,22.369250000000193,59,61
2025-12-15,11:00-11:20,77.82830833333333,66,67
2025-12-15,12:50-13:40,56.290627777777445,77,81
2025-12-15,14:00-14:20,30.237016666666598,84,85
2025-12-15,14:30-15:10,98.03605833333239,87,90
2025-12-15,15:20-16:00,56.810366666666994,92,95
2025-12-15,16:20-16:50,69.89835000000039,98,100
2025-12-15,17:10-17:50,126.41255000000037,103,106
2025-12-15,18:10-18:30,8.212066666666825,109,110
2025-12-15,18:40-19:00,16.252149999999915,112,113
2025-12-15,19:20-19:30,9.446666666666715,116,116
2025-12-15,20:00-20:30,43.78165000000001,120,122
2025-12-15,20:50-21:00,12.496666666666556,125,125
2025-12-15,21:30-21:40,2.4216166666666368,129,129
2025-12-15,22:20-23:40,178.98329999999987,134,141
2025-12-16,00:30-00:40,10.362533333333433,3,3
2025-12-16,01:10-01:30,40.24196666666694,7,8
2025-12-16,01:50-02:30,94.69998333333331,11,14
2025-12-16,02:50-03:00,9.285000000000082,17,17
2025-12-16,03:50-04:40,94.21189999999979,23,27
2025-12-16,05:30-06:30,48.36935000000008,33,38
2025-12-16,06:50-07:20,87.10043333333321,41,43
2025-12-16,07:40-07:50,8.491700000000037,46,46
2025-12-16,09:10-09:30,24.458191666666607,55,56
2025-12-16,10:00-10:10,9.180436111111137,60,60
2025-12-16,10:40-11:00,31.464813888889353,64,65
2025-12-16,11:10-12:00,246.63877222222197,67,71
2025-12-16,12:30-12:40,6.246883333333017,75,75
2025-12-16,13:30-14:00,83.59569166666665,81,83
2025-12-16,14:10-14:30,48.27954999999986,85,86
2025-12-16,15:00-16:10,224.33561944444475,90,96
2025-12-16,16:40-16:50,2.638705555555568,100,100
2025-12-16,17:00-17:30,22.347916666666567,102,104
2025-12-16,18:00-18:20,26.665549999999925,108,109
2025-12-16,19:00-19:20,33.31536666666659,114,115
2025-12-16,20:00-20:10,17.72874999999999,120,120
2025-12-16,20:40-21:00,6.493033333333416,124,125
2025-12-16,21:30-21:50,57.225349999999935,129,130
2025-12-16,22:00-22:20,53.355166666666605,132,133
2025-12-16,22:50-23:30,80.41366666666659,137,140
2025-12-16,23:40-24:00,55.05896666666672,142,143
2025-12-17,00:00-00:10,23.911033333333307,0,0
2025-12-17,00:40-01:10,63.53548333333333,4,6
2025-12-17,01:30-02:00,90.7828333333332,9,11
2025-12-17,02:20-02:30,16.72499999999991,14,14
2025-12-17,02:50-03:10,16.367783333333364,17,18
2025-12-17,03:30-04:00,44.32878333333326,21,23
2025-12-17,05:00-06:00,218.04155000000043,30,35
2025-12-17,06:30-07:40,212.13790555555582,39,45
2025-12-17,08:00-08:20,61.82914999999946,48,49
2025-12-17,09:00-09:20,64.1797499999999,54,55
2025-12-17,09:50-10:20,49.61301111111118,59,61
2025-12-17,10:50-11:00,3.733916666666687,65,65
2025-12-17,11:20-12:00,53.334283333333246,68,71
2025-12-17,12:10-12:40,110.75889999999981,73,75
2025-12-17,12:50-13:30,76.15495000000044,77,80
2025-12-17,13:50-14:20,184.84382500000004,83,85
2025-12-17,14:40-15:30,142.79473611111047,88,92
2025-12-17,15:40-16:10,25.840874999999897,94,96
2025-12-17,16:40-17:00,19.772202777777686,100,101
2025-12-17,17:30-18:00,37.215749999999545,105,107
2025-12-17,18:10-18:40,121.16798333333325,109,111
2025-12-17,20:00-20:50,161.96600000000012,120,124
2025-12-17,21:10-21:40,77.79219999999998,127,129
2025-12-17,23:20-23:50,82.76033333333328,140,142
2025-12-18,00:20-00:50,83.35619999999972,2,4
2025-12-18,01:20-01:30,14.110000000000127,8,8
2025-12-18,01:40-02:10,121.41590000000008,10,12
2025-12-18,02:30-03:20,205.07196666666687,15,19
2025-12-18,03:40-04:50,211.48626666666655,22,28
2025-12-18,05:00-05:10,7.413333333333455,30,30
2025-12-18,05:30-05:50,105.68286666666688,33,34
2025-12-18,06:50-07:40,209.3400111111108,41,45
2025-12-18,08:00-08:20,11.808833333332814,48,49
2025-12-18,09:20-09:30,14.78145833333349,56,56
2025-12-18,09:50-10:30,175.6718666666667,59,62
2025-12-18,10:50-11:10,75.11542499999973,65,66
2025-12-18,12:00-12:20,37.476925000000165,72,73
2025-12-18,12:50-13:30,60.90366666666728,77,80
2025-12-18,14:00-15:10,131.85531666666668,84,90
2025-12-18,15:30-15:40,0.6497666666671194,93,93
2025-12-18,16:30-17:20,140.0340666666662,99,103
2025-12-18,18:10-18:20,3.255016666666805,109,109
2025-12-18,18:50-19:00,4.340000000000032,113,113
2025-12-18,19:30-19:50,41.825733333333346,117,118
2025-12-18,20:20-21:10,83.36508333333381,122,126
2025-12-18,22:00-22:20,32.50291666666669,132,133
2025-12-18,22:30-22:50,47.89941666666664,135,136
2025-12-18,23:00-23:30,63.978933333333316,138,140
2025-12-18,23:50-24:00,2.0816666666665355,143,143
2025-12-19,00:00-00:20,51.60861666666665,0,1
2025-12-19,00:40-01:00,58.66591666666659,4,5
2025-12-19,01:50-02:10,62.38048333333336,11,12
2025-12-19,02:20-02:30,7.450000000000045,14,14
2025-12-19,02:50-04:10,67.7334666666668,17,24
2025-12-19,04:50-05:10,21.78185000000003,29,30
2025-12-19,05:40-06:00,26.716683333333435,34,35
2025-12-19,06:40-07:10,35.167730555555636,40,42
2025-12-19,07:30-08:00,104.99107222222221,45,47
2025-12-19,08:10-08:20,30.349400000000003,49,49
2025-12-19,10:10-10:20,10.984605555555504,61,61
2025-12-19,11:00-11:20,23.131916666666598,66,67
2025-12-19,12:20-12:50,181.8468472222221,74,76
2025-12-19,13:40-14:00,28.5164666666667,82,83
2025-12-19,14:50-15:40,172.052466666667,89,93
2025-12-19,16:00-16:50,191.35417499999983,96,100
2025-12-19,17:10-18:00,118.73178333333328,103,107
2025-12-19,18:20-19:00,96.83501666666672,110,113
2025-12-19,19:20-20:00,72.4125499999999,116,119
2025-12-19,20:20-20:40,55.69024999999994,122,123
2025-12-19,21:10-21:50,93.3014833333333,127,130
2025-12-19,22:20-22:50,67.40268333333324,134,136
2025-12-19,23:00-23:50,168.68669999999992,138,142
2025-12-20,00:50-01:00,13.069999999999936,5,5
2025-12-20,01:30-02:20,81.23750000000035,9,13
2025-12-20,03:00-03:20,11.766283333333377,18,19
2025-12-20,03:40-05:40,208.5765999999997,22,33
2025-12-20,06:30-06:50,72.30366666666657,39,40
2025-12-20,07:10-07:30,11.425508333333482,43,44
2025-12-20,08:00-08:10,5.2394583333334594,48,48
2025-12-20,08:50-09:00,12.606250000000044,53,53
2025-12-20,09:10-09:40,75.11770000000001,55,57
2025-12-20,10:50-11:00,17.55921666666677,65,65
2025-12-20,11:20-12:00,131.5050333333328,68,71
2025-12-20,13:00-13:20,33.65162499999996,78,79
2025-12-20,13:50-14:00,7.624616666666611,83,83
2025-12-20,14:20-14:40,28.791355555555587,86,87
2025-12-20,15:00-15:20,52.85931666666664,90,91
2025-12-20,15:40-16:40,177.60208888888877,94,99
2025-12-20,17:00-17:50,121.84629999999989,102,106
2025-12-20,18:20-19:20,106.72944999999999,110,115
2025-12-20,19:30-19:50,35.0789166666666,117,118
2025-12-20,21:00-21:20,27.546249999999986,126,127
2025-12-20,21:40-23:20,236.3740333333335,130,139
2025-12-21,00:00-00:30,38.86275000000023,0,2
2025-12-21,01:00-01:50,106.07089999999971,6,10
2025-12-21,02:00-02:20,40.83856666666679,12,13
2025-12-21,03:00-03:20,86.11384999999984,18,19
2025-12-21,03:30-04:20,201.58325000000002,21,25
2025-12-21,05:00-05:30,47.20475000000016,30,32
2025-12-21,05:40-06:40,140.09531666666652,34,39
2025-12-21,07:00-07:30,64.50555000000018,42,44
2025-12-21,07:40-08:10,82.77839444444444,46,48
2025-12-21,08:20-08:30,21.448508333333397,50,50
2025-12-21,08:50-09:10,5.053519444444646,53,54
2025-12-21,09:30-10:00,100.7802249999994,57,59
2025-12-21,10:20-12:20,847.7199833333337,62,73
2025-12-21,12:40-13:10,49.68223333333276,76,78
2025-12-21,13:50-14:00,27.312750000000392,83,83
2025-12-21,15:20-15:30,2.333616666666728,92,92
2025-12-21,16:20-16:30,9.144908333333431,98,98
2025-12-21,16:50-17:00,13.875,101,101
2025-12-21,17:20-17:30,8.866666666666788,104,104
2025-12-21,18:10-19:00,153.7748166666666,109,113
2025-12-21,19:20-19:30,1.073333333333494,116,116
2025-12-21,19:40-20:00,51.52381666666645,118,119
2025-12-21,20:30-20:40,13.55489999999986,123,123
2025-12-21,21:50-22:00,2.0383333333332985,131,131
2025-12-21,22:40-23:10,40.90533333333349,136,138
2025-12-21,23:30-23:50,50.274733333333415,141,142
2025-12-22,00:00-00:20,99.33919999999989,0,1
2025-12-22,00:40-00:50,14.490116666666836,4,4
2025-12-22,01:00-01:50,173.32870000000048,6,10
2025-12-22,02:10-02:40,75.09844999999984,13,15
2025-12-22,03:10-03:30,83.28583333333336,19,20
2025-12-22,03:50-04:00,28.216666666666583,23,23
2025-12-22,04:20-05:30,126.38321666666675,26,32
2025-12-22,05:50-06:10,22.99459999999999,35,36
2025-12-22,06:40-07:50,103.63804166666687,40,46
2025-12-22,08:00-08:30,62.81993333333355,48,50
2025-12-22,09:30-10:00,48.99474166666631,57,59
2025-12-22,10:50-11:00,41.76619999999957,65,65
2025-12-22,11:20-12:10,116.40203333333352,68,72
2025-12-22,13:00-13:20,96.56447500000024,78,79
2025-12-22,13:40-14:30,188.8865138888891,82,86
2025-12-22,16:30-17:20,55.34489166666671,99,103
2025-12-22,17:50-18:40,110.8757166666666,107,111
2025-12-22,19:00-20:20,153.4670166666666,114,121
2025-12-22,20:40-21:30,168.6188333333331,124,128
2025-12-22,21:50-22:10,57.7088,131,132
2025-12-22,23:30-24:00,63.190750000000094,141,143
2025-12-23,00:00-00:10,2.6898499999999785,0,0
2025-12-23,01:00-01:20,52.515216666666674,6,7
2025-12-23,01:40-02:00,38.936616666666744,10,11
2025-12-23,02:30-02:50,19.468933333333325,15,16
2025-12-23,03:00-04:00,108.86824999999988,18,23
2025-12-23,04:30-05:00,69.00631666666652,27,29
2025-12-23,06:40-06:50,12.690833333333217,40,40
2025-12-23,07:10-07:30,33.10233333333345,43,44
2025-12-23,08:20-08:40,16.476499999999987,50,51
2025-12-23,09:10-09:20,3.4189944444445928,55,55
2025-12-23,09:50-10:10,24.263827777777806,59,60
2025-12-23,10:20-10:30,0.1236500000001115,62,62
2025-12-23,10:50-11:20,42.94774166666639,65,67
2025-12-23,11:50-14:20,428.11636944444194,71,85
2025-12-23,14:30-14:50,41.405483333333336,87,88
2025-12-23,15:50-17:00,215.4013250000001,95,101
2025-12-23,17:30-17:50,27.78820000000036,105,106
2025-12-23,18:20-18:40,27.08143333333328,110,111
2025-12-23,19:30-19:50,33.05298333333337,117,118
2025-12-23,20:10-20:40,49.8529666666667,121,123
2025-12-23,21:20-22:00,28.5866666666667,128,131
2025-12-23,22:20-23:00,100.98936666666657,134,137
2025-12-23,23:20-23:40,24.207283333333407,140,141
2025-12-24,00:00-00:30,75.4186500000003,0,2
2025-12-24,00:50-01:00,7.194999999999936,5,5
2025-12-24,02:20-02:50,71.68971666666664,14,16
2025-12-24,03:10-03:30,29.566616666666732,19,20
2025-12-24,03:50-04:30,123.86703333333332,23,26
2025-12-24,05:20-05:30,15.001666666666551,32,32
2025-12-24,07:10-08:00,135.57056666666693,43,47
2025-12-24,08:50-09:00,0.3940500000001066,53,53
2025-12-24,09:40-10:00,16.874361111110943,58,59
2025-12-24,10:50-11:10,70.37466111111087,65,66
2025-12-24,11:40-12:00,83.26713888888867,70,71
2025-12-24,12:40-13:50,153.1476527777778,76,82
2025-12-24,14:10-14:20,29.302844444444304,85,85
2025-12-24,14:50-15:10,83.40881388888903,89,90
2025-12-24,15:20-15:50,82.0533666666663,92,94
2025-12-24,16:00-16:20,91.6864166666663,96,97
2025-12-24,16:40-17:30,120.97041111111133,100,104
2025-12-24,17:50-18:10,35.48403333333329,107,108
2025-12-24,18:40-20:30,254.27883333333284,112,122
2025-12-24,20:50-21:10,7.101499999999874,125,126
2025-12-24,21:40-21:50,10.186500000000024,130,130
2025-12-24,22:20-23:00,104.27756666666676,134,137
2025-12-24,23:50-24:00,31.264999999999983,143,143
2025-12-25,00:00-00:10,32.860099999999875,0,0
2025-12-25,01:00-01:30,155.0318000000002,6,8
2025-12-25,02:00-02:20,37.775133333333315,12,13
2025-12-25,02:30-02:50,51.34988333333331,15,16
2025-12-25,03:10-03:20,0.1708166666666102,19,19
2025-12-25,03:50-04:10,60.70670000000007,23,24
2025-12-25,04:40-05:20,135.5426666666666,28,31
2025-12-25,05:50-07:10,229.5338694444445,35,42
2025-12-25,07:40-08:00,23.831397222222307,46,47
2025-12-25,08:30-09:10,97.38998888888852,51,54
2025-12-25,09:20-10:00,135.79985,56,59
2025-12-25,10:20-11:30,433.4164166666667,62,68
2025-12-25,11:50-12:20,82.5651583333331,71,73
2025-12-25,12:50-13:10,48.99234166666645,77,78
2025-12-25,15:40-16:20,100.34161666666711,94,97
2025-12-25,17:00-17:20,15.175100000000128,102,103
2025-12-25,17:40-18:10,80.6049166666665,106,108
2025-12-25,18:20-19:20,100.29586666666683,110,115
2025-12-25,19:30-20:00,111.6927333333332,117,119
2025-12-25,20:30-20:50,17.93614999999977,123,124
2025-12-25,21:10-21:40,31.181249999999977,127,129
2025-12-25,22:20-22:30,3.3899999999999864,134,134
2025-12-25,23:20-23:50,138.13979999999987,140,142
2025-12-26,00:00-00:40,89.71093333333329,0,3
2025-12-26,01:00-01:20,64.01495,6,7
2025-12-26,01:30-01:50,54.861500000000206,9,10
2025-12-26,02:10-02:40,50.84176666666651,13,15
2025-12-26,03:20-03:40,47.10449999999997,20,21
2025-12-26,03:50-04:20,43.53168333333326,23,25
2025-12-26,04:30-04:50,5.01456666666661,27,28
2025-12-26,05:20-05:40,81.32068333333368,32,33
2025-12-26,06:00-06:30,51.012499999999925,36,38
2025-12-26,06:40-07:10,59.70196666666675,40,42
2025-12-26,07:20-07:40,32.97165000000001,44,45
2025-12-26,08:10-08:30,5.078861111110996,49,50
2025-12-26,09:50-10:10,38.26255277777773,59,60
2025-12-26,10:30-11:00,121.12529166666695,63,65
2025-12-26,11:20-12:50,405.4513499999996,68,76
2025-12-26,13:00-13:20,30.142508333333353,78,79
2025-12-26,13:40-14:10,49.782988888888895,82,84
2025-12-26,14:20-15:00,186.51142777777767,86,89
2025-12-26,15:10-15:30,7.826950000000068,91,92
2025-12-26,15:50-16:40,71.93594999999993,95,99
2025-12-26,17:00-17:10,8.114433333333409,102,102
2025-12-26,17:40-17:50,4.137616666666702,106,106
2025-12-26,18:00-18:20,85.97095000000002,108,109
2025-12-26,19:00-19:10,1.364549999999895,114,114
2025-12-26,20:50-21:10,4.140049999999974,125,126
2025-12-26,21:40-22:20,58.79656666666648,130,133
2025-12-26,22:30-22:50,12.319966666666687,135,136
2025-12-26,23:20-23:30,12.461666666666702,140,140
2025-12-27,00:20-00:40,47.830816666666806,2,3
2025-12-27,01:00-01:20,61.77548333333334,6,7
2025-12-27,02:30-02:50,50.01539999999994,15,16
2025-12-27,03:10-03:50,176.11184999999995,19,22
2025-12-27,04:40-05:00,17.015766666666764,28,29
2025-12-27,05:50-06:00,24.98499999999996,35,35
2025-12-27,06:50-07:10,11.396097222222124,41,42
2025-12-27,07:20-07:50,133.25886666666696,44,46
2025-12-27,08:20-08:30,8.870833333333337,50,50
2025-12-27,09:00-09:10,13.155683333333172,54,54
2025-12-27,09:30-09:50,52.22154999999998,57,58
2025-12-27,10:30-11:10,129.9350444444442,63,66
2025-12-27,11:20-13:10,295.6654527777779,68,78
2025-12-27,13:40-14:00,29.24759722222234,82,83
2025-12-27,15:10-15:40,95.05698333333333,91,93
2025-12-27,16:30-17:30,137.1420333333333,99,104
2025-12-27,17:40-18:10,92.76411666666661,106,108
2025-12-27,18:30-18:50,53.112583333333305,111,112
2025-12-27,19:50-20:40,117.61956666666657,119,123
2025-12-27,21:20-21:30,10.866666666666674,128,128
2025-12-27,22:20-22:40,57.422133333333306,134,135
2025-12-27,23:10-23:40,20.867999999999938,139,141
2025-12-27,23:50-24:00,0.8316666666667061,143,143
2025-12-28,00:00-01:00,236.5611999999992,0,5
2025-12-28,01:20-01:30,0.6449999999999818,8,8
2025-12-28,01:50-02:00,21.18833333333328,11,11
2025-12-28,02:20-03:00,120.56615,14,17
2025-12-28,03:20-03:30,51.81333333333339,20,20
2025-12-28,03:50-04:20,58.48521666666659,23,25
2025-12-28,04:30-05:00,61.2886666666667,27,29
2025-12-28,05:20-05:30,0.2483333333334485,32,32
2025-12-28,06:30-06:50,27.66149999999984,39,40
2025-12-28,07:00-08:10,127.07428611111152,42,48
2025-12-28,09:50-10:20,85.67983333333416,59,61
2025-12-28,11:20-12:00,136.8931500000001,68,71
2025-12-28,12:20-12:40,31.112461111111543,74,75
2025-12-28,13:10-13:40,100.07729999999981,79,81
2025-12-28,14:10-14:20,3.951150000000098,85,85
2025-12-28,15:00-15:20,30.528699999999958,90,91
2025-12-28,15:30-16:50,195.25405000000023,93,100
2025-12-28,17:00-17:10,2.25196666666659,102,102
2025-12-28,17:30-18:00,137.24911666666696,105,107
2025-12-28,18:20-18:40,44.60613333333322,110,111
2025-12-28,20:10-20:40,126.40229999999985,121,123
2025-12-28,20:50-21:40,107.65845000000002,125,129
2025-12-28,22:30-22:50,59.08884999999998,135,136
2025-12-28,23:20-23:30,14.034999999999968,140,140
2025-12-29,00:20-00:30,27.463333333333367,2,2
2025-12-29,01:40-01:50,15.484733333333338,10,10
2025-12-29,02:10-02:20,2.307266666666692,13,13
2025-12-29,02:40-03:10,80.71961666666664,16,18
2025-12-29,03:50-04:30,98.18580000000031,23,26
2025-12-29,04:50-05:00,28.136666666666656,29,29
2025-12-29,05:30-05:40,24.86196666666676,33,33
2025-12-29,06:10-07:00,112.0341833333333,37,41
2025-12-29,08:00-08:50,44.070449999999255,48,52
2025-12-29,09:10-09:30,16.827283333333185,55,56
2025-12-29,12:10-12:20,9.282688888888629,73,73
2025-12-29,12:40-13:00,20.83344722222182,76,77
2025-12-29,16:10-16:30,119.99888611111119,97,98
2025-12-29,16:50-17:00,39.74499999999978,101,101
2025-12-29,18:20-18:30,6.30499999999995,110,110
2025-12-29,19:20-19:30,7.548333333333403,116,116
2025-12-29,19:50-20:10,17.781450000000063,119,120
2025-12-29,21:20-21:40,30.228783333333354,128,129
2025-12-29,22:10-23:00,139.06443333333357,133,137
2025-12-29,23:20-23:30,8.668333333333408,140,140
2025-12-29,23:50-24:00,23.671666666666624,143,143
2025-12-30,00:00-00:40,49.88988333333327,0,3
2025-12-30,01:10-01:40,72.86168333333353,7,9
2025-12-30,02:20-02:40,7.393349999999941,14,15
2025-12-30,03:50-04:20,131.14380000000017,23,25
2025-12-30,05:00-05:50,191.2996333333329,30,34
2025-12-30,06:20-06:40,2.1350999999997358,38,39
2025-12-30,07:00-07:50,147.5649333333335,42,46
2025-12-30,08:00-08:20,55.2967500000002,48,49
2025-12-30,08:50-12:00,964.860883333333,53,71
2025-12-30,12:40-12:50,17.03622499999983,76,76
2025-12-30,14:50-16:00,203.41679166666626,89,95
2025-12-30,16:20-16:50,47.276566666666795,98,100
2025-12-30,18:00-18:20,25.41134999999996,108,109
2025-12-30,18:30-19:00,74.04408333333333,111,113
2025-12-30,19:50-20:10,45.68663333333348,119,120
2025-12-30,20:50-21:40,89.38981666666655,125,129
2025-12-30,22:00-22:20,56.07741666666675,132,133
2025-12-30,22:30-22:50,10.477633333333415,135,136
2025-12-30,23:00-23:10,1.4581999999999198,138,138
2025-12-31,00:30-00:50,36.59041666666644,3,4
2025-12-31,01:00-01:20,26.25571666666656,6,7
2025-12-31,01:30-02:20,183.5166499999998,9,13
2025-12-31,02:40-03:10,46.56401666666648,16,18
2025-12-31,03:30-03:40,19.173250000000053,21,21
2025-12-31,04:40-05:20,177.81043333333318,28,31
2025-12-31,05:50-06:00,25.43166666666661,35,35
2025-12-31,06:20-06:40,6.85995000000003,38,39
2025-12-31,07:20-07:50,77.93061666666675,44,46
2025-12-31,08:00-08:20,31.062216666666473,48,49
2025-12-31,08:30-09:00,112.58895000000007,51,53
2025-12-31,09:30-10:00,105.10914166666612,57,59
2025-12-31,10:10-10:20,17.76564999999971,61,61
2025-12-31,10:40-11:00,19.214666666667085,64,65
2025-12-31,11:20-11:40,62.41056111111129,68,69
2025-12-31,12:30-12:50,56.09489166666674,75,76
2025-12-31,13:20-13:40,22.317788888888686,80,81
2025-12-31,13:50-14:00,5.1936666666670135,83,83
2025-12-31,14:30-14:50,30.83407499999987,87,88
2025-12-31,15:40-16:40,124.27466388888891,94,99
2025-12-31,17:10-17:50,36.45975000000008,103,106
2025-12-31,18:00-18:40,70.78856666666655,108,111
2025-12-31,19:10-19:40,57.10613333333367,115,117
2025-12-31,19:50-20:10,26.339766666666605,119,120
2025-12-31,20:30-21:30,157.01850000000013,123,128
2025-12-31,21:50-22:20,118.62365,131,133
2025-12-31,23:10-23:20,15.312516666666625,139,139
2025-12-31,23:40-24:00,89.47103333333337,142,143
