date,time_index,period_start,period_end,actual_load_kw,actual_load_kwh,actual_pv_kw,actual_pv_kwh,load_forecast_kwh,pv_forecast_used_kw,pv_forecast_used_kwh,forecast_issue_time,forecast_horizon_minutes,pv_forecast_source,load_forecast_source_time,base_plan_grid_kwh,scheduled_grid_kwh,up_adjustment_kwh,down_adjustment_kwh,emergency_purchase_kwh,total_grid_purchase_kwh,grid_purchase_kwh,charge_input_kwh,discharge_output_kwh,curtailed_pv_kwh,overpurchase_spill_kwh,soc_start_kwh,soc_end_kwh,charge_state_binary,price_yuan_per_kwh,base_plan_cost_yuan,adjustment_cost_yuan,emergency_cost_yuan,grid_cost_yuan,strategy,cumulative_grid_cost_yuan,cumulative_grid_kwh,cumulative_emergency_kwh,cumulative_curtailed_pv_kwh
2025-03-20,0,2025-03-20 00:00:00,2025-03-20 00:10:00,3299.0689,549.8448166666667,0.0,0.0,602.8585666666667,0.0,0.0,2025-03-20 00:00:00,10,observed_anchor_linear_to_h1,2025-03-13 00:10:00,1402.8585666666668,1402.8585666666668,0.0,0.0,0.0,1402.8585666666668,1402.8585666666668,800.0,0.0,0.0,53.01375000000007,1200.0,1920.0,1,0.4248,595.93431912,0.0,0.0,595.93431912,static_forecast,595.93431912,1402.8585666666668,0.0,0.0
2025-03-20,1,2025-03-20 00:10:00,2025-03-20 00:20:00,3421.881,570.3135,0.0,0.0,597.5523833333333,0.0,0.0,2025-03-20 00:00:00,20,observed_anchor_linear_to_h1,2025-03-13 00:20:00,1397.5523833333332,1397.5523833333332,0.0,0.0,0.0,1397.5523833333332,1397.5523833333332,800.0,0.0,0.0,27.238883333333206,1920.0,2640.0,1,0.4245,593.260986725,0.0,0.0,593.260986725,static_forecast,1189.195305845,2800.41095,0.0,0.0
2025-03-20,2,2025-03-20 00:20:00,2025-03-20 00:30:00,3683.11,613.8516666666667,0.0,0.0,585.7016666666667,0.0,0.0,2025-03-20 00:00:00,30,observed_anchor_linear_to_h1,2025-03-13 00:30:00,1385.7016666666668,1385.7016666666668,0.0,0.0,28.149999999999864,1413.8516666666667,1413.8516666666667,800.0,0.0,0.0,0.0,2640.0,3360.0,1,0.4269,591.5560415000001,0.0,60.08617499999971,651.6422164999998,static_forecast,1840.8375223449998,4214.262616666667,28.149999999999864,0.0
2025-03-20,3,2025-03-20 00:30:00,2025-03-20 00:40:00,3476.737,579.4561666666667,0.0,0.0,594.46055,0.0,0.0,2025-03-20 00:00:00,40,observed_anchor_linear_to_h1,2025-03-13 00:40:00,1394.46055,1394.46055,0.0,0.0,0.0,1394.46055,1394.46055,800.0,0.0,0.0,15.00438333333318,3360.0,4080.0,1,0.4272,595.71354696,0.0,0.0,595.71354696,static_forecast,2436.551069305,5608.723166666667,28.149999999999864,0.0
2025-03-20,4,2025-03-20 00:40:00,2025-03-20 00:50:00,3302.6695,550.4449166666667,0.0,0.0,588.294,0.0,0.0,2025-03-20 00:00:00,50,observed_anchor_linear_to_h1,2025-03-13 00:50:00,1388.2939999999999,1388.2939999999999,0.0,0.0,0.0,1388.2939999999999,1388.2939999999999,800.0,0.0,0.0,37.849083333333056,4080.0,4800.0,1,0.4271,592.9403673999999,0.0,0.0,592.9403673999999,static_forecast,3029.491436705,6997.0171666666665,28.149999999999864,0.0
2025-03-20,5,2025-03-20 00:50:00,2025-03-20 01:00:00,3426.94,571.1566666666666,0.0,0.0,565.1,0.0,0.0,2025-03-20 00:00:00,60,attachment3_10min_interpolation,2025-03-13 01:00:00,1365.1,1365.1,0.0,0.0,6.0566666666668425,1371.1566666666668,1371.1566666666668,800.0,0.0,0.0,0.0,4800.0,5520.0,1,0.4285,584.94535,0.0,12.97640833333371,597.9217583333336,static_forecast,3627.4131950383335,8368.173833333334,34.206666666666706,0.0
2025-03-20,6,2025-03-20 01:00:00,2025-03-20 01:10:00,3609.5343,601.5890499999999,0.0,0.0,558.81305,0.0,0.0,2025-03-20 00:00:00,70,attachment3_10min_interpolation,2025-03-13 01:10:00,1358.81305,1358.81305,0.0,0.0,42.77600000000007,1401.58905,1401.58905,800.0,0.0,0.0,0.0,5520.0,6240.0,1,0.4311,585.784305855,0.0,92.20366800000015,677.9879738550001,static_forecast,4305.401168893333,9769.762883333335,76.98266666666677,0.0
2025-03-20,7,2025-03-20 01:10:00,2025-03-20 01:20:00,3668.9025,611.48375,0.0,0.0,551.48425,0.0,0.0,2025-03-20 00:00:00,80,attachment3_10min_interpolation,2025-03-13 01:20:00,1351.48425,1351.48425,0.0,0.0,59.9994999999999,1411.4837499999999,1411.4837499999999,800.0,0.0,0.0,0.0,6240.0,6960.0,1,0.4302,581.40852435,0.0,129.0589244999998,710.4674488499998,static_forecast,5015.868617743333,11181.246633333334,136.98216666666667,0.0
2025-03-20,8,2025-03-20 01:20:00,2025-03-20 01:30:00,3589.3,598.2166666666667,0.0,0.0,543.3466666666667,0.0,0.0,2025-03-20 00:00:00,90,attachment3_10min_interpolation,2025-03-13 01:30:00,1343.3466666666668,1343.3466666666668,0.0,0.0,54.86999999999989,1398.2166666666667,1398.2166666666667,800.0,0.0,0.0,0.0,6960.0,7680.0,1,0.4279,574.8180386666668,0.0,117.39436499999977,692.2124036666665,static_forecast,5708.081021409999,12579.463300000001,191.85216666666656,0.0
2025-03-20,9,2025-03-20 01:30:00,2025-03-20 01:40:00,3503.6157,583.9359499999999,0.0,0.0,558.9097333333333,0.0,0.0,2025-03-20 00:00:00,100,attachment3_10min_interpolation,2025-03-13 01:40:00,825.5763999999999,825.5763999999999,0.0,0.0,25.02621666666664,850.6026166666666,850.6026166666666,266.6666666666667,0.0,0.0,0.0,7680.0,7920.0,1,0.4312,355.98854367999996,0.0,53.956523133333285,409.94506681333326,static_forecast,6118.026088223332,13430.065916666668,216.8783833333332,0.0
2025-03-20,10,2025-03-20 01:40:00,2025-03-20 01:50:00,3545.9703,590.99505,0.0,0.0,592.1398666666666,0.0,0.0,2025-03-20 00:00:00,110,attachment3_10min_interpolation,2025-03-13 01:50:00,592.1398666666666,592.1398666666666,0.0,0.0,0.0,592.1398666666666,592.1398666666666,0.0,0.0,0.0,1.1448166666666566,7920.0,7920.0,0,0.4333,256.57420422666667,0.0,0.0,256.57420422666667,static_forecast,6374.600292449999,14022.205783333335,216.8783833333332,0.0
2025-03-20,11,2025-03-20 01:50:00,2025-03-20 02:00:00,3590.66,598.4433333333333,0.0,0.0,609.2883333333333,0.0,0.0,2025-03-20 00:00:00,120,attachment3_10min_interpolation,2025-03-13 02:00:00,1409.2883333333334,1409.2883333333334,0.0,0.0,0.0,1409.2883333333334,1409.2883333333334,800.0,0.0,0.0,10.845000000000255,7920.0,8640.0,1,0.4311,607.5442005,0.0,0.0,607.5442005,static_forecast,6982.144492949999,15431.494116666669,216.8783833333332,0.0
2025-03-20,12,2025-03-20 02:00:00,2025-03-20 02:10:00,3395.9017,565.9836166666666,0.0,0.0,580.7749333333334,0.0,0.0,2025-03-20 00:00:00,130,attachment3_10min_interpolation,2025-03-13 02:10:00,1380.7749333333334,1380.7749333333334,0.0,0.0,0.0,1380.7749333333334,1380.7749333333334,800.0,0.0,0.0,14.791316666666717,8640.0,9360.0,1,0.4293,592.7666788800001,0.0,0.0,592.7666788800001,static_forecast,7574.911171829999,16812.269050000003,216.8783833333332,0.0
2025-03-20,13,2025-03-20 02:10:00,2025-03-20 02:20:00,3276.7246,546.1207666666667,0.0,0.0,569.4044833333334,0.0,0.0,2025-03-20 00:00:00,140,attachment3_10min_interpolation,2025-03-13 02:20:00,569.4044833333334,569.4044833333334,0.0,0.0,0.0,569.4044833333334,569.4044833333334,0.0,0.0,0.0,23.28371666666669,9360.0,9360.0,0,0.4324,246.21049859333334,0.0,0.0,246.21049859333334,static_forecast,7821.121670423332,17381.673533333334,216.8783833333332,0.0
2025-03-20,14,2025-03-20 02:20:00,2025-03-20 02:30:00,3394.28,565.7133333333334,0.0,0.0,588.1983333333334,0.0,0.0,2025-03-20 00:00:00,150,attachment3_10min_interpolation,2025-03-13 02:30:00,588.1983333333334,588.1983333333334,0.0,0.0,0.0,588.1983333333334,588.1983333333334,0.0,0.0,0.0,22.485000000000014,9360.0,9360.0,0,0.4367,256.8662121666667,0.0,0.0,256.8662121666667,static_forecast,8077.987882589999,17969.87186666667,216.8783833333332,0.0
2025-03-20,15,2025-03-20 02:30:00,2025-03-20 02:40:00,3587.5594,597.9265666666666,0.0,0.0,594.1827833333333,0.0,0.0,2025-03-20 00:00:00,160,attachment3_10min_interpolation,2025-03-13 02:40:00,594.1827833333333,594.1827833333333,0.0,0.0,3.74378333333334,597.9265666666666,597.9265666666666,0.0,0.0,0.0,0.0,9360.0,9360.0,0,0.4348,258.3506741933333,0.0,8.138984966666682,266.48965916,static_forecast,8344.477541749999,18567.798433333333,220.62216666666654,0.0
2025-03-20,16,2025-03-20 02:40:00,2025-03-20 02:50:00,3605.7268,600.9544666666667,0.0,0.0,610.4752,0.0,0.0,2025-03-20 00:00:00,170,attachment3_10min_interpolation,2025-03-13 02:50:00,610.4752,610.4752,0.0,0.0,0.0,610.4752,610.4752,0.0,0.0,0.0,9.520733333333283,9360.0,9360.0,0,0.4335,264.6409992,0.0,0.0,264.6409992,static_forecast,8609.11854095,19178.273633333334,220.62216666666654,0.0
2025-03-20,17,2025-03-20 02:50:00,2025-03-20 03:00:00,3522.79,587.1316666666667,0.0,0.0,624.8566666666667,0.0,0.0,2025-03-20 00:00:00,180,attachment3_10min_interpolation,2025-03-13 03:00:00,624.8566666666667,624.8566666666667,0.0,0.0,0.0,624.8566666666667,624.8566666666667,0.0,0.0,0.0,37.72500000000002,9360.0,9360.0,0,0.4357,272.25004966666665,0.0,0.0,272.25004966666665,static_forecast,8881.368590616667,19803.1303,220.62216666666654,0.0
2025-03-20,18,2025-03-20 03:00:00,2025-03-20 03:10:00,3631.2618,605.2103000000001,0.0,0.0,596.0557333333334,0.0,0.0,2025-03-20 00:00:00,190,attachment3_10min_interpolation,2025-03-13 03:10:00,596.0557333333334,596.0557333333334,0.0,0.0,9.15456666666671,605.2103000000001,605.2103000000001,0.0,0.0,0.0,0.0,9360.0,9360.0,0,0.4374,260.71477776,0.0,20.0210373000001,280.7358150600001,static_forecast,9162.104405676666,20408.3406,229.77673333333325,0.0
2025-03-20,19,2025-03-20 03:10:00,2025-03-20 03:20:00,3731.3543,621.8923833333333,0.0,0.0,575.0658833333333,0.0,0.0,2025-03-20 00:00:00,200,attachment3_10min_interpolation,2025-03-13 03:20:00,575.0658833333333,575.0658833333333,0.0,0.0,46.82650000000001,621.8923833333333,621.8923833333333,0.0,0.0,0.0,0.0,9360.0,9360.0,0,0.4371,251.36129760499998,0.0,102.33931575000001,353.700613355,static_forecast,9515.805019031666,21030.23298333333,276.60323333333326,0.0
2025-03-20,20,2025-03-20 03:20:00,2025-03-20 03:30:00,3721.01,620.1683333333334,0.0,0.0,587.0616666666666,0.0,0.0,2025-03-20 00:00:00,210,attachment3_10min_interpolation,2025-03-13 03:30:00,587.0616666666666,587.0616666666666,0.0,0.0,33.1066666666668,620.1683333333334,620.1683333333334,0.0,0.0,0.0,0.0,9360.0,9360.0,0,0.4356,255.72406199999998,0.0,72.10632000000028,327.83038200000027,static_forecast,9843.635401031666,21650.401316666666,309.70990000000006,0.0
2025-03-20,21,2025-03-20 03:30:00,2025-03-20 03:40:00,3699.7385,616.6230833333333,0.0,0.0,605.2046666666666,0.0,0.0,2025-03-20 00:00:00,220,attachment3_10min_interpolation,2025-03-13 03:40:00,605.2046666666666,605.2046666666666,0.0,0.0,11.418416666666644,616.6230833333333,616.6230833333333,0.0,0.0,0.0,0.0,9360.0,9360.0,0,0.4353,263.4455914,0.0,24.852183874999948,288.29777527499994,static_forecast,10131.933176306666,22267.0244,321.1283166666667,0.0
2025-03-20,22,2025-03-20 03:40:00,2025-03-20 03:50:00,3674.7825,612.46375,0.0,0.0,594.9064333333333,0.0,0.0,2025-03-20 00:00:00,230,attachment3_10min_interpolation,2025-03-13 03:50:00,594.9064333333333,594.9064333333333,0.0,0.0,17.55731666666668,612.46375,612.46375,0.0,0.0,0.0,0.0,9360.0,9360.0,0,0.436,259.3792049333333,0.0,38.274950333333365,297.6541552666667,static_forecast,10429.587331573332,22879.488149999997,338.6856333333334,0.0
2025-03-20,23,2025-03-20 03:50:00,2025-03-20 04:00:00,3623.58,603.93,0.0,0.0,575.84,0.0,0.0,2025-03-20 00:00:00,240,attachment3_10min_interpolation,2025-03-13 04:00:00,575.84,575.84,0.0,0.0,28.089999999999918,603.93,603.93,0.0,0.0,0.0,0.0,9360.0,9360.0,0,0.4378,252.10275200000004,0.0,61.48900999999982,313.59176199999985,static_forecast,10743.179093573332,23483.418149999998,366.7756333333333,0.0
2025-03-20,24,2025-03-20 04:00:00,2025-03-20 04:10:00,3538.7697,589.79495,0.0019,0.0003166666666666,597.3306333333334,0.0,0.0,2025-03-20 00:00:00,250,attachment3_10min_interpolation,2025-03-13 04:10:00,597.3306333333334,597.3306333333334,0.0,0.0,0.0,597.3306333333334,597.3306333333334,0.0,0.0,0.0003166666666666,7.535683333333395,9360.0,9360.0,0,0.4401,262.88521173000004,0.0,0.0,262.88521173000004,static_forecast,11006.064305303331,24080.748783333333,366.7756333333333,0.0003166666666666
2025-03-20,25,2025-03-20 04:10:00,2025-03-20 04:20:00,3488.7843,581.4640499999999,0.0,0.0,607.6372166666666,0.0,0.0,2025-03-20 00:00:00,260,attachment3_10min_interpolation,2025-03-13 04:20:00,607.6372166666666,607.6372166666666,0.0,0.0,0.0,607.6372166666666,607.6372166666666,0.0,0.0,0.0,26.173166666666702,9360.0,9360.0,0,0.4389,266.691974395,0.0,0.0,266.691974395,static_forecast,11272.756279698331,24688.386,366.7756333333333,0.0003166666666666
2025-03-20,26,2025-03-20 04:20:00,2025-03-20 04:30:00,3513.51,585.585,0.0,0.0,596.1783333333334,0.0,0.0,2025-03-20 00:00:00,270,attachment3_10min_interpolation,2025-03-13 04:30:00,596.1783333333334,596.1783333333334,0.0,0.0,0.0,596.1783333333334,596.1783333333334,0.0,0.0,0.0,10.593333333333362,9360.0,9360.0,0,0.4364,260.1722246666667,0.0,0.0,260.1722246666667,static_forecast,11532.928504364998,25284.564333333332,366.7756333333333,0.0003166666666666
2025-03-20,27,2025-03-20 04:30:00,2025-03-20 04:40:00,3598.3779,599.72965,0.0271,0.0045166666666666,605.07335,0.0,0.0,2025-03-20 00:00:00,280,attachment3_10min_interpolation,2025-03-13 04:40:00,605.07335,605.07335,0.0,0.0,0.0,605.07335,605.07335,0.0,0.0,0.0045166666666666,5.3437000000000126,9360.0,9360.0,0,0.4393,265.808722655,0.0,0.0,265.808722655,static_forecast,11798.737227019998,25889.63768333333,366.7756333333333,0.0048333333333332
2025-03-20,28,2025-03-20 04:40:00,2025-03-20 04:50:00,3700.4359,616.7393166666667,0.0,0.0,619.5839,0.0,0.0,2025-03-20 00:00:00,290,attachment3_10min_interpolation,2025-03-13 04:50:00,619.5839,619.5839,0.0,0.0,0.0,619.5839,619.5839,0.0,0.0,0.0,2.8445833333332757,9360.0,9360.0,0,0.4422,273.98000057999997,0.0,0.0,273.98000057999997,static_forecast,12072.717227599998,26509.221583333332,366.7756333333333,0.0048333333333332
2025-03-20,29,2025-03-20 04:50:00,2025-03-20 05:00:00,3753.57,625.595,0.0,0.0,621.1783333333334,0.0,0.0,2025-03-20 00:00:00,300,attachment3_10min_interpolation,2025-03-13 05:00:00,621.1783333333334,621.1783333333334,0.0,0.0,4.416666666666629,625.595,625.595,0.0,0.0,0.0,0.0,9360.0,9360.0,0,0.4395,273.0078775,0.0,9.705624999999916,282.71350249999995,static_forecast,12355.430730099999,27134.816583333333,371.19229999999993,0.0048333333333332
2025-03-20,30,2025-03-20 05:00:00,2025-03-20 05:10:00,3716.9811,619.49685,0.3776,0.0629333333333333,608.7214333333333,0.0,0.0,2025-03-20 00:00:00,310,attachment3_10min_interpolation,2025-03-13 05:10:00,608.7214333333333,608.7214333333333,0.0,0.0,10.712483333333395,619.4339166666666,619.4339166666666,0.0,0.0,0.0,0.0,9360.0,9360.0,0,0.4333,263.7589970633333,0.0,23.2085951416668,286.96759220500013,static_forecast,12642.398322305,27754.2505,381.90478333333334,0.0048333333333332
2025-03-20,31,2025-03-20 05:10:00,2025-03-20 05:20:00,3707.0664,617.8444000000001,0.0,0.0,604.5978166666666,0.0,0.0,2025-03-20 00:00:00,320,attachment3_10min_interpolation,2025-03-13 05:20:00,604.5978166666666,604.5978166666666,0.0,0.0,13.246583333333433,617.8444000000001,617.8444000000001,0.0,0.0,0.0,0.0,9360.0,9360.0,0,0.4439,268.3809708183333,0.0,29.400791708333553,297.78176252666685,static_forecast,12940.180084831667,28372.0949,395.1513666666668,0.0048333333333332
2025-03-20,32,2025-03-20 05:20:00,2025-03-20 05:30:00,3642.69,607.115,0.0,0.0,604.3116666666666,0.0,0.0,2025-03-20 00:00:00,330,attachment3_10min_interpolation,2025-03-13 05:30:00,1404.3116666666665,1404.3116666666665,0.0,0.0,2.803333333333512,1407.115,1407.115,800.0,0.0,0.0,0.0,9360.0,10080.0,1,0.4301,603.9944478333332,0.0,6.028568333333718,610.0230161666669,static_forecast,13550.203100998335,29779.2099,397.9547000000003,0.0048333333333332
2025-03-20,33,2025-03-20 05:30:00,2025-03-20 05:40:00,3457.8398,576.3066333333334,5.2594,0.8765666666666667,600.5139666666666,0.0,0.0,2025-03-20 00:00:00,340,attachment3_10min_interpolation,2025-03-13 05:40:00,1400.5139666666666,1400.5139666666666,0.0,0.0,0.0,1400.5139666666666,1400.5139666666666,800.0,0.0,0.8765666666666667,24.20733333333328,10080.0,10800.0,1,0.3713,520.0108358233333,0.0,0.0,520.0108358233333,static_forecast,14070.213936821669,31179.723866666667,397.9547000000003,0.8814
2025-03-20,34,2025-03-20 05:40:00,2025-03-20 05:50:00,4028.7787,671.4631166666667,0.0,0.0,696.46365,0.0,0.0,2025-03-20 00:00:00,350,attachment3_10min_interpolation,2025-03-13 05:50:00,696.46365,696.46365,0.0,0.0,0.0,696.46365,696.46365,0.0,0.0,0.0,25.00053333333335,10800.0,10800.0,0,0.5708,397.54145142,0.0,0.0,397.54145142,static_forecast,14467.755388241669,31876.18751666667,397.9547000000003,0.8814
2025-03-20,35,2025-03-20 05:50:00,2025-03-20 06:00:00,4962.09,827.015,0.0,0.0,829.3766666666667,0.0,0.0,2025-03-20 00:00:00,360,attachment3_10min_interpolation,2025-03-13 06:00:00,73.37666666666667,73.37666666666667,0.0,0.0,0.0,73.37666666666667,73.37666666666667,0.0,756.0,0.0,2.361666666666679,10800.0,9960.0,0,0.9099,66.765429,0.0,0.0,66.765429,static_forecast,14534.520817241668,31949.564183333336,397.9547000000003,0.8814
2025-03-20,36,2025-03-20 06:00:00,2025-03-20 06:10:00,4905.1198,817.5199666666667,153.4202,25.57003333333333,821.3032166666667,290.7432166666667,48.45720277777778,2025-03-20 00:00:00,370,attachment3_10min_interpolation,2025-03-13 06:10:00,16.846013888888933,16.846013888888933,0.0,0.0,19.1039194444445,35.94993333333343,35.94993333333343,0.0,756.0,0.0,0.0,9960.0,9120.0,0,0.9368,15.781345811111152,0.0,89.48275867777804,105.26410448888919,static_forecast,14639.784921730557,31985.51411666667,417.0586194444448,0.8814
2025-03-20,37,2025-03-20 06:10:00,2025-03-20 06:20:00,4660.8239,776.8039833333333,401.044,66.84066666666666,802.8293,581.4864333333334,96.91440555555556,2025-03-20 00:00:00,380,attachment3_10min_interpolation,2025-03-13 06:20:00,57.91489444444437,57.91489444444437,0.0,0.0,4.048422222222371,61.96331666666674,61.96331666666674,0.0,648.0,0.0,0.0,9120.0,8400.0,0,0.8758,50.72186455444438,0.0,17.728040911111762,68.44990546555614,static_forecast,14708.234827196113,32047.477433333337,421.10704166666716,0.8814
2025-03-20,38,2025-03-20 06:20:00,2025-03-20 06:30:00,4703.75,783.9583333333334,675.525,112.5875,824.1999999999999,872.22965,145.37160833333334,2025-03-20 00:00:00,390,attachment3_10min_interpolation,2025-03-13 06:30:00,30.828391666666562,30.828391666666562,0.0,0.0,0.0,30.828391666666562,30.828391666666562,0.0,648.0,7.457558333333168,0.0,8400.0,7680.0,0,0.8759,27.002588260833242,0.0,0.0,27.002588260833242,static_forecast,14735.237415456946,32078.305825000003,421.10704166666716,8.338958333333167
2025-03-20,39,2025-03-20 06:30:00,2025-03-20 06:40:00,4726.9008,787.8168000000001,952.6316,158.77193333333335,806.8451333333334,1162.9728666666667,193.82881111111112,2025-03-20 00:00:00,400,attachment3_10min_interpolation,2025-03-13 06:40:00,73.01632222222224,73.01632222222224,0.0,0.0,16.028544444444492,89.04486666666674,89.04486666666674,0.0,540.0,0.0,0.0,7680.0,7080.0,0,0.8601,62.801338743333346,0.0,68.93075538333353,131.73209412666688,static_forecast,14866.969509583612,32167.35069166667,437.13558611111165,8.338958333333167
2025-03-20,40,2025-03-20 06:40:00,2025-03-20 06:50:00,4819.4733,803.24555,1302.5378,217.08963333333332,792.7957,1453.7160833333337,242.28601388888896,2025-03-20 00:00:00,410,attachment3_10min_interpolation,2025-03-13 06:50:00,10.509686111111023,10.509686111111023,0.0,0.0,35.646230555555576,46.1559166666666,46.1559166666666,0.0,540.0,0.0,0.0,7080.0,6480.0,0,0.8442,8.872277014999925,0.0,150.46273917500008,159.33501619,static_forecast,15026.304525773612,32213.506608333337,472.7818166666672,8.338958333333167
2025-03-20,41,2025-03-20 06:50:00,2025-03-20 07:00:00,4880.33,813.3883333333333,1693.2375,282.20625,797.59,1744.4593,290.7432166666667,2025-03-20 00:00:00,420,attachment3_10min_interpolation,2025-03-13 07:00:00,74.84678333333335,74.84678333333335,0.0,0.0,24.335299999999904,99.18208333333325,99.18208333333325,0.0,432.0,0.0,0.0,6480.0,6000.0,0,0.8334,62.377309230000016,0.0,101.4051950999996,163.78250432999963,static_forecast,15190.087030103612,32312.68869166667,497.11711666666713,8.338958333333167
2025-03-20,42,2025-03-20 07:00:00,2025-03-20 07:10:00,4689.3761,781.5626833333334,2009.9231,334.98718333333335,795.1481833333333,2087.0072333333333,347.83453888888886,2025-03-20 00:00:00,430,attachment3_10min_interpolation,2025-03-13 07:10:00,15.313644444444492,15.313644444444492,0.0,0.0,0.0,15.313644444444492,15.313644444444492,0.0,432.0,0.7381444444444583,0.0,6000.0,5520.0,0,0.8092,12.391801084444483,0.0,0.0,12.391801084444483,static_forecast,15202.478831188057,32328.002336111116,497.11711666666713,9.077102777777625
2025-03-20,43,2025-03-20 07:10:00,2025-03-20 07:20:00,4713.3646,785.5607666666666,2305.9149,384.31915,822.28515,2429.5551666666665,404.9258611111111,2025-03-20 00:00:00,440,attachment3_10min_interpolation,2025-03-13 07:20:00,0.0,0.0,0.0,0.0,0.0,0.0,0.0,0.0,432.0,30.75838333333337,0.0,5520.0,5040.0,0,0.7972,0.0,0.0,0.0,0.0,static_forecast,15202.478831188057,32328.002336111116,497.11711666666713,39.835486111110995
2025-03-20,44,2025-03-20 07:20:00,2025-03-20 07:30:00,4827.2,804.5333333333333,2609.7375,434.95625,836.1783333333333,2772.1031000000003,462.0171833333334,2025-03-20 00:00:00,450,attachment3_10min_interpolation,2025-03-13 07:30:00,50.16114999999991,50.16114999999991,0.0,0.0,0.0,50.16114999999991,50.16114999999991,0.0,324.0,4.584066666666615,0.0,5040.0,4680.0,0,0.7644,38.34318305999993,0.0,0.0,38.34318305999993,static_forecast,15240.822014248057,32378.163486111116,497.11711666666713,44.41955277777761
2025-03-20,45,2025-03-20 07:30:00,2025-03-20 07:40:00,4578.156,763.026,2894.0148,482.3358,779.8098833333333,3114.651033333333,519.1085055555556,2025-03-20 00:00:00,460,attachment3_10min_interpolation,2025-03-13 07:40:00,44.70137777777779,44.70137777777779,0.0,0.0,19.988822222222154,64.69019999999995,64.69019999999995,0.0,216.0,0.0,0.0,4680.0,4440.0,0,0.6899,30.8394805288889,0.0,68.9514422555553,99.7909227844442,static_forecast,15340.612937032502,32442.853686111117,517.1059388888893,44.41955277777761
2025-03-20,46,2025-03-20 07:40:00,2025-03-20 07:50:00,5187.0368,864.5061333333333,3179.5684,529.9280666666667,905.0956833333332,3457.198966666667,576.1998277777778,2025-03-20 00:00:00,470,attachment3_10min_interpolation,2025-03-13 07:50:00,4.895855555555386,4.895855555555386,0.0,0.0,5.682211111111201,10.578066666666587,10.578066666666587,0.0,324.0,0.0,0.0,4440.0,4080.0,0,0.86,4.210435777777632,0.0,24.433507777778164,28.643943555555797,static_forecast,15369.256880588058,32453.431752777782,522.7881500000005,44.41955277777761
2025-03-20,47,2025-03-20 07:50:00,2025-03-20 08:00:00,6405.59,1067.5983333333334,3476.5125,579.4187499999999,1125.995,3799.7469,633.29115,2025-03-20 00:00:00,480,attachment3_10min_interpolation,2025-03-13 08:00:00,60.703849999999875,60.703849999999875,0.0,0.0,0.0,60.703849999999875,60.703849999999875,0.0,432.0,4.524266666666449,0.0,4080.0,3600.0,0,1.1617,70.51966254499985,0.0,0.0,70.51966254499985,static_forecast,15439.776543133059,32514.13560277778,522.7881500000005,48.94381944444406
2025-03-20,48,2025-03-20 08:00:00,2025-03-20 08:10:00,6658.0486,1109.6747666666668,3761.2255,626.8709166666666,1090.9687,4090.285666666666,681.7142777777777,2025-03-20 00:00:00,490,attachment3_10min_interpolation,2025-03-13 08:10:00,0.0,0.0,0.0,0.0,50.803850000000125,50.803850000000125,50.803850000000125,0.0,432.0,0.0,0.0,3600.0,3120.0,0,1.1683,0.0,0.0,296.77068977500073,296.77068977500073,static_forecast,15736.54723290806,32564.93945277778,573.5920000000007,48.94381944444406
2025-03-20,49,2025-03-20 08:10:00,2025-03-20 08:20:00,6606.6001,1101.1000166666663,3976.3717,662.7286166666667,1039.0916333333332,4380.824433333333,730.1374055555556,2025-03-20 00:00:00,500,attachment3_10min_interpolation,2025-03-13 08:20:00,0.0,0.0,0.0,0.0,114.37139999999965,114.37139999999965,114.37139999999965,0.0,324.0,0.0,0.0,3120.0,2760.0,0,1.0956,0.0,0.0,626.5265291999981,626.5265291999981,static_forecast,16363.073762108059,32679.31085277778,687.9634000000003,48.94381944444406
2025-03-20,50,2025-03-20 08:20:00,2025-03-20 08:30:00,6687.27,1114.545,4220.325,703.3874999999999,1080.1816666666666,4671.3632,778.5605333333333,2025-03-20 00:00:00,510,attachment3_10min_interpolation,2025-03-13 08:30:00,0.0,0.0,0.0,0.0,87.15750000000014,87.15750000000014,87.15750000000014,0.0,324.0,0.0,0.0,2760.0,2400.0,0,1.0849,0.0,0.0,472.7858587500008,472.7858587500008,static_forecast,16835.85962085806,32766.46835277778,775.1209000000005,48.94381944444406
2025-03-20,51,2025-03-20 08:30:00,2025-03-20 08:40:00,6649.776,1108.296,4653.7429,775.6238166666667,1085.1412333333333,4961.901966666667,826.9836611111112,2025-03-20 00:00:00,520,attachment3_10min_interpolation,2025-03-13 08:40:00,42.15757222222203,42.15757222222203,0.0,0.0,74.51461111111121,116.67218333333324,116.67218333333324,0.0,216.0,0.0,0.0,2400.0,2160.0,0,1.061,44.72918412777757,0.0,395.3000119444449,440.0291960722225,static_forecast,17275.88881693028,32883.14053611112,849.6355111111117,48.94381944444406
2025-03-20,52,2025-03-20 08:40:00,2025-03-20 08:50:00,6705.5335,1117.5889166666666,5037.5027,839.5837833333334,1091.9628833333334,5252.440733333334,875.406788888889,2025-03-20 00:00:00,530,attachment3_10min_interpolation,2025-03-13 08:50:00,0.5560944444443976,0.5560944444443976,0.0,0.0,61.44903888888882,62.00513333333322,62.00513333333322,0.0,216.0,0.0,0.0,2160.0,1920.0,0,1.043,0.5800065055555067,0.0,320.4567378055552,321.0367443111107,static_forecast,17596.92556124139,32945.14566944445,911.0845500000005,48.94381944444406
2025-03-20,53,2025-03-20 08:50:00,2025-03-20 09:00:00,6757.81,1126.3016666666667,5180.8875,863.4812499999999,1111.01,5542.9795,923.8299166666667,2025-03-20 00:00:00,540,attachment3_10min_interpolation,2025-03-13 09:00:00,0.0,0.0,0.0,0.0,46.8204166666668,46.8204166666668,46.8204166666668,0.0,216.0,0.0,0.0,1920.0,1680.0,0,1.036,0.0,0.0,242.52975833333403,242.52975833333403,static_forecast,17839.455319574725,32991.96608611112,957.9049666666673,48.94381944444406
2025-03-20,54,2025-03-20 09:00:00,2025-03-20 09:10:00,6494.2004,1082.3667333333333,5166.4978,861.0829666666667,1100.2203833333333,5841.86375,973.6439583333334,2025-03-20 00:00:00,550,attachment3_10min_interpolation,2025-03-13 09:10:00,18.57642499999986,18.57642499999986,0.0,0.0,94.70734166666682,113.28376666666668,113.28376666666668,0.0,108.0,0.0,0.0,1680.0,1560.0,0,1.0147,18.849498447499855,0.0,480.49769794583403,499.3471963933339,static_forecast,18338.80251596806,33105.249852777786,1052.612308333334,48.94381944444406
2025-03-20,55,2025-03-20 09:10:00,2025-03-20 09:20:00,6436.4392,1072.7398666666666,5533.329,922.2215,1095.572683333333,6140.7480000000005,1023.4580000000001,2025-03-20 00:00:00,560,attachment3_10min_interpolation,2025-03-13 09:20:00,72.114683333333,72.114683333333,0.0,0.0,78.40368333333356,150.51836666666657,150.51836666666657,0.0,0.0,0.0,0.0,1560.0,1560.0,0,0.9922,71.55218880333301,0.0,388.96067301666784,460.51286182000086,static_forecast,18799.315377788058,33255.76821944445,1131.0159916666676,48.94381944444406
2025-03-20,56,2025-03-20 09:20:00,2025-03-20 09:30:00,6570.85,1095.1416666666669,6107.7375,1017.95625,1102.465,6439.632250000001,1073.2720416666668,2025-03-20 00:00:00,570,attachment3_10min_interpolation,2025-03-13 09:30:00,29.19295833333308,29.19295833333308,0.0,0.0,47.99245833333384,77.18541666666692,77.18541666666692,0.0,0.0,0.0,0.0,1560.0,1560.0,0,0.97,28.317169583333087,0.0,232.76342291666913,261.08059250000224,static_forecast,19060.39597028806,33332.95363611112,1179.0084500000014,48.94381944444406
2025-03-20,57,2025-03-20 09:30:00,2025-03-20 09:40:00,6399.3635,1066.5605833333334,6182.795,1030.4658333333334,1091.4411333333337,6738.5165,1123.0860833333334,2025-03-20 00:00:00,580,attachment3_10min_interpolation,2025-03-13 09:40:00,0.0,0.0,0.0,0.0,36.094749999999976,36.094749999999976,36.094749999999976,0.0,0.0,0.0,0.0,1560.0,1560.0,0,0.9422,0.0,0.0,170.0423672499999,170.0423672499999,static_forecast,19230.43833753806,33369.04838611111,1215.1032000000014,48.94381944444406
2025-03-20,58,2025-03-20 09:40:00,2025-03-20 09:50:00,6445.9301,1074.321683333333,6198.386,1033.0643333333337,1094.9624166666667,7037.40075,1172.900125,2025-03-20 00:00:00,590,attachment3_10min_interpolation,2025-03-13 09:50:00,55.395625000000194,55.395625000000194,0.0,0.0,119.19505833333255,174.59068333333275,174.59068333333275,133.33333333333334,0.0,0.0,0.0,1560.0,1680.0,1,0.9569,53.008073562500186,0.0,570.2887565958296,623.2968301583297,static_forecast,19853.73516769639,33543.63906944445,1334.298258333334,48.94381944444406
2025-03-20,59,2025-03-20 09:50:00,2025-03-20 10:00:00,6697.43,1116.2383333333337,6426.1875,1071.03125,1111.135,7336.285,1222.7141666666666,2025-03-20 00:00:00,600,attachment3_10min_interpolation,2025-03-13 10:00:00,21.75416666666669,21.75416666666669,0.0,0.0,156.78625000000034,178.54041666666703,178.54041666666703,133.33333333333334,0.0,0.0,0.0,1680.0,1800.0,1,0.9977,21.70413208333336,0.0,782.1282081250017,803.832340208335,static_forecast,20657.567507904725,33722.17948611112,1491.0845083333343,48.94381944444406
2025-03-20,60,2025-03-20 10:00:00,2025-03-20 10:10:00,6577.9956,1096.3326,6675.2481,1112.54135,1102.5336166666666,7488.569233333334,1248.0948722222222,2025-03-20 00:00:00,610,attachment3_10min_interpolation,2025-03-13 10:10:00,0.0,0.0,0.0,0.0,117.12458333333325,117.12458333333325,117.12458333333325,133.33333333333334,0.0,0.0,0.0,1800.0,1920.0,1,0.9919,0.0,0.0,580.8793710416662,580.8793710416662,static_forecast,21238.44687894639,33839.30406944445,1608.2090916666675,48.94381944444406
2025-03-20,61,2025-03-20 10:10:00,2025-03-20 10:20:00,6445.2772,1074.2128666666667,6774.004,1129.0006666666666,1089.8910666666668,7640.853466666666,1273.4755777777775,2025-03-20 00:00:00,620,attachment3_10min_interpolation,2025-03-13 10:20:00,0.0,0.0,0.0,0.0,78.54553333333342,78.54553333333342,78.54553333333342,133.33333333333334,0.0,0.0,0.0,1920.0,2040.0,1,0.9588,0.0,0.0,376.5472868000004,376.5472868000004,static_forecast,21614.99416574639,33917.84960277778,1686.754625000001,48.94381944444406
2025-03-20,62,2025-03-20 10:20:00,2025-03-20 10:30:00,6473.61,1078.935,6879.075,1146.5125,1079.66,7793.1377,1298.8562833333333,2025-03-20 00:00:00,630,attachment3_10min_interpolation,2025-03-13 10:30:00,47.47038333333347,47.47038333333347,0.0,0.0,151.6187833333331,199.08916666666659,199.08916666666659,266.6666666666667,0.0,0.0,0.0,2040.0,2280.0,1,0.9549,45.32946904500013,0.0,723.9038810249989,769.233350069999,static_forecast,22384.22751581639,34116.938769444445,1838.373408333334,48.94381944444406
2025-03-20,63,2025-03-20 10:30:00,2025-03-20 10:40:00,6454.2353,1075.7058833333333,7268.5137,1211.41895,1061.00095,7945.421933333334,1324.236988888889,2025-03-20 00:00:00,640,attachment3_10min_interpolation,2025-03-13 10:40:00,3.4306277777777154,3.4306277777777154,0.0,0.0,127.52297222222228,130.9536,130.9536,266.6666666666667,0.0,0.0,0.0,2280.0,2520.0,1,0.9839,3.3753946705554942,0.0,627.3492618472226,630.724656517778,static_forecast,23014.952172334168,34247.892369444446,1965.8963805555563,48.94381944444406
2025-03-20,64,2025-03-20 10:40:00,2025-03-20 10:50:00,6352.336,1058.7226666666668,7455.3554,1242.5592333333334,1068.99175,8097.706166666667,1349.6176944444444,2025-03-20 00:00:00,650,attachment3_10min_interpolation,2025-03-13 10:50:00,0.0,0.0,0.0,0.0,82.83010000000013,82.83010000000013,82.83010000000013,266.6666666666667,0.0,0.0,0.0,2520.0,2760.0,1,0.799,0.0,0.0,330.9062495000005,330.9062495000005,static_forecast,23345.858421834168,34330.722469444445,2048.7264805555565,48.94381944444406
2025-03-20,65,2025-03-20 10:50:00,2025-03-20 11:00:00,6279.9,1046.65,7263.0,1210.5,1095.73,8249.9904,1374.9984000000002,2025-03-20 00:00:00,660,attachment3_10min_interpolation,2025-03-13 11:00:00,520.7315999999998,520.7315999999998,0.0,0.0,115.41840000000025,636.1500000000001,636.1500000000001,800.0,0.0,0.0,0.0,2760.0,3480.0,1,0.5025,261.6676289999999,0.0,289.9887300000006,551.6563590000005,static_forecast,23897.514780834168,34966.872469444446,2164.1448805555565,48.94381944444406
2025-03-20,66,2025-03-20 11:00:00,2025-03-20 11:10:00,6362.0436,1060.3406,7021.6679,1170.2779833333334,1091.5872,8182.8153,1363.80255,2025-03-20 00:00:00,670,attachment3_10min_interpolation,2025-03-13 11:10:00,527.7846499999998,527.7846499999998,0.0,0.0,162.27796666666677,690.0626166666666,690.0626166666666,800.0,0.0,0.0,0.0,3480.0,4200.0,1,0.4662,246.05320382999992,0.0,378.26994030000026,624.3231441300002,static_forecast,24521.83792496417,35656.935086111116,2326.422847222223,48.94381944444406
2025-03-20,67,2025-03-20 11:10:00,2025-03-20 11:20:00,6393.8373,1065.63955,7052.8842,1175.4807,1060.0513,8115.640200000001,1352.6067,2025-03-20 00:00:00,680,attachment3_10min_interpolation,2025-03-13 11:20:00,507.44460000000004,507.44460000000004,0.0,0.0,182.71425,690.15885,690.15885,800.0,0.0,0.0,0.0,4200.0,4920.0,1,0.5007,254.07751122000005,0.0,457.42512487500005,711.5026360950001,static_forecast,25233.34056105917,36347.093936111116,2509.137097222223,48.94381944444406
2025-03-20,68,2025-03-20 11:20:00,2025-03-20 11:30:00,6360.1,1060.0166666666669,7317.5625,1219.59375,1038.76,8048.4651,1341.41085,2025-03-20 00:00:00,690,attachment3_10min_interpolation,2025-03-13 11:30:00,497.34915,497.34915,0.0,0.0,143.07376666666687,640.4229166666669,640.4229166666669,800.0,0.0,0.0,0.0,4920.0,5640.0,1,0.4827,240.07043470500003,0.0,345.3085358500005,585.3789705550005,static_forecast,25818.71953161417,36987.516852777786,2652.21086388889,48.94381944444406
2025-03-20,69,2025-03-20 11:30:00,2025-03-20 11:40:00,6424.0276,1070.6712666666667,7505.6333,1250.9388833333337,1059.6249,7981.29,1330.215,2025-03-20 00:00:00,700,attachment3_10min_interpolation,2025-03-13 11:40:00,529.4099000000001,529.4099000000001,0.0,0.0,90.32248333333291,619.732383333333,619.732383333333,800.0,0.0,0.0,0.0,5640.0,6360.0,1,0.4785,253.32263715000005,0.0,216.096541374999,469.41917852499904,static_forecast,26288.13871013917,37607.24923611112,2742.533347222223,48.94381944444406
2025-03-20,70,2025-03-20 11:40:00,2025-03-20 11:50:00,6379.6216,1063.2702666666669,7635.0323,1272.5053833333334,1054.2732166666667,7914.1149,1319.0191499999999,2025-03-20 00:00:00,710,attachment3_10min_interpolation,2025-03-13 11:50:00,535.2540666666669,535.2540666666669,0.0,0.0,55.51081666666664,590.7648833333335,590.7648833333335,800.0,0.0,0.0,0.0,6360.0,7080.0,1,0.4662,249.53544588000008,0.0,129.39571364999995,378.93115953000006,static_forecast,26667.06986966917,38198.01411944446,2798.0441638888897,48.94381944444406
2025-03-20,71,2025-03-20 11:50:00,2025-03-20 12:00:00,6168.32,1028.0533333333333,7818.45,1303.075,1013.1,7846.9398,1307.8233,2025-03-20 00:00:00,720,attachment3_10min_interpolation,2025-03-13 12:00:00,505.2767,505.2767,0.0,0.0,19.701633333333348,524.9783333333334,524.9783333333334,800.0,0.0,0.0,0.0,7080.0,7800.0,1,0.4432,223.93863344,0.0,43.65881946666669,267.59745290666666,static_forecast,26934.667322575835,38722.99245277779,2817.745797222223,48.94381944444406
2025-03-20,72,2025-03-20 12:00:00,2025-03-20 12:10:00,5958.8116,993.1352666666668,8082.9395,1347.1565833333334,995.5195,7596.228716666666,1266.0381194444442,2025-03-20 00:00:00,730,attachment3_10min_interpolation,2025-03-13 12:10:00,529.4813805555558,529.4813805555558,0.0,0.0,0.0,529.4813805555558,529.4813805555558,800.0,0.0,83.50269722222265,0.0,7800.0,8520.0,1,0.4411,233.55423696305567,0.0,0.0,233.55423696305567,static_forecast,27168.22155953889,39252.473833333344,2817.745797222223,132.4465166666667
2025-03-20,73,2025-03-20 12:10:00,2025-03-20 12:20:00,5855.2299,975.87165,8090.5707,1348.42845,1000.5944833333332,7345.517633333334,1224.252938888889,2025-03-20 00:00:00,740,attachment3_10min_interpolation,2025-03-13 12:20:00,576.3415444444441,576.3415444444441,0.0,0.0,0.0,576.3415444444441,576.3415444444441,800.0,0.0,148.8983444444441,0.0,8520.0,9240.0,1,0.4551,262.2930368766665,0.0,0.0,262.2930368766665,static_forecast,27430.51459641556,39828.81537777779,2817.745797222223,281.3448611111108
2025-03-20,74,2025-03-20 12:20:00,2025-03-20 12:30:00,5883.66,980.61,7709.3625,1284.89375,1007.24,7094.80655,1182.4677583333334,2025-03-20 00:00:00,750,attachment3_10min_interpolation,2025-03-13 12:30:00,624.7722416666666,624.7722416666666,0.0,0.0,0.0,624.7722416666666,624.7722416666666,800.0,0.0,129.0559916666664,0.0,9240.0,9960.0,1,0.4463,278.8358514558333,0.0,0.0,278.8358514558333,static_forecast,27709.350447871395,40453.58761944446,2817.745797222223,410.4008527777772
2025-03-20,75,2025-03-20 12:30:00,2025-03-20 12:40:00,6006.2794,1001.0465666666668,7205.256,1200.876,1001.2011833333332,6844.095466666667,1140.6825777777779,2025-03-20 00:00:00,760,attachment3_10min_interpolation,2025-03-13 12:40:00,660.5186055555554,660.5186055555554,0.0,0.0,0.0,660.5186055555554,660.5186055555554,800.0,0.0,60.348038888888595,0.0,9960.0,10680.0,1,0.4113,271.67130246499994,0.0,0.0,271.67130246499994,static_forecast,27981.021750336397,41114.10622500001,2817.745797222223,470.74889166666577
2025-03-20,76,2025-03-20 12:40:00,2025-03-20 12:50:00,6168.3548,1028.0591333333334,7206.9442,1201.1573666666666,1010.67875,6593.384383333334,1098.8973972222223,2025-03-20 00:00:00,770,attachment3_10min_interpolation,2025-03-13 12:50:00,45.114686111111126,45.114686111111126,0.0,0.0,0.0,45.114686111111126,45.114686111111126,133.33333333333334,0.0,84.87958611111094,0.0,10680.0,10800.0,1,0.5682,25.634164648333343,0.0,0.0,25.634164648333343,static_forecast,28006.65591498473,41159.22091111112,2817.745797222223,555.6284777777767
2025-03-20,77,2025-03-20 12:50:00,2025-03-20 13:00:00,6351.38,1058.5633333333333,7525.8,1254.3,1042.475,6342.6733,1057.1122166666667,2025-03-20 00:00:00,780,attachment3_10min_interpolation,2025-03-13 13:00:00,0.0,0.0,0.0,0.0,0.0,0.0,0.0,0.0,0.0,195.73666666666668,0.0,10800.0,10800.0,0,0.8279,0.0,0.0,0.0,0.0,static_forecast,28006.65591498473,41159.22091111112,2817.745797222223,751.3651444444433
2025-03-20,78,2025-03-20 13:00:00,2025-03-20 13:10:00,6510.6216,1085.1036,7339.075,1223.1791666666666,1070.4756666666667,6266.766433333334,1044.4610722222224,2025-03-20 00:00:00,790,attachment3_10min_interpolation,2025-03-13 13:10:00,26.014594444444356,26.014594444444356,0.0,0.0,0.0,26.014594444444356,26.014594444444356,0.0,0.0,164.090161111111,0.0,10800.0,10800.0,0,0.8636,22.466203762222147,0.0,0.0,22.466203762222147,static_forecast,28029.122118746953,41185.23550555557,2817.745797222223,915.4553055555543
2025-03-20,79,2025-03-20 13:10:00,2025-03-20 13:20:00,6358.8315,1059.80525,6900.6338,1150.1056333333331,1067.19875,6190.859566666667,1031.8099277777778,2025-03-20 00:00:00,800,attachment3_10min_interpolation,2025-03-13 13:20:00,35.38882222222219,35.38882222222219,0.0,0.0,0.0,35.38882222222219,35.38882222222219,0.0,0.0,125.68920555555542,0.0,10800.0,10800.0,0,0.8416,29.783232782222193,0.0,0.0,29.783232782222193,static_forecast,28058.905351529174,41220.62432777779,2817.745797222223,1041.1445111111098
2025-03-20,80,2025-03-20 13:20:00,2025-03-20 13:30:00,6039.3,1006.55,6610.0125,1101.66875,1052.215,6114.952700000001,1019.1587833333334,2025-03-20 00:00:00,810,attachment3_10min_interpolation,2025-03-13 13:30:00,33.0562166666665,33.0562166666665,0.0,0.0,0.0,33.0562166666665,33.0562166666665,0.0,0.0,128.1749666666666,0.0,10800.0,10800.0,0,0.8618,28.48784752333319,0.0,0.0,28.48784752333319,static_forecast,28087.39319905251,41253.680544444454,2817.745797222223,1169.3194777777762
2025-03-20,81,2025-03-20 13:30:00,2025-03-20 13:40:00,6028.9848,1004.8308,6642.1795,1107.0299166666666,1066.1486,6039.045833333334,1006.5076388888889,2025-03-20 00:00:00,820,attachment3_10min_interpolation,2025-03-13 13:40:00,59.640961111111096,59.640961111111096,0.0,0.0,0.0,59.640961111111096,59.640961111111096,0.0,0.0,161.84007777777776,0.0,10800.0,10800.0,0,0.8623,51.428400766111096,0.0,0.0,51.428400766111096,static_forecast,28138.82159981862,41313.32150555556,2817.745797222223,1331.159555555554
2025-03-20,82,2025-03-20 13:40:00,2025-03-20 13:50:00,6177.7813,1029.630216666667,6806.5377,1134.42295,1049.996216666667,5963.138966666667,993.8564944444446,2025-03-20 00:00:00,830,attachment3_10min_interpolation,2025-03-13 13:50:00,56.139722222222304,56.139722222222304,0.0,0.0,0.0,56.139722222222304,56.139722222222304,0.0,0.0,160.9324555555553,0.0,10800.0,10800.0,0,0.9026,50.67171327777785,0.0,0.0,50.67171327777785,static_forecast,28189.4933130964,41369.461227777785,2817.745797222223,1492.0920111111095
2025-03-20,83,2025-03-20 13:50:00,2025-03-20 14:00:00,6280.02,1046.67,6799.95,1133.325,1017.7916666666666,5887.2321,981.2053500000001,2025-03-20 00:00:00,840,attachment3_10min_interpolation,2025-03-13 14:00:00,36.58631666666656,36.58631666666656,0.0,0.0,0.0,36.58631666666656,36.58631666666656,0.0,0.0,123.24131666666653,0.0,10800.0,10800.0,0,0.9754,35.68629327666657,0.0,0.0,35.68629327666657,static_forecast,28225.179606373065,41406.04754444445,2817.745797222223,1615.333327777776
2025-03-20,84,2025-03-20 14:00:00,2025-03-20 14:10:00,6283.4823,1047.24705,6453.6137,1075.6022833333334,1042.522,5556.0525,926.00875,2025-03-20 00:00:00,850,attachment3_10min_interpolation,2025-03-13 14:10:00,8.513249999999971,8.513249999999971,0.0,0.0,0.0,8.513249999999971,8.513249999999971,0.0,108.0,144.86848333333342,0.0,10800.0,10680.0,0,1.0002,8.514952649999971,0.0,0.0,8.514952649999971,static_forecast,28233.694559023064,41414.56079444445,2817.745797222223,1760.2018111111095
2025-03-20,85,2025-03-20 14:10:00,2025-03-20 14:20:00,6314.912,1052.4853333333333,6203.5886,1033.9314333333334,1044.1895166666666,5224.8729,870.8121500000001,2025-03-20 00:00:00,860,attachment3_10min_interpolation,2025-03-13 14:20:00,65.37736666666649,65.37736666666649,0.0,0.0,0.0,65.37736666666649,65.37736666666649,0.0,108.0,154.8234666666666,0.0,10680.0,10560.0,0,0.9978,65.23353645999983,0.0,0.0,65.23353645999983,static_forecast,28298.928095483065,41479.93816111112,2817.745797222223,1915.025277777776
2025-03-20,86,2025-03-20 14:20:00,2025-03-20 14:30:00,6352.79,1058.7983333333334,6115.6875,1019.28125,1018.2733333333334,4893.6933,815.61555,2025-03-20 00:00:00,870,attachment3_10min_interpolation,2025-03-13 14:30:00,0.0,0.0,0.0,0.0,0.0,0.0,0.0,0.0,216.0,176.4829166666666,0.0,10560.0,10320.0,0,1.0271,0.0,0.0,0.0,0.0,static_forecast,28298.928095483065,41479.93816111112,2817.745797222223,2091.508194444443
2025-03-20,87,2025-03-20 14:30:00,2025-03-20 14:40:00,6259.4213,1043.2368833333333,5837.6616,972.9436,1042.4516,4562.5137,760.4189500000001,2025-03-20 00:00:00,880,attachment3_10min_interpolation,2025-03-13 14:40:00,66.03264999999999,66.03264999999999,0.0,0.0,0.0,66.03264999999999,66.03264999999999,0.0,216.0,211.73936666666668,0.0,10320.0,10080.0,0,1.0906,72.01520808999999,0.0,0.0,72.01520808999999,static_forecast,28370.943303573065,41545.97081111112,2817.745797222223,2303.2475611111095
2025-03-20,88,2025-03-20 14:40:00,2025-03-20 14:50:00,6190.1146,1031.6857666666667,5431.9635,905.32725,1066.3342166666666,4231.3341,705.22235,2025-03-20 00:00:00,890,attachment3_10min_interpolation,2025-03-13 14:50:00,37.11186666666663,37.11186666666663,0.0,0.0,0.0,37.11186666666663,37.11186666666663,0.0,324.0,234.75334999999995,0.0,10080.0,9720.0,0,0.9376,34.79608618666663,0.0,0.0,34.79608618666663,static_forecast,28405.739389759732,41583.082677777784,2817.745797222223,2538.0009111111094
2025-03-20,89,2025-03-20 14:50:00,2025-03-20 15:00:00,6156.64,1026.1066666666668,5072.775,845.4625,1059.83,3900.1545,650.02575,2025-03-20 00:00:00,900,attachment3_10min_interpolation,2025-03-13 15:00:00,809.8042499999999,809.8042499999999,0.0,0.0,0.0,809.8042499999999,809.8042499999999,400.0,0.0,229.1600833333331,0.0,9720.0,10080.0,1,0.6694,542.0829649499999,0.0,0.0,542.0829649499999,static_forecast,28947.822354709733,42392.886927777785,2817.745797222223,2767.1609944444426
2025-03-20,90,2025-03-20 15:00:00,2025-03-20 15:10:00,6039.3659,1006.5609833333332,4855.4545,809.2424166666666,1043.8204333333333,3642.3607,607.0601166666667,2025-03-20 00:00:00,910,attachment3_10min_interpolation,2025-03-13 15:10:00,1236.7603166666668,1236.7603166666668,0.0,0.0,0.0,1236.7603166666668,1236.7603166666668,800.0,0.0,239.44175000000007,0.0,10080.0,10800.0,1,0.66,816.2618090000001,0.0,0.0,816.2618090000001,static_forecast,29764.084163709733,43629.64724444445,2817.745797222223,3006.6027444444426
2025-03-20,91,2025-03-20 15:10:00,2025-03-20 15:20:00,6054.6789,1009.11315,4561.8383,760.3063833333334,1029.0004666666666,3384.5669000000003,564.0944833333334,2025-03-20 00:00:00,920,attachment3_10min_interpolation,2025-03-13 15:20:00,464.9059833333332,464.9059833333332,0.0,0.0,0.0,464.9059833333332,464.9059833333332,0.0,0.0,216.09921666666662,0.0,10800.0,10800.0,0,0.7217,335.52264817166656,0.0,0.0,335.52264817166656,static_forecast,30099.6068118814,44094.55322777778,2817.745797222223,3222.701961111109
2025-03-20,92,2025-03-20 15:20:00,2025-03-20 15:30:00,6187.68,1031.28,4146.825,691.1374999999999,1028.2383333333337,3126.7731,521.1288499999999,2025-03-20 00:00:00,930,attachment3_10min_interpolation,2025-03-13 15:30:00,507.10948333333374,507.10948333333374,0.0,0.0,0.0,507.10948333333374,507.10948333333374,0.0,0.0,166.9669833333337,0.0,10800.0,10800.0,0,0.7308,370.5956104200003,0.0,0.0,370.5956104200003,static_forecast,30470.2024223014,44601.662711111116,2817.745797222223,3389.668944444443
2025-03-20,93,2025-03-20 15:30:00,2025-03-20 15:40:00,6195.3721,1032.5620166666663,3778.6785,629.77975,1044.1373833333334,2868.9793,478.16321666666664,2025-03-20 00:00:00,940,attachment3_10min_interpolation,2025-03-13 15:40:00,565.9741666666669,565.9741666666669,0.0,0.0,0.0,565.9741666666669,565.9741666666669,0.0,0.0,163.1919000000006,0.0,10800.0,10800.0,0,0.7534,426.4049371666668,0.0,0.0,426.4049371666668,static_forecast,30896.607359468067,45167.63687777778,2817.745797222223,3552.8608444444435
2025-03-20,94,2025-03-20 15:40:00,2025-03-20 15:50:00,6186.1376,1031.0229333333334,3471.4229,578.5704833333333,1021.02475,2611.1855,435.19758333333334,2025-03-20 00:00:00,950,attachment3_10min_interpolation,2025-03-13 15:50:00,585.8271666666667,585.8271666666667,0.0,0.0,0.0,585.8271666666667,585.8271666666667,0.0,0.0,133.3747166666666,0.0,10800.0,10800.0,0,0.7823,458.29259248333335,0.0,0.0,458.29259248333335,static_forecast,31354.8999519514,45753.46404444445,2817.745797222223,3686.23556111111
2025-03-20,95,2025-03-20 15:50:00,2025-03-20 16:00:00,6200.17,1033.361666666667,3156.225,526.0375,980.0183333333332,2353.3917,392.23195000000004,2025-03-20 00:00:00,960,attachment3_10min_interpolation,2025-03-13 16:00:00,587.7863833333331,587.7863833333331,0.0,0.0,0.0,587.7863833333331,587.7863833333331,0.0,0.0,80.46221666666622,0.0,10800.0,10800.0,0,0.8055,473.4619317749998,0.0,0.0,473.4619317749998,static_forecast,31828.3618837264,46341.250427777784,2817.745797222223,3766.6977777777765
2025-03-20,96,2025-03-20 16:00:00,2025-03-20 16:10:00,6153.3743,1025.5623833333334,2779.805,463.3008333333333,998.9776166666668,2169.416016666667,361.56933611111117,2025-03-20 00:00:00,970,attachment3_10min_interpolation,2025-03-13 16:10:00,637.4082805555556,637.4082805555556,0.0,0.0,0.0,637.4082805555556,637.4082805555556,0.0,0.0,75.14673055555551,0.0,10800.0,10800.0,0,0.8271,527.2003888475,0.0,0.0,527.2003888475,static_forecast,32355.5622725739,46978.65870833334,2817.745797222223,3841.844508333332
2025-03-20,97,2025-03-20 16:10:00,2025-03-20 16:20:00,6101.7592,1016.9598666666668,2507.3559,417.89265,1019.85865,1985.4403333333332,330.9067222222222,2025-03-20 00:00:00,980,attachment3_10min_interpolation,2025-03-13 16:20:00,688.9519277777779,688.9519277777779,0.0,0.0,0.0,688.9519277777779,688.9519277777779,0.0,0.0,89.88471111111107,0.0,10800.0,10800.0,0,0.8519,586.918147273889,0.0,0.0,586.918147273889,static_forecast,32942.48041984779,47667.61063611112,2817.745797222223,3931.7292194444435
2025-03-20,98,2025-03-20 16:20:00,2025-03-20 16:30:00,6118.95,1019.825,2334.4125,389.06875,1013.39,1801.46465,300.2441083333333,2025-03-20 00:00:00,990,attachment3_10min_interpolation,2025-03-13 16:30:00,713.1458916666667,713.1458916666667,0.0,0.0,0.0,713.1458916666667,713.1458916666667,0.0,0.0,82.38964166666665,0.0,10800.0,10800.0,0,0.8791,626.9265533641667,0.0,0.0,626.9265533641667,static_forecast,33569.40697321195,48380.75652777779,2817.745797222223,4014.11886111111
2025-03-20,99,2025-03-20 16:30:00,2025-03-20 16:40:00,6209.4949,1034.9158166666666,2077.0816,346.1802666666667,1008.6170833333334,1617.4889666666668,269.58149444444444,2025-03-20 00:00:00,1000,attachment3_10min_interpolation,2025-03-13 16:40:00,739.0355888888889,739.0355888888889,0.0,0.0,0.0,739.0355888888889,739.0355888888889,0.0,0.0,50.30003888888899,0.0,10800.0,10800.0,0,0.9024,666.9057154133334,0.0,0.0,666.9057154133334,static_forecast,34236.31268862529,49119.79211666668,2817.745797222223,4064.418899999999
2025-03-20,100,2025-03-20 16:40:00,2025-03-20 16:50:00,6190.199,1031.6998333333331,1733.8533,288.97555,1013.04555,1433.5132833333334,238.91888055555557,2025-03-20 00:00:00,1010,attachment3_10min_interpolation,2025-03-13 16:50:00,774.1266694444445,774.1266694444445,0.0,0.0,0.0,774.1266694444445,774.1266694444445,0.0,0.0,31.402386111111355,0.0,10800.0,10800.0,0,0.9163,709.3322672119444,0.0,0.0,709.3322672119444,static_forecast,34945.64495583723,49893.91878611112,2817.745797222223,4095.8212861111106
2025-03-20,101,2025-03-20 16:50:00,2025-03-20 17:00:00,6102.19,1017.0316666666666,1377.7125,229.61875,1032.7483333333332,1249.5376,208.25626666666668,2025-03-20 00:00:00,1020,attachment3_10min_interpolation,2025-03-13 17:00:00,824.4920666666666,824.4920666666666,0.0,0.0,0.0,824.4920666666666,824.4920666666666,0.0,0.0,37.07914999999994,0.0,10800.0,10800.0,0,0.9264,763.80945056,0.0,0.0,763.80945056,static_forecast,35709.454406397235,50718.410852777786,2817.745797222223,4132.90043611111
2025-03-20,102,2025-03-20 17:00:00,2025-03-20 17:10:00,6143.2969,1023.8828166666668,1083.9022,180.65036666666663,1061.28845,1041.2813333333334,173.5468888888889,2025-03-20 00:00:00,1030,attachment3_10min_interpolation,2025-03-13 17:10:00,887.7415611111111,887.7415611111111,0.0,0.0,0.0,887.7415611111111,887.7415611111111,0.0,0.0,44.50911111111088,0.0,10800.0,10800.0,0,0.9462,839.9810651233333,0.0,0.0,839.9810651233333,static_forecast,36549.43547152057,51606.1524138889,2817.745797222223,4177.409547222221
2025-03-20,103,2025-03-20 17:10:00,2025-03-20 17:20:00,6075.0134,1012.5022333333332,831.8823,138.64705,1029.6231,833.0250666666667,138.83751111111113,2025-03-20 00:00:00,1040,attachment3_10min_interpolation,2025-03-13 17:20:00,890.7855888888889,890.7855888888889,0.0,0.0,0.0,890.7855888888889,890.7855888888889,0.0,0.0,16.93040555555578,0.0,10800.0,10800.0,0,0.9742,867.8033206955555,0.0,0.0,867.8033206955555,static_forecast,37417.23879221613,52496.93800277779,2817.745797222223,4194.3399527777765
2025-03-20,104,2025-03-20 17:20:00,2025-03-20 17:30:00,6025.68,1004.28,597.3375,99.55625,990.5383333333332,624.7688,104.12813333333334,2025-03-20 00:00:00,1050,attachment3_10min_interpolation,2025-03-13 17:30:00,886.4101999999998,886.4101999999998,0.0,0.0,18.313550000000163,904.72375,904.72375,0.0,0.0,0.0,0.0,10800.0,10800.0,0,0.9862,874.1777392399998,0.0,90.3041150500008,964.4818542900007,static_forecast,38381.72064650613,53401.661752777785,2836.059347222223,4194.3399527777765
2025-03-20,105,2025-03-20 17:30:00,2025-03-20 17:40:00,6213.4416,1035.5736,374.8971,62.482850000000006,1043.43055,416.51253333333335,69.41875555555556,2025-03-20 00:00:00,1060,attachment3_10min_interpolation,2025-03-13 17:40:00,974.0117944444445,974.0117944444445,0.0,0.0,0.0,974.0117944444445,974.0117944444445,0.0,0.0,0.9210444444445542,0.0,10800.0,10800.0,0,0.976,950.6355113777778,0.0,0.0,950.6355113777778,static_forecast,39332.35615788391,54375.67354722223,2836.059347222223,4195.260997222221
2025-03-20,106,2025-03-20 17:40:00,2025-03-20 17:50:00,5394.1467,899.02445,156.1276,26.021266666666666,940.5934166666666,208.25626666666668,34.70937777777778,2025-03-20 00:00:00,1070,attachment3_10min_interpolation,2025-03-13 17:50:00,905.8840388888888,905.8840388888888,0.0,0.0,0.0,905.8840388888888,905.8840388888888,0.0,0.0,26.021266666666666,6.859588888888762,10800.0,10800.0,0,1.0742,973.1006345744444,0.0,0.0,973.1006345744444,static_forecast,40305.45679245835,55281.557586111114,2836.059347222223,4221.282263888887
2025-03-20,107,2025-03-20 17:50:00,2025-03-20 18:00:00,4094.12,682.3533333333334,0.0,0.0,723.27,0.0,0.0,2025-03-20 00:00:00,1080,attachment3_10min_interpolation,2025-03-13 18:00:00,723.27,723.27,0.0,0.0,0.0,723.27,723.27,0.0,0.0,0.0,40.91666666666663,10800.0,10800.0,0,1.2313,890.562351,0.0,0.0,890.562351,static_forecast,41196.019143458354,56004.82758611111,2836.059347222223,4221.282263888887
2025-03-20,108,2025-03-20 18:00:00,2025-03-20 18:10:00,4187.9837,697.9972833333333,0.0,0.0,697.4002166666668,0.0,0.0,2025-03-20 00:00:00,1090,attachment3_10min_interpolation,2025-03-13 18:10:00,49.40021666666678,49.40021666666678,0.0,0.0,0.5970666666664783,49.99728333333326,49.99728333333326,0.0,648.0,0.0,0.0,10800.0,10080.0,0,1.2561,62.05161215500014,0.0,3.749877199998817,65.80148935499896,static_forecast,41261.82063281335,56054.82486944444,2836.65641388889,4221.282263888887
2025-03-20,109,2025-03-20 18:10:00,2025-03-20 18:20:00,4441.4267,740.2377833333334,5.5774,0.9295666666666668,725.86675,0.0,0.0,2025-03-20 00:00:00,1100,attachment3_10min_interpolation,2025-03-13 18:20:00,725.86675,725.86675,0.0,0.0,13.441466666666678,739.3082166666667,739.3082166666667,0.0,0.0,0.0,0.0,10080.0,10080.0,0,1.2447,903.486343725,0.0,83.65296780000006,987.139311525,static_forecast,42248.959944338356,56794.133086111106,2850.0978805555565,4221.282263888887
2025-03-20,110,2025-03-20 18:20:00,2025-03-20 18:30:00,4255.45,709.2416666666667,0.0,0.0,718.1916666666666,0.0,0.0,2025-03-20 00:00:00,1110,attachment3_10min_interpolation,2025-03-13 18:30:00,718.1916666666666,718.1916666666666,0.0,0.0,0.0,718.1916666666666,718.1916666666666,0.0,0.0,0.0,8.949999999999932,10080.0,10080.0,0,1.2545,900.9714458333332,0.0,0.0,900.9714458333332,static_forecast,43149.93139017169,57512.32475277777,2850.0978805555565,4221.282263888887
2025-03-20,111,2025-03-20 18:30:00,2025-03-20 18:40:00,4286.5369,714.4228166666667,0.0,0.0,725.71005,0.0,0.0,2025-03-20 00:00:00,1120,attachment3_10min_interpolation,2025-03-13 18:40:00,725.71005,725.71005,0.0,0.0,0.0,725.71005,725.71005,0.0,0.0,0.0,11.287233333333347,10080.0,10080.0,0,1.2522,908.73412461,0.0,0.0,908.73412461,static_forecast,44058.665514781685,58238.03480277777,2850.0978805555565,4221.282263888887
2025-03-20,112,2025-03-20 18:40:00,2025-03-20 18:50:00,4470.2464,745.0410666666667,0.4004,0.0667333333333333,723.0511166666666,0.0,0.0,2025-03-20 00:00:00,1130,attachment3_10min_interpolation,2025-03-13 18:50:00,75.05111666666664,75.05111666666664,0.0,0.0,21.92321666666669,96.97433333333333,96.97433333333333,0.0,648.0,0.0,0.0,10080.0,9360.0,0,1.2881,96.6733433783333,0.0,141.19647694166682,237.86982032000012,static_forecast,44296.53533510168,58335.009136111104,2872.021097222223,4221.282263888887
2025-03-20,113,2025-03-20 18:50:00,2025-03-20 19:00:00,4579.24,763.2066666666666,0.0,0.0,714.82,0.0,0.0,2025-03-20 00:00:00,1140,attachment3_10min_interpolation,2025-03-13 19:00:00,66.82000000000005,66.82000000000005,0.0,0.0,48.38666666666654,115.20666666666659,115.20666666666659,0.0,648.0,0.0,0.0,9360.0,8640.0,0,1.3466,89.97981200000007,0.0,325.78742666666585,415.7672386666659,static_forecast,44712.30257376835,58450.21580277777,2920.4077638888893,4221.282263888887
2025-03-20,114,2025-03-20 19:00:00,2025-03-20 19:10:00,4480.3082,746.7180333333334,0.0,0.0,735.84085,0.0,0.0,2025-03-20 00:00:00,1150,attachment3_10min_interpolation,2025-03-13 19:10:00,87.84085000000005,87.84085000000005,0.0,0.0,10.877183333333392,98.71803333333344,98.71803333333344,0.0,648.0,0.0,0.0,8640.0,7920.0,0,1.3523,118.78718145500007,0.0,73.54607510833372,192.3332565633338,static_forecast,44904.63583033168,58548.9338361111,2931.284947222223,4221.282263888887
2025-03-20,115,2025-03-20 19:10:00,2025-03-20 19:20:00,4285.5618,714.2603,0.0288,0.0048,741.29425,0.0,0.0,2025-03-20 00:00:00,1160,attachment3_10min_interpolation,2025-03-13 19:20:00,93.29425000000003,93.29425000000003,0.0,0.0,0.0,93.29425000000003,93.29425000000003,0.0,648.0,0.0048,27.03395000000005,7920.0,7200.0,0,1.3445,125.43411912500005,0.0,0.0,125.43411912500005,static_forecast,45030.06994945668,58642.2280861111,2931.284947222223,4221.287063888887
2025-03-20,116,2025-03-20 19:20:00,2025-03-20 19:30:00,4196.78,699.4633333333333,0.0,0.0,738.4933333333333,0.0,0.0,2025-03-20 00:00:00,1170,attachment3_10min_interpolation,2025-03-13 19:30:00,90.49333333333334,90.49333333333334,0.0,0.0,0.0,90.49333333333334,90.49333333333334,0.0,648.0,0.0,39.030000000000086,7200.0,6480.0,0,1.3483,122.01216133333335,0.0,0.0,122.01216133333335,static_forecast,45152.08211079001,58732.72141944443,2931.284947222223,4221.287063888887
2025-03-20,117,2025-03-20 19:30:00,2025-03-20 19:40:00,4330.8684,721.8114,0.0,0.0,774.7226999999999,0.0,0.0,2025-03-20 00:00:00,1180,attachment3_10min_interpolation,2025-03-13 19:40:00,18.722699999999918,18.722699999999918,0.0,0.0,0.0,18.722699999999918,18.722699999999918,0.0,756.0,0.0,52.91129999999987,6480.0,5640.0,0,1.349,25.25692229999989,0.0,0.0,25.25692229999989,static_forecast,45177.339033090015,58751.44411944443,2931.284947222223,4221.287063888887
2025-03-20,118,2025-03-20 19:40:00,2025-03-20 19:50:00,4370.9481,728.4913499999999,0.0021,0.00035,771.7918333333333,0.0,0.0,2025-03-20 00:00:00,1190,attachment3_10min_interpolation,2025-03-13 19:50:00,15.79183333333333,15.79183333333333,0.0,0.0,0.0,15.79183333333333,15.79183333333333,0.0,756.0,0.00035,43.30048333333346,5640.0,4800.0,0,1.3473,21.276337049999995,0.0,0.0,21.276337049999995,static_forecast,45198.61537014002,58767.235952777766,2931.284947222223,4221.287413888887
2025-03-20,119,2025-03-20 19:50:00,2025-03-20 20:00:00,4358.21,726.3683333333333,0.0,0.0,734.2616666666667,0.0,0.0,2025-03-20 00:00:00,1200,attachment3_10min_interpolation,2025-03-13 20:00:00,86.26166666666666,86.26166666666666,0.0,0.0,0.0,86.26166666666666,86.26166666666666,0.0,648.0,0.0,7.893333333333317,4800.0,4080.0,0,1.3482,116.297979,0.0,0.0,116.297979,static_forecast,45314.91334914002,58853.49761944443,2931.284947222223,4221.287413888887
2025-03-20,120,2025-03-20 20:00:00,2025-03-20 20:10:00,4586.0191,764.3365166666667,0.0,0.0,743.3182666666667,0.0,0.0,2025-03-20 00:00:00,1210,attachment3_10min_interpolation,2025-03-13 20:10:00,95.31826666666666,95.31826666666666,0.0,0.0,21.01825000000008,116.33651666666674,116.33651666666674,0.0,648.0,0.0,0.0,4080.0,3360.0,0,1.3513,128.80357374666664,0.0,142.00980612500055,270.81337987166717,static_forecast,45585.72672901169,58969.8341361111,2952.303197222223,4221.287413888887
2025-03-20,121,2025-03-20 20:10:00,2025-03-20 20:20:00,4523.6629,753.9438166666667,0.0,0.0,731.62545,0.0,0.0,2025-03-20 00:00:00,1220,attachment3_10min_interpolation,2025-03-13 20:20:00,83.62545,83.62545,0.0,0.0,22.318366666666748,105.94381666666675,105.94381666666675,0.0,648.0,0.0,0.0,3360.0,2640.0,0,1.34,112.058103,0.0,149.53305666666722,261.59115966666724,static_forecast,45847.31788867836,59075.77795277777,2974.62156388889,4221.287413888887
2025-03-20,122,2025-03-20 20:20:00,2025-03-20 20:30:00,4215.37,702.5616666666666,0.0,0.0,699.2283333333334,0.0,0.0,2025-03-20 00:00:00,1230,attachment3_10min_interpolation,2025-03-13 20:30:00,51.22833333333335,51.22833333333335,0.0,0.0,3.3333333333332575,54.56166666666661,54.56166666666661,0.0,648.0,0.0,0.0,2640.0,1920.0,0,1.3489,69.10189883333337,0.0,22.481666666666158,91.58356549999952,static_forecast,45938.901454178354,59130.339619444436,2977.954897222223,4221.287413888887
2025-03-20,123,2025-03-20 20:30:00,2025-03-20 20:40:00,4256.2469,709.3744833333334,0.0,0.0,721.3135166666666,0.0,0.0,2025-03-20 00:00:00,1240,attachment3_10min_interpolation,2025-03-13 20:40:00,73.3135166666666,73.3135166666666,0.0,0.0,0.0,73.3135166666666,73.3135166666666,0.0,648.0,0.0,11.939033333333214,1920.0,1200.0,0,1.3952,102.28701845333325,0.0,0.0,102.28701845333325,static_forecast,46041.188472631686,59203.653136111105,2977.954897222223,4221.287413888887
2025-03-20,124,2025-03-20 20:40:00,2025-03-20 20:50:00,4319.0159,719.8359833333334,0.0,0.0,752.0057333333333,0.0,0.0,2025-03-20 00:00:00,1250,attachment3_10min_interpolation,2025-03-13 20:50:00,752.0057333333333,752.0057333333333,0.0,0.0,0.0,752.0057333333333,752.0057333333333,0.0,0.0,0.0,32.16974999999991,1200.0,1200.0,0,1.2226,919.4022095733333,0.0,0.0,919.4022095733333,static_forecast,46960.59068220502,59955.658869444436,2977.954897222223,4221.287413888887
2025-03-20,125,2025-03-20 20:50:00,2025-03-20 21:00:00,4257.25,709.5416666666666,0.0,0.0,747.4783333333334,0.0,0.0,2025-03-20 00:00:00,1260,attachment3_10min_interpolation,2025-03-13 21:00:00,747.4783333333334,747.4783333333334,0.0,0.0,0.0,747.4783333333334,747.4783333333334,0.0,0.0,0.0,37.936666666666724,1200.0,1200.0,0,0.9332,697.5467806666667,0.0,0.0,697.5467806666667,static_forecast,47658.13746287168,60703.13720277777,2977.954897222223,4221.287413888887
2025-03-20,126,2025-03-20 21:00:00,2025-03-20 21:10:00,4290.2681,715.0446833333334,0.0,0.0,712.1774333333333,0.0,0.0,2025-03-20 00:00:00,1270,attachment3_10min_interpolation,2025-03-13 21:10:00,712.1774333333333,712.1774333333333,0.0,0.0,2.8672500000001264,715.0446833333334,715.0446833333334,0.0,0.0,0.0,0.0,1200.0,1200.0,0,0.9068,645.8024965466667,0.0,13.000111500000575,658.8026080466673,static_forecast,48316.94007091835,61418.1818861111,2980.822147222223,4221.287413888887
2025-03-20,127,2025-03-20 21:10:00,2025-03-20 21:20:00,4418.7036,736.4506,0.0,0.0,706.6316166666667,0.0,0.0,2025-03-20 00:00:00,1280,attachment3_10min_interpolation,2025-03-13 21:20:00,706.6316166666667,706.6316166666667,0.0,0.0,29.818983333333335,736.4506,736.4506,0.0,0.0,0.0,0.0,1200.0,1200.0,0,0.9371,662.1844879783333,0.0,139.71684640833334,801.9013343866667,static_forecast,49118.841405305015,62154.6324861111,3010.6411305555566,4221.287413888887
2025-03-20,128,2025-03-20 21:20:00,2025-03-20 21:30:00,4553.6,758.9333333333334,0.0,0.0,734.43,0.0,0.0,2025-03-20 00:00:00,1290,attachment3_10min_interpolation,2025-03-13 21:30:00,734.43,734.43,0.0,0.0,24.503333333333444,758.9333333333334,758.9333333333334,0.0,0.0,0.0,0.0,1200.0,1200.0,0,0.9371,688.2343529999999,0.0,114.81036833333386,803.0447213333338,static_forecast,49921.88612663835,62913.56581944443,3035.14446388889,4221.287413888887
2025-03-20,129,2025-03-20 21:30:00,2025-03-20 21:40:00,4526.2528,754.3754666666667,0.0,0.0,731.7749,0.0,0.0,2025-03-20 00:00:00,1300,attachment3_10min_interpolation,2025-03-13 21:40:00,731.7749,731.7749,0.0,0.0,22.600566666666737,754.3754666666667,754.3754666666667,0.0,0.0,0.0,0.0,1200.0,1200.0,0,0.9871,722.33500379,0.0,111.54509678333369,833.8801005733337,static_forecast,50755.76622721168,63667.9412861111,3057.7450305555567,4221.287413888887
2025-03-20,130,2025-03-20 21:40:00,2025-03-20 21:50:00,4001.6252,666.9375333333334,0.0,0.0,652.2301833333333,0.0,0.0,2025-03-20 00:00:00,1310,attachment3_10min_interpolation,2025-03-13 21:50:00,652.2301833333333,652.2301833333333,0.0,0.0,14.70735000000002,666.9375333333334,666.9375333333334,0.0,0.0,0.0,0.0,1200.0,1200.0,0,0.7764,506.39151434,0.0,57.09393270000007,563.48544704,static_forecast,51319.25167425168,64334.87881944443,3072.452380555557,4221.287413888887
2025-03-20,131,2025-03-20 21:50:00,2025-03-20 22:00:00,3318.94,553.1566666666666,0.0,0.0,557.7683333333333,0.0,0.0,2025-03-20 00:00:00,1320,attachment3_10min_interpolation,2025-03-13 22:00:00,557.7683333333333,557.7683333333333,0.0,0.0,0.0,557.7683333333333,557.7683333333333,0.0,0.0,0.0,4.611666666666679,1200.0,1200.0,0,0.4209,234.7646915,0.0,0.0,234.7646915,static_forecast,51554.01636575168,64892.64715277776,3072.452380555557,4221.287413888887
2025-03-20,132,2025-03-20 22:00:00,2025-03-20 22:10:00,3233.4088,538.9014666666667,0.0,0.0,562.16675,0.0,0.0,2025-03-20 00:00:00,1330,attachment3_10min_interpolation,2025-03-13 22:10:00,562.16675,562.16675,0.0,0.0,0.0,562.16675,562.16675,0.0,0.0,0.0,23.265283333333286,1200.0,1200.0,0,0.3859,216.940148825,0.0,0.0,216.940148825,static_forecast,51770.95651457668,65454.81390277776,3072.452380555557,4221.287413888887
2025-03-20,133,2025-03-20 22:10:00,2025-03-20 22:20:00,3319.971,553.3285,0.0,0.0,577.5994333333333,0.0,0.0,2025-03-20 00:00:00,1340,attachment3_10min_interpolation,2025-03-13 22:20:00,577.5994333333333,577.5994333333333,0.0,0.0,0.0,577.5994333333333,577.5994333333333,0.0,0.0,0.0,24.270933333333346,1200.0,1200.0,0,0.4368,252.29543248,0.0,0.0,252.29543248,static_forecast,52023.251947056684,66032.41333611109,3072.452380555557,4221.287413888887
2025-03-20,134,2025-03-20 22:20:00,2025-03-20 22:30:00,3255.84,542.64,0.0,0.0,563.605,0.0,0.0,2025-03-20 00:00:00,1350,attachment3_10min_interpolation,2025-03-13 22:30:00,563.605,563.605,0.0,0.0,0.0,563.605,563.605,0.0,0.0,0.0,20.965000000000032,1200.0,1200.0,0,0.4198,236.601379,0.0,0.0,236.601379,static_forecast,52259.853326056684,66596.01833611108,3072.452380555557,4221.287413888887
2025-03-20,135,2025-03-20 22:30:00,2025-03-20 22:40:00,3144.1326,524.0221,0.0,0.0,562.5255,0.0,0.0,2025-03-20 00:00:00,1360,attachment3_10min_interpolation,2025-03-13 22:40:00,562.5255,562.5255,0.0,0.0,0.0,562.5255,562.5255,0.0,0.0,0.0,38.50339999999994,1200.0,1200.0,0,0.4186,235.4731743,0.0,0.0,235.4731743,static_forecast,52495.326500356685,67158.54383611109,3072.452380555557,4221.287413888887
2025-03-20,136,2025-03-20 22:40:00,2025-03-20 22:50:00,3161.8174,526.9695666666667,0.0,0.0,554.3867833333334,0.0,0.0,2025-03-20 00:00:00,1370,attachment3_10min_interpolation,2025-03-13 22:50:00,554.3867833333334,554.3867833333334,0.0,0.0,0.0,554.3867833333334,554.3867833333334,0.0,0.0,0.0,27.417216666666718,1200.0,1200.0,0,0.4241,235.11543481166666,0.0,0.0,235.11543481166666,static_forecast,52730.441935168354,67712.93061944442,3072.452380555557,4221.287413888887
2025-03-20,137,2025-03-20 22:50:00,2025-03-20 23:00:00,3296.4,549.4,0.0,0.0,549.6933333333333,0.0,0.0,2025-03-20 00:00:00,1380,attachment3_10min_interpolation,2025-03-13 23:00:00,549.6933333333333,549.6933333333333,0.0,0.0,0.0,549.6933333333333,549.6933333333333,0.0,0.0,0.0,0.2933333333332939,1200.0,1200.0,0,0.4237,232.9050653333333,0.0,0.0,232.9050653333333,static_forecast,52963.347000501686,68262.62395277775,3072.452380555557,4221.287413888887
2025-03-20,138,2025-03-20 23:00:00,2025-03-20 23:10:00,3356.4081,559.40135,0.0,0.0,581.4035333333334,0.0,0.0,2025-03-20 00:00:00,1390,attachment3_10min_interpolation,2025-03-13 23:10:00,581.4035333333334,581.4035333333334,0.0,0.0,0.0,581.4035333333334,581.4035333333334,0.0,0.0,0.0,22.00218333333339,1200.0,1200.0,0,0.4248,246.98022096000003,0.0,0.0,246.98022096000003,static_forecast,53210.32722146169,68844.02748611108,3072.452380555557,4221.287413888887
2025-03-20,139,2025-03-20 23:10:00,2025-03-20 23:20:00,3261.7676,543.6279333333333,0.0,0.0,587.5698833333333,0.0,0.0,2025-03-20 00:00:00,1400,attachment3_10min_interpolation,2025-03-13 23:20:00,587.5698833333333,587.5698833333333,0.0,0.0,0.0,587.5698833333333,587.5698833333333,0.0,0.0,0.0,43.94195000000002,1200.0,1200.0,0,0.424,249.12963053333334,0.0,0.0,249.12963053333334,static_forecast,53459.45685199502,69431.59736944441,3072.452380555557,4221.287413888887
2025-03-20,140,2025-03-20 23:20:00,2025-03-20 23:30:00,3267.73,544.6216666666667,0.0,0.0,569.745,0.0,0.0,2025-03-20 00:00:00,1410,attachment3_10min_interpolation,2025-03-13 23:30:00,569.745,569.745,0.0,0.0,0.0,569.745,569.745,0.0,0.0,0.0,25.123333333333335,1200.0,1200.0,0,0.422,240.43239,0.0,0.0,240.43239,static_forecast,53699.88924199502,70001.3423694444,3072.452380555557,4221.287413888887
2025-03-20,141,2025-03-20 23:30:00,2025-03-20 23:40:00,3604.076,600.6793333333334,0.0,0.0,578.2926166666667,0.0,0.0,2025-03-20 00:00:00,1420,attachment3_10min_interpolation,2025-03-13 23:40:00,578.2926166666667,578.2926166666667,0.0,0.0,22.386716666666644,600.6793333333334,600.6793333333334,0.0,0.0,0.0,0.0,1200.0,1200.0,0,0.424,245.1960694666667,0.0,47.459839333333285,292.65590879999996,static_forecast,53992.54515079502,70602.02170277774,3094.8390972222232,4221.287413888887
2025-03-20,142,2025-03-20 23:40:00,2025-03-20 23:50:00,3245.8691,540.9781833333333,0.0,0.0,515.0129499999999,0.0,0.0,2025-03-20 00:00:00,1430,attachment3_10min_interpolation,2025-03-13 23:50:00,515.0129499999999,515.0129499999999,0.0,0.0,25.965233333333344,540.9781833333333,540.9781833333333,0.0,0.0,0.0,0.0,1200.0,1200.0,0,0.4271,219.96203094499995,0.0,55.448755783333354,275.4107867283333,static_forecast,54267.95593752335,71142.99988611108,3120.8043305555566,4221.287413888887
2025-03-20,143,2025-03-20 23:50:00,2025-03-21 00:00:00,2401.0,400.1666666666667,0.0,0.0,406.7183333333333,0.0,0.0,2025-03-20 00:00:00,1440,attachment3_10min_interpolation,2025-03-14 00:00:00,406.7183333333333,406.7183333333333,0.0,0.0,0.0,406.7183333333333,406.7183333333333,0.0,0.0,0.0,6.55166666666662,1200.0,1200.0,0,0.4276,173.91275933333333,0.0,0.0,173.91275933333333,static_forecast,54441.86869685668,71549.71821944442,3120.8043305555566,4221.287413888887
2025-03-20,0,2025-03-20 00:00:00,2025-03-20 00:10:00,3299.0689,549.8448166666667,0.0,0.0,602.8585666666667,0.0,0.0,2025-03-20 00:00:00,10,observed_anchor_linear_to_h1,2025-03-13 00:10:00,1402.8585666666668,1402.8585666666668,0.0,0.0,0.0,1402.8585666666668,1402.8585666666668,800.0,0.0,0.0,53.01375000000007,1200.0,1920.0,1,0.4248,595.93431912,0.0,0.0,595.93431912,rolling,595.93431912,1402.8585666666668,0.0,0.0
2025-03-20,1,2025-03-20 00:10:00,2025-03-20 00:20:00,3421.881,570.3135,0.0,0.0,597.5523833333333,0.0,0.0,2025-03-20 00:00:00,20,observed_anchor_linear_to_h1,2025-03-13 00:20:00,1397.5523833333332,1397.5523833333332,0.0,0.0,0.0,1397.5523833333332,1397.5523833333332,800.0,0.0,0.0,27.238883333333206,1920.0,2640.0,1,0.4245,593.260986725,0.0,0.0,593.260986725,rolling,1189.195305845,2800.41095,0.0,0.0
2025-03-20,2,2025-03-20 00:20:00,2025-03-20 00:30:00,3683.11,613.8516666666667,0.0,0.0,585.7016666666667,0.0,0.0,2025-03-20 00:00:00,30,observed_anchor_linear_to_h1,2025-03-13 00:30:00,1385.7016666666668,1385.7016666666668,0.0,0.0,28.149999999999864,1413.8516666666667,1413.8516666666667,800.0,0.0,0.0,0.0,2640.0,3360.0,1,0.4269,591.5560415000001,0.0,60.08617499999971,651.6422164999998,rolling,1840.8375223449998,4214.262616666667,28.149999999999864,0.0
2025-03-20,3,2025-03-20 00:30:00,2025-03-20 00:40:00,3476.737,579.4561666666667,0.0,0.0,594.46055,0.0,0.0,2025-03-20 00:00:00,40,observed_anchor_linear_to_h1,2025-03-13 00:40:00,1394.46055,1394.46055,0.0,0.0,0.0,1394.46055,1394.46055,800.0,0.0,0.0,15.00438333333318,3360.0,4080.0,1,0.4272,595.71354696,0.0,0.0,595.71354696,rolling,2436.551069305,5608.723166666667,28.149999999999864,0.0
2025-03-20,4,2025-03-20 00:40:00,2025-03-20 00:50:00,3302.6695,550.4449166666667,0.0,0.0,588.294,0.0,0.0,2025-03-20 00:00:00,50,observed_anchor_linear_to_h1,2025-03-13 00:50:00,1388.2939999999999,1388.2939999999999,0.0,0.0,0.0,1388.2939999999999,1388.2939999999999,800.0,0.0,0.0,37.849083333333056,4080.0,4800.0,1,0.4271,592.9403673999999,0.0,0.0,592.9403673999999,rolling,3029.491436705,6997.0171666666665,28.149999999999864,0.0
2025-03-20,5,2025-03-20 00:50:00,2025-03-20 01:00:00,3426.94,571.1566666666666,0.0,0.0,565.1,0.0,0.0,2025-03-20 00:00:00,60,attachment3_10min_interpolation,2025-03-13 01:00:00,1365.1,1365.1,0.0,0.0,6.0566666666668425,1371.1566666666668,1371.1566666666668,800.0,0.0,0.0,0.0,4800.0,5520.0,1,0.4285,584.94535,0.0,12.97640833333371,597.9217583333336,rolling,3627.4131950383335,8368.173833333334,34.206666666666706,0.0
2025-03-20,6,2025-03-20 01:00:00,2025-03-20 01:10:00,3609.5343,601.5890499999999,0.0,0.0,558.81305,0.0,0.0,2025-03-20 00:00:00,70,attachment3_10min_interpolation,2025-03-13 01:10:00,1358.81305,1358.81305,0.0,0.0,42.77600000000007,1401.58905,1401.58905,800.0,0.0,0.0,0.0,5520.0,6240.0,1,0.4311,585.784305855,0.0,92.20366800000015,677.9879738550001,rolling,4305.401168893333,9769.762883333335,76.98266666666677,0.0
2025-03-20,7,2025-03-20 01:10:00,2025-03-20 01:20:00,3668.9025,611.48375,0.0,0.0,551.48425,0.0,0.0,2025-03-20 00:00:00,80,attachment3_10min_interpolation,2025-03-13 01:20:00,1351.48425,1351.48425,0.0,0.0,59.9994999999999,1411.4837499999999,1411.4837499999999,800.0,0.0,0.0,0.0,6240.0,6960.0,1,0.4302,581.40852435,0.0,129.0589244999998,710.4674488499998,rolling,5015.868617743333,11181.246633333334,136.98216666666667,0.0
2025-03-20,8,2025-03-20 01:20:00,2025-03-20 01:30:00,3589.3,598.2166666666667,0.0,0.0,543.3466666666667,0.0,0.0,2025-03-20 00:00:00,90,attachment3_10min_interpolation,2025-03-13 01:30:00,1343.3466666666668,1343.3466666666668,0.0,0.0,54.86999999999989,1398.2166666666667,1398.2166666666667,800.0,0.0,0.0,0.0,6960.0,7680.0,1,0.4279,574.8180386666668,0.0,117.39436499999977,692.2124036666665,rolling,5708.081021409999,12579.463300000001,191.85216666666656,0.0
2025-03-20,9,2025-03-20 01:30:00,2025-03-20 01:40:00,3503.6157,583.9359499999999,0.0,0.0,558.9097333333333,0.0,0.0,2025-03-20 00:00:00,100,attachment3_10min_interpolation,2025-03-13 01:40:00,825.5763999999999,825.5763999999999,0.0,0.0,25.02621666666664,850.6026166666666,850.6026166666666,266.6666666666667,0.0,0.0,0.0,7680.0,7920.0,1,0.4312,355.98854367999996,0.0,53.956523133333285,409.94506681333326,rolling,6118.026088223332,13430.065916666668,216.8783833333332,0.0
2025-03-20,10,2025-03-20 01:40:00,2025-03-20 01:50:00,3545.9703,590.99505,0.0,0.0,592.1398666666666,0.0,0.0,2025-03-20 00:00:00,110,attachment3_10min_interpolation,2025-03-13 01:50:00,592.1398666666666,592.1398666666666,0.0,0.0,0.0,592.1398666666666,592.1398666666666,0.0,0.0,0.0,1.1448166666666566,7920.0,7920.0,0,0.4333,256.57420422666667,0.0,0.0,256.57420422666667,rolling,6374.600292449999,14022.205783333335,216.8783833333332,0.0
2025-03-20,11,2025-03-20 01:50:00,2025-03-20 02:00:00,3590.66,598.4433333333333,0.0,0.0,609.2883333333333,0.0,0.0,2025-03-20 00:00:00,120,attachment3_10min_interpolation,2025-03-13 02:00:00,1409.2883333333334,1409.2883333333334,0.0,0.0,0.0,1409.2883333333334,1409.2883333333334,800.0,0.0,0.0,10.845000000000255,7920.0,8640.0,1,0.4311,607.5442005,0.0,0.0,607.5442005,rolling,6982.144492949999,15431.494116666669,216.8783833333332,0.0
2025-03-20,12,2025-03-20 02:00:00,2025-03-20 02:10:00,3395.9017,565.9836166666666,0.0,0.0,580.7749333333334,0.0,0.0,2025-03-20 00:00:00,130,attachment3_10min_interpolation,2025-03-13 02:10:00,1380.7749333333334,1380.7749333333334,0.0,0.0,0.0,1380.7749333333334,1380.7749333333334,800.0,0.0,0.0,14.791316666666717,8640.0,9360.0,1,0.4293,592.7666788800001,0.0,0.0,592.7666788800001,rolling,7574.911171829999,16812.269050000003,216.8783833333332,0.0
2025-03-20,13,2025-03-20 02:10:00,2025-03-20 02:20:00,3276.7246,546.1207666666667,0.0,0.0,569.4044833333334,0.0,0.0,2025-03-20 00:00:00,140,attachment3_10min_interpolation,2025-03-13 02:20:00,569.4044833333334,569.4044833333334,0.0,0.0,0.0,569.4044833333334,569.4044833333334,0.0,0.0,0.0,23.28371666666669,9360.0,9360.0,0,0.4324,246.21049859333334,0.0,0.0,246.21049859333334,rolling,7821.121670423332,17381.673533333334,216.8783833333332,0.0
2025-03-20,14,2025-03-20 02:20:00,2025-03-20 02:30:00,3394.28,565.7133333333334,0.0,0.0,588.1983333333334,0.0,0.0,2025-03-20 00:00:00,150,attachment3_10min_interpolation,2025-03-13 02:30:00,588.1983333333334,588.1983333333334,0.0,0.0,0.0,588.1983333333334,588.1983333333334,0.0,0.0,0.0,22.485000000000014,9360.0,9360.0,0,0.4367,256.8662121666667,0.0,0.0,256.8662121666667,rolling,8077.987882589999,17969.87186666667,216.8783833333332,0.0
2025-03-20,15,2025-03-20 02:30:00,2025-03-20 02:40:00,3587.5594,597.9265666666666,0.0,0.0,594.1827833333333,0.0,0.0,2025-03-20 00:00:00,160,attachment3_10min_interpolation,2025-03-13 02:40:00,594.1827833333333,594.1827833333333,0.0,0.0,3.74378333333334,597.9265666666666,597.9265666666666,0.0,0.0,0.0,0.0,9360.0,9360.0,0,0.4348,258.3506741933333,0.0,8.138984966666682,266.48965916,rolling,8344.477541749999,18567.798433333333,220.62216666666654,0.0
2025-03-20,16,2025-03-20 02:40:00,2025-03-20 02:50:00,3605.7268,600.9544666666667,0.0,0.0,610.4752,0.0,0.0,2025-03-20 00:00:00,170,attachment3_10min_interpolation,2025-03-13 02:50:00,610.4752,610.4752,0.0,0.0,0.0,610.4752,610.4752,0.0,0.0,0.0,9.520733333333283,9360.0,9360.0,0,0.4335,264.6409992,0.0,0.0,264.6409992,rolling,8609.11854095,19178.273633333334,220.62216666666654,0.0
2025-03-20,17,2025-03-20 02:50:00,2025-03-20 03:00:00,3522.79,587.1316666666667,0.0,0.0,624.8566666666667,0.0,0.0,2025-03-20 00:00:00,180,attachment3_10min_interpolation,2025-03-13 03:00:00,624.8566666666667,624.8566666666667,0.0,0.0,0.0,624.8566666666667,624.8566666666667,0.0,0.0,0.0,37.72500000000002,9360.0,9360.0,0,0.4357,272.25004966666665,0.0,0.0,272.25004966666665,rolling,8881.368590616667,19803.1303,220.62216666666654,0.0
2025-03-20,18,2025-03-20 03:00:00,2025-03-20 03:10:00,3631.2618,605.2103000000001,0.0,0.0,596.0557333333334,0.0,0.0,2025-03-20 00:00:00,190,attachment3_10min_interpolation,2025-03-13 03:10:00,596.0557333333334,596.0557333333334,0.0,0.0,9.15456666666671,605.2103000000001,605.2103000000001,0.0,0.0,0.0,0.0,9360.0,9360.0,0,0.4374,260.71477776,0.0,20.0210373000001,280.7358150600001,rolling,9162.104405676666,20408.3406,229.77673333333325,0.0
2025-03-20,19,2025-03-20 03:10:00,2025-03-20 03:20:00,3731.3543,621.8923833333333,0.0,0.0,575.0658833333333,0.0,0.0,2025-03-20 00:00:00,200,attachment3_10min_interpolation,2025-03-13 03:20:00,575.0658833333333,575.0658833333333,0.0,0.0,46.82650000000001,621.8923833333333,621.8923833333333,0.0,0.0,0.0,0.0,9360.0,9360.0,0,0.4371,251.36129760499998,0.0,102.33931575000001,353.700613355,rolling,9515.805019031666,21030.23298333333,276.60323333333326,0.0
2025-03-20,20,2025-03-20 03:20:00,2025-03-20 03:30:00,3721.01,620.1683333333334,0.0,0.0,587.0616666666666,0.0,0.0,2025-03-20 00:00:00,210,attachment3_10min_interpolation,2025-03-13 03:30:00,587.0616666666666,587.0616666666666,0.0,0.0,33.1066666666668,620.1683333333334,620.1683333333334,0.0,0.0,0.0,0.0,9360.0,9360.0,0,0.4356,255.72406199999998,0.0,72.10632000000028,327.83038200000027,rolling,9843.635401031666,21650.401316666666,309.70990000000006,0.0
2025-03-20,21,2025-03-20 03:30:00,2025-03-20 03:40:00,3699.7385,616.6230833333333,0.0,0.0,605.2046666666666,0.0,0.0,2025-03-20 00:00:00,220,attachment3_10min_interpolation,2025-03-13 03:40:00,605.2046666666666,605.2046666666666,0.0,0.0,11.418416666666644,616.6230833333333,616.6230833333333,0.0,0.0,0.0,0.0,9360.0,9360.0,0,0.4353,263.4455914,0.0,24.852183874999948,288.29777527499994,rolling,10131.933176306666,22267.0244,321.1283166666667,0.0
2025-03-20,22,2025-03-20 03:40:00,2025-03-20 03:50:00,3674.7825,612.46375,0.0,0.0,594.9064333333333,0.0,0.0,2025-03-20 00:00:00,230,attachment3_10min_interpolation,2025-03-13 03:50:00,594.9064333333333,594.9064333333333,0.0,0.0,17.55731666666668,612.46375,612.46375,0.0,0.0,0.0,0.0,9360.0,9360.0,0,0.436,259.3792049333333,0.0,38.274950333333365,297.6541552666667,rolling,10429.587331573332,22879.488149999997,338.6856333333334,0.0
2025-03-20,23,2025-03-20 03:50:00,2025-03-20 04:00:00,3623.58,603.93,0.0,0.0,575.84,0.0,0.0,2025-03-20 00:00:00,240,attachment3_10min_interpolation,2025-03-13 04:00:00,575.84,575.84,0.0,0.0,28.089999999999918,603.93,603.93,0.0,0.0,0.0,0.0,9360.0,9360.0,0,0.4378,252.10275200000004,0.0,61.48900999999982,313.59176199999985,rolling,10743.179093573332,23483.418149999998,366.7756333333333,0.0
2025-03-20,24,2025-03-20 04:00:00,2025-03-20 04:10:00,3538.7697,589.79495,0.0019,0.0003166666666666,597.3306333333334,0.0,0.0,2025-03-20 00:00:00,250,attachment3_10min_interpolation,2025-03-13 04:10:00,597.3306333333334,597.3306333333334,0.0,0.0,0.0,597.3306333333334,597.3306333333334,0.0,0.0,0.0003166666666666,7.535683333333395,9360.0,9360.0,0,0.4401,262.88521173000004,0.0,0.0,262.88521173000004,rolling,11006.064305303331,24080.748783333333,366.7756333333333,0.0003166666666666
2025-03-20,25,2025-03-20 04:10:00,2025-03-20 04:20:00,3488.7843,581.4640499999999,0.0,0.0,607.6372166666666,0.0,0.0,2025-03-20 00:00:00,260,attachment3_10min_interpolation,2025-03-13 04:20:00,607.6372166666666,607.6372166666666,0.0,0.0,0.0,607.6372166666666,607.6372166666666,0.0,0.0,0.0,26.173166666666702,9360.0,9360.0,0,0.4389,266.691974395,0.0,0.0,266.691974395,rolling,11272.756279698331,24688.386,366.7756333333333,0.0003166666666666
2025-03-20,26,2025-03-20 04:20:00,2025-03-20 04:30:00,3513.51,585.585,0.0,0.0,596.1783333333334,0.0,0.0,2025-03-20 00:00:00,270,attachment3_10min_interpolation,2025-03-13 04:30:00,596.1783333333334,596.1783333333334,0.0,0.0,0.0,596.1783333333334,596.1783333333334,0.0,0.0,0.0,10.593333333333362,9360.0,9360.0,0,0.4364,260.1722246666667,0.0,0.0,260.1722246666667,rolling,11532.928504364998,25284.564333333332,366.7756333333333,0.0003166666666666
2025-03-20,27,2025-03-20 04:30:00,2025-03-20 04:40:00,3598.3779,599.72965,0.0271,0.0045166666666666,605.07335,0.0,0.0,2025-03-20 00:00:00,280,attachment3_10min_interpolation,2025-03-13 04:40:00,605.07335,605.07335,0.0,0.0,0.0,605.07335,605.07335,0.0,0.0,0.0045166666666666,5.3437000000000126,9360.0,9360.0,0,0.4393,265.808722655,0.0,0.0,265.808722655,rolling,11798.737227019998,25889.63768333333,366.7756333333333,0.0048333333333332
2025-03-20,28,2025-03-20 04:40:00,2025-03-20 04:50:00,3700.4359,616.7393166666667,0.0,0.0,619.5839,0.0,0.0,2025-03-20 00:00:00,290,attachment3_10min_interpolation,2025-03-13 04:50:00,619.5839,619.5839,0.0,0.0,0.0,619.5839,619.5839,0.0,0.0,0.0,2.8445833333332757,9360.0,9360.0,0,0.4422,273.98000057999997,0.0,0.0,273.98000057999997,rolling,12072.717227599998,26509.221583333332,366.7756333333333,0.0048333333333332
2025-03-20,29,2025-03-20 04:50:00,2025-03-20 05:00:00,3753.57,625.595,0.0,0.0,621.1783333333334,0.0,0.0,2025-03-20 00:00:00,300,attachment3_10min_interpolation,2025-03-13 05:00:00,621.1783333333334,621.1783333333334,0.0,0.0,4.416666666666629,625.595,625.595,0.0,0.0,0.0,0.0,9360.0,9360.0,0,0.4395,273.0078775,0.0,9.705624999999916,282.71350249999995,rolling,12355.430730099999,27134.816583333333,371.19229999999993,0.0048333333333332
2025-03-20,30,2025-03-20 05:00:00,2025-03-20 05:10:00,3716.9811,619.49685,0.3776,0.0629333333333333,608.7214333333333,0.0,0.0,2025-03-20 00:00:00,310,attachment3_10min_interpolation,2025-03-13 05:10:00,608.7214333333333,608.7214333333333,0.0,0.0,10.712483333333395,619.4339166666666,619.4339166666666,0.0,0.0,0.0,0.0,9360.0,9360.0,0,0.4333,263.7589970633333,0.0,23.2085951416668,286.96759220500013,rolling,12642.398322305,27754.2505,381.90478333333334,0.0048333333333332
2025-03-20,31,2025-03-20 05:10:00,2025-03-20 05:20:00,3707.0664,617.8444000000001,0.0,0.0,604.5978166666666,0.0,0.0,2025-03-20 00:00:00,320,attachment3_10min_interpolation,2025-03-13 05:20:00,604.5978166666666,604.5978166666666,0.0,0.0,13.246583333333433,617.8444000000001,617.8444000000001,0.0,0.0,0.0,0.0,9360.0,9360.0,0,0.4439,268.3809708183333,0.0,29.400791708333553,297.78176252666685,rolling,12940.180084831667,28372.0949,395.1513666666668,0.0048333333333332
2025-03-20,32,2025-03-20 05:20:00,2025-03-20 05:30:00,3642.69,607.115,0.0,0.0,604.3116666666666,0.0,0.0,2025-03-20 00:00:00,330,attachment3_10min_interpolation,2025-03-13 05:30:00,1404.3116666666665,1404.3116666666665,0.0,0.0,2.803333333333512,1407.115,1407.115,800.0,0.0,0.0,0.0,9360.0,10080.0,1,0.4301,603.9944478333332,0.0,6.028568333333718,610.0230161666669,rolling,13550.203100998335,29779.2099,397.9547000000003,0.0048333333333332
2025-03-20,33,2025-03-20 05:30:00,2025-03-20 05:40:00,3457.8398,576.3066333333334,5.2594,0.8765666666666667,600.5139666666666,0.0,0.0,2025-03-20 00:00:00,340,attachment3_10min_interpolation,2025-03-13 05:40:00,1400.5139666666666,1400.5139666666666,0.0,0.0,0.0,1400.5139666666666,1400.5139666666666,800.0,0.0,0.8765666666666667,24.20733333333328,10080.0,10800.0,1,0.3713,520.0108358233333,0.0,0.0,520.0108358233333,rolling,14070.213936821669,31179.723866666667,397.9547000000003,0.8814
2025-03-20,34,2025-03-20 05:40:00,2025-03-20 05:50:00,4028.7787,671.4631166666667,0.0,0.0,696.46365,0.0,0.0,2025-03-20 00:00:00,350,attachment3_10min_interpolation,2025-03-13 05:50:00,696.46365,696.46365,0.0,0.0,0.0,696.46365,696.46365,0.0,0.0,0.0,25.00053333333335,10800.0,10800.0,0,0.5708,397.54145142,0.0,0.0,397.54145142,rolling,14467.755388241669,31876.18751666667,397.9547000000003,0.8814
2025-03-20,35,2025-03-20 05:50:00,2025-03-20 06:00:00,4962.09,827.015,0.0,0.0,829.3766666666667,0.0,0.0,2025-03-20 00:00:00,360,attachment3_10min_interpolation,2025-03-13 06:00:00,73.37666666666667,73.37666666666667,0.0,0.0,0.0,73.37666666666667,73.37666666666667,0.0,756.0,0.0,2.361666666666679,10800.0,9960.0,0,0.9099,66.765429,0.0,0.0,66.765429,rolling,14534.520817241668,31949.564183333336,397.9547000000003,0.8814
2025-03-20,36,2025-03-20 06:00:00,2025-03-20 06:10:00,4905.1198,817.5199666666667,153.4202,25.57003333333333,821.3032166666667,287.91468333333336,47.98578055555556,2025-03-20 06:00:00,10,observed_anchor_linear_to_h1,2025-03-13 06:10:00,16.846013888888933,17.31743611111108,0.47142222222214514,0.0,18.632497222222355,35.94993333333343,35.94993333333343,0.0,756.0,0.0,0.0,9960.0,9120.0,0,0.9368,15.781345811111152,0.6624425066665584,87.27461698888952,103.71840530666722,rolling,14638.239222548335,31985.51411666667,416.58719722222264,0.8814
2025-03-20,37,2025-03-20 06:10:00,2025-03-20 06:20:00,4660.8239,776.8039833333333,401.044,66.84066666666666,802.8293,575.8293666666667,95.97156111111111,2025-03-20 06:00:00,20,observed_anchor_linear_to_h1,2025-03-13 06:20:00,57.91489444444437,58.85773888888889,0.9428444444445176,0.0,3.105577777777853,61.96331666666674,61.96331666666674,0.0,648.0,0.0,0.0,9120.0,8400.0,0,0.8758,50.72186455444438,1.238614746666763,13.59932508888922,65.55980439000037,rolling,14703.799026938335,32047.477433333337,419.6927750000005,0.8814
2025-03-20,38,2025-03-20 06:20:00,2025-03-20 06:30:00,4703.75,783.9583333333334,675.525,112.5875,824.1999999999999,863.74405,143.95734166666668,2025-03-20 06:00:00,30,observed_anchor_linear_to_h1,2025-03-13 06:30:00,30.828391666666562,32.242658333333225,1.4142666666666628,0.0,0.0,32.242658333333225,32.242658333333225,0.0,648.0,8.87182499999983,0.0,8400.0,7680.0,0,0.8759,27.002588260833242,1.8581342599999948,0.0,28.86072252083324,rolling,14732.659749459168,32079.72009166667,419.6927750000005,9.75322499999983
2025-03-20,39,2025-03-20 06:30:00,2025-03-20 06:40:00,4726.9008,787.8168000000001,952.6316,158.77193333333335,806.8451333333334,1151.6587333333334,191.94312222222223,2025-03-20 06:00:00,40,observed_anchor_linear_to_h1,2025-03-13 06:40:00,73.01632222222224,74.90201111111116,1.8856888888889216,0.0,14.14285555555557,89.04486666666674,89.04486666666674,0.0,540.0,0.0,0.0,7680.0,7080.0,0,0.8601,62.801338743333346,2.4328215200000423,60.821350316666724,126.05551058000012,rolling,14858.715260039167,32168.764958333337,433.83563055555607,9.75322499999983
2025-03-20,40,2025-03-20 06:40:00,2025-03-20 06:50:00,4819.4733,803.24555,1302.5378,217.08963333333332,792.7957,1439.5734166666666,239.92890277777778,2025-03-20 06:00:00,50,observed_anchor_linear_to_h1,2025-03-13 06:50:00,10.509686111111023,12.866797222222203,2.3571111111111804,0.0,33.289119444444395,46.1559166666666,46.1559166666666,0.0,540.0,0.0,0.0,7080.0,6480.0,0,0.8442,8.872277014999925,2.9848098000000878,140.5133731749998,152.3704599899998,rolling,15011.085720029167,32214.920875000003,467.12475000000046,9.75322499999983
2025-03-20,41,2025-03-20 06:50:00,2025-03-20 07:00:00,4880.33,813.3883333333333,1693.2375,282.20625,797.59,1727.4881,287.91468333333336,2025-03-20 06:00:00,60,attachment3_10min_interpolation,2025-03-13 07:00:00,74.84678333333335,77.67531666666667,2.8285333333333256,0.0,21.50676666666658,99.18208333333325,99.18208333333325,0.0,432.0,0.0,0.0,6480.0,6000.0,0,0.8334,62.377309230000016,3.53594951999999,89.61869669999963,155.53195544999966,rolling,15166.617675479167,32314.102958333337,488.63151666666704,9.75322499999983
2025-03-20,42,2025-03-20 07:00:00,2025-03-20 07:10:00,4689.3761,781.5626833333334,2009.9231,334.98718333333335,795.1481833333333,2033.660033333333,338.94333888888883,2025-03-20 06:00:00,70,attachment3_10min_interpolation,2025-03-13 07:10:00,15.313644444444492,24.204844444444518,8.891200000000026,0.0,0.0,24.204844444444518,24.204844444444518,0.0,432.0,9.629344444444484,0.0,6000.0,5520.0,0,0.8092,12.391801084444483,10.792138560000032,0.0,23.183939644444514,rolling,15189.801615123612,32338.30780277778,488.63151666666704,19.382569444444314
2025-03-20,43,2025-03-20 07:10:00,2025-03-20 07:20:00,4713.3646,785.5607666666666,2305.9149,384.31915,822.28515,2339.831966666666,389.97199444444436,2025-03-20 06:00:00,80,attachment3_10min_interpolation,2025-03-13 07:20:00,0.0,0.31315555555568153,0.31315555555568153,0.0,0.0,0.31315555555568153,0.31315555555568153,0.0,432.0,31.07153888888905,0.0,5520.0,5040.0,0,0.7972,0.0,0.374471413333484,0.0,0.374471413333484,rolling,15190.176086536945,32338.620958333337,488.63151666666704,50.454108333333366
2025-03-20,44,2025-03-20 07:20:00,2025-03-20 07:30:00,4827.2,804.5333333333333,2609.7375,434.95625,836.1783333333333,2646.0039,441.00065,2025-03-20 06:00:00,90,attachment3_10min_interpolation,2025-03-13 07:30:00,50.16114999999991,71.17768333333328,21.01653333333337,0.0,0.0,71.17768333333328,71.17768333333328,0.0,324.0,25.600600000000043,0.0,5040.0,4680.0,0,0.7644,38.34318305999993,24.09755712000004,0.0,62.44074017999997,rolling,15252.616826716945,32409.798641666668,488.63151666666704,76.05470833333341
2025-03-20,45,2025-03-20 07:30:00,2025-03-20 07:40:00,4578.156,763.026,2894.0148,482.3358,779.8098833333333,2952.175833333333,492.0293055555555,2025-03-20 06:00:00,100,attachment3_10min_interpolation,2025-03-13 07:40:00,44.70137777777779,71.78057777777786,27.07920000000007,0.0,0.0,71.78057777777786,71.78057777777786,0.0,216.0,7.090377777777974,0.0,4680.0,4440.0,0,0.6899,30.8394805288889,28.022910120000073,0.0,58.862390648888976,rolling,15311.479217365833,32481.579219444448,488.63151666666704,83.14508611111138
2025-03-20,46,2025-03-20 07:40:00,2025-03-20 07:50:00,5187.0368,864.5061333333333,3179.5684,529.9280666666667,905.0956833333332,3258.3477666666663,543.057961111111,2025-03-20 06:00:00,110,attachment3_10min_interpolation,2025-03-13 07:50:00,4.895855555555386,38.037722222222214,33.14186666666683,0.0,0.0,38.037722222222214,38.037722222222214,0.0,324.0,27.459655555555628,0.0,4440.0,4080.0,0,0.86,4.210435777777632,42.75300800000021,0.0,46.96344377777784,rolling,15358.442661143612,32519.61694166667,488.63151666666704,110.60474166666701
2025-03-20,47,2025-03-20 07:50:00,2025-03-20 08:00:00,6405.59,1067.5983333333334,3476.5125,579.4187499999999,1125.995,3564.5197,594.0866166666666,2025-03-20 06:00:00,120,attachment3_10min_interpolation,2025-03-13 08:00:00,60.703849999999875,0.0,0.0,60.703849999999875,0.0,0.0,0.0,0.0,540.0,51.820416666666574,0.0,4080.0,3480.0,0,1.1617,70.51966254499985,-35.25983127249992,0.0,35.25983127249992,rolling,15393.702492416112,32519.61694166667,488.63151666666704,162.42515833333357
2025-03-20,48,2025-03-20 08:00:00,2025-03-20 08:10:00,6658.0486,1109.6747666666668,3761.2255,626.8709166666666,1090.9687,3881.1197166666666,646.8532861111111,2025-03-20 06:00:00,130,attachment3_10min_interpolation,2025-03-13 08:10:00,0.0,12.115413888888838,12.115413888888838,0.0,38.68843611111117,50.80385000000001,50.80385000000001,0.0,432.0,0.0,0.0,3480.0,3000.0,0,1.1683,0.0,21.231657069583243,225.9984995430559,247.23015661263915,rolling,15640.932649028751,32570.42079166667,527.3199527777782,162.42515833333357
2025-03-20,49,2025-03-20 08:10:00,2025-03-20 08:20:00,6606.6001,1101.1000166666663,3976.3717,662.7286166666667,1039.0916333333332,4197.719733333333,699.6199555555555,2025-03-20 06:00:00,140,attachment3_10min_interpolation,2025-03-13 08:20:00,0.0,15.4716777777777,15.4716777777777,0.0,98.89972222222207,114.37139999999977,114.37139999999977,0.0,324.0,0.0,0.0,3000.0,2640.0,0,1.0956,0.0,25.426155259999867,541.7726783333325,567.1988335933323,rolling,16208.131482622084,32684.79219166667,626.2196750000003,162.42515833333357
2025-03-20,50,2025-03-20 08:20:00,2025-03-20 08:30:00,6687.27,1114.545,4220.325,703.3874999999999,1080.1816666666666,4514.31975,752.386625,2025-03-20 06:00:00,150,attachment3_10min_interpolation,2025-03-13 08:30:00,0.0,3.7950416666666342,3.7950416666666342,0.0,83.3624583333334,87.15750000000003,87.15750000000003,0.0,324.0,0.0,0.0,2640.0,2280.0,0,1.0849,0.0,6.175861056249946,452.199655229167,458.37551628541695,rolling,16666.506998907502,32771.94969166667,709.5821333333337,162.42515833333357
2025-03-20,51,2025-03-20 08:30:00,2025-03-20 08:40:00,6649.776,1108.296,4653.7429,775.6238166666667,1085.1412333333333,4830.919766666667,805.1532944444444,2025-03-20 06:00:00,160,attachment3_10min_interpolation,2025-03-13 08:40:00,42.15757222222203,63.987938888888834,21.830366666666805,0.0,52.68424444444463,116.67218333333346,116.67218333333346,0.0,216.0,0.0,0.0,2280.0,2040.0,0,1.061,44.72918412777757,34.74302855000022,279.4899167777788,358.9621294555566,rolling,17025.46912836306,32888.621875000004,762.2663777777783,162.42515833333357
2025-03-20,52,2025-03-20 08:40:00,2025-03-20 08:50:00,6705.5335,1117.5889166666666,5037.5027,839.5837833333334,1091.9628833333334,5147.519783333333,857.9199638888889,2025-03-20 06:00:00,170,attachment3_10min_interpolation,2025-03-13 08:50:00,0.5560944444443976,18.042919444444465,17.486825000000067,0.0,43.96221388888864,62.005133333333106,62.005133333333106,0.0,216.0,0.0,0.0,2040.0,1800.0,0,1.043,0.5800065055555067,27.358137712500103,229.26294543055425,257.20108964860987,rolling,17282.67021801167,32950.62700833334,806.228591666667,162.42515833333357
2025-03-20,53,2025-03-20 08:50:00,2025-03-20 09:00:00,6757.81,1126.3016666666667,5180.8875,863.4812499999999,1111.01,5464.1198,910.6866333333334,2025-03-20 06:00:00,180,attachment3_10min_interpolation,2025-03-13 09:00:00,0.0,0.0,0.0,0.0,46.8204166666668,46.8204166666668,46.8204166666668,0.0,216.0,0.0,0.0,1800.0,1560.0,0,1.036,0.0,0.0,242.52975833333403,242.52975833333403,rolling,17525.199976345004,32997.447425000006,853.0490083333337,162.42515833333357
2025-03-20,54,2025-03-20 09:00:00,2025-03-20 09:10:00,6494.2004,1082.3667333333333,5166.4978,861.0829666666667,1100.2203833333333,5683.137266666667,947.1895444444444,2025-03-20 06:00:00,190,attachment3_10min_interpolation,2025-03-13 09:10:00,18.57642499999986,45.030838888888866,26.454413888889007,0.0,68.2529277777777,113.28376666666657,113.28376666666657,0.0,108.0,0.0,0.0,1560.0,1440.0,0,1.0147,18.849498447499855,40.26494065958351,346.2812290805551,405.3956681876384,rolling,17930.59564453264,33110.73119166667,921.3019361111114,162.42515833333357
2025-03-20,55,2025-03-20 09:10:00,2025-03-20 09:20:00,6436.4392,1072.7398666666666,5533.329,922.2215,1095.572683333333,5902.154733333334,983.6924555555556,2025-03-20 06:00:00,200,attachment3_10min_interpolation,2025-03-13 09:20:00,72.114683333333,3.8802277777774634,0.0,68.23445555555554,38.6381388888891,42.518366666666566,42.518366666666566,0.0,108.0,0.0,0.0,1440.0,1320.0,0,0.9922,71.55218880333301,-33.8511134011111,191.68380702777884,229.38488243000074,rolling,18159.98052696264,33153.24955833334,959.9400750000005,162.42515833333357
2025-03-20,56,2025-03-20 09:20:00,2025-03-20 09:30:00,6570.85,1095.1416666666669,6107.7375,1017.95625,1102.465,6121.1722,1020.1953666666667,2025-03-20 06:00:00,210,attachment3_10min_interpolation,2025-03-13 09:30:00,29.19295833333308,0.0,0.0,29.19295833333308,0.0,0.0,0.0,0.0,108.0,30.814583333333076,0.0,1320.0,1200.0,0,0.97,28.317169583333087,-14.158584791666543,0.0,14.158584791666543,rolling,18174.139111754306,33153.24955833334,959.9400750000005,193.23974166666665
2025-03-20,57,2025-03-20 09:30:00,2025-03-20 09:40:00,6399.3635,1066.5605833333334,6182.795,1030.4658333333334,1091.4411333333337,6340.189666666666,1056.6982777777778,2025-03-20 06:00:00,220,attachment3_10min_interpolation,2025-03-13 09:40:00,0.0,34.742855555555934,34.742855555555934,0.0,1.3518944444440422,36.094749999999976,36.094749999999976,0.0,0.0,0.0,0.0,1200.0,1200.0,0,0.9422,0.0,49.1020777566672,6.368774727775883,55.470852484443085,rolling,18229.60996423875,33189.34430833333,961.2919694444446,193.23974166666665
2025-03-20,58,2025-03-20 09:40:00,2025-03-20 09:50:00,6445.9301,1074.321683333333,6198.386,1033.0643333333337,1094.9624166666667,6559.207133333333,1093.201188888889,2025-03-20 06:00:00,230,attachment3_10min_interpolation,2025-03-13 09:50:00,55.395625000000194,1.7612277777777763,0.0,53.63439722222242,39.49612222222163,41.257349999999406,41.257349999999406,0.0,0.0,0.0,0.0,1200.0,1200.0,0,0.9569,53.008073562500186,-25.661377350972316,188.96919677221936,216.31589298374723,rolling,18445.925857222497,33230.60165833333,1000.7880916666662,193.23974166666665
2025-03-20,59,2025-03-20 09:50:00,2025-03-20 10:00:00,6697.43,1116.2383333333337,6426.1875,1071.03125,1111.135,6778.2246,1129.7041,2025-03-20 06:00:00,240,attachment3_10min_interpolation,2025-03-13 10:00:00,21.75416666666669,0.0,0.0,21.75416666666669,45.207083333333685,45.207083333333685,45.207083333333685,0.0,0.0,0.0,0.0,1200.0,1200.0,0,0.9977,21.70413208333336,-10.85206604166668,225.51553520833508,236.36760125000177,rolling,18682.293458472497,33275.80874166667,1045.995175,193.23974166666665
2025-03-20,60,2025-03-20 10:00:00,2025-03-20 10:10:00,6577.9956,1096.3326,6675.2481,1112.54135,1102.5336166666666,6946.356449999999,1157.7260749999998,2025-03-20 06:00:00,250,attachment3_10min_interpolation,2025-03-13 10:10:00,0.0,0.0,0.0,0.0,0.0,0.0,0.0,0.0,0.0,16.20875000000001,0.0,1200.0,1200.0,0,0.9919,0.0,0.0,0.0,0.0,rolling,18682.293458472497,33275.80874166667,1045.995175,209.44849166666665
2025-03-20,61,2025-03-20 10:10:00,2025-03-20 10:20:00,6445.2772,1074.2128666666667,6774.004,1129.0006666666666,1089.8910666666668,7114.4883,1185.74805,2025-03-20 06:00:00,260,attachment3_10min_interpolation,2025-03-13 10:20:00,0.0,0.0,0.0,0.0,0.0,0.0,0.0,0.0,0.0,54.787799999999834,0.0,1200.0,1200.0,0,0.9588,0.0,0.0,0.0,0.0,rolling,18682.293458472497,33275.80874166667,1045.995175,264.2362916666665
2025-03-20,62,2025-03-20 10:20:00,2025-03-20 10:30:00,6473.61,1078.935,6879.075,1146.5125,1079.66,7282.62015,1213.770025,2025-03-20 06:00:00,270,attachment3_10min_interpolation,2025-03-13 10:30:00,47.47038333333347,0.0,0.0,47.47038333333347,65.75583333333316,65.75583333333316,65.75583333333316,133.33333333333334,0.0,0.0,0.0,1200.0,1320.0,1,0.9549,45.32946904500013,-22.664734522500066,313.95122624999914,336.6159607724992,rolling,19018.909419244996,33341.564575000004,1111.7510083333332,264.2362916666665
2025-03-20,63,2025-03-20 10:30:00,2025-03-20 10:40:00,6454.2353,1075.7058833333333,7268.5137,1211.41895,1061.00095,7450.751999999999,1241.7919999999997,2025-03-20 06:00:00,280,attachment3_10min_interpolation,2025-03-13 10:40:00,3.4306277777777154,0.0,0.0,3.4306277777777154,0.0,0.0,0.0,133.33333333333334,0.0,2.3797333333334336,0.0,1320.0,1440.0,1,0.9839,3.3753946705554942,-1.6876973352777471,0.0,1.6876973352777471,rolling,19020.597116580273,33341.564575000004,1111.7510083333332,266.6160249999999
2025-03-20,64,2025-03-20 10:40:00,2025-03-20 10:50:00,6352.336,1058.7226666666668,7455.3554,1242.5592333333334,1068.99175,7618.88385,1269.813975,2025-03-20 06:00:00,290,attachment3_10min_interpolation,2025-03-13 10:50:00,0.0,0.0,0.0,0.0,0.0,0.0,0.0,133.33333333333334,0.0,50.503233333333355,0.0,1440.0,1560.0,1,0.799,0.0,0.0,0.0,0.0,rolling,19020.597116580273,33341.564575000004,1111.7510083333332,317.1192583333333
2025-03-20,65,2025-03-20 10:50:00,2025-03-20 11:00:00,6279.9,1046.65,7263.0,1210.5,1095.73,7787.0157,1297.83595,2025-03-20 06:00:00,300,attachment3_10min_interpolation,2025-03-13 11:00:00,520.7315999999998,64.56071666666679,0.0,456.17088333333305,38.255949999999984,102.81666666666678,102.81666666666678,266.6666666666667,0.0,0.0,0.0,1560.0,1800.0,1,0.5025,261.6676289999999,-114.61293443749992,96.11807437499995,243.17276893749994,rolling,19263.769885517773,33444.38124166667,1150.0069583333332,317.1192583333333
2025-03-20,66,2025-03-20 11:00:00,2025-03-20 11:10:00,6362.0436,1060.3406,7021.6679,1170.2779833333334,1091.5872,7894.038583333333,1315.6730972222222,2025-03-20 06:00:00,310,attachment3_10min_interpolation,2025-03-13 11:10:00,527.7846499999998,442.5807694444444,0.0,85.20388055555543,114.14851388888883,556.7292833333332,556.7292833333332,666.6666666666666,0.0,0.0,0.0,1800.0,2400.0,1,0.4662,246.05320382999992,-19.86102455749997,266.08018587499987,492.27236514749984,rolling,19756.042250665272,34001.110525000004,1264.155472222222,317.1192583333333
2025-03-20,67,2025-03-20 11:10:00,2025-03-20 11:20:00,6393.8373,1065.63955,7052.8842,1175.4807,1060.0513,8001.061466666667,1333.5102444444444,2025-03-20 06:00:00,320,attachment3_10min_interpolation,2025-03-13 11:20:00,507.44460000000004,126.54105555555566,0.0,380.9035444444444,163.61779444444437,290.15885000000003,290.15885000000003,400.0,0.0,0.0,0.0,2400.0,2760.0,1,0.5007,254.07751122000005,-95.35920235166665,409.61714839166655,568.3354572599999,rolling,20324.377707925272,34291.269375,1427.7732666666664,317.1192583333333
2025-03-20,68,2025-03-20 11:20:00,2025-03-20 11:30:00,6360.1,1060.0166666666669,7317.5625,1219.59375,1038.76,8108.08435,1351.3473916666667,2025-03-20 06:00:00,330,attachment3_10min_interpolation,2025-03-13 11:30:00,497.34915,354.07927499999994,0.0,143.26987500000007,153.01030833333334,507.0895833333333,507.0895833333333,666.6666666666666,0.0,0.0,0.0,2760.0,3360.0,1,0.4827,240.07043470500003,-34.57818433125002,369.2903791625,574.78262953625,rolling,20899.160337461522,34798.35895833334,1580.7835749999997,317.1192583333333
2025-03-20,69,2025-03-20 11:30:00,2025-03-20 11:40:00,6424.0276,1070.6712666666667,7505.6333,1250.9388833333337,1059.6249,8215.107233333334,1369.184538888889,2025-03-20 06:00:00,340,attachment3_10min_interpolation,2025-03-13 11:40:00,529.4099000000001,490.4403611111111,0.0,38.96953888888902,129.29202222222193,619.732383333333,619.732383333333,800.0,0.0,0.0,0.0,3360.0,4080.0,1,0.4785,253.32263715000005,-9.323462179166697,309.331163166666,553.3303381374993,rolling,21452.490675599023,35418.09134166667,1710.0755972222216,317.1192583333333
2025-03-20,70,2025-03-20 11:40:00,2025-03-20 11:50:00,6379.6216,1063.2702666666669,7635.0323,1272.5053833333334,1054.2732166666667,8322.130116666667,1387.0216861111112,2025-03-20 06:00:00,350,attachment3_10min_interpolation,2025-03-13 11:50:00,535.2540666666669,467.2515305555555,0.0,68.00253611111134,123.51335277777798,590.7648833333335,590.7648833333335,800.0,0.0,0.0,0.0,4080.0,4800.0,1,0.4662,249.53544588000008,-15.851391167500054,287.9096253250005,521.5936800375005,rolling,21974.084355636525,36008.85622500001,1833.5889499999996,317.1192583333333
2025-03-20,71,2025-03-20 11:50:00,2025-03-20 12:00:00,6168.32,1028.0533333333333,7818.45,1303.075,1013.1,8429.153,1404.8588333333335,2025-03-20 06:00:00,360,attachment3_10min_interpolation,2025-03-13 12:00:00,505.2767,408.2411666666666,0.0,97.03553333333343,116.73716666666655,524.9783333333331,524.9783333333331,800.0,0.0,0.0,0.0,4800.0,5520.0,1,0.4432,223.93863344,-21.503074186666687,258.6895613333331,461.1251205866664,rolling,22435.20947622319,36533.83455833334,1950.3261166666662,317.1192583333333
2025-03-20,72,2025-03-20 12:00:00,2025-03-20 12:10:00,5958.8116,993.1352666666668,8082.9395,1347.1565833333334,995.5195,7785.682116666667,1297.613686111111,2025-03-20 12:00:00,10,observed_anchor_linear_to_h1,2025-03-13 12:10:00,529.4813805555558,497.90581388888893,0.0,31.575566666666873,0.0,497.90581388888893,497.90581388888893,800.0,0.0,51.92713055555578,0.0,5520.0,6240.0,1,0.4411,233.55423696305567,-6.963991228333379,0.0,226.5902457347223,rolling,22661.799721957912,37031.74037222223,1950.3261166666662,369.04638888888906
2025-03-20,73,2025-03-20 12:10:00,2025-03-20 12:20:00,5855.2299,975.87165,8090.5707,1348.42845,1000.5944833333332,7752.914233333333,1292.152372222222,2025-03-20 12:00:00,20,observed_anchor_linear_to_h1,2025-03-13 12:20:00,576.3415444444441,508.4421111111111,0.0,67.89943333333304,0.0,508.4421111111111,508.4421111111111,800.0,0.0,80.99891111111106,0.0,6240.0,6960.0,1,0.4551,262.2930368766665,-15.450516054999932,0.0,246.8425208216666,rolling,22908.642242779577,37540.18248333334,1950.3261166666662,450.0453000000001
2025-03-20,74,2025-03-20 12:20:00,2025-03-20 12:30:00,5883.66,980.61,7709.3625,1284.89375,1007.24,7720.14635,1286.6910583333333,2025-03-20 12:00:00,30,observed_anchor_linear_to_h1,2025-03-13 12:30:00,624.7722416666666,520.5489416666667,0.0,104.22329999999988,0.0,520.5489416666667,520.5489416666667,800.0,0.0,24.832691666666506,0.0,6960.0,7680.0,1,0.4463,278.8358514558333,-23.25742939499997,0.0,255.5784220608333,rolling,23164.22066484041,38060.731425000005,1950.3261166666662,474.8779916666666
2025-03-20,75,2025-03-20 12:30:00,2025-03-20 12:40:00,6006.2794,1001.0465666666668,7205.256,1200.876,1001.2011833333332,7687.378466666667,1281.2297444444446,2025-03-20 12:00:00,40,observed_anchor_linear_to_h1,2025-03-13 12:40:00,660.5186055555554,519.9714388888887,0.0,140.54716666666673,80.19912777777813,600.1705666666668,600.1705666666668,800.0,0.0,0.0,0.0,7680.0,8400.0,1,0.4113,271.67130246499994,-28.903524825000012,164.9295062750007,407.69728391500064,rolling,23571.91794875541,38660.90199166667,2030.5252444444443,474.8779916666666
2025-03-20,76,2025-03-20 12:40:00,2025-03-20 12:50:00,6168.3548,1028.0591333333334,7206.9442,1201.1573666666666,1010.67875,7654.610583333333,1275.7684305555556,2025-03-20 12:00:00,50,observed_anchor_linear_to_h1,2025-03-13 12:50:00,45.114686111111126,1.5769861111111254,0.0,43.5377,91.9914472222224,93.56843333333353,93.56843333333353,266.6666666666667,0.0,0.0,0.0,8400.0,8640.0,1,0.5682,25.634164648333343,-12.36906057,261.3477015583339,274.61280563666725,rolling,23846.53075439208,38754.47042500001,2122.5166916666667,474.8779916666666
2025-03-20,77,2025-03-20 12:50:00,2025-03-20 13:00:00,6351.38,1058.5633333333333,7525.8,1254.3,1042.475,7621.8427,1270.3071166666666,2025-03-20 12:00:00,60,attachment3_10min_interpolation,2025-03-13 13:00:00,0.0,38.83454999999998,38.83454999999998,0.0,32.09545000000003,70.93,70.93,266.6666666666667,0.0,0.0,0.0,8640.0,8880.0,1,0.8279,0.0,48.22668591749997,132.8591152750001,181.08580119250007,rolling,24027.61655558458,38825.40042500001,2154.6121416666665,474.8779916666666
2025-03-20,78,2025-03-20 13:00:00,2025-03-20 13:10:00,6510.6216,1085.1036,7339.075,1223.1791666666666,1070.4756666666667,7499.5652,1249.9275333333333,2025-03-20 12:00:00,70,attachment3_10min_interpolation,2025-03-13 13:10:00,26.014594444444356,0.0,0.0,26.014594444444356,0.0,0.0,0.0,133.33333333333334,0.0,4.742233333333388,0.0,8880.0,9000.0,1,0.8636,22.466203762222147,-11.233101881111073,0.0,11.233101881111073,rolling,24038.849657465693,38825.40042500001,2154.6121416666665,479.620225
2025-03-20,79,2025-03-20 13:10:00,2025-03-20 13:20:00,6358.8315,1059.80525,6900.6338,1150.1056333333331,1067.19875,7377.2877,1229.54795,2025-03-20 12:00:00,80,attachment3_10min_interpolation,2025-03-13 13:20:00,35.38882222222219,0.0,0.0,35.38882222222219,43.03295000000003,43.03295000000003,43.03295000000003,133.33333333333334,0.0,0.0,0.0,9000.0,9120.0,1,0.8416,29.783232782222193,-14.891616391111096,181.08265360000013,195.9742699911112,rolling,24234.823927456804,38868.43337500001,2197.6450916666663,479.620225
2025-03-20,80,2025-03-20 13:20:00,2025-03-20 13:30:00,6039.3,1006.55,6610.0125,1101.66875,1052.215,7255.010200000001,1209.1683666666668,2025-03-20 12:00:00,90,attachment3_10min_interpolation,2025-03-13 13:30:00,33.0562166666665,0.0,0.0,33.0562166666665,38.21458333333317,38.21458333333317,38.21458333333317,133.33333333333334,0.0,0.0,0.0,9120.0,9240.0,1,0.8618,28.48784752333319,-14.243923761666595,164.66663958333262,178.91056334499922,rolling,24413.734490801802,38906.64795833334,2235.8596749999997,479.620225
2025-03-20,81,2025-03-20 13:30:00,2025-03-20 13:40:00,6028.9848,1004.8308,6642.1795,1107.0299166666666,1066.1486,7132.7327000000005,1188.7887833333334,2025-03-20 12:00:00,100,attachment3_10min_interpolation,2025-03-13 13:40:00,59.640961111111096,10.693149999999918,0.0,48.94781111111118,20.441066666666757,31.134216666666674,31.134216666666674,133.33333333333334,0.0,0.0,0.0,9240.0,9360.0,1,0.8623,51.428400766111096,-21.103848760555582,88.13165893333371,118.45621093888923,rolling,24532.190701740692,38937.78217500001,2256.3007416666665,479.620225
2025-03-20,82,2025-03-20 13:40:00,2025-03-20 13:50:00,6177.7813,1029.630216666667,6806.5377,1134.42295,1049.996216666667,7010.4552,1168.4092,2025-03-20 12:00:00,110,attachment3_10min_interpolation,2025-03-13 13:50:00,56.139722222222304,14.920350000000184,0.0,41.21937222222212,13.62025000000017,28.540600000000353,28.540600000000353,133.33333333333334,0.0,0.0,0.0,9360.0,9480.0,1,0.9026,50.67171327777785,-18.60230268388884,61.468188250000765,93.53759884388977,rolling,24625.728300584582,38966.32277500001,2269.920991666667,479.620225
2025-03-20,83,2025-03-20 13:50:00,2025-03-20 14:00:00,6280.02,1046.67,6799.95,1133.325,1017.7916666666666,6888.1777,1148.0296166666667,2025-03-20 12:00:00,120,attachment3_10min_interpolation,2025-03-13 14:00:00,36.58631666666656,3.095383333333274,0.0,33.49093333333329,43.58294999999998,46.678333333333256,46.678333333333256,133.33333333333334,0.0,0.0,0.0,9480.0,9600.0,1,0.9754,35.68629327666657,-16.333528186666644,212.55404714999995,231.90681223999988,rolling,24857.63511282458,39013.00110833334,2313.503941666667,479.620225
2025-03-20,84,2025-03-20 14:00:00,2025-03-20 14:10:00,6283.4823,1047.24705,6453.6137,1075.6022833333334,1042.522,6607.66825,1101.2780416666667,2025-03-20 12:00:00,130,attachment3_10min_interpolation,2025-03-13 14:10:00,8.513249999999971,0.0,0.0,8.513249999999971,0.0,0.0,0.0,0.0,0.0,28.355233333333445,0.0,9600.0,9600.0,0,1.0002,8.514952649999971,-4.257476324999986,0.0,4.257476324999986,rolling,24861.892589149582,39013.00110833334,2313.503941666667,507.97545833333345
2025-03-20,85,2025-03-20 14:10:00,2025-03-20 14:20:00,6314.912,1052.4853333333333,6203.5886,1033.9314333333334,1044.1895166666666,6327.1588,1054.5264666666667,2025-03-20 12:00:00,140,attachment3_10min_interpolation,2025-03-13 14:20:00,65.37736666666649,0.0,0.0,65.37736666666649,18.553899999999885,18.553899999999885,18.553899999999885,0.0,0.0,0.0,0.0,9600.0,9600.0,0,0.9978,65.23353645999983,-32.61676822999991,92.56540709999942,125.18217532999932,rolling,24987.07476447958,39031.55500833334,2332.0578416666667,507.97545833333345
2025-03-20,86,2025-03-20 14:20:00,2025-03-20 14:30:00,6352.79,1058.7983333333334,6115.6875,1019.28125,1018.2733333333334,6046.64935,1007.7748916666666,2025-03-20 12:00:00,150,attachment3_10min_interpolation,2025-03-13 14:30:00,0.0,10.49844166666685,10.49844166666685,0.0,29.018641666666554,39.5170833333334,39.5170833333334,0.0,0.0,0.0,0.0,9600.0,9600.0,0,1.0271,0.0,16.17442415375028,149.02523427916609,165.19965843291635,rolling,25152.2744229125,39071.07209166667,2361.0764833333333,507.97545833333345
2025-03-20,87,2025-03-20 14:30:00,2025-03-20 14:40:00,6259.4213,1043.2368833333333,5837.6616,972.9436,1042.4516,5766.1399,961.0233166666667,2025-03-20 12:00:00,160,attachment3_10min_interpolation,2025-03-13 14:40:00,66.03264999999999,0.0,0.0,66.03264999999999,0.0,0.0,0.0,0.0,108.0,37.70671666666669,0.0,9600.0,9480.0,0,1.0906,72.01520808999999,-36.007604044999994,0.0,36.007604044999994,rolling,25188.2820269575,39071.07209166667,2361.0764833333333,545.6821750000001
2025-03-20,88,2025-03-20 14:40:00,2025-03-20 14:50:00,6190.1146,1031.6857666666667,5431.9635,905.32725,1066.3342166666666,5485.63045,914.2717416666666,2025-03-20 12:00:00,170,attachment3_10min_interpolation,2025-03-13 14:50:00,37.11186666666663,44.06247500000006,6.9506083333334345,0.0,0.0,44.06247500000006,44.06247500000006,0.0,108.0,25.70395833333339,0.0,9480.0,9360.0,0,0.9376,34.79608618666663,9.775335560000142,0.0,44.57142174666677,rolling,25232.853448704165,39115.13456666667,2361.0764833333333,571.3861333333335
2025-03-20,89,2025-03-20 14:50:00,2025-03-20 15:00:00,6156.64,1026.1066666666668,5072.775,845.4625,1059.83,5205.121,867.5201666666667,2025-03-20 12:00:00,180,attachment3_10min_interpolation,2025-03-13 15:00:00,809.8042499999999,725.6431666666666,0.0,84.1610833333333,0.0,725.6431666666666,725.6431666666666,533.3333333333334,0.0,11.665666666666539,0.0,9360.0,9840.0,1,0.6694,542.0829649499999,-28.168714591666653,0.0,513.9142503583332,rolling,25746.767699062497,39840.777733333336,2361.0764833333333,583.0518000000001
2025-03-20,90,2025-03-20 15:00:00,2025-03-20 15:10:00,6039.3659,1006.5609833333332,4855.4545,809.2424166666666,1043.8204333333333,4880.425166666667,813.4041944444444,2025-03-20 12:00:00,190,attachment3_10min_interpolation,2025-03-13 15:10:00,1236.7603166666668,1030.416238888889,0.0,206.34407777777778,0.0,1030.416238888889,1030.416238888889,800.0,0.0,33.097672222222286,0.0,9840.0,10560.0,1,0.66,816.2618090000001,-68.09354566666667,0.0,748.1682633333335,rolling,26494.93596239583,40871.19397222222,2361.0764833333333,616.1494722222224
2025-03-20,91,2025-03-20 15:10:00,2025-03-20 15:20:00,6054.6789,1009.11315,4561.8383,760.3063833333334,1029.0004666666666,4555.729333333334,759.2882222222223,2025-03-20 12:00:00,200,attachment3_10min_interpolation,2025-03-13 15:20:00,464.9059833333332,403.0455777777777,0.0,61.86040555555553,0.0,403.0455777777777,403.0455777777777,133.33333333333334,0.0,20.90547777777772,0.0,10560.0,10680.0,1,0.7217,335.52264817166656,-22.322327344722215,0.0,313.20032082694433,rolling,26808.136283222775,41274.23955,2361.0764833333333,637.0549500000001
2025-03-20,92,2025-03-20 15:20:00,2025-03-20 15:30:00,6187.68,1031.28,4146.825,691.1374999999999,1028.2383333333337,4231.0335,705.17225,2025-03-20 12:00:00,210,attachment3_10min_interpolation,2025-03-13 15:30:00,507.10948333333374,456.3994166666671,0.0,50.71006666666665,17.076416666666205,473.4758333333333,473.4758333333333,133.33333333333334,0.0,0.0,0.0,10680.0,10800.0,1,0.7308,370.5956104200003,-18.529458359999992,62.39722649999831,414.46337855999866,rolling,27222.599661782773,41747.71538333333,2378.1528999999996,637.0549500000001
2025-03-20,93,2025-03-20 15:30:00,2025-03-20 15:40:00,6195.3721,1032.5620166666663,3778.6785,629.77975,1044.1373833333334,3906.337666666667,651.0562777777778,2025-03-20 12:00:00,220,attachment3_10min_interpolation,2025-03-13 15:40:00,565.9741666666669,393.0811055555556,0.0,172.89306111111125,9.70116111111065,402.78226666666626,402.78226666666626,0.0,0.0,0.0,0.0,10800.0,10800.0,0,0.7534,426.4049371666668,-65.1288161205556,36.54427390555382,397.82039495166504,rolling,27620.420056734438,42150.49765,2387.8540611111102,637.0549500000001
2025-03-20,94,2025-03-20 15:40:00,2025-03-20 15:50:00,6186.1376,1031.0229333333334,3471.4229,578.5704833333333,1021.02475,3581.641833333333,596.9403055555555,2025-03-20 12:00:00,230,attachment3_10min_interpolation,2025-03-13 15:50:00,585.8271666666667,424.08444444444456,0.0,161.74272222222214,28.368005555555555,452.4524500000001,452.4524500000001,0.0,0.0,0.0,0.0,10800.0,10800.0,0,0.7823,458.29259248333335,-63.26566579722219,110.96145373055556,505.9883804166667,rolling,28126.408437151105,42602.950099999995,2416.222066666666,637.0549500000001
2025-03-20,95,2025-03-20 15:50:00,2025-03-20 16:00:00,6200.17,1033.361666666667,3156.225,526.0375,980.0183333333332,3256.946,542.8243333333334,2025-03-20 12:00:00,240,attachment3_10min_interpolation,2025-03-13 16:00:00,587.7863833333331,437.19399999999985,0.0,150.59238333333326,70.13016666666704,507.3241666666669,507.3241666666669,0.0,0.0,0.0,0.0,10800.0,10800.0,0,0.8055,473.4619317749998,-60.65108238749997,282.44924625000147,695.2600956375013,rolling,28821.668532788608,43110.27426666666,2486.352233333333,637.0549500000001
2025-03-20,96,2025-03-20 16:00:00,2025-03-20 16:10:00,6153.3743,1025.5623833333334,2779.805,463.3008333333333,998.9776166666668,2946.7262666666666,491.1210444444444,2025-03-20 12:00:00,250,attachment3_10min_interpolation,2025-03-13 16:10:00,637.4082805555556,507.8565722222224,0.0,129.55170833333324,54.404977777777674,562.26155,562.26155,0.0,0.0,0.0,0.0,10800.0,10800.0,0,0.8271,527.2003888475,-53.57610898124996,224.99178559999953,698.6160654662496,rolling,29520.284598254857,43672.53581666666,2540.757211111111,637.0549500000001
2025-03-20,97,2025-03-20 16:10:00,2025-03-20 16:20:00,6101.7592,1016.9598666666668,2507.3559,417.89265,1019.85865,2636.506533333333,439.4177555555555,2025-03-20 12:00:00,260,attachment3_10min_interpolation,2025-03-13 16:20:00,688.9519277777779,580.4408944444444,0.0,108.51103333333344,18.62632222222237,599.0672166666668,599.0672166666668,0.0,0.0,0.0,0.0,10800.0,10800.0,0,0.8519,586.918147273889,-46.22027464833338,79.33881950555619,620.0366921311117,rolling,30140.321290385968,44271.60303333333,2559.383533333333,637.0549500000001
2025-03-20,98,2025-03-20 16:20:00,2025-03-20 16:30:00,6118.95,1019.825,2334.4125,389.06875,1013.39,2326.2868,387.7144666666666,2025-03-20 12:00:00,270,attachment3_10min_interpolation,2025-03-13 16:30:00,713.1458916666667,625.6755333333333,0.0,87.47035833333337,5.080716666666717,630.75625,630.75625,0.0,0.0,0.0,0.0,10800.0,10800.0,0,0.8791,626.9265533641667,-38.44759600541668,22.332290108333556,610.8112474670836,rolling,30751.132537853053,44902.35928333333,2564.46425,637.0549500000001
2025-03-20,99,2025-03-20 16:30:00,2025-03-20 16:40:00,6209.4949,1034.9158166666666,2077.0816,346.1802666666667,1008.6170833333334,2016.0670666666665,336.01117777777773,2025-03-20 12:00:00,280,attachment3_10min_interpolation,2025-03-13 16:40:00,739.0355888888889,672.6059055555556,0.0,66.42968333333329,16.129644444444295,688.7355499999999,688.7355499999999,0.0,0.0,0.0,0.0,10800.0,10800.0,0,0.9024,666.9057154133334,-29.973073119999977,72.77695573333266,709.7095980266661,rolling,31460.84213587972,45591.09483333333,2580.5938944444442,637.0549500000001
2025-03-20,100,2025-03-20 16:40:00,2025-03-20 16:50:00,6190.199,1031.6998333333331,1733.8533,288.97555,1013.04555,1705.8473333333332,284.30788888888884,2025-03-20 12:00:00,290,attachment3_10min_interpolation,2025-03-13 16:50:00,774.1266694444445,728.7376611111113,0.0,45.38900833333321,13.986622222221854,742.7242833333331,742.7242833333331,0.0,0.0,0.0,0.0,10800.0,10800.0,0,0.9163,709.3322672119444,-20.79497416791661,64.07970971110943,752.6170027551373,rolling,32213.45913863486,46333.819116666666,2594.580516666666,637.0549500000001
2025-03-20,101,2025-03-20 16:50:00,2025-03-20 17:00:00,6102.19,1017.0316666666666,1377.7125,229.61875,1032.7483333333332,1395.6276,232.6046,2025-03-20 12:00:00,300,attachment3_10min_interpolation,2025-03-13 17:00:00,824.4920666666666,800.1437333333332,0.0,24.348333333333358,0.0,800.1437333333332,800.1437333333332,0.0,0.0,12.730816666666584,0.0,10800.0,10800.0,0,0.9264,763.80945056,-11.27814800000001,0.0,752.53130256,rolling,32965.99044119486,47133.962849999996,2594.580516666666,649.7857666666666
2025-03-20,102,2025-03-20 17:00:00,2025-03-20 17:10:00,6143.2969,1023.8828166666668,1083.9022,180.65036666666663,1061.28845,1163.023,193.83716666666666,2025-03-20 12:00:00,310,attachment3_10min_interpolation,2025-03-13 17:10:00,887.7415611111111,867.4512833333333,0.0,20.29027777777776,0.0,867.4512833333333,867.4512833333333,0.0,0.0,24.218833333333123,0.0,10800.0,10800.0,0,0.9462,839.9810651233333,-9.599330416666659,0.0,830.3817347066666,rolling,33796.372175901524,48001.41413333333,2594.580516666666,674.0045999999998
2025-03-20,103,2025-03-20 17:10:00,2025-03-20 17:20:00,6075.0134,1012.5022333333332,831.8823,138.64705,1029.6231,930.4184,155.06973333333335,2025-03-20 12:00:00,320,attachment3_10min_interpolation,2025-03-13 17:20:00,890.7855888888889,874.5533666666666,0.0,16.232222222222276,0.0,874.5533666666666,874.5533666666666,0.0,0.0,0.6981833333335032,0.0,10800.0,10800.0,0,0.9742,867.8033206955555,-7.906715444444471,0.0,859.896605251111,rolling,34656.268781152634,48875.9675,2594.580516666666,674.7027833333333
2025-03-20,104,2025-03-20 17:20:00,2025-03-20 17:30:00,6025.68,1004.28,597.3375,99.55625,990.5383333333332,697.8138,116.3023,2025-03-20 12:00:00,330,attachment3_10min_interpolation,2025-03-13 17:30:00,886.4101999999998,874.2360333333331,0.0,12.174166666666679,30.48771666666684,904.72375,904.72375,0.0,0.0,0.0,0.0,10800.0,10800.0,0,0.9862,874.1777392399998,-6.003081583333339,150.3349308833342,1018.5095885400007,rolling,35674.778369692634,49780.691249999996,2625.068233333333,674.7027833333333
2025-03-20,105,2025-03-20 17:30:00,2025-03-20 17:40:00,6213.4416,1035.5736,374.8971,62.482850000000006,1043.43055,465.20920000000007,77.53486666666667,2025-03-20 12:00:00,340,attachment3_10min_interpolation,2025-03-13 17:40:00,974.0117944444445,965.8956833333334,0.0,8.116111111111081,7.195066666666527,973.09075,973.09075,0.0,0.0,0.0,0.0,10800.0,10800.0,0,0.976,950.6355113777778,-3.9606622222222074,35.11192533333265,981.7867744888882,rolling,36656.56514418152,50753.782,2632.2632999999996,674.7027833333333
2025-03-20,106,2025-03-20 17:40:00,2025-03-20 17:50:00,5394.1467,899.02445,156.1276,26.021266666666666,940.5934166666666,232.6046000000001,38.76743333333335,2025-03-20 12:00:00,350,attachment3_10min_interpolation,2025-03-13 17:50:00,905.8840388888888,901.8259833333333,0.0,4.058055555555484,0.0,901.8259833333333,901.8259833333333,0.0,0.0,26.021266666666666,2.801533333333282,10800.0,10800.0,0,1.0742,973.1006345744444,-2.1795816388888505,0.0,970.9210529355555,rolling,37627.486197117076,51655.607983333335,2632.2632999999996,700.7240499999999
2025-03-20,107,2025-03-20 17:50:00,2025-03-20 18:00:00,4094.12,682.3533333333334,0.0,0.0,723.27,0.0,0.0,2025-03-20 12:00:00,360,attachment3_10min_interpolation,2025-03-13 18:00:00,723.27,723.27,0.0,0.0,0.0,723.27,723.27,0.0,0.0,0.0,40.91666666666663,10800.0,10800.0,0,1.2313,890.562351,0.0,0.0,890.562351,rolling,38518.048548117076,52378.87798333333,2632.2632999999996,700.7240499999999
2025-03-20,108,2025-03-20 18:00:00,2025-03-20 18:10:00,4187.9837,697.9972833333333,0.0,0.0,697.4002166666668,0.0,0.0,2025-03-20 18:00:00,10,observed_anchor_linear_to_h1,2025-03-13 18:10:00,49.40021666666678,49.40021666666678,0.0,0.0,0.5970666666664783,49.99728333333326,49.99728333333326,0.0,648.0,0.0,0.0,10800.0,10080.0,0,1.2561,62.05161215500014,0.0,3.749877199998817,65.80148935499896,rolling,38583.850037472075,52428.87526666666,2632.860366666666,700.7240499999999
2025-03-20,109,2025-03-20 18:10:00,2025-03-20 18:20:00,4441.4267,740.2377833333334,5.5774,0.9295666666666668,725.86675,0.0,0.0,2025-03-20 18:00:00,20,observed_anchor_linear_to_h1,2025-03-13 18:20:00,725.86675,725.86675,0.0,0.0,13.441466666666678,739.3082166666667,739.3082166666667,0.0,0.0,0.0,0.0,10080.0,10080.0,0,1.2447,903.486343725,0.0,83.65296780000006,987.139311525,rolling,39570.98934899708,53168.18348333333,2646.3018333333325,700.7240499999999
2025-03-20,110,2025-03-20 18:20:00,2025-03-20 18:30:00,4255.45,709.2416666666667,0.0,0.0,718.1916666666666,0.0,0.0,2025-03-20 18:00:00,30,observed_anchor_linear_to_h1,2025-03-13 18:30:00,718.1916666666666,718.1916666666666,0.0,0.0,0.0,718.1916666666666,718.1916666666666,0.0,0.0,0.0,8.949999999999932,10080.0,10080.0,0,1.2545,900.9714458333332,0.0,0.0,900.9714458333332,rolling,40471.96079483041,53886.37514999999,2646.3018333333325,700.7240499999999
2025-03-20,111,2025-03-20 18:30:00,2025-03-20 18:40:00,4286.5369,714.4228166666667,0.0,0.0,725.71005,0.0,0.0,2025-03-20 18:00:00,40,observed_anchor_linear_to_h1,2025-03-13 18:40:00,725.71005,725.71005,0.0,0.0,0.0,725.71005,725.71005,0.0,0.0,0.0,11.287233333333347,10080.0,10080.0,0,1.2522,908.73412461,0.0,0.0,908.73412461,rolling,41380.69491944041,54612.085199999994,2646.3018333333325,700.7240499999999
2025-03-20,112,2025-03-20 18:40:00,2025-03-20 18:50:00,4470.2464,745.0410666666667,0.4004,0.0667333333333333,723.0511166666666,0.0,0.0,2025-03-20 18:00:00,50,observed_anchor_linear_to_h1,2025-03-13 18:50:00,75.05111666666664,75.05111666666664,0.0,0.0,21.92321666666669,96.97433333333333,96.97433333333333,0.0,648.0,0.0,0.0,10080.0,9360.0,0,1.2881,96.6733433783333,0.0,141.19647694166682,237.86982032000012,rolling,41618.564739760404,54709.059533333326,2668.225049999999,700.7240499999999
2025-03-20,113,2025-03-20 18:50:00,2025-03-20 19:00:00,4579.24,763.2066666666666,0.0,0.0,714.82,0.0,0.0,2025-03-20 18:00:00,60,attachment3_10min_interpolation,2025-03-13 19:00:00,66.82000000000005,66.82000000000005,0.0,0.0,48.38666666666654,115.20666666666659,115.20666666666659,0.0,648.0,0.0,0.0,9360.0,8640.0,0,1.3466,89.97981200000007,0.0,325.78742666666585,415.7672386666659,rolling,42034.33197842707,54824.26619999999,2716.6117166666654,700.7240499999999
2025-03-20,114,2025-03-20 19:00:00,2025-03-20 19:10:00,4480.3082,746.7180333333334,0.0,0.0,735.84085,0.0,0.0,2025-03-20 18:00:00,70,attachment3_10min_interpolation,2025-03-13 19:10:00,87.84085000000005,87.84085000000005,0.0,0.0,10.877183333333392,98.71803333333344,98.71803333333344,0.0,648.0,0.0,0.0,8640.0,7920.0,0,1.3523,118.78718145500007,0.0,73.54607510833372,192.3332565633338,rolling,42226.6652349904,54922.98423333332,2727.488899999999,700.7240499999999
2025-03-20,115,2025-03-20 19:10:00,2025-03-20 19:20:00,4285.5618,714.2603,0.0288,0.0048,741.29425,0.0,0.0,2025-03-20 18:00:00,80,attachment3_10min_interpolation,2025-03-13 19:20:00,93.29425000000003,93.29425000000003,0.0,0.0,0.0,93.29425000000003,93.29425000000003,0.0,648.0,0.0048,27.03395000000005,7920.0,7200.0,0,1.3445,125.43411912500005,0.0,0.0,125.43411912500005,rolling,42352.0993541154,55016.27848333332,2727.488899999999,700.72885
2025-03-20,116,2025-03-20 19:20:00,2025-03-20 19:30:00,4196.78,699.4633333333333,0.0,0.0,738.4933333333333,0.0,0.0,2025-03-20 18:00:00,90,attachment3_10min_interpolation,2025-03-13 19:30:00,90.49333333333334,90.49333333333334,0.0,0.0,0.0,90.49333333333334,90.49333333333334,0.0,648.0,0.0,39.030000000000086,7200.0,6480.0,0,1.3483,122.01216133333335,0.0,0.0,122.01216133333335,rolling,42474.111515448734,55106.77181666665,2727.488899999999,700.72885
2025-03-20,117,2025-03-20 19:30:00,2025-03-20 19:40:00,4330.8684,721.8114,0.0,0.0,774.7226999999999,0.0,0.0,2025-03-20 18:00:00,100,attachment3_10min_interpolation,2025-03-13 19:40:00,18.722699999999918,18.722699999999918,0.0,0.0,0.0,18.722699999999918,18.722699999999918,0.0,756.0,0.0,52.91129999999987,6480.0,5640.0,0,1.349,25.25692229999989,0.0,0.0,25.25692229999989,rolling,42499.36843774874,55125.49451666665,2727.488899999999,700.72885
2025-03-20,118,2025-03-20 19:40:00,2025-03-20 19:50:00,4370.9481,728.4913499999999,0.0021,0.00035,771.7918333333333,0.0,0.0,2025-03-20 18:00:00,110,attachment3_10min_interpolation,2025-03-13 19:50:00,15.79183333333333,15.79183333333333,0.0,0.0,0.0,15.79183333333333,15.79183333333333,0.0,756.0,0.00035,43.30048333333346,5640.0,4800.0,0,1.3473,21.276337049999995,0.0,0.0,21.276337049999995,rolling,42520.64477479874,55141.28634999999,2727.488899999999,700.7292
2025-03-20,119,2025-03-20 19:50:00,2025-03-20 20:00:00,4358.21,726.3683333333333,0.0,0.0,734.2616666666667,0.0,0.0,2025-03-20 18:00:00,120,attachment3_10min_interpolation,2025-03-13 20:00:00,86.26166666666666,86.26166666666666,0.0,0.0,0.0,86.26166666666666,86.26166666666666,0.0,648.0,0.0,7.893333333333317,4800.0,4080.0,0,1.3482,116.297979,0.0,0.0,116.297979,rolling,42636.94275379874,55227.54801666665,2727.488899999999,700.7292
2025-03-20,120,2025-03-20 20:00:00,2025-03-20 20:10:00,4586.0191,764.3365166666667,0.0,0.0,743.3182666666667,0.0,0.0,2025-03-20 18:00:00,130,attachment3_10min_interpolation,2025-03-13 20:10:00,95.31826666666666,95.31826666666666,0.0,0.0,21.01825000000008,116.33651666666674,116.33651666666674,0.0,648.0,0.0,0.0,4080.0,3360.0,0,1.3513,128.80357374666664,0.0,142.00980612500055,270.81337987166717,rolling,42907.75613367041,55343.88453333332,2748.507149999999,700.7292
2025-03-20,121,2025-03-20 20:10:00,2025-03-20 20:20:00,4523.6629,753.9438166666667,0.0,0.0,731.62545,0.0,0.0,2025-03-20 18:00:00,140,attachment3_10min_interpolation,2025-03-13 20:20:00,83.62545,83.62545,0.0,0.0,22.318366666666748,105.94381666666675,105.94381666666675,0.0,648.0,0.0,0.0,3360.0,2640.0,0,1.34,112.058103,0.0,149.53305666666722,261.59115966666724,rolling,43169.34729333708,55449.82834999999,2770.825516666666,700.7292
2025-03-20,122,2025-03-20 20:20:00,2025-03-20 20:30:00,4215.37,702.5616666666666,0.0,0.0,699.2283333333334,0.0,0.0,2025-03-20 18:00:00,150,attachment3_10min_interpolation,2025-03-13 20:30:00,51.22833333333335,51.22833333333335,0.0,0.0,3.3333333333332575,54.56166666666661,54.56166666666661,0.0,648.0,0.0,0.0,2640.0,1920.0,0,1.3489,69.10189883333337,0.0,22.481666666666158,91.58356549999952,rolling,43260.93085883708,55504.39001666666,2774.158849999999,700.7292
2025-03-20,123,2025-03-20 20:30:00,2025-03-20 20:40:00,4256.2469,709.3744833333334,0.0,0.0,721.3135166666666,0.0,0.0,2025-03-20 18:00:00,160,attachment3_10min_interpolation,2025-03-13 20:40:00,73.3135166666666,73.3135166666666,0.0,0.0,0.0,73.3135166666666,73.3135166666666,0.0,648.0,0.0,11.939033333333214,1920.0,1200.0,0,1.3952,102.28701845333325,0.0,0.0,102.28701845333325,rolling,43363.21787729041,55577.703533333326,2774.158849999999,700.7292
2025-03-20,124,2025-03-20 20:40:00,2025-03-20 20:50:00,4319.0159,719.8359833333334,0.0,0.0,752.0057333333333,0.0,0.0,2025-03-20 18:00:00,170,attachment3_10min_interpolation,2025-03-13 20:50:00,752.0057333333333,752.0057333333333,0.0,0.0,0.0,752.0057333333333,752.0057333333333,0.0,0.0,0.0,32.16974999999991,1200.0,1200.0,0,1.2226,919.4022095733333,0.0,0.0,919.4022095733333,rolling,44282.62008686374,56329.70926666666,2774.158849999999,700.7292
2025-03-20,125,2025-03-20 20:50:00,2025-03-20 21:00:00,4257.25,709.5416666666666,0.0,0.0,747.4783333333334,0.0,0.0,2025-03-20 18:00:00,180,attachment3_10min_interpolation,2025-03-13 21:00:00,747.4783333333334,747.4783333333334,0.0,0.0,0.0,747.4783333333334,747.4783333333334,0.0,0.0,0.0,37.936666666666724,1200.0,1200.0,0,0.9332,697.5467806666667,0.0,0.0,697.5467806666667,rolling,44980.1668675304,57077.18759999999,2774.158849999999,700.7292
2025-03-20,126,2025-03-20 21:00:00,2025-03-20 21:10:00,4290.2681,715.0446833333334,0.0,0.0,712.1774333333333,0.0,0.0,2025-03-20 18:00:00,190,attachment3_10min_interpolation,2025-03-13 21:10:00,712.1774333333333,712.1774333333333,0.0,0.0,2.8672500000001264,715.0446833333334,715.0446833333334,0.0,0.0,0.0,0.0,1200.0,1200.0,0,0.9068,645.8024965466667,0.0,13.000111500000575,658.8026080466673,rolling,45638.96947557707,57792.232283333324,2777.026099999999,700.7292
2025-03-20,127,2025-03-20 21:10:00,2025-03-20 21:20:00,4418.7036,736.4506,0.0,0.0,706.6316166666667,0.0,0.0,2025-03-20 18:00:00,200,attachment3_10min_interpolation,2025-03-13 21:20:00,706.6316166666667,706.6316166666667,0.0,0.0,29.818983333333335,736.4506,736.4506,0.0,0.0,0.0,0.0,1200.0,1200.0,0,0.9371,662.1844879783333,0.0,139.71684640833334,801.9013343866667,rolling,46440.87080996374,58528.68288333332,2806.8450833333327,700.7292
2025-03-20,128,2025-03-20 21:20:00,2025-03-20 21:30:00,4553.6,758.9333333333334,0.0,0.0,734.43,0.0,0.0,2025-03-20 18:00:00,210,attachment3_10min_interpolation,2025-03-13 21:30:00,734.43,734.43,0.0,0.0,24.503333333333444,758.9333333333334,758.9333333333334,0.0,0.0,0.0,0.0,1200.0,1200.0,0,0.9371,688.2343529999999,0.0,114.81036833333386,803.0447213333338,rolling,47243.91553129707,59287.616216666655,2831.3484166666663,700.7292
2025-03-20,129,2025-03-20 21:30:00,2025-03-20 21:40:00,4526.2528,754.3754666666667,0.0,0.0,731.7749,0.0,0.0,2025-03-20 18:00:00,220,attachment3_10min_interpolation,2025-03-13 21:40:00,731.7749,731.7749,0.0,0.0,22.600566666666737,754.3754666666667,754.3754666666667,0.0,0.0,0.0,0.0,1200.0,1200.0,0,0.9871,722.33500379,0.0,111.54509678333369,833.8801005733337,rolling,48077.7956318704,60041.99168333332,2853.9489833333328,700.7292
2025-03-20,130,2025-03-20 21:40:00,2025-03-20 21:50:00,4001.6252,666.9375333333334,0.0,0.0,652.2301833333333,0.0,0.0,2025-03-20 18:00:00,230,attachment3_10min_interpolation,2025-03-13 21:50:00,652.2301833333333,652.2301833333333,0.0,0.0,14.70735000000002,666.9375333333334,666.9375333333334,0.0,0.0,0.0,0.0,1200.0,1200.0,0,0.7764,506.39151434,0.0,57.09393270000007,563.48544704,rolling,48641.281078910404,60708.92921666665,2868.656333333333,700.7292
2025-03-20,131,2025-03-20 21:50:00,2025-03-20 22:00:00,3318.94,553.1566666666666,0.0,0.0,557.7683333333333,0.0,0.0,2025-03-20 18:00:00,240,attachment3_10min_interpolation,2025-03-13 22:00:00,557.7683333333333,557.7683333333333,0.0,0.0,0.0,557.7683333333333,557.7683333333333,0.0,0.0,0.0,4.611666666666679,1200.0,1200.0,0,0.4209,234.7646915,0.0,0.0,234.7646915,rolling,48876.045770410405,61266.69754999998,2868.656333333333,700.7292
2025-03-20,132,2025-03-20 22:00:00,2025-03-20 22:10:00,3233.4088,538.9014666666667,0.0,0.0,562.16675,0.0,0.0,2025-03-20 18:00:00,250,attachment3_10min_interpolation,2025-03-13 22:10:00,562.16675,562.16675,0.0,0.0,0.0,562.16675,562.16675,0.0,0.0,0.0,23.265283333333286,1200.0,1200.0,0,0.3859,216.940148825,0.0,0.0,216.940148825,rolling,49092.985919235405,61828.86429999998,2868.656333333333,700.7292
2025-03-20,133,2025-03-20 22:10:00,2025-03-20 22:20:00,3319.971,553.3285,0.0,0.0,577.5994333333333,0.0,0.0,2025-03-20 18:00:00,260,attachment3_10min_interpolation,2025-03-13 22:20:00,577.5994333333333,577.5994333333333,0.0,0.0,0.0,577.5994333333333,577.5994333333333,0.0,0.0,0.0,24.270933333333346,1200.0,1200.0,0,0.4368,252.29543248,0.0,0.0,252.29543248,rolling,49345.281351715406,62406.463733333316,2868.656333333333,700.7292
2025-03-20,134,2025-03-20 22:20:00,2025-03-20 22:30:00,3255.84,542.64,0.0,0.0,563.605,0.0,0.0,2025-03-20 18:00:00,270,attachment3_10min_interpolation,2025-03-13 22:30:00,563.605,563.605,0.0,0.0,0.0,563.605,563.605,0.0,0.0,0.0,20.965000000000032,1200.0,1200.0,0,0.4198,236.601379,0.0,0.0,236.601379,rolling,49581.882730715406,62970.06873333332,2868.656333333333,700.7292
2025-03-20,135,2025-03-20 22:30:00,2025-03-20 22:40:00,3144.1326,524.0221,0.0,0.0,562.5255,0.0,0.0,2025-03-20 18:00:00,280,attachment3_10min_interpolation,2025-03-13 22:40:00,562.5255,562.5255,0.0,0.0,0.0,562.5255,562.5255,0.0,0.0,0.0,38.50339999999994,1200.0,1200.0,0,0.4186,235.4731743,0.0,0.0,235.4731743,rolling,49817.35590501541,63532.59423333332,2868.656333333333,700.7292
2025-03-20,136,2025-03-20 22:40:00,2025-03-20 22:50:00,3161.8174,526.9695666666667,0.0,0.0,554.3867833333334,0.0,0.0,2025-03-20 18:00:00,290,attachment3_10min_interpolation,2025-03-13 22:50:00,554.3867833333334,554.3867833333334,0.0,0.0,0.0,554.3867833333334,554.3867833333334,0.0,0.0,0.0,27.417216666666718,1200.0,1200.0,0,0.4241,235.11543481166666,0.0,0.0,235.11543481166666,rolling,50052.471339827076,64086.98101666666,2868.656333333333,700.7292
2025-03-20,137,2025-03-20 22:50:00,2025-03-20 23:00:00,3296.4,549.4,0.0,0.0,549.6933333333333,0.0,0.0,2025-03-20 18:00:00,300,attachment3_10min_interpolation,2025-03-13 23:00:00,549.6933333333333,549.6933333333333,0.0,0.0,0.0,549.6933333333333,549.6933333333333,0.0,0.0,0.0,0.2933333333332939,1200.0,1200.0,0,0.4237,232.9050653333333,0.0,0.0,232.9050653333333,rolling,50285.37640516041,64636.674349999994,2868.656333333333,700.7292
2025-03-20,138,2025-03-20 23:00:00,2025-03-20 23:10:00,3356.4081,559.40135,0.0,0.0,581.4035333333334,0.0,0.0,2025-03-20 18:00:00,310,attachment3_10min_interpolation,2025-03-13 23:10:00,581.4035333333334,581.4035333333334,0.0,0.0,0.0,581.4035333333334,581.4035333333334,0.0,0.0,0.0,22.00218333333339,1200.0,1200.0,0,0.4248,246.98022096000003,0.0,0.0,246.98022096000003,rolling,50532.35662612041,65218.077883333324,2868.656333333333,700.7292
2025-03-20,139,2025-03-20 23:10:00,2025-03-20 23:20:00,3261.7676,543.6279333333333,0.0,0.0,587.5698833333333,0.0,0.0,2025-03-20 18:00:00,320,attachment3_10min_interpolation,2025-03-13 23:20:00,587.5698833333333,587.5698833333333,0.0,0.0,0.0,587.5698833333333,587.5698833333333,0.0,0.0,0.0,43.94195000000002,1200.0,1200.0,0,0.424,249.12963053333334,0.0,0.0,249.12963053333334,rolling,50781.48625665374,65805.64776666666,2868.656333333333,700.7292
2025-03-20,140,2025-03-20 23:20:00,2025-03-20 23:30:00,3267.73,544.6216666666667,0.0,0.0,569.745,0.0,0.0,2025-03-20 18:00:00,330,attachment3_10min_interpolation,2025-03-13 23:30:00,569.745,569.745,0.0,0.0,0.0,569.745,569.745,0.0,0.0,0.0,25.123333333333335,1200.0,1200.0,0,0.422,240.43239,0.0,0.0,240.43239,rolling,51021.91864665374,66375.39276666666,2868.656333333333,700.7292
2025-03-20,141,2025-03-20 23:30:00,2025-03-20 23:40:00,3604.076,600.6793333333334,0.0,0.0,578.2926166666667,0.0,0.0,2025-03-20 18:00:00,340,attachment3_10min_interpolation,2025-03-13 23:40:00,578.2926166666667,578.2926166666667,0.0,0.0,22.386716666666644,600.6793333333334,600.6793333333334,0.0,0.0,0.0,0.0,1200.0,1200.0,0,0.424,245.1960694666667,0.0,47.459839333333285,292.65590879999996,rolling,51314.57455545374,66976.07209999999,2891.0430499999993,700.7292
2025-03-20,142,2025-03-20 23:40:00,2025-03-20 23:50:00,3245.8691,540.9781833333333,0.0,0.0,515.0129499999999,0.0,0.0,2025-03-20 18:00:00,350,attachment3_10min_interpolation,2025-03-13 23:50:00,515.0129499999999,515.0129499999999,0.0,0.0,25.965233333333344,540.9781833333333,540.9781833333333,0.0,0.0,0.0,0.0,1200.0,1200.0,0,0.4271,219.96203094499995,0.0,55.448755783333354,275.4107867283333,rolling,51589.98534218207,67517.05028333333,2917.0082833333327,700.7292
2025-03-20,143,2025-03-20 23:50:00,2025-03-21 00:00:00,2401.0,400.1666666666667,0.0,0.0,406.7183333333333,0.0,0.0,2025-03-20 18:00:00,360,attachment3_10min_interpolation,2025-03-14 00:00:00,406.7183333333333,406.7183333333333,0.0,0.0,0.0,406.7183333333333,406.7183333333333,0.0,0.0,0.0,6.55166666666662,1200.0,1200.0,0,0.4276,173.91275933333333,0.0,0.0,173.91275933333333,rolling,51763.898101515406,67923.76861666667,2917.0082833333327,700.7292
2025-03-20,0,2025-03-20 00:00:00,2025-03-20 00:10:00,3299.0689,549.8448166666667,0.0,0.0,549.8448166666667,0.0,0.0,,-1,oracle_actual_not_executable,,1349.8448166666667,1349.8448166666667,0.0,0.0,0.0,1349.8448166666667,1349.8448166666667,800.0,0.0,0.0,0.0,1200.0,1920.0,1,0.4248,573.41407812,0.0,0.0,573.41407812,oracle_actual,573.41407812,1349.8448166666667,0.0,0.0
2025-03-20,1,2025-03-20 00:10:00,2025-03-20 00:20:00,3421.881,570.3135,0.0,0.0,570.3135,0.0,0.0,,-1,oracle_actual_not_executable,,1370.3135,1370.3135,0.0,0.0,0.0,1370.3135,1370.3135,800.0,0.0,0.0,0.0,1920.0,2640.0,1,0.4245,581.6980807499999,0.0,0.0,581.6980807499999,oracle_actual,1155.1121588699998,2720.158316666667,0.0,0.0
2025-03-20,2,2025-03-20 00:20:00,2025-03-20 00:30:00,3683.11,613.8516666666667,0.0,0.0,613.8516666666667,0.0,0.0,,-1,oracle_actual_not_executable,,1413.8516666666667,1413.8516666666667,0.0,0.0,0.0,1413.8516666666667,1413.8516666666667,800.0,0.0,0.0,0.0,2640.0,3360.0,1,0.4269,603.5732765,0.0,0.0,603.5732765,oracle_actual,1758.6854353699998,4134.009983333333,0.0,0.0
2025-03-20,3,2025-03-20 00:30:00,2025-03-20 00:40:00,3476.737,579.4561666666667,0.0,0.0,579.4561666666667,0.0,0.0,,-1,oracle_actual_not_executable,,1379.4561666666668,1379.4561666666668,0.0,0.0,0.0,1379.4561666666668,1379.4561666666668,800.0,0.0,0.0,0.0,3360.0,4080.0,1,0.4272,589.3036744000001,0.0,0.0,589.3036744000001,oracle_actual,2347.98910977,5513.46615,0.0,0.0
2025-03-20,4,2025-03-20 00:40:00,2025-03-20 00:50:00,3302.6695,550.4449166666667,0.0,0.0,550.4449166666667,0.0,0.0,,-1,oracle_actual_not_executable,,1350.4449166666668,1350.4449166666668,0.0,0.0,0.0,1350.4449166666668,1350.4449166666668,800.0,0.0,0.0,0.0,4080.0,4800.0,1,0.4271,576.7750239083334,0.0,0.0,576.7750239083334,oracle_actual,2924.7641336783336,6863.9110666666675,0.0,0.0
2025-03-20,5,2025-03-20 00:50:00,2025-03-20 01:00:00,3426.94,571.1566666666666,0.0,0.0,571.1566666666666,0.0,0.0,,-1,oracle_actual_not_executable,,1371.1566666666668,1371.1566666666668,0.0,0.0,0.0,1371.1566666666668,1371.1566666666668,800.0,0.0,0.0,0.0,4800.0,5520.0,1,0.4285,587.5406316666667,0.0,0.0,587.5406316666667,oracle_actual,3512.3047653450003,8235.067733333333,0.0,0.0
2025-03-20,6,2025-03-20 01:00:00,2025-03-20 01:10:00,3609.5343,601.5890499999999,0.0,0.0,601.5890499999999,0.0,0.0,,-1,oracle_actual_not_executable,,1401.58905,1401.58905,0.0,0.0,0.0,1401.58905,1401.58905,800.0,0.0,0.0,0.0,5520.0,6240.0,1,0.4311,604.225039455,0.0,0.0,604.225039455,oracle_actual,4116.5298048,9636.656783333334,0.0,0.0
2025-03-20,7,2025-03-20 01:10:00,2025-03-20 01:20:00,3668.9025,611.48375,0.0,0.0,611.48375,0.0,0.0,,-1,oracle_actual_not_executable,,1411.4837499999999,1411.4837499999999,0.0,0.0,0.0,1411.4837499999999,1411.4837499999999,800.0,0.0,0.0,0.0,6240.0,6960.0,1,0.4302,607.22030925,0.0,0.0,607.22030925,oracle_actual,4723.750114050001,11048.140533333333,0.0,0.0
2025-03-20,8,2025-03-20 01:20:00,2025-03-20 01:30:00,3589.3,598.2166666666667,0.0,0.0,598.2166666666667,0.0,0.0,,-1,oracle_actual_not_executable,,1398.2166666666667,1398.2166666666667,0.0,0.0,0.0,1398.2166666666667,1398.2166666666667,800.0,0.0,0.0,0.0,6960.0,7680.0,1,0.4279,598.2969116666667,0.0,0.0,598.2969116666667,oracle_actual,5322.047025716667,12446.3572,0.0,0.0
2025-03-20,9,2025-03-20 01:30:00,2025-03-20 01:40:00,3503.6157,583.9359499999999,0.0,0.0,583.9359499999999,0.0,0.0,,-1,oracle_actual_not_executable,,850.6026166666666,850.6026166666666,0.0,0.0,0.0,850.6026166666666,850.6026166666666,266.6666666666667,0.0,0.0,0.0,7680.0,7920.0,1,0.4312,366.7798483066666,0.0,0.0,366.7798483066666,oracle_actual,5688.826874023333,13296.959816666667,0.0,0.0
2025-03-20,10,2025-03-20 01:40:00,2025-03-20 01:50:00,3545.9703,590.99505,0.0,0.0,590.99505,0.0,0.0,,-1,oracle_actual_not_executable,,590.99505,590.99505,0.0,0.0,0.0,590.99505,590.99505,0.0,0.0,0.0,0.0,7920.0,7920.0,0,0.4333,256.078155165,0.0,0.0,256.078155165,oracle_actual,5944.905029188333,13887.954866666667,0.0,0.0
2025-03-20,11,2025-03-20 01:50:00,2025-03-20 02:00:00,3590.66,598.4433333333333,0.0,0.0,598.4433333333333,0.0,0.0,,-1,oracle_actual_not_executable,,1398.4433333333332,1398.4433333333332,0.0,0.0,0.0,1398.4433333333332,1398.4433333333332,800.0,0.0,0.0,0.0,7920.0,8640.0,1,0.4311,602.8689209999999,0.0,0.0,602.8689209999999,oracle_actual,6547.773950188333,15286.3982,0.0,0.0
2025-03-20,12,2025-03-20 02:00:00,2025-03-20 02:10:00,3395.9017,565.9836166666666,0.0,0.0,565.9836166666666,0.0,0.0,,-1,oracle_actual_not_executable,,1365.9836166666666,1365.9836166666666,0.0,0.0,0.0,1365.9836166666666,1365.9836166666666,800.0,0.0,0.0,0.0,8640.0,9360.0,1,0.4293,586.416766635,0.0,0.0,586.416766635,oracle_actual,7134.190716823334,16652.381816666668,0.0,0.0
2025-03-20,13,2025-03-20 02:10:00,2025-03-20 02:20:00,3276.7246,546.1207666666667,0.0,0.0,546.1207666666667,0.0,0.0,,-1,oracle_actual_not_executable,,546.1207666666667,546.1207666666667,0.0,0.0,0.0,546.1207666666667,546.1207666666667,0.0,0.0,0.0,0.0,9360.0,9360.0,0,0.4324,236.14261950666668,0.0,0.0,236.14261950666668,oracle_actual,7370.333336330001,17198.502583333335,0.0,0.0
2025-03-20,14,2025-03-20 02:20:00,2025-03-20 02:30:00,3394.28,565.7133333333334,0.0,0.0,565.7133333333334,0.0,0.0,,-1,oracle_actual_not_executable,,565.7133333333334,565.7133333333334,0.0,0.0,0.0,565.7133333333334,565.7133333333334,0.0,0.0,0.0,0.0,9360.0,9360.0,0,0.4367,247.04701266666666,0.0,0.0,247.04701266666666,oracle_actual,7617.380348996668,17764.215916666668,0.0,0.0
2025-03-20,15,2025-03-20 02:30:00,2025-03-20 02:40:00,3587.5594,597.9265666666666,0.0,0.0,597.9265666666666,0.0,0.0,,-1,oracle_actual_not_executable,,597.9265666666666,597.9265666666666,0.0,0.0,0.0,597.9265666666666,597.9265666666666,0.0,0.0,0.0,0.0,9360.0,9360.0,0,0.4348,259.9784711866667,0.0,0.0,259.9784711866667,oracle_actual,7877.3588201833345,18362.142483333333,0.0,0.0
2025-03-20,16,2025-03-20 02:40:00,2025-03-20 02:50:00,3605.7268,600.9544666666667,0.0,0.0,600.9544666666667,0.0,0.0,,-1,oracle_actual_not_executable,,600.9544666666667,600.9544666666667,0.0,0.0,0.0,600.9544666666667,600.9544666666667,0.0,0.0,0.0,0.0,9360.0,9360.0,0,0.4335,260.5137613,0.0,0.0,260.5137613,oracle_actual,8137.872581483334,18963.09695,0.0,0.0
2025-03-20,17,2025-03-20 02:50:00,2025-03-20 03:00:00,3522.79,587.1316666666667,0.0,0.0,587.1316666666667,0.0,0.0,,-1,oracle_actual_not_executable,,587.1316666666667,587.1316666666667,0.0,0.0,0.0,587.1316666666667,587.1316666666667,0.0,0.0,0.0,0.0,9360.0,9360.0,0,0.4357,255.81326716666666,0.0,0.0,255.81326716666666,oracle_actual,8393.68584865,19550.228616666667,0.0,0.0
2025-03-20,18,2025-03-20 03:00:00,2025-03-20 03:10:00,3631.2618,605.2103000000001,0.0,0.0,605.2103000000001,0.0,0.0,,-1,oracle_actual_not_executable,,605.2103000000001,605.2103000000001,0.0,0.0,0.0,605.2103000000001,605.2103000000001,0.0,0.0,0.0,0.0,9360.0,9360.0,0,0.4374,264.71898522000004,0.0,0.0,264.71898522000004,oracle_actual,8658.404833870001,20155.438916666666,0.0,0.0
2025-03-20,19,2025-03-20 03:10:00,2025-03-20 03:20:00,3731.3543,621.8923833333333,0.0,0.0,621.8923833333333,0.0,0.0,,-1,oracle_actual_not_executable,,621.8923833333333,621.8923833333333,0.0,0.0,0.0,621.8923833333333,621.8923833333333,0.0,0.0,0.0,0.0,9360.0,9360.0,0,0.4371,271.829160755,0.0,0.0,271.829160755,oracle_actual,8930.233994625001,20777.331299999998,0.0,0.0
2025-03-20,20,2025-03-20 03:20:00,2025-03-20 03:30:00,3721.01,620.1683333333334,0.0,0.0,620.1683333333334,0.0,0.0,,-1,oracle_actual_not_executable,,620.1683333333334,620.1683333333334,0.0,0.0,0.0,620.1683333333334,620.1683333333334,0.0,0.0,0.0,0.0,9360.0,9360.0,0,0.4356,270.145326,0.0,0.0,270.145326,oracle_actual,9200.379320625001,21397.499633333333,0.0,0.0
2025-03-20,21,2025-03-20 03:30:00,2025-03-20 03:40:00,3699.7385,616.6230833333333,0.0,0.0,616.6230833333333,0.0,0.0,,-1,oracle_actual_not_executable,,616.6230833333333,616.6230833333333,0.0,0.0,0.0,616.6230833333333,616.6230833333333,0.0,0.0,0.0,0.0,9360.0,9360.0,0,0.4353,268.416028175,0.0,0.0,268.416028175,oracle_actual,9468.7953488,22014.122716666665,0.0,0.0
2025-03-20,22,2025-03-20 03:40:00,2025-03-20 03:50:00,3674.7825,612.46375,0.0,0.0,612.46375,0.0,0.0,,-1,oracle_actual_not_executable,,612.46375,612.46375,0.0,0.0,0.0,612.46375,612.46375,0.0,0.0,0.0,0.0,9360.0,9360.0,0,0.436,267.034195,0.0,0.0,267.034195,oracle_actual,9735.8295438,22626.586466666664,0.0,0.0
2025-03-20,23,2025-03-20 03:50:00,2025-03-20 04:00:00,3623.58,603.93,0.0,0.0,603.93,0.0,0.0,,-1,oracle_actual_not_executable,,603.93,603.93,0.0,0.0,0.0,603.93,603.93,0.0,0.0,0.0,0.0,9360.0,9360.0,0,0.4378,264.400554,0.0,0.0,264.400554,oracle_actual,10000.2300978,23230.516466666664,0.0,0.0
2025-03-20,24,2025-03-20 04:00:00,2025-03-20 04:10:00,3538.7697,589.79495,0.0019,0.0003166666666666,589.79495,0.0019,0.0003166666666666,,-1,oracle_actual_not_executable,,589.7946333333333,589.7946333333333,0.0,0.0,0.0,589.7946333333333,589.7946333333333,0.0,0.0,0.0,0.0,9360.0,9360.0,0,0.4401,259.56861813,0.0,0.0,259.56861813,oracle_actual,10259.798715930001,23820.3111,0.0,0.0
2025-03-20,25,2025-03-20 04:10:00,2025-03-20 04:20:00,3488.7843,581.4640499999999,0.0,0.0,581.4640499999999,0.0,0.0,,-1,oracle_actual_not_executable,,581.4640499999999,581.4640499999999,0.0,0.0,0.0,581.4640499999999,581.4640499999999,0.0,0.0,0.0,0.0,9360.0,9360.0,0,0.4389,255.20457154499996,0.0,0.0,255.20457154499996,oracle_actual,10515.003287475001,24401.775149999998,0.0,0.0
2025-03-20,26,2025-03-20 04:20:00,2025-03-20 04:30:00,3513.51,585.585,0.0,0.0,585.585,0.0,0.0,,-1,oracle_actual_not_executable,,585.585,585.585,0.0,0.0,0.0,585.585,585.585,0.0,0.0,0.0,0.0,9360.0,9360.0,0,0.4364,255.54929400000003,0.0,0.0,255.54929400000003,oracle_actual,10770.552581475002,24987.360149999997,0.0,0.0
2025-03-20,27,2025-03-20 04:30:00,2025-03-20 04:40:00,3598.3779,599.72965,0.0271,0.0045166666666666,599.72965,0.0271,0.0045166666666666,,-1,oracle_actual_not_executable,,599.7251333333334,599.7251333333334,0.0,0.0,0.0,599.7251333333334,599.7251333333334,0.0,0.0,0.0,0.0,9360.0,9360.0,0,0.4393,263.45925107333335,0.0,0.0,263.45925107333335,oracle_actual,11034.011832548334,25587.08528333333,0.0,0.0
2025-03-20,28,2025-03-20 04:40:00,2025-03-20 04:50:00,3700.4359,616.7393166666667,0.0,0.0,616.7393166666667,0.0,0.0,,-1,oracle_actual_not_executable,,616.7393166666667,616.7393166666667,0.0,0.0,0.0,616.7393166666667,616.7393166666667,0.0,0.0,0.0,0.0,9360.0,9360.0,0,0.4422,272.72212583,0.0,0.0,272.72212583,oracle_actual,11306.733958378334,26203.824599999996,0.0,0.0
2025-03-20,29,2025-03-20 04:50:00,2025-03-20 05:00:00,3753.57,625.595,0.0,0.0,625.595,0.0,0.0,,-1,oracle_actual_not_executable,,625.595,625.595,0.0,0.0,0.0,625.595,625.595,0.0,0.0,0.0,0.0,9360.0,9360.0,0,0.4395,274.9490025,0.0,0.0,274.9490025,oracle_actual,11581.682960878334,26829.419599999997,0.0,0.0
2025-03-20,30,2025-03-20 05:00:00,2025-03-20 05:10:00,3716.9811,619.49685,0.3776,0.0629333333333333,619.49685,0.3776,0.0629333333333333,,-1,oracle_actual_not_executable,,619.4339166666666,619.4339166666666,0.0,0.0,0.0,619.4339166666666,619.4339166666666,0.0,0.0,0.0,0.0,9360.0,9360.0,0,0.4333,268.40071609166665,0.0,0.0,268.40071609166665,oracle_actual,11850.08367697,27448.853516666662,0.0,0.0
2025-03-20,31,2025-03-20 05:10:00,2025-03-20 05:20:00,3707.0664,617.8444000000001,0.0,0.0,617.8444000000001,0.0,0.0,,-1,oracle_actual_not_executable,,617.8444000000001,617.8444000000001,0.0,0.0,0.0,617.8444000000001,617.8444000000001,0.0,0.0,0.0,0.0,9360.0,9360.0,0,0.4439,274.26112916000005,0.0,0.0,274.26112916000005,oracle_actual,12124.34480613,28066.697916666664,0.0,0.0
2025-03-20,32,2025-03-20 05:20:00,2025-03-20 05:30:00,3642.69,607.115,0.0,0.0,607.115,0.0,0.0,,-1,oracle_actual_not_executable,,1407.115,1407.115,0.0,0.0,0.0,1407.115,1407.115,800.0,0.0,0.0,0.0,9360.0,10080.0,1,0.4301,605.2001615,0.0,0.0,605.2001615,oracle_actual,12729.544967630001,29473.812916666666,0.0,0.0
2025-03-20,33,2025-03-20 05:30:00,2025-03-20 05:40:00,3457.8398,576.3066333333334,5.2594,0.8765666666666667,576.3066333333334,5.2594,0.8765666666666667,,-1,oracle_actual_not_executable,,1375.4300666666668,1375.4300666666668,0.0,0.0,0.0,1375.4300666666668,1375.4300666666668,800.0,0.0,0.0,0.0,10080.0,10800.0,1,0.3713,510.6971837533334,0.0,0.0,510.6971837533334,oracle_actual,13240.242151383334,30849.242983333334,0.0,0.0
2025-03-20,34,2025-03-20 05:40:00,2025-03-20 05:50:00,4028.7787,671.4631166666667,0.0,0.0,671.4631166666667,0.0,0.0,,-1,oracle_actual_not_executable,,671.4631166666667,671.4631166666667,0.0,0.0,0.0,671.4631166666667,671.4631166666667,0.0,0.0,0.0,0.0,10800.0,10800.0,0,0.5708,383.27114699333333,0.0,0.0,383.27114699333333,oracle_actual,13623.513298376667,31520.7061,0.0,0.0
2025-03-20,35,2025-03-20 05:50:00,2025-03-20 06:00:00,4962.09,827.015,0.0,0.0,827.015,0.0,0.0,,-1,oracle_actual_not_executable,,71.01499999999999,71.01499999999999,0.0,0.0,0.0,71.01499999999999,71.01499999999999,0.0,756.0,0.0,0.0,10800.0,9960.0,0,0.9099,64.6165485,0.0,0.0,64.6165485,oracle_actual,13688.129846876667,31591.7211,0.0,0.0
2025-03-20,36,2025-03-20 06:00:00,2025-03-20 06:10:00,4905.1198,817.5199666666667,153.4202,25.57003333333333,817.5199666666667,153.4202,25.57003333333333,,-1,oracle_actual_not_executable,,35.94993333333343,35.94993333333343,0.0,0.0,0.0,35.94993333333343,35.94993333333343,0.0,756.0,0.0,0.0,9960.0,9120.0,0,0.9368,33.677897546666756,0.0,0.0,33.677897546666756,oracle_actual,13721.807744423333,31627.671033333332,0.0,0.0
2025-03-20,37,2025-03-20 06:10:00,2025-03-20 06:20:00,4660.8239,776.8039833333333,401.044,66.84066666666666,776.8039833333333,401.044,66.84066666666666,,-1,oracle_actual_not_executable,,61.96331666666674,61.96331666666674,0.0,0.0,0.0,61.96331666666674,61.96331666666674,0.0,648.0,0.0,0.0,9120.0,8400.0,0,0.8758,54.26747273666673,0.0,0.0,54.26747273666673,oracle_actual,13776.07521716,31689.63435,0.0,0.0
2025-03-20,38,2025-03-20 06:20:00,2025-03-20 06:30:00,4703.75,783.9583333333334,675.525,112.5875,783.9583333333334,675.525,112.5875,,-1,oracle_actual_not_executable,,23.370833333333394,23.370833333333394,0.0,0.0,0.0,23.370833333333394,23.370833333333394,0.0,648.0,0.0,0.0,8400.0,7680.0,0,0.8759,20.47051291666672,0.0,0.0,20.47051291666672,oracle_actual,13796.545730076667,31713.005183333335,0.0,0.0
2025-03-20,39,2025-03-20 06:30:00,2025-03-20 06:40:00,4726.9008,787.8168000000001,952.6316,158.77193333333335,787.8168000000001,952.6316,158.77193333333335,,-1,oracle_actual_not_executable,,89.04486666666674,89.04486666666674,0.0,0.0,0.0,89.04486666666674,89.04486666666674,0.0,540.0,0.0,0.0,7680.0,7080.0,0,0.8601,76.58748982000006,0.0,0.0,76.58748982000006,oracle_actual,13873.133219896667,31802.05005,0.0,0.0
2025-03-20,40,2025-03-20 06:40:00,2025-03-20 06:50:00,4819.4733,803.24555,1302.5378,217.08963333333332,803.24555,1302.5378,217.08963333333332,,-1,oracle_actual_not_executable,,46.1559166666666,46.1559166666666,0.0,0.0,0.0,46.1559166666666,46.1559166666666,0.0,540.0,0.0,0.0,7080.0,6480.0,0,0.8442,38.96482484999994,0.0,0.0,38.96482484999994,oracle_actual,13912.098044746666,31848.20596666667,0.0,0.0
2025-03-20,41,2025-03-20 06:50:00,2025-03-20 07:00:00,4880.33,813.3883333333333,1693.2375,282.20625,813.3883333333333,1693.2375,282.20625,,-1,oracle_actual_not_executable,,0.0,0.0,0.0,0.0,0.0,0.0,0.0,0.0,540.0,8.817916666666633,0.0,6480.0,5880.0,0,0.8334,0.0,0.0,0.0,0.0,oracle_actual,13912.098044746666,31848.20596666667,0.0,8.817916666666633
2025-03-20,42,2025-03-20 07:00:00,2025-03-20 07:10:00,4689.3761,781.5626833333334,2009.9231,334.98718333333335,781.5626833333334,2009.9231,334.98718333333335,,-1,oracle_actual_not_executable,,14.57550000000009,14.57550000000009,0.0,0.0,0.0,14.57550000000009,14.57550000000009,0.0,432.0,0.0,0.0,5880.0,5400.0,0,0.8092,11.794494600000073,0.0,0.0,11.794494600000073,oracle_actual,13923.892539346667,31862.781466666667,0.0,8.817916666666633
2025-03-20,43,2025-03-20 07:10:00,2025-03-20 07:20:00,4713.3646,785.5607666666666,2305.9149,384.31915,785.5607666666666,2305.9149,384.31915,,-1,oracle_actual_not_executable,,77.24161666666663,77.24161666666663,0.0,0.0,0.0,77.24161666666663,77.24161666666663,0.0,324.0,0.0,0.0,5400.0,5040.0,0,0.7972,61.57701680666664,0.0,0.0,61.57701680666664,oracle_actual,13985.469556153334,31940.023083333333,0.0,8.817916666666633
2025-03-20,44,2025-03-20 07:20:00,2025-03-20 07:30:00,4827.2,804.5333333333333,2609.7375,434.95625,804.5333333333333,2609.7375,434.95625,,-1,oracle_actual_not_executable,,45.57708333333329,45.57708333333329,0.0,0.0,0.0,45.57708333333329,45.57708333333329,0.0,324.0,0.0,0.0,5040.0,4680.0,0,0.7644,34.83912249999997,0.0,0.0,34.83912249999997,oracle_actual,14020.308678653333,31985.600166666667,0.0,8.817916666666633
2025-03-20,45,2025-03-20 07:30:00,2025-03-20 07:40:00,4578.156,763.026,2894.0148,482.3358,763.026,2894.0148,482.3358,,-1,oracle_actual_not_executable,,280.69019999999995,280.69019999999995,0.0,0.0,0.0,280.69019999999995,280.69019999999995,0.0,0.0,0.0,0.0,4680.0,4680.0,0,0.6899,193.64816897999995,0.0,0.0,193.64816897999995,oracle_actual,14213.956847633333,32266.290366666668,0.0,8.817916666666633
2025-03-20,46,2025-03-20 07:40:00,2025-03-20 07:50:00,5187.0368,864.5061333333333,3179.5684,529.9280666666667,864.5061333333333,3179.5684,529.9280666666667,,-1,oracle_actual_not_executable,,10.578066666666587,10.578066666666587,0.0,0.0,0.0,10.578066666666587,10.578066666666587,0.0,324.0,0.0,0.0,4680.0,4320.0,0,0.86,9.097137333333265,0.0,0.0,9.097137333333265,oracle_actual,14223.053984966667,32276.868433333333,0.0,8.817916666666633
2025-03-20,47,2025-03-20 07:50:00,2025-03-20 08:00:00,6405.59,1067.5983333333334,3476.5125,579.4187499999999,1067.5983333333334,3476.5125,579.4187499999999,,-1,oracle_actual_not_executable,,56.179583333333426,56.179583333333426,0.0,0.0,0.0,56.179583333333426,56.179583333333426,0.0,432.0,0.0,0.0,4320.0,3840.0,0,1.1617,65.26382195833344,0.0,0.0,65.26382195833344,oracle_actual,14288.317806925,32333.048016666668,0.0,8.817916666666633
2025-03-20,48,2025-03-20 08:00:00,2025-03-20 08:10:00,6658.0486,1109.6747666666668,3761.2255,626.8709166666666,1109.6747666666668,3761.2255,626.8709166666666,,-1,oracle_actual_not_executable,,50.803850000000125,50.803850000000125,0.0,0.0,0.0,50.803850000000125,50.803850000000125,0.0,432.0,0.0,0.0,3840.0,3360.0,0,1.1683,59.35413795500014,0.0,0.0,59.35413795500014,oracle_actual,14347.671944880001,32383.851866666668,0.0,8.817916666666633
2025-03-20,49,2025-03-20 08:10:00,2025-03-20 08:20:00,6606.6001,1101.1000166666663,3976.3717,662.7286166666667,1101.1000166666663,3976.3717,662.7286166666667,,-1,oracle_actual_not_executable,,6.371399999999653,6.371399999999653,0.0,0.0,0.0,6.371399999999653,6.371399999999653,0.0,432.0,0.0,0.0,3360.0,2880.0,0,1.0956,6.980505839999619,0.0,0.0,6.980505839999619,oracle_actual,14354.652450720001,32390.223266666668,0.0,8.817916666666633
2025-03-20,50,2025-03-20 08:20:00,2025-03-20 08:30:00,6687.27,1114.545,4220.325,703.3874999999999,1114.545,4220.325,703.3874999999999,,-1,oracle_actual_not_executable,,0.0,0.0,0.0,0.0,0.0,0.0,0.0,0.0,432.0,20.84249999999986,0.0,2880.0,2400.0,0,1.0849,0.0,0.0,0.0,0.0,oracle_actual,14354.652450720001,32390.223266666668,0.0,29.660416666666492
2025-03-20,51,2025-03-20 08:30:00,2025-03-20 08:40:00,6649.776,1108.296,4653.7429,775.6238166666667,1108.296,4653.7429,775.6238166666667,,-1,oracle_actual_not_executable,,8.67218333333335,8.67218333333335,0.0,0.0,0.0,8.67218333333335,8.67218333333335,0.0,324.0,0.0,0.0,2400.0,2040.0,0,1.061,9.201186516666684,0.0,0.0,9.201186516666684,oracle_actual,14363.853637236667,32398.89545,0.0,29.660416666666492
2025-03-20,52,2025-03-20 08:40:00,2025-03-20 08:50:00,6705.5335,1117.5889166666666,5037.5027,839.5837833333334,1117.5889166666666,5037.5027,839.5837833333334,,-1,oracle_actual_not_executable,,62.00513333333322,62.00513333333322,0.0,0.0,0.0,62.00513333333322,62.00513333333322,0.0,216.0,0.0,0.0,2040.0,1800.0,0,1.043,64.67135406666654,0.0,0.0,64.67135406666654,oracle_actual,14428.524991303333,32460.900583333332,0.0,29.660416666666492
2025-03-20,53,2025-03-20 08:50:00,2025-03-20 09:00:00,6757.81,1126.3016666666667,5180.8875,863.4812499999999,1126.3016666666667,5180.8875,863.4812499999999,,-1,oracle_actual_not_executable,,46.8204166666668,46.8204166666668,0.0,0.0,0.0,46.8204166666668,46.8204166666668,0.0,216.0,0.0,0.0,1800.0,1560.0,0,1.036,48.50595166666681,0.0,0.0,48.50595166666681,oracle_actual,14477.03094297,32507.720999999998,0.0,29.660416666666492
2025-03-20,54,2025-03-20 09:00:00,2025-03-20 09:10:00,6494.2004,1082.3667333333333,5166.4978,861.0829666666667,1082.3667333333333,5166.4978,861.0829666666667,,-1,oracle_actual_not_executable,,5.2837666666665655,5.2837666666665655,0.0,0.0,0.0,5.2837666666665655,5.2837666666665655,0.0,216.0,0.0,0.0,1560.0,1320.0,0,1.0147,5.361438036666564,0.0,0.0,5.361438036666564,oracle_actual,14482.392381006666,32513.004766666665,0.0,29.660416666666492
2025-03-20,55,2025-03-20 09:10:00,2025-03-20 09:20:00,6436.4392,1072.7398666666666,5533.329,922.2215,1072.7398666666666,5533.329,922.2215,,-1,oracle_actual_not_executable,,42.518366666666566,42.518366666666566,0.0,0.0,0.0,42.518366666666566,42.518366666666566,0.0,108.0,0.0,0.0,1320.0,1200.0,0,0.9922,42.186723406666566,0.0,0.0,42.186723406666566,oracle_actual,14524.579104413333,32555.523133333332,0.0,29.660416666666492
2025-03-20,56,2025-03-20 09:20:00,2025-03-20 09:30:00,6570.85,1095.1416666666669,6107.7375,1017.95625,1095.1416666666669,6107.7375,1017.95625,,-1,oracle_actual_not_executable,,77.18541666666692,77.18541666666692,0.0,0.0,0.0,77.18541666666692,77.18541666666692,0.0,0.0,0.0,0.0,1200.0,1200.0,0,0.97,74.86985416666691,0.0,0.0,74.86985416666691,oracle_actual,14599.44895858,32632.70855,0.0,29.660416666666492
2025-03-20,57,2025-03-20 09:30:00,2025-03-20 09:40:00,6399.3635,1066.5605833333334,6182.795,1030.4658333333334,1066.5605833333334,6182.795,1030.4658333333334,,-1,oracle_actual_not_executable,,36.094749999999976,36.094749999999976,0.0,0.0,0.0,36.094749999999976,36.094749999999976,0.0,0.0,0.0,0.0,1200.0,1200.0,0,0.9422,34.00847344999998,0.0,0.0,34.00847344999998,oracle_actual,14633.45743203,32668.8033,0.0,29.660416666666492
2025-03-20,58,2025-03-20 09:40:00,2025-03-20 09:50:00,6445.9301,1074.321683333333,6198.386,1033.0643333333337,1074.321683333333,6198.386,1033.0643333333337,,-1,oracle_actual_not_executable,,41.257349999999406,41.257349999999406,0.0,0.0,0.0,41.257349999999406,41.257349999999406,0.0,0.0,0.0,0.0,1200.0,1200.0,0,0.9569,39.47915821499943,0.0,0.0,39.47915821499943,oracle_actual,14672.936590244999,32710.06065,0.0,29.660416666666492
2025-03-20,59,2025-03-20 09:50:00,2025-03-20 10:00:00,6697.43,1116.2383333333337,6426.1875,1071.03125,1116.2383333333337,6426.1875,1071.03125,,-1,oracle_actual_not_executable,,45.207083333333685,45.207083333333685,0.0,0.0,0.0,45.207083333333685,45.207083333333685,0.0,0.0,0.0,0.0,1200.0,1200.0,0,0.9977,45.103107041667016,0.0,0.0,45.103107041667016,oracle_actual,14718.039697286666,32755.267733333334,0.0,29.660416666666492
2025-03-20,60,2025-03-20 10:00:00,2025-03-20 10:10:00,6577.9956,1096.3326,6675.2481,1112.54135,1096.3326,6675.2481,1112.54135,,-1,oracle_actual_not_executable,,0.0,0.0,0.0,0.0,0.0,0.0,0.0,0.0,0.0,16.20875000000001,0.0,1200.0,1200.0,0,0.9919,0.0,0.0,0.0,0.0,oracle_actual,14718.039697286666,32755.267733333334,0.0,45.8691666666665
2025-03-20,61,2025-03-20 10:10:00,2025-03-20 10:20:00,6445.2772,1074.2128666666667,6774.004,1129.0006666666666,1074.2128666666667,6774.004,1129.0006666666666,,-1,oracle_actual_not_executable,,0.0,0.0,0.0,0.0,0.0,0.0,0.0,0.0,0.0,54.787799999999834,0.0,1200.0,1200.0,0,0.9588,0.0,0.0,0.0,0.0,oracle_actual,14718.039697286666,32755.267733333334,0.0,100.65696666666634
2025-03-20,62,2025-03-20 10:20:00,2025-03-20 10:30:00,6473.61,1078.935,6879.075,1146.5125,1078.935,6879.075,1146.5125,,-1,oracle_actual_not_executable,,65.75583333333324,65.75583333333324,0.0,0.0,0.0,65.75583333333324,65.75583333333324,133.33333333333334,0.0,0.0,0.0,1200.0,1320.0,1,0.9549,62.79024524999991,0.0,0.0,62.79024524999991,oracle_actual,14780.829942536666,32821.02356666667,0.0,100.65696666666634
2025-03-20,63,2025-03-20 10:30:00,2025-03-20 10:40:00,6454.2353,1075.7058833333333,7268.5137,1211.41895,1075.7058833333333,7268.5137,1211.41895,,-1,oracle_actual_not_executable,,0.0,0.0,0.0,0.0,0.0,0.0,0.0,133.33333333333334,0.0,2.3797333333333484,0.0,1320.0,1440.0,1,0.9839,0.0,0.0,0.0,0.0,oracle_actual,14780.829942536666,32821.02356666667,0.0,103.03669999999968
2025-03-20,64,2025-03-20 10:40:00,2025-03-20 10:50:00,6352.336,1058.7226666666668,7455.3554,1242.5592333333334,1058.7226666666668,7455.3554,1242.5592333333334,,-1,oracle_actual_not_executable,,82.83010000000007,82.83010000000007,0.0,0.0,0.0,82.83010000000007,82.83010000000007,266.6666666666667,0.0,0.0,0.0,1440.0,1680.0,1,0.799,66.18124990000007,0.0,0.0,66.18124990000007,oracle_actual,14847.011192436667,32903.85366666667,0.0,103.03669999999968
2025-03-20,65,2025-03-20 10:50:00,2025-03-20 11:00:00,6279.9,1046.65,7263.0,1210.5,1046.65,7263.0,1210.5,,-1,oracle_actual_not_executable,,636.1500000000001,636.1500000000001,0.0,0.0,0.0,636.1500000000001,636.1500000000001,800.0,0.0,0.0,0.0,1680.0,2400.0,1,0.5025,319.66537500000004,0.0,0.0,319.66537500000004,oracle_actual,15166.676567436667,33540.00366666667,0.0,103.03669999999968
2025-03-20,66,2025-03-20 11:00:00,2025-03-20 11:10:00,6362.0436,1060.3406,7021.6679,1170.2779833333334,1060.3406,7021.6679,1170.2779833333334,,-1,oracle_actual_not_executable,,690.0626166666666,690.0626166666666,0.0,0.0,0.0,690.0626166666666,690.0626166666666,800.0,0.0,0.0,0.0,2400.0,3120.0,1,0.4662,321.70719189,0.0,0.0,321.70719189,oracle_actual,15488.383759326667,34230.06628333334,0.0,103.03669999999968
2025-03-20,67,2025-03-20 11:10:00,2025-03-20 11:20:00,6393.8373,1065.63955,7052.8842,1175.4807,1065.63955,7052.8842,1175.4807,,-1,oracle_actual_not_executable,,690.15885,690.15885,0.0,0.0,0.0,690.15885,690.15885,800.0,0.0,0.0,0.0,3120.0,3840.0,1,0.5007,345.56253619500006,0.0,0.0,345.56253619500006,oracle_actual,15833.946295521668,34920.22513333334,0.0,103.03669999999968
2025-03-20,68,2025-03-20 11:20:00,2025-03-20 11:30:00,6360.1,1060.0166666666669,7317.5625,1219.59375,1060.0166666666669,7317.5625,1219.59375,,-1,oracle_actual_not_executable,,640.4229166666669,640.4229166666669,0.0,0.0,0.0,640.4229166666669,640.4229166666669,800.0,0.0,0.0,0.0,3840.0,4560.0,1,0.4827,309.1321418750001,0.0,0.0,309.1321418750001,oracle_actual,16143.078437396667,35560.64805000001,0.0,103.03669999999968
2025-03-20,69,2025-03-20 11:30:00,2025-03-20 11:40:00,6424.0276,1070.6712666666667,7505.6333,1250.9388833333337,1070.6712666666667,7505.6333,1250.9388833333337,,-1,oracle_actual_not_executable,,619.732383333333,619.732383333333,0.0,0.0,0.0,619.732383333333,619.732383333333,800.0,0.0,0.0,0.0,4560.0,5280.0,1,0.4785,296.5419454249998,0.0,0.0,296.5419454249998,oracle_actual,16439.620382821668,36180.38043333335,0.0,103.03669999999968
2025-03-20,70,2025-03-20 11:40:00,2025-03-20 11:50:00,6379.6216,1063.2702666666669,7635.0323,1272.5053833333334,1063.2702666666669,7635.0323,1272.5053833333334,,-1,oracle_actual_not_executable,,590.7648833333335,590.7648833333335,0.0,0.0,0.0,590.7648833333335,590.7648833333335,800.0,0.0,0.0,0.0,5280.0,6000.0,1,0.4662,275.41458861000007,0.0,0.0,275.41458861000007,oracle_actual,16715.03497143167,36771.14531666668,0.0,103.03669999999968
2025-03-20,71,2025-03-20 11:50:00,2025-03-20 12:00:00,6168.32,1028.0533333333333,7818.45,1303.075,1028.0533333333333,7818.45,1303.075,,-1,oracle_actual_not_executable,,524.9783333333332,524.9783333333332,0.0,0.0,0.0,524.9783333333332,524.9783333333332,800.0,0.0,0.0,0.0,6000.0,6720.0,1,0.4432,232.67039733333328,0.0,0.0,232.67039733333328,oracle_actual,16947.705368765,37296.123650000016,0.0,103.03669999999968
2025-03-20,72,2025-03-20 12:00:00,2025-03-20 12:10:00,5958.8116,993.1352666666668,8082.9395,1347.1565833333334,993.1352666666668,8082.9395,1347.1565833333334,,-1,oracle_actual_not_executable,,445.9786833333334,445.9786833333334,0.0,0.0,0.0,445.9786833333334,445.9786833333334,800.0,0.0,0.0,0.0,6720.0,7440.0,1,0.4411,196.72119721833334,0.0,0.0,196.72119721833334,oracle_actual,17144.426565983333,37742.10233333335,0.0,103.03669999999968
2025-03-20,73,2025-03-20 12:10:00,2025-03-20 12:20:00,5855.2299,975.87165,8090.5707,1348.42845,975.87165,8090.5707,1348.42845,,-1,oracle_actual_not_executable,,427.44319999999993,427.44319999999993,0.0,0.0,0.0,427.44319999999993,427.44319999999993,800.0,0.0,0.0,0.0,7440.0,8160.0,1,0.4551,194.52940031999998,0.0,0.0,194.52940031999998,oracle_actual,17338.955966303332,38169.54553333335,0.0,103.03669999999968
2025-03-20,74,2025-03-20 12:20:00,2025-03-20 12:30:00,5883.66,980.61,7709.3625,1284.89375,980.61,7709.3625,1284.89375,,-1,oracle_actual_not_executable,,495.71625000000006,495.71625000000006,0.0,0.0,0.0,495.71625000000006,495.71625000000006,800.0,0.0,0.0,0.0,8160.0,8880.0,1,0.4463,221.238162375,0.0,0.0,221.238162375,oracle_actual,17560.194128678333,38665.26178333335,0.0,103.03669999999968
2025-03-20,75,2025-03-20 12:30:00,2025-03-20 12:40:00,6006.2794,1001.0465666666668,7205.256,1200.876,1001.0465666666668,7205.256,1200.876,,-1,oracle_actual_not_executable,,600.1705666666668,600.1705666666668,0.0,0.0,0.0,600.1705666666668,600.1705666666668,800.0,0.0,0.0,0.0,8880.0,9600.0,1,0.4113,246.85015407000006,0.0,0.0,246.85015407000006,oracle_actual,17807.044282748335,39265.43235000002,0.0,103.03669999999968
2025-03-20,76,2025-03-20 12:40:00,2025-03-20 12:50:00,6168.3548,1028.0591333333334,7206.9442,1201.1573666666666,1028.0591333333334,7206.9442,1201.1573666666666,,-1,oracle_actual_not_executable,,93.56843333333353,93.56843333333353,0.0,0.0,0.0,93.56843333333353,93.56843333333353,266.6666666666667,0.0,0.0,0.0,9600.0,9840.0,1,0.5682,53.165583820000116,0.0,0.0,53.165583820000116,oracle_actual,17860.209866568333,39359.00078333335,0.0,103.03669999999968
2025-03-20,77,2025-03-20 12:50:00,2025-03-20 13:00:00,6351.38,1058.5633333333333,7525.8,1254.3,1058.5633333333333,7525.8,1254.3,,-1,oracle_actual_not_executable,,70.93,70.93,0.0,0.0,0.0,70.93,70.93,266.6666666666667,0.0,0.0,0.0,9840.0,10080.0,1,0.8279,58.722947000000005,0.0,0.0,58.722947000000005,oracle_actual,17918.93281356833,39429.93078333335,0.0,103.03669999999968
2025-03-20,78,2025-03-20 13:00:00,2025-03-20 13:10:00,6510.6216,1085.1036,7339.075,1223.1791666666666,1085.1036,7339.075,1223.1791666666666,,-1,oracle_actual_not_executable,,0.0,0.0,0.0,0.0,0.0,0.0,0.0,133.33333333333334,0.0,4.742233333333303,0.0,10080.0,10200.0,1,0.8636,0.0,0.0,0.0,0.0,oracle_actual,17918.93281356833,39429.93078333335,0.0,107.77893333333299
2025-03-20,79,2025-03-20 13:10:00,2025-03-20 13:20:00,6358.8315,1059.80525,6900.6338,1150.1056333333331,1059.80525,6900.6338,1150.1056333333331,,-1,oracle_actual_not_executable,,43.03295000000011,43.03295000000011,0.0,0.0,0.0,43.03295000000011,43.03295000000011,133.33333333333334,0.0,0.0,0.0,10200.0,10320.0,1,0.8416,36.216530720000094,0.0,0.0,36.216530720000094,oracle_actual,17955.149344288333,39472.96373333335,0.0,107.77893333333299
2025-03-20,80,2025-03-20 13:20:00,2025-03-20 13:30:00,6039.3,1006.55,6610.0125,1101.66875,1006.55,6610.0125,1101.66875,,-1,oracle_actual_not_executable,,38.21458333333325,38.21458333333325,0.0,0.0,0.0,38.21458333333325,38.21458333333325,133.33333333333334,0.0,0.0,0.0,10320.0,10440.0,1,0.8618,32.9333279166666,0.0,0.0,32.9333279166666,oracle_actual,17988.082672205,39511.17831666669,0.0,107.77893333333299
2025-03-20,81,2025-03-20 13:30:00,2025-03-20 13:40:00,6028.9848,1004.8308,6642.1795,1107.0299166666666,1004.8308,6642.1795,1107.0299166666666,,-1,oracle_actual_not_executable,,31.134216666666674,31.134216666666674,0.0,0.0,0.0,31.134216666666674,31.134216666666674,133.33333333333334,0.0,0.0,0.0,10440.0,10560.0,1,0.8623,26.84703503166667,0.0,0.0,26.84703503166667,oracle_actual,18014.929707236668,39542.31253333335,0.0,107.77893333333299
2025-03-20,82,2025-03-20 13:40:00,2025-03-20 13:50:00,6177.7813,1029.630216666667,6806.5377,1134.42295,1029.630216666667,6806.5377,1134.42295,,-1,oracle_actual_not_executable,,28.540600000000353,28.540600000000353,0.0,0.0,0.0,28.540600000000353,28.540600000000353,133.33333333333334,0.0,0.0,0.0,10560.0,10680.0,1,0.9026,25.760745560000316,0.0,0.0,25.760745560000316,oracle_actual,18040.69045279667,39570.85313333335,0.0,107.77893333333299
2025-03-20,83,2025-03-20 13:50:00,2025-03-20 14:00:00,6280.02,1046.67,6799.95,1133.325,1046.67,6799.95,1133.325,,-1,oracle_actual_not_executable,,46.67833333333337,46.67833333333337,0.0,0.0,0.0,46.67833333333337,46.67833333333337,133.33333333333334,0.0,0.0,0.0,10680.0,10800.0,1,0.9754,45.530046333333374,0.0,0.0,45.530046333333374,oracle_actual,18086.220499130002,39617.53146666669,0.0,107.77893333333299
2025-03-20,84,2025-03-20 14:00:00,2025-03-20 14:10:00,6283.4823,1047.24705,6453.6137,1075.6022833333334,1047.24705,6453.6137,1075.6022833333334,,-1,oracle_actual_not_executable,,0.0,0.0,0.0,0.0,0.0,0.0,0.0,0.0,0.0,28.355233333333445,0.0,10800.0,10800.0,0,1.0002,0.0,0.0,0.0,0.0,oracle_actual,18086.220499130002,39617.53146666669,0.0,136.13416666666643
2025-03-20,85,2025-03-20 14:10:00,2025-03-20 14:20:00,6314.912,1052.4853333333333,6203.5886,1033.9314333333334,1052.4853333333333,6203.5886,1033.9314333333334,,-1,oracle_actual_not_executable,,18.553899999999885,18.553899999999885,0.0,0.0,0.0,18.553899999999885,18.553899999999885,0.0,0.0,0.0,0.0,10800.0,10800.0,0,0.9978,18.513081419999885,0.0,0.0,18.513081419999885,oracle_actual,18104.73358055,39636.08536666669,0.0,136.13416666666643
2025-03-20,86,2025-03-20 14:20:00,2025-03-20 14:30:00,6352.79,1058.7983333333334,6115.6875,1019.28125,1058.7983333333334,6115.6875,1019.28125,,-1,oracle_actual_not_executable,,39.5170833333334,39.5170833333334,0.0,0.0,0.0,39.5170833333334,39.5170833333334,0.0,0.0,0.0,0.0,10800.0,10800.0,0,1.0271,40.587996291666734,0.0,0.0,40.587996291666734,oracle_actual,18145.321576841667,39675.60245000002,0.0,136.13416666666643
2025-03-20,87,2025-03-20 14:30:00,2025-03-20 14:40:00,6259.4213,1043.2368833333333,5837.6616,972.9436,1043.2368833333333,5837.6616,972.9436,,-1,oracle_actual_not_executable,,70.2932833333333,70.2932833333333,0.0,0.0,0.0,70.2932833333333,70.2932833333333,0.0,0.0,0.0,0.0,10800.0,10800.0,0,1.0906,76.6618548033333,0.0,0.0,76.6618548033333,oracle_actual,18221.983431645,39745.89573333335,0.0,136.13416666666643
2025-03-20,88,2025-03-20 14:40:00,2025-03-20 14:50:00,6190.1146,1031.6857666666667,5431.9635,905.32725,1031.6857666666667,5431.9635,905.32725,,-1,oracle_actual_not_executable,,18.358516666666674,18.358516666666674,0.0,0.0,0.0,18.358516666666674,18.358516666666674,0.0,108.0,0.0,0.0,10800.0,10680.0,0,0.9376,17.212945226666672,0.0,0.0,17.212945226666672,oracle_actual,18239.196376871667,39764.25425000002,0.0,136.13416666666643
2025-03-20,89,2025-03-20 14:50:00,2025-03-20 15:00:00,6156.64,1026.1066666666668,5072.775,845.4625,1026.1066666666668,5072.775,845.4625,,-1,oracle_actual_not_executable,,180.64416666666682,180.64416666666682,0.0,0.0,0.0,180.64416666666682,180.64416666666682,0.0,0.0,0.0,0.0,10680.0,10680.0,0,0.6694,120.92320516666676,0.0,0.0,120.92320516666676,oracle_actual,18360.119582038333,39944.898416666685,0.0,136.13416666666643
2025-03-20,90,2025-03-20 15:00:00,2025-03-20 15:10:00,6039.3659,1006.5609833333332,4855.4545,809.2424166666666,1006.5609833333332,4855.4545,809.2424166666666,,-1,oracle_actual_not_executable,,330.65189999999996,330.65189999999996,0.0,0.0,0.0,330.65189999999996,330.65189999999996,133.33333333333334,0.0,0.0,0.0,10680.0,10800.0,1,0.66,218.23025399999997,0.0,0.0,218.23025399999997,oracle_actual,18578.34983603833,40275.55031666668,0.0,136.13416666666643
2025-03-20,91,2025-03-20 15:10:00,2025-03-20 15:20:00,6054.6789,1009.11315,4561.8383,760.3063833333334,1009.11315,4561.8383,760.3063833333334,,-1,oracle_actual_not_executable,,248.8067666666666,248.8067666666666,0.0,0.0,0.0,248.8067666666666,248.8067666666666,0.0,0.0,0.0,0.0,10800.0,10800.0,0,0.7217,179.5638435033333,0.0,0.0,179.5638435033333,oracle_actual,18757.913679541663,40524.35708333335,0.0,136.13416666666643
2025-03-20,92,2025-03-20 15:20:00,2025-03-20 15:30:00,6187.68,1031.28,4146.825,691.1374999999999,1031.28,4146.825,691.1374999999999,,-1,oracle_actual_not_executable,,340.14250000000004,340.14250000000004,0.0,0.0,0.0,340.14250000000004,340.14250000000004,0.0,0.0,0.0,0.0,10800.0,10800.0,0,0.7308,248.57613900000004,0.0,0.0,248.57613900000004,oracle_actual,19006.489818541664,40864.49958333335,0.0,136.13416666666643
2025-03-20,93,2025-03-20 15:30:00,2025-03-20 15:40:00,6195.3721,1032.5620166666663,3778.6785,629.77975,1032.5620166666663,3778.6785,629.77975,,-1,oracle_actual_not_executable,,402.78226666666626,402.78226666666626,0.0,0.0,0.0,402.78226666666626,402.78226666666626,0.0,0.0,0.0,0.0,10800.0,10800.0,0,0.7534,303.45615970666637,0.0,0.0,303.45615970666637,oracle_actual,19309.94597824833,41267.28185000002,0.0,136.13416666666643
2025-03-20,94,2025-03-20 15:40:00,2025-03-20 15:50:00,6186.1376,1031.0229333333334,3471.4229,578.5704833333333,1031.0229333333334,3471.4229,578.5704833333333,,-1,oracle_actual_not_executable,,452.4524500000001,452.4524500000001,0.0,0.0,0.0,452.4524500000001,452.4524500000001,0.0,0.0,0.0,0.0,10800.0,10800.0,0,0.7823,353.9535516350001,0.0,0.0,353.9535516350001,oracle_actual,19663.899529883332,41719.73430000002,0.0,136.13416666666643
2025-03-20,95,2025-03-20 15:50:00,2025-03-20 16:00:00,6200.17,1033.361666666667,3156.225,526.0375,1033.361666666667,3156.225,526.0375,,-1,oracle_actual_not_executable,,507.3241666666669,507.3241666666669,0.0,0.0,0.0,507.3241666666669,507.3241666666669,0.0,0.0,0.0,0.0,10800.0,10800.0,0,0.8055,408.6496162500002,0.0,0.0,408.6496162500002,oracle_actual,20072.549146133333,42227.058466666684,0.0,136.13416666666643
2025-03-20,96,2025-03-20 16:00:00,2025-03-20 16:10:00,6153.3743,1025.5623833333334,2779.805,463.3008333333333,1025.5623833333334,2779.805,463.3008333333333,,-1,oracle_actual_not_executable,,562.2615500000002,562.2615500000002,0.0,0.0,0.0,562.2615500000002,562.2615500000002,0.0,0.0,0.0,0.0,10800.0,10800.0,0,0.8271,465.0465280050001,0.0,0.0,465.0465280050001,oracle_actual,20537.595674138334,42789.32001666669,0.0,136.13416666666643
2025-03-20,97,2025-03-20 16:10:00,2025-03-20 16:20:00,6101.7592,1016.9598666666668,2507.3559,417.89265,1016.9598666666668,2507.3559,417.89265,,-1,oracle_actual_not_executable,,599.0672166666668,599.0672166666668,0.0,0.0,0.0,599.0672166666668,599.0672166666668,0.0,0.0,0.0,0.0,10800.0,10800.0,0,0.8519,510.34536187833345,0.0,0.0,510.34536187833345,oracle_actual,21047.94103601667,43388.38723333336,0.0,136.13416666666643
2025-03-20,98,2025-03-20 16:20:00,2025-03-20 16:30:00,6118.95,1019.825,2334.4125,389.06875,1019.825,2334.4125,389.06875,,-1,oracle_actual_not_executable,,630.75625,630.75625,0.0,0.0,0.0,630.75625,630.75625,0.0,0.0,0.0,0.0,10800.0,10800.0,0,0.8791,554.4978193750001,0.0,0.0,554.4978193750001,oracle_actual,21602.43885539167,44019.143483333355,0.0,136.13416666666643
2025-03-20,99,2025-03-20 16:30:00,2025-03-20 16:40:00,6209.4949,1034.9158166666666,2077.0816,346.1802666666667,1034.9158166666666,2077.0816,346.1802666666667,,-1,oracle_actual_not_executable,,688.7355499999999,688.7355499999999,0.0,0.0,0.0,688.7355499999999,688.7355499999999,0.0,0.0,0.0,0.0,10800.0,10800.0,0,0.9024,621.5149603199999,0.0,0.0,621.5149603199999,oracle_actual,22223.95381571167,44707.87903333335,0.0,136.13416666666643
2025-03-20,100,2025-03-20 16:40:00,2025-03-20 16:50:00,6190.199,1031.6998333333331,1733.8533,288.97555,1031.6998333333331,1733.8533,288.97555,,-1,oracle_actual_not_executable,,742.7242833333331,742.7242833333331,0.0,0.0,0.0,742.7242833333331,742.7242833333331,0.0,0.0,0.0,0.0,10800.0,10800.0,0,0.9163,680.5582608183331,0.0,0.0,680.5582608183331,oracle_actual,22904.51207653,45450.60331666669,0.0,136.13416666666643
2025-03-20,101,2025-03-20 16:50:00,2025-03-20 17:00:00,6102.19,1017.0316666666666,1377.7125,229.61875,1017.0316666666666,1377.7125,229.61875,,-1,oracle_actual_not_executable,,787.4129166666667,787.4129166666667,0.0,0.0,0.0,787.4129166666667,787.4129166666667,0.0,0.0,0.0,0.0,10800.0,10800.0,0,0.9264,729.459326,0.0,0.0,729.459326,oracle_actual,23633.97140253,46238.01623333336,0.0,136.13416666666643
2025-03-20,102,2025-03-20 17:00:00,2025-03-20 17:10:00,6143.2969,1023.8828166666668,1083.9022,180.65036666666663,1023.8828166666668,1083.9022,180.65036666666663,,-1,oracle_actual_not_executable,,843.2324500000002,843.2324500000002,0.0,0.0,0.0,843.2324500000002,843.2324500000002,0.0,0.0,0.0,0.0,10800.0,10800.0,0,0.9462,797.8665441900002,0.0,0.0,797.8665441900002,oracle_actual,24431.837946720003,47081.24868333336,0.0,136.13416666666643
2025-03-20,103,2025-03-20 17:10:00,2025-03-20 17:20:00,6075.0134,1012.5022333333332,831.8823,138.64705,1012.5022333333332,831.8823,138.64705,,-1,oracle_actual_not_executable,,873.8551833333331,873.8551833333331,0.0,0.0,0.0,873.8551833333331,873.8551833333331,0.0,0.0,0.0,0.0,10800.0,10800.0,0,0.9742,851.3097196033331,0.0,0.0,851.3097196033331,oracle_actual,25283.147666323337,47955.103866666694,0.0,136.13416666666643
2025-03-20,104,2025-03-20 17:20:00,2025-03-20 17:30:00,6025.68,1004.28,597.3375,99.55625,1004.28,597.3375,99.55625,,-1,oracle_actual_not_executable,,904.72375,904.72375,0.0,0.0,0.0,904.72375,904.72375,0.0,0.0,0.0,0.0,10800.0,10800.0,0,0.9862,892.23856225,0.0,0.0,892.23856225,oracle_actual,26175.386228573338,48859.82761666669,0.0,136.13416666666643
2025-03-20,105,2025-03-20 17:30:00,2025-03-20 17:40:00,6213.4416,1035.5736,374.8971,62.482850000000006,1035.5736,374.8971,62.482850000000006,,-1,oracle_actual_not_executable,,973.09075,973.09075,0.0,0.0,0.0,973.09075,973.09075,0.0,0.0,0.0,0.0,10800.0,10800.0,0,0.976,949.7365719999999,0.0,0.0,949.7365719999999,oracle_actual,27125.12280057334,49832.918366666694,0.0,136.13416666666643
2025-03-20,106,2025-03-20 17:40:00,2025-03-20 17:50:00,5394.1467,899.02445,156.1276,26.021266666666666,899.02445,156.1276,26.021266666666666,,-1,oracle_actual_not_executable,,873.0031833333334,873.0031833333334,0.0,0.0,0.0,873.0031833333334,873.0031833333334,0.0,0.0,0.0,0.0,10800.0,10800.0,0,1.0742,937.7800195366667,0.0,0.0,937.7800195366667,oracle_actual,28062.902820110005,50705.92155000003,0.0,136.13416666666643
2025-03-20,107,2025-03-20 17:50:00,2025-03-20 18:00:00,4094.12,682.3533333333334,0.0,0.0,682.3533333333334,0.0,0.0,,-1,oracle_actual_not_executable,,682.3533333333334,682.3533333333334,0.0,0.0,0.0,682.3533333333334,682.3533333333334,0.0,0.0,0.0,0.0,10800.0,10800.0,0,1.2313,840.1816593333334,0.0,0.0,840.1816593333334,oracle_actual,28903.08447944334,51388.27488333336,0.0,136.13416666666643
2025-03-20,108,2025-03-20 18:00:00,2025-03-20 18:10:00,4187.9837,697.9972833333333,0.0,0.0,697.9972833333333,0.0,0.0,,-1,oracle_actual_not_executable,,157.99728333333326,157.99728333333326,0.0,0.0,0.0,157.99728333333326,157.99728333333326,0.0,540.0,0.0,0.0,10800.0,10200.0,0,1.2561,198.4603875949999,0.0,0.0,198.4603875949999,oracle_actual,29101.54486703834,51546.27216666669,0.0,136.13416666666643
2025-03-20,109,2025-03-20 18:10:00,2025-03-20 18:20:00,4441.4267,740.2377833333334,5.5774,0.9295666666666668,740.2377833333334,5.5774,0.9295666666666668,,-1,oracle_actual_not_executable,,739.3082166666667,739.3082166666667,0.0,0.0,0.0,739.3082166666667,739.3082166666667,0.0,0.0,0.0,0.0,10200.0,10200.0,0,1.2447,920.216937285,0.0,0.0,920.216937285,oracle_actual,30021.76180432334,52285.580383333356,0.0,136.13416666666643
2025-03-20,110,2025-03-20 18:20:00,2025-03-20 18:30:00,4255.45,709.2416666666667,0.0,0.0,709.2416666666667,0.0,0.0,,-1,oracle_actual_not_executable,,709.2416666666667,709.2416666666667,0.0,0.0,0.0,709.2416666666667,709.2416666666667,0.0,0.0,0.0,0.0,10200.0,10200.0,0,1.2545,889.7436708333333,0.0,0.0,889.7436708333333,oracle_actual,30911.505475156675,52994.822050000024,0.0,136.13416666666643
2025-03-20,111,2025-03-20 18:30:00,2025-03-20 18:40:00,4286.5369,714.4228166666667,0.0,0.0,714.4228166666667,0.0,0.0,,-1,oracle_actual_not_executable,,714.4228166666667,714.4228166666667,0.0,0.0,0.0,714.4228166666667,714.4228166666667,0.0,0.0,0.0,0.0,10200.0,10200.0,0,1.2522,894.60025103,0.0,0.0,894.60025103,oracle_actual,31806.105726186674,53709.24486666669,0.0,136.13416666666643
2025-03-20,112,2025-03-20 18:40:00,2025-03-20 18:50:00,4470.2464,745.0410666666667,0.4004,0.0667333333333333,745.0410666666667,0.4004,0.0667333333333333,,-1,oracle_actual_not_executable,,96.97433333333333,96.97433333333333,0.0,0.0,0.0,96.97433333333333,96.97433333333333,0.0,648.0,0.0,0.0,10200.0,9480.0,0,1.2881,124.91263876666667,0.0,0.0,124.91263876666667,oracle_actual,31931.01836495334,53806.21920000002,0.0,136.13416666666643
2025-03-20,113,2025-03-20 18:50:00,2025-03-20 19:00:00,4579.24,763.2066666666666,0.0,0.0,763.2066666666666,0.0,0.0,,-1,oracle_actual_not_executable,,7.206666666666592,7.206666666666592,0.0,0.0,0.0,7.206666666666592,7.206666666666592,0.0,756.0,0.0,0.0,9480.0,8640.0,0,1.3466,9.704497333333233,0.0,0.0,9.704497333333233,oracle_actual,31940.72286228667,53813.42586666669,0.0,136.13416666666643
2025-03-20,114,2025-03-20 19:00:00,2025-03-20 19:10:00,4480.3082,746.7180333333334,0.0,0.0,746.7180333333334,0.0,0.0,,-1,oracle_actual_not_executable,,98.71803333333344,98.71803333333344,0.0,0.0,0.0,98.71803333333344,98.71803333333344,0.0,648.0,0.0,0.0,8640.0,7920.0,0,1.3523,133.4963964766668,0.0,0.0,133.4963964766668,oracle_actual,32074.21925876334,53912.14390000002,0.0,136.13416666666643
2025-03-20,115,2025-03-20 19:10:00,2025-03-20 19:20:00,4285.5618,714.2603,0.0288,0.0048,714.2603,0.0288,0.0048,,-1,oracle_actual_not_executable,,66.25549999999998,66.25549999999998,0.0,0.0,0.0,66.25549999999998,66.25549999999998,0.0,648.0,0.0,0.0,7920.0,7200.0,0,1.3445,89.08051974999998,0.0,0.0,89.08051974999998,oracle_actual,32163.29977851334,53978.39940000002,0.0,136.13416666666643
2025-03-20,116,2025-03-20 19:20:00,2025-03-20 19:30:00,4196.78,699.4633333333333,0.0,0.0,699.4633333333333,0.0,0.0,,-1,oracle_actual_not_executable,,51.46333333333325,51.46333333333325,0.0,0.0,0.0,51.46333333333325,51.46333333333325,0.0,648.0,0.0,0.0,7200.0,6480.0,0,1.3483,69.38801233333322,0.0,0.0,69.38801233333322,oracle_actual,32232.687790846674,54029.86273333335,0.0,136.13416666666643
2025-03-20,117,2025-03-20 19:30:00,2025-03-20 19:40:00,4330.8684,721.8114,0.0,0.0,721.8114,0.0,0.0,,-1,oracle_actual_not_executable,,73.81140000000005,73.81140000000005,0.0,0.0,0.0,73.81140000000005,73.81140000000005,0.0,648.0,0.0,0.0,6480.0,5760.0,0,1.349,99.57157860000007,0.0,0.0,99.57157860000007,oracle_actual,32332.259369446674,54103.67413333335,0.0,136.13416666666643
2025-03-20,118,2025-03-20 19:40:00,2025-03-20 19:50:00,4370.9481,728.4913499999999,0.0021,0.00035,728.4913499999999,0.0021,0.00035,,-1,oracle_actual_not_executable,,80.49099999999987,80.49099999999987,0.0,0.0,0.0,80.49099999999987,80.49099999999987,0.0,648.0,0.0,0.0,5760.0,5040.0,0,1.3473,108.44552429999982,0.0,0.0,108.44552429999982,oracle_actual,32440.704893746675,54184.16513333335,0.0,136.13416666666643
2025-03-20,119,2025-03-20 19:50:00,2025-03-20 20:00:00,4358.21,726.3683333333333,0.0,0.0,726.3683333333333,0.0,0.0,,-1,oracle_actual_not_executable,,78.36833333333334,78.36833333333334,0.0,0.0,0.0,78.36833333333334,78.36833333333334,0.0,648.0,0.0,0.0,5040.0,4320.0,0,1.3482,105.65618700000002,0.0,0.0,105.65618700000002,oracle_actual,32546.361080746676,54262.53346666668,0.0,136.13416666666643
2025-03-20,120,2025-03-20 20:00:00,2025-03-20 20:10:00,4586.0191,764.3365166666667,0.0,0.0,764.3365166666667,0.0,0.0,,-1,oracle_actual_not_executable,,8.33651666666674,8.33651666666674,0.0,0.0,0.0,8.33651666666674,8.33651666666674,0.0,756.0,0.0,0.0,4320.0,3480.0,0,1.3513,11.265134971666765,0.0,0.0,11.265134971666765,oracle_actual,32557.62621571834,54270.86998333335,0.0,136.13416666666643
2025-03-20,121,2025-03-20 20:10:00,2025-03-20 20:20:00,4523.6629,753.9438166666667,0.0,0.0,753.9438166666667,0.0,0.0,,-1,oracle_actual_not_executable,,0.0,0.0,0.0,0.0,0.0,0.0,0.0,0.0,756.0,2.0561833333332515,0.0,3480.0,2640.0,0,1.34,0.0,0.0,0.0,0.0,oracle_actual,32557.62621571834,54270.86998333335,0.0,138.19034999999968
2025-03-20,122,2025-03-20 20:20:00,2025-03-20 20:30:00,4215.37,702.5616666666666,0.0,0.0,702.5616666666666,0.0,0.0,,-1,oracle_actual_not_executable,,54.56166666666661,54.56166666666661,0.0,0.0,0.0,54.56166666666661,54.56166666666661,0.0,648.0,0.0,0.0,2640.0,1920.0,0,1.3489,73.59823216666659,0.0,0.0,73.59823216666659,oracle_actual,32631.224447885008,54325.43165000002,0.0,138.19034999999968
2025-03-20,123,2025-03-20 20:30:00,2025-03-20 20:40:00,4256.2469,709.3744833333334,0.0,0.0,709.3744833333334,0.0,0.0,,-1,oracle_actual_not_executable,,61.37448333333339,61.37448333333339,0.0,0.0,0.0,61.37448333333339,61.37448333333339,0.0,648.0,0.0,0.0,1920.0,1200.0,0,1.3952,85.62967914666675,0.0,0.0,85.62967914666675,oracle_actual,32716.854127031675,54386.80613333335,0.0,138.19034999999968
2025-03-20,124,2025-03-20 20:40:00,2025-03-20 20:50:00,4319.0159,719.8359833333334,0.0,0.0,719.8359833333334,0.0,0.0,,-1,oracle_actual_not_executable,,719.8359833333334,719.8359833333334,0.0,0.0,0.0,719.8359833333334,719.8359833333334,0.0,0.0,0.0,0.0,1200.0,1200.0,0,1.2226,880.0714732233333,0.0,0.0,880.0714732233333,oracle_actual,33596.92560025501,55106.642116666684,0.0,138.19034999999968
2025-03-20,125,2025-03-20 20:50:00,2025-03-20 21:00:00,4257.25,709.5416666666666,0.0,0.0,709.5416666666666,0.0,0.0,,-1,oracle_actual_not_executable,,709.5416666666666,709.5416666666666,0.0,0.0,0.0,709.5416666666666,709.5416666666666,0.0,0.0,0.0,0.0,1200.0,1200.0,0,0.9332,662.1442833333333,0.0,0.0,662.1442833333333,oracle_actual,34259.069883588345,55816.18378333335,0.0,138.19034999999968
2025-03-20,126,2025-03-20 21:00:00,2025-03-20 21:10:00,4290.2681,715.0446833333334,0.0,0.0,715.0446833333334,0.0,0.0,,-1,oracle_actual_not_executable,,715.0446833333334,715.0446833333334,0.0,0.0,0.0,715.0446833333334,715.0446833333334,0.0,0.0,0.0,0.0,1200.0,1200.0,0,0.9068,648.4025188466668,0.0,0.0,648.4025188466668,oracle_actual,34907.472402435014,56531.22846666668,0.0,138.19034999999968
2025-03-20,127,2025-03-20 21:10:00,2025-03-20 21:20:00,4418.7036,736.4506,0.0,0.0,736.4506,0.0,0.0,,-1,oracle_actual_not_executable,,736.4506,736.4506,0.0,0.0,0.0,736.4506,736.4506,0.0,0.0,0.0,0.0,1200.0,1200.0,0,0.9371,690.12785726,0.0,0.0,690.12785726,oracle_actual,35597.60025969501,57267.67906666668,0.0,138.19034999999968
2025-03-20,128,2025-03-20 21:20:00,2025-03-20 21:30:00,4553.6,758.9333333333334,0.0,0.0,758.9333333333334,0.0,0.0,,-1,oracle_actual_not_executable,,758.9333333333334,758.9333333333334,0.0,0.0,0.0,758.9333333333334,758.9333333333334,0.0,0.0,0.0,0.0,1200.0,1200.0,0,0.9371,711.1964266666668,0.0,0.0,711.1964266666668,oracle_actual,36308.79668636168,58026.61240000001,0.0,138.19034999999968
2025-03-20,129,2025-03-20 21:30:00,2025-03-20 21:40:00,4526.2528,754.3754666666667,0.0,0.0,754.3754666666667,0.0,0.0,,-1,oracle_actual_not_executable,,754.3754666666667,754.3754666666667,0.0,0.0,0.0,754.3754666666667,754.3754666666667,0.0,0.0,0.0,0.0,1200.0,1200.0,0,0.9871,744.6440231466668,0.0,0.0,744.6440231466668,oracle_actual,37053.44070950835,58780.98786666668,0.0,138.19034999999968
2025-03-20,130,2025-03-20 21:40:00,2025-03-20 21:50:00,4001.6252,666.9375333333334,0.0,0.0,666.9375333333334,0.0,0.0,,-1,oracle_actual_not_executable,,666.9375333333334,666.9375333333334,0.0,0.0,0.0,666.9375333333334,666.9375333333334,0.0,0.0,0.0,0.0,1200.0,1200.0,0,0.7764,517.81030088,0.0,0.0,517.81030088,oracle_actual,37571.251010388354,59447.92540000001,0.0,138.19034999999968
2025-03-20,131,2025-03-20 21:50:00,2025-03-20 22:00:00,3318.94,553.1566666666666,0.0,0.0,553.1566666666666,0.0,0.0,,-1,oracle_actual_not_executable,,553.1566666666666,553.1566666666666,0.0,0.0,0.0,553.1566666666666,553.1566666666666,0.0,0.0,0.0,0.0,1200.0,1200.0,0,0.4209,232.82364099999998,0.0,0.0,232.82364099999998,oracle_actual,37804.07465138836,60001.08206666668,0.0,138.19034999999968
2025-03-20,132,2025-03-20 22:00:00,2025-03-20 22:10:00,3233.4088,538.9014666666667,0.0,0.0,538.9014666666667,0.0,0.0,,-1,oracle_actual_not_executable,,538.9014666666667,538.9014666666667,0.0,0.0,0.0,538.9014666666667,538.9014666666667,0.0,0.0,0.0,0.0,1200.0,1200.0,0,0.3859,207.9620759866667,0.0,0.0,207.9620759866667,oracle_actual,38012.03672737502,60539.98353333335,0.0,138.19034999999968
2025-03-20,133,2025-03-20 22:10:00,2025-03-20 22:20:00,3319.971,553.3285,0.0,0.0,553.3285,0.0,0.0,,-1,oracle_actual_not_executable,,553.3285,553.3285,0.0,0.0,0.0,553.3285,553.3285,0.0,0.0,0.0,0.0,1200.0,1200.0,0,0.4368,241.6938888,0.0,0.0,241.6938888,oracle_actual,38253.730616175024,61093.31203333335,0.0,138.19034999999968
2025-03-20,134,2025-03-20 22:20:00,2025-03-20 22:30:00,3255.84,542.64,0.0,0.0,542.64,0.0,0.0,,-1,oracle_actual_not_executable,,542.64,542.64,0.0,0.0,0.0,542.64,542.64,0.0,0.0,0.0,0.0,1200.0,1200.0,0,0.4198,227.800272,0.0,0.0,227.800272,oracle_actual,38481.530888175024,61635.95203333335,0.0,138.19034999999968
2025-03-20,135,2025-03-20 22:30:00,2025-03-20 22:40:00,3144.1326,524.0221,0.0,0.0,524.0221,0.0,0.0,,-1,oracle_actual_not_executable,,524.0221,524.0221,0.0,0.0,0.0,524.0221,524.0221,0.0,0.0,0.0,0.0,1200.0,1200.0,0,0.4186,219.35565106,0.0,0.0,219.35565106,oracle_actual,38700.88653923503,62159.97413333335,0.0,138.19034999999968
2025-03-20,136,2025-03-20 22:40:00,2025-03-20 22:50:00,3161.8174,526.9695666666667,0.0,0.0,526.9695666666667,0.0,0.0,,-1,oracle_actual_not_executable,,526.9695666666667,526.9695666666667,0.0,0.0,0.0,526.9695666666667,526.9695666666667,0.0,0.0,0.0,0.0,1200.0,1200.0,0,0.4241,223.4877932233333,0.0,0.0,223.4877932233333,oracle_actual,38924.37433245836,62686.94370000002,0.0,138.19034999999968
2025-03-20,137,2025-03-20 22:50:00,2025-03-20 23:00:00,3296.4,549.4,0.0,0.0,549.4,0.0,0.0,,-1,oracle_actual_not_executable,,549.4,549.4,0.0,0.0,0.0,549.4,549.4,0.0,0.0,0.0,0.0,1200.0,1200.0,0,0.4237,232.78078,0.0,0.0,232.78078,oracle_actual,39157.155112458364,63236.34370000002,0.0,138.19034999999968
2025-03-20,138,2025-03-20 23:00:00,2025-03-20 23:10:00,3356.4081,559.40135,0.0,0.0,559.40135,0.0,0.0,,-1,oracle_actual_not_executable,,559.40135,559.40135,0.0,0.0,0.0,559.40135,559.40135,0.0,0.0,0.0,0.0,1200.0,1200.0,0,0.4248,237.63369348,0.0,0.0,237.63369348,oracle_actual,39394.78880593836,63795.74505000002,0.0,138.19034999999968
2025-03-20,139,2025-03-20 23:10:00,2025-03-20 23:20:00,3261.7676,543.6279333333333,0.0,0.0,543.6279333333333,0.0,0.0,,-1,oracle_actual_not_executable,,543.6279333333333,543.6279333333333,0.0,0.0,0.0,543.6279333333333,543.6279333333333,0.0,0.0,0.0,0.0,1200.0,1200.0,0,0.424,230.4982437333333,0.0,0.0,230.4982437333333,oracle_actual,39625.28704967169,64339.37298333336,0.0,138.19034999999968
2025-03-20,140,2025-03-20 23:20:00,2025-03-20 23:30:00,3267.73,544.6216666666667,0.0,0.0,544.6216666666667,0.0,0.0,,-1,oracle_actual_not_executable,,544.6216666666667,544.6216666666667,0.0,0.0,0.0,544.6216666666667,544.6216666666667,0.0,0.0,0.0,0.0,1200.0,1200.0,0,0.422,229.83034333333333,0.0,0.0,229.83034333333333,oracle_actual,39855.11739300503,64883.99465000002,0.0,138.19034999999968
2025-03-20,141,2025-03-20 23:30:00,2025-03-20 23:40:00,3604.076,600.6793333333334,0.0,0.0,600.6793333333334,0.0,0.0,,-1,oracle_actual_not_executable,,600.6793333333334,600.6793333333334,0.0,0.0,0.0,600.6793333333334,600.6793333333334,0.0,0.0,0.0,0.0,1200.0,1200.0,0,0.424,254.68803733333334,0.0,0.0,254.68803733333334,oracle_actual,40109.80543033836,65484.673983333356,0.0,138.19034999999968
2025-03-20,142,2025-03-20 23:40:00,2025-03-20 23:50:00,3245.8691,540.9781833333333,0.0,0.0,540.9781833333333,0.0,0.0,,-1,oracle_actual_not_executable,,540.9781833333333,540.9781833333333,0.0,0.0,0.0,540.9781833333333,540.9781833333333,0.0,0.0,0.0,0.0,1200.0,1200.0,0,0.4271,231.05178210166662,0.0,0.0,231.05178210166662,oracle_actual,40340.85721244003,66025.6521666667,0.0,138.19034999999968
2025-03-20,143,2025-03-20 23:50:00,2025-03-21 00:00:00,2401.0,400.1666666666667,0.0,0.0,400.1666666666667,0.0,0.0,,-1,oracle_actual_not_executable,,400.1666666666667,400.1666666666667,0.0,0.0,0.0,400.1666666666667,400.1666666666667,0.0,0.0,0.0,0.0,1200.0,1200.0,0,0.4276,171.11126666666667,0.0,0.0,171.11126666666667,oracle_actual,40511.9684791067,66425.81883333337,0.0,138.19034999999968
2025-06-21,0,2025-06-21 00:00:00,2025-06-21 00:10:00,3087.9838,514.6639666666666,0.0,0.0,548.70345,0.0,0.0,2025-06-21 00:00:00,10,observed_anchor_linear_to_h1,2025-06-14 00:10:00,1082.0367833333335,1082.0367833333335,0.0,0.0,0.0,1082.0367833333335,1082.0367833333335,533.3333333333334,0.0,0.0,34.039483333333465,1200.0,1680.0,1,0.4248,459.64922556000005,0.0,0.0,459.64922556000005,static_forecast,459.64922556000005,1082.0367833333335,0.0,0.0
2025-06-21,1,2025-06-21 00:10:00,2025-06-21 00:20:00,3200.0919,533.34865,0.0,0.0,541.2936666666667,0.0,0.0,2025-06-21 00:00:00,20,observed_anchor_linear_to_h1,2025-06-14 00:20:00,1341.2936666666667,1341.2936666666667,0.0,0.0,0.0,1341.2936666666667,1341.2936666666667,800.0,0.0,0.0,7.945016666666788,1680.0,2400.0,1,0.4245,569.3791615,0.0,0.0,569.3791615,static_forecast,1029.0283870600001,2423.3304500000004,0.0,0.0
2025-06-21,2,2025-06-21 00:20:00,2025-06-21 00:30:00,3401.46,566.91,0.0,0.0,522.57,0.0,0.0,2025-06-21 00:00:00,30,observed_anchor_linear_to_h1,2025-06-14 00:30:00,522.57,522.57,0.0,0.0,44.33999999999992,566.91,566.91,0.0,0.0,0.0,0.0,2400.0,2400.0,0,0.4269,223.085133,0.0,94.64372999999983,317.7288629999998,static_forecast,1346.75725006,2990.2404500000002,44.33999999999992,0.0
2025-06-21,3,2025-06-21 00:30:00,2025-06-21 00:40:00,3063.5261,510.58768333333336,0.0,0.0,524.14905,0.0,0.0,2025-06-21 00:00:00,40,observed_anchor_linear_to_h1,2025-06-14 00:40:00,524.14905,524.14905,0.0,0.0,0.0,524.14905,524.14905,0.0,0.0,0.0,13.561366666666629,2400.0,2400.0,0,0.4272,223.91647416,0.0,0.0,223.91647416,static_forecast,1570.67372422,3514.3895,44.33999999999992,0.0
2025-06-21,4,2025-06-21 00:40:00,2025-06-21 00:50:00,2820.2572,470.0428666666666,0.0,0.0,531.5594333333333,0.0,0.0,2025-06-21 00:00:00,50,observed_anchor_linear_to_h1,2025-06-14 00:50:00,531.5594333333333,531.5594333333333,0.0,0.0,0.0,531.5594333333333,531.5594333333333,0.0,0.0,0.0,61.51656666666673,2400.0,2400.0,0,0.4271,227.02903397666665,0.0,0.0,227.02903397666665,static_forecast,1797.7027581966665,4045.9489333333336,44.33999999999992,0.0
2025-06-21,5,2025-06-21 00:50:00,2025-06-21 01:00:00,2883.38,480.5633333333333,0.0,0.0,531.9766666666667,0.0,0.0,2025-06-21 00:00:00,60,attachment3_10min_interpolation,2025-06-14 01:00:00,531.9766666666667,531.9766666666667,0.0,0.0,0.0,531.9766666666667,531.9766666666667,0.0,0.0,0.0,51.41333333333341,2400.0,2400.0,0,0.4285,227.95200166666666,0.0,0.0,227.95200166666666,static_forecast,2025.6547598633333,4577.9256000000005,44.33999999999992,0.0
2025-06-21,6,2025-06-21 01:00:00,2025-06-21 01:10:00,2869.9796,478.3299333333334,0.0,0.0,523.55215,0.0,0.0,2025-06-21 00:00:00,70,attachment3_10min_interpolation,2025-06-14 01:10:00,523.55215,523.55215,0.0,0.0,0.0,523.55215,523.55215,0.0,0.0,0.0,45.22221666666661,2400.0,2400.0,0,0.4311,225.703331865,0.0,0.0,225.703331865,static_forecast,2251.3580917283334,5101.47775,44.33999999999992,0.0
2025-06-21,7,2025-06-21 01:10:00,2025-06-21 01:20:00,2985.8287,497.6381166666667,0.0,0.0,496.3817666666666,0.0,0.0,2025-06-21 00:00:00,80,attachment3_10min_interpolation,2025-06-14 01:20:00,496.3817666666666,496.3817666666666,0.0,0.0,1.2563500000001113,497.6381166666667,497.6381166666667,0.0,0.0,0.0,0.0,2400.0,2400.0,0,0.4302,213.54343601999997,0.0,2.7024088500002397,216.2458448700002,static_forecast,2467.603936598334,5599.115866666667,45.59635000000003,0.0
2025-06-21,8,2025-06-21 01:20:00,2025-06-21 01:30:00,3164.18,527.3633333333333,0.0,0.0,476.66,0.0,0.0,2025-06-21 00:00:00,90,attachment3_10min_interpolation,2025-06-14 01:30:00,476.66,476.66,0.0,0.0,50.70333333333332,527.3633333333333,527.3633333333333,0.0,0.0,0.0,0.0,2400.0,2400.0,0,0.4279,203.962814,0.0,108.47978166666664,312.44259566666665,static_forecast,2780.0465322650007,6126.479200000001,96.29968333333335,0.0
2025-06-21,9,2025-06-21 01:30:00,2025-06-21 01:40:00,3064.8457,510.80761666666666,0.0,0.0,498.5694833333334,0.0,0.0,2025-06-21 00:00:00,100,attachment3_10min_interpolation,2025-06-14 01:40:00,498.5694833333334,498.5694833333334,0.0,0.0,12.23813333333328,510.80761666666666,510.80761666666666,0.0,0.0,0.0,0.0,2400.0,2400.0,0,0.4312,214.98316121333337,0.0,26.385415466666554,241.36857667999993,static_forecast,3021.4151089450006,6637.286816666668,108.53781666666663,0.0
2025-06-21,10,2025-06-21 01:40:00,2025-06-21 01:50:00,2954.0459,492.3409833333333,0.0,0.0,481.0748333333333,0.0,0.0,2025-06-21 00:00:00,110,attachment3_10min_interpolation,2025-06-14 01:50:00,481.0748333333333,481.0748333333333,0.0,0.0,11.266150000000039,492.3409833333333,492.3409833333333,0.0,0.0,0.0,0.0,2400.0,2400.0,0,0.4333,208.44972528333332,0.0,24.408113975000084,232.8578392583334,static_forecast,3254.272948203334,7129.627800000001,119.80396666666667,0.0
2025-06-21,11,2025-06-21 01:50:00,2025-06-21 02:00:00,2994.62,499.1033333333333,0.0,0.0,447.43,0.0,0.0,2025-06-21 00:00:00,120,attachment3_10min_interpolation,2025-06-14 02:00:00,447.43,447.43,0.0,0.0,51.67333333333329,499.1033333333333,499.1033333333333,0.0,0.0,0.0,0.0,2400.0,2400.0,0,0.4311,192.887073,0.0,111.3818699999999,304.2689429999999,static_forecast,3558.541891203334,7628.731133333335,171.47729999999996,0.0
2025-06-21,12,2025-06-21 02:00:00,2025-06-21 02:10:00,3072.4014,512.0669,0.0,0.0,496.979,0.0,0.0,2025-06-21 00:00:00,130,attachment3_10min_interpolation,2025-06-14 02:10:00,496.979,496.979,0.0,0.0,15.087900000000047,512.0669,512.0669,0.0,0.0,0.0,0.0,2400.0,2400.0,0,0.4293,213.3530847,0.0,32.386177350000104,245.73926205000012,static_forecast,3804.281153253334,8140.798033333334,186.5652,0.0
2025-06-21,13,2025-06-21 02:10:00,2025-06-21 02:20:00,3013.1015,502.1835833333334,0.0,0.0,506.7176833333333,0.0,0.0,2025-06-21 00:00:00,140,attachment3_10min_interpolation,2025-06-14 02:20:00,506.7176833333333,506.7176833333333,0.0,0.0,0.0,506.7176833333333,506.7176833333333,0.0,0.0,0.0,4.53409999999991,2400.0,2400.0,0,0.4324,219.1047262733333,0.0,0.0,219.1047262733333,static_forecast,4023.3858795266674,8647.515716666669,186.5652,0.0
2025-06-21,14,2025-06-21 02:20:00,2025-06-21 02:30:00,2838.75,473.125,0.0,0.0,463.7683333333334,0.0,0.0,2025-06-21 00:00:00,150,attachment3_10min_interpolation,2025-06-14 02:30:00,463.7683333333334,463.7683333333334,0.0,0.0,9.356666666666626,473.125,473.125,0.0,0.0,0.0,0.0,2400.0,2400.0,0,0.4367,202.52763116666668,0.0,20.43028166666658,222.95791283333327,static_forecast,4246.34379236,9120.640716666669,195.92186666666663,0.0
2025-06-21,15,2025-06-21 02:30:00,2025-06-21 02:40:00,2749.9199,458.3199833333333,0.0,0.0,476.9005666666667,0.0,0.0,2025-06-21 00:00:00,160,attachment3_10min_interpolation,2025-06-14 02:40:00,476.9005666666667,476.9005666666667,0.0,0.0,0.0,476.9005666666667,476.9005666666667,0.0,0.0,0.0,18.58058333333338,2400.0,2400.0,0,0.4348,207.35636638666668,0.0,0.0,207.35636638666668,static_forecast,4453.7001587466675,9597.541283333336,195.92186666666663,0.0
2025-06-21,16,2025-06-21 02:40:00,2025-06-21 02:50:00,2820.5847,470.09745,0.0,0.0,477.2148,0.0,0.0,2025-06-21 00:00:00,170,attachment3_10min_interpolation,2025-06-14 02:50:00,477.2148,477.2148,0.0,0.0,0.0,477.2148,477.2148,0.0,0.0,0.0,7.1173500000000445,2400.0,2400.0,0,0.4335,206.8726158,0.0,0.0,206.8726158,static_forecast,4660.5727745466675,10074.756083333335,195.92186666666663,0.0
2025-06-21,17,2025-06-21 02:50:00,2025-06-21 03:00:00,2936.24,489.3733333333333,0.0,0.0,451.1233333333333,0.0,0.0,2025-06-21 00:00:00,180,attachment3_10min_interpolation,2025-06-14 03:00:00,451.1233333333333,451.1233333333333,0.0,0.0,38.25,489.3733333333333,489.3733333333333,0.0,0.0,0.0,0.0,2400.0,2400.0,0,0.4357,196.55443633333329,0.0,83.32762499999998,279.88206133333324,static_forecast,4940.45483588,10564.129416666668,234.17186666666663,0.0
2025-06-21,18,2025-06-21 03:00:00,2025-06-21 03:10:00,2920.1894,486.69823333333335,0.0012,0.0001999999999999,461.25168333333335,0.0,0.0,2025-06-21 00:00:00,190,attachment3_10min_interpolation,2025-06-14 03:10:00,461.25168333333335,461.25168333333335,0.0,0.0,25.446350000000002,486.69803333333334,486.69803333333334,0.0,0.0,0.0,0.0,2400.0,2400.0,0,0.4374,201.75148629,0.0,55.65116745000001,257.40265374,static_forecast,5197.857489620001,11050.827450000003,259.6182166666666,0.0
2025-06-21,19,2025-06-21 03:10:00,2025-06-21 03:20:00,2951.0328,491.8388,0.0,0.0,471.09725,0.0,0.0,2025-06-21 00:00:00,200,attachment3_10min_interpolation,2025-06-14 03:20:00,471.09725,471.09725,0.0,0.0,20.741550000000018,491.8388,491.8388,0.0,0.0,0.0,0.0,2400.0,2400.0,0,0.4371,205.91660797499998,0.0,45.330657525000035,251.24726550000003,static_forecast,5449.104755120001,11542.666250000002,280.35976666666664,0.0
2025-06-21,20,2025-06-21 03:20:00,2025-06-21 03:30:00,2977.51,496.2516666666667,0.0,0.0,470.23,0.0,0.0,2025-06-21 00:00:00,210,attachment3_10min_interpolation,2025-06-14 03:30:00,470.23,470.23,0.0,0.0,26.021666666666704,496.2516666666667,496.2516666666667,0.0,0.0,0.0,0.0,2400.0,2400.0,0,0.4356,204.832188,0.0,56.67519000000008,261.5073780000001,static_forecast,5710.612133120001,12038.917916666669,306.38143333333335,0.0
2025-06-21,21,2025-06-21 03:30:00,2025-06-21 03:40:00,2780.298,463.383,0.0162,0.0026999999999999,487.2503333333333,0.0,0.0,2025-06-21 00:00:00,220,attachment3_10min_interpolation,2025-06-14 03:40:00,487.2503333333333,487.2503333333333,0.0,0.0,0.0,487.2503333333333,487.2503333333333,0.0,0.0,0.0026999999999999,23.867333333333306,2400.0,2400.0,0,0.4353,212.10007009999998,0.0,0.0,212.10007009999998,static_forecast,5922.712203220001,12526.168250000002,306.38143333333335,0.0026999999999999
2025-06-21,22,2025-06-21 03:40:00,2025-06-21 03:50:00,2728.3059,454.71765,0.0,0.0,499.44795,0.0,0.0,2025-06-21 00:00:00,230,attachment3_10min_interpolation,2025-06-14 03:50:00,499.44795,499.44795,0.0,0.0,0.0,499.44795,499.44795,0.0,0.0,0.0,44.7303,2400.0,2400.0,0,0.436,217.7593062,0.0,0.0,217.7593062,static_forecast,6140.471509420001,13025.616200000002,306.38143333333335,0.0026999999999999
2025-06-21,23,2025-06-21 03:50:00,2025-06-21 04:00:00,2862.19,477.0316666666667,0.0,0.0,480.9666666666667,0.0,0.0,2025-06-21 00:00:00,240,attachment3_10min_interpolation,2025-06-14 04:00:00,480.9666666666667,480.9666666666667,0.0,0.0,0.0,480.9666666666667,480.9666666666667,0.0,0.0,0.0,3.9350000000000023,2400.0,2400.0,0,0.4378,210.5672066666667,0.0,0.0,210.5672066666667,static_forecast,6351.038716086668,13506.58286666667,306.38143333333335,0.0026999999999999
2025-06-21,24,2025-06-21 04:00:00,2025-06-21 04:10:00,2845.9182,474.3197,0.2263,0.0377166666666666,434.77895,1.1609166666666666,0.1934861111111111,2025-06-21 00:00:00,250,attachment3_10min_interpolation,2025-06-14 04:10:00,434.5854638888889,434.5854638888889,0.0,0.0,39.696519444444434,474.28198333333336,474.28198333333336,0.0,0.0,0.0,0.0,2400.0,2400.0,0,0.4401,191.2610626575,0.0,87.35219103749998,278.61325369499997,static_forecast,6629.6519697816675,13980.864850000004,346.0779527777778,0.0026999999999999
2025-06-21,25,2025-06-21 04:10:00,2025-06-21 04:20:00,2748.951,458.1585,0.0,0.0,433.7089,2.321833333333333,0.3869722222222222,2025-06-21 00:00:00,260,attachment3_10min_interpolation,2025-06-14 04:20:00,433.32192777777783,433.32192777777783,0.0,0.0,24.836572222222173,458.1585,458.1585,0.0,0.0,0.0,0.0,2400.0,2400.0,0,0.4389,190.1849941016667,0.0,54.503857741666565,244.68885184333325,static_forecast,6874.340821625001,14439.023350000003,370.91452499999997,0.0026999999999999
2025-06-21,26,2025-06-21 04:20:00,2025-06-21 04:30:00,2677.31,446.2183333333333,0.0,0.0,466.6483333333333,3.48275,0.5804583333333333,2025-06-21 00:00:00,270,attachment3_10min_interpolation,2025-06-14 04:30:00,466.06787499999996,466.06787499999996,0.0,0.0,0.0,466.06787499999996,466.06787499999996,0.0,0.0,0.0,19.849541666666653,2400.0,2400.0,0,0.4364,203.39202064999998,0.0,0.0,203.39202064999998,static_forecast,7077.732842275001,14905.091225000004,370.91452499999997,0.0026999999999999
2025-06-21,27,2025-06-21 04:30:00,2025-06-21 04:40:00,2660.8713,443.47855,3.1516,0.5252666666666667,453.4743833333334,4.643666666666666,0.7739444444444444,2025-06-21 00:00:00,280,attachment3_10min_interpolation,2025-06-14 04:40:00,452.7004388888889,452.7004388888889,0.0,0.0,0.0,452.7004388888889,452.7004388888889,0.0,0.0,0.5252666666666667,9.221888888888941,2400.0,2400.0,0,0.4393,198.8713028038889,0.0,0.0,198.8713028038889,static_forecast,7276.60414507889,15357.791663888893,370.91452499999997,0.5279666666666666
2025-06-21,28,2025-06-21 04:40:00,2025-06-21 04:50:00,2702.3205,450.38675,0.0,0.0,440.2033,5.804583333333333,0.9674305555555556,2025-06-21 00:00:00,290,attachment3_10min_interpolation,2025-06-14 04:50:00,439.23586944444446,439.23586944444446,0.0,0.0,11.150880555555545,450.38675,450.38675,0.0,0.0,0.0,0.0,2400.0,2400.0,0,0.4422,194.23010146833334,0.0,24.65459690833331,218.88469837666665,static_forecast,7495.488843455557,15808.178413888892,382.0654055555555,0.5279666666666666
2025-06-21,29,2025-06-21 04:50:00,2025-06-21 05:00:00,2732.32,455.3866666666667,7.275,1.2125,438.79,6.9655,1.1609166666666666,2025-06-21 00:00:00,300,attachment3_10min_interpolation,2025-06-14 05:00:00,437.62908333333337,437.62908333333337,0.0,0.0,16.545083333333345,454.17416666666674,454.17416666666674,0.0,0.0,0.0,0.0,2400.0,2400.0,0,0.4395,192.33798212500002,0.0,36.35782062500002,228.69580275000004,static_forecast,7724.184646205557,16262.35258055556,398.6104888888889,0.5279666666666666
2025-06-21,30,2025-06-21 05:00:00,2025-06-21 05:10:00,2664.7178,444.1196333333333,116.7655,19.460916666666662,417.0898333333334,149.04488333333333,24.84081388888889,2025-06-21 00:00:00,310,attachment3_10min_interpolation,2025-06-14 05:10:00,392.2490194444445,392.2490194444445,0.0,0.0,32.40969722222212,424.65871666666663,424.65871666666663,0.0,0.0,0.0,0.0,2400.0,2400.0,0,0.4333,169.9615001252778,0.0,70.21560903194423,240.17710915722205,static_forecast,7964.361755362779,16687.011297222227,431.020186111111,0.5279666666666666
2025-06-21,31,2025-06-21 05:10:00,2025-06-21 05:20:00,2606.871,434.4785,263.9703,43.99505,429.8006,291.1242666666667,48.52071111111112,2025-06-21 00:00:00,320,attachment3_10min_interpolation,2025-06-14 05:20:00,381.2798888888889,381.2798888888889,0.0,0.0,9.20356111111112,390.48345,390.48345,0.0,0.0,0.0,0.0,2400.0,2400.0,0,0.4439,169.25014267777777,0.0,20.427303886111133,189.6774465638889,static_forecast,8154.039201926668,17077.494747222227,440.22374722222213,0.5279666666666666
2025-06-21,32,2025-06-21 05:20:00,2025-06-21 05:30:00,2642.15,440.35833333333335,417.075,69.5125,472.26,433.20365,72.20060833333334,2025-06-21 00:00:00,330,attachment3_10min_interpolation,2025-06-14 05:30:00,400.05939166666667,400.05939166666667,0.0,0.0,0.0,400.05939166666667,400.05939166666667,0.0,0.0,29.213558333333324,0.0,2400.0,2400.0,0,0.4301,172.06554435583334,0.0,0.0,172.06554435583334,static_forecast,8326.1047462825,17477.554138888892,440.22374722222213,29.741524999999992
2025-06-21,33,2025-06-21 05:30:00,2025-06-21 05:40:00,2745.0641,457.51068333333336,587.5961,97.93268333333332,478.5850333333333,575.2830333333334,95.88050555555556,2025-06-21 00:00:00,340,attachment3_10min_interpolation,2025-06-14 05:40:00,1182.7045277777777,1182.7045277777777,0.0,0.0,0.0,1182.7045277777777,1182.7045277777777,800.0,0.0,23.126527777777582,0.0,2400.0,3120.0,1,0.3713,439.1381911638889,0.0,0.0,439.1381911638889,static_forecast,8765.24293744639,18660.25866666667,440.22374722222213,52.86805277777758
2025-06-21,34,2025-06-21 05:40:00,2025-06-21 05:50:00,2758.042,459.6736666666666,735.8325,122.63875,464.90546666666665,717.3624166666667,119.56040277777778,2025-06-21 00:00:00,350,attachment3_10min_interpolation,2025-06-14 05:50:00,21.345063888888888,21.345063888888888,0.0,0.0,0.0,21.345063888888888,21.345063888888888,0.0,324.0,8.310147222222326,0.0,3120.0,2760.0,0,0.5708,12.183762467777777,0.0,0.0,12.183762467777777,static_forecast,8777.426699914167,18681.60373055556,440.22374722222213,61.178199999999904
2025-06-21,35,2025-06-21 05:50:00,2025-06-21 06:00:00,2741.64,456.94,890.7,148.45000000000002,461.48,859.4418,143.2403,2025-06-21 00:00:00,360,attachment3_10min_interpolation,2025-06-14 06:00:00,0.0,0.0,0.0,0.0,0.0,0.0,0.0,0.0,324.0,15.509999999999991,0.0,2760.0,2400.0,0,0.9099,0.0,0.0,0.0,0.0,static_forecast,8777.426699914167,18681.60373055556,440.22374722222213,76.6881999999999
2025-06-21,36,2025-06-21 06:00:00,2025-06-21 06:10:00,2888.7304,481.45506666666665,1136.9554,189.49256666666668,477.3072833333333,1138.3141833333334,189.71903055555558,2025-06-21 00:00:00,370,attachment3_10min_interpolation,2025-06-14 06:10:00,0.0,0.0,0.0,0.0,0.0,0.0,0.0,0.0,324.0,32.03750000000002,0.0,2400.0,2040.0,0,0.9368,0.0,0.0,0.0,0.0,static_forecast,8777.426699914167,18681.60373055556,440.22374722222213,108.72569999999992
2025-06-21,37,2025-06-21 06:10:00,2025-06-21 06:20:00,2932.231,488.7051666666667,1453.4028,242.2338,468.1024333333333,1417.1865666666667,236.19776111111113,2025-06-21 00:00:00,380,attachment3_10min_interpolation,2025-06-14 06:20:00,15.90467222222216,15.90467222222216,0.0,0.0,14.56669444444455,30.47136666666671,30.47136666666671,0.0,216.0,0.0,0.0,2040.0,1800.0,0,0.8758,13.929311932222168,0.0,63.78755497222269,77.71686690444486,static_forecast,8855.143566818611,18712.075097222227,454.79044166666665,108.72569999999992
2025-06-21,38,2025-06-21 06:20:00,2025-06-21 06:30:00,2764.02,460.67,1765.9125,294.31875,436.9483333333333,1696.05895,282.67649166666666,2025-06-21 00:00:00,390,attachment3_10min_interpolation,2025-06-14 06:30:00,46.27184166666666,46.27184166666666,0.0,0.0,12.079408333333333,58.35124999999999,58.35124999999999,0.0,108.0,0.0,0.0,1800.0,1680.0,0,0.8759,40.52950611583333,0.0,52.901768795833334,93.43127491166666,static_forecast,8948.574841730278,18770.426347222226,466.86985,108.72569999999992
2025-06-21,39,2025-06-21 06:30:00,2025-06-21 06:40:00,2606.6137,434.43561666666665,2022.3026,337.05043333333333,436.2395,1974.9313333333332,329.1552222222222,2025-06-21 00:00:00,400,attachment3_10min_interpolation,2025-06-14 06:40:00,0.0,0.0,0.0,0.0,0.0,0.0,0.0,0.0,108.0,10.614816666666684,0.0,1680.0,1560.0,0,0.8601,0.0,0.0,0.0,0.0,static_forecast,8948.574841730278,18770.426347222226,466.86985,119.3405166666666
2025-06-21,40,2025-06-21 06:40:00,2025-06-21 06:50:00,2867.7649,477.9608166666667,2350.4923,391.74871666666667,472.3980833333333,2253.803716666667,375.6339527777778,2025-06-21 00:00:00,410,attachment3_10min_interpolation,2025-06-14 06:50:00,0.0,0.0,0.0,0.0,0.0,0.0,0.0,0.0,108.0,21.78789999999998,0.0,1560.0,1440.0,0,0.8442,0.0,0.0,0.0,0.0,static_forecast,8948.574841730278,18770.426347222226,466.86985,141.12841666666657
2025-06-21,41,2025-06-21 06:50:00,2025-06-21 07:00:00,3304.27,550.7116666666667,2699.25,449.875,521.8516666666667,2532.6761,422.11268333333334,2025-06-21 00:00:00,420,attachment3_10min_interpolation,2025-06-14 07:00:00,0.0,0.0,0.0,0.0,0.0,0.0,0.0,0.0,108.0,7.1633333333332985,0.0,1440.0,1320.0,0,0.8334,0.0,0.0,0.0,0.0,static_forecast,8948.574841730278,18770.426347222226,466.86985,148.29174999999987
2025-06-21,42,2025-06-21 07:00:00,2025-06-21 07:10:00,3254.3169,542.3861499999999,2874.6231,479.10385,549.1168833333334,2766.128666666667,461.0214444444445,2025-06-21 00:00:00,430,attachment3_10min_interpolation,2025-06-14 07:10:00,0.0,0.0,0.0,0.0,0.0,0.0,0.0,0.0,108.0,44.71770000000009,0.0,1320.0,1200.0,0,0.8092,0.0,0.0,0.0,0.0,static_forecast,8948.574841730278,18770.426347222226,466.86985,193.00944999999996
2025-06-21,43,2025-06-21 07:10:00,2025-06-21 07:20:00,3137.5948,522.9324666666666,3006.0287,501.0047833333333,543.5154833333333,2999.5812333333333,499.9302055555556,2025-06-21 00:00:00,440,attachment3_10min_interpolation,2025-06-14 07:20:00,43.585277777777776,43.585277777777776,0.0,0.0,0.0,43.585277777777776,43.585277777777776,0.0,0.0,21.65759444444444,0.0,1200.0,1200.0,0,0.7972,34.74618344444444,0.0,0.0,34.74618344444444,static_forecast,8983.321025174722,18814.011625000003,466.86985,214.6670444444444
2025-06-21,44,2025-06-21 07:20:00,2025-06-21 07:30:00,3174.85,529.1416666666667,3224.8875,537.4812499999999,525.9583333333334,3233.0338,538.8389666666667,2025-06-21 00:00:00,450,attachment3_10min_interpolation,2025-06-14 07:30:00,0.0,0.0,0.0,0.0,0.0,0.0,0.0,0.0,0.0,8.33958333333328,0.0,1200.0,1200.0,0,0.7644,0.0,0.0,0.0,0.0,static_forecast,8983.321025174722,18814.011625000003,466.86985,223.00662777777768
2025-06-21,45,2025-06-21 07:30:00,2025-06-21 07:40:00,3159.7263,526.62105,3537.527,589.5878333333334,528.8353000000001,3466.486366666667,577.7477277777779,2025-06-21 00:00:00,460,attachment3_10min_interpolation,2025-06-14 07:40:00,0.0,0.0,0.0,0.0,0.0,0.0,0.0,0.0,0.0,62.96678333333341,0.0,1200.0,1200.0,0,0.6899,0.0,0.0,0.0,0.0,static_forecast,8983.321025174722,18814.011625000003,466.86985,285.9734111111111
2025-06-21,46,2025-06-21 07:40:00,2025-06-21 07:50:00,3087.5763,514.59605,3785.3986,630.8997666666667,531.0549666666667,3699.938933333333,616.6564888888888,2025-06-21 00:00:00,470,attachment3_10min_interpolation,2025-06-14 07:50:00,0.0,0.0,0.0,0.0,0.0,0.0,0.0,0.0,0.0,116.30371666666667,0.0,1200.0,1200.0,0,0.86,0.0,0.0,0.0,0.0,static_forecast,8983.321025174722,18814.011625000003,466.86985,402.27712777777776
2025-06-21,47,2025-06-21 07:50:00,2025-06-21 08:00:00,3062.36,510.3933333333334,4003.425,667.2375000000001,529.0516666666666,3933.3915,655.56525,2025-06-21 00:00:00,480,attachment3_10min_interpolation,2025-06-14 08:00:00,0.0,0.0,0.0,0.0,0.0,0.0,0.0,0.0,0.0,156.8441666666667,0.0,1200.0,1200.0,0,1.1617,0.0,0.0,0.0,0.0,static_forecast,8983.321025174722,18814.011625000003,466.86985,559.1212944444444
2025-06-21,48,2025-06-21 08:00:00,2025-06-21 08:10:00,3162.0197,527.0032833333333,4334.7324,722.4553999999999,539.2734,4030.971983333333,671.8286638888889,2025-06-21 00:00:00,490,attachment3_10min_interpolation,2025-06-14 08:10:00,0.0,0.0,0.0,0.0,0.0,0.0,0.0,0.0,0.0,195.4521166666666,0.0,1200.0,1200.0,0,1.1683,0.0,0.0,0.0,0.0,static_forecast,8983.321025174722,18814.011625000003,466.86985,754.573411111111
2025-06-21,49,2025-06-21 08:10:00,2025-06-21 08:20:00,3160.9922,526.8320333333334,4441.8035,740.3005833333333,535.2853166666666,4128.552466666667,688.0920777777778,2025-06-21 00:00:00,500,attachment3_10min_interpolation,2025-06-14 08:20:00,0.0,0.0,0.0,0.0,0.0,0.0,0.0,0.0,0.0,213.46854999999994,0.0,1200.0,1200.0,0,1.0956,0.0,0.0,0.0,0.0,static_forecast,8983.321025174722,18814.011625000003,466.86985,968.0419611111109
2025-06-21,50,2025-06-21 08:20:00,2025-06-21 08:30:00,3037.59,506.265,4358.7,726.4499999999999,519.505,4226.13295,704.3554916666667,2025-06-21 00:00:00,510,attachment3_10min_interpolation,2025-06-14 08:30:00,0.0,0.0,0.0,0.0,0.0,0.0,0.0,0.0,0.0,220.18499999999995,0.0,1200.0,1200.0,0,1.0849,0.0,0.0,0.0,0.0,static_forecast,8983.321025174722,18814.011625000003,466.86985,1188.226961111111
2025-06-21,51,2025-06-21 08:30:00,2025-06-21 08:40:00,3030.9974,505.16623333333337,4479.895,746.6491666666667,526.7351666666667,4323.713433333333,720.6189055555556,2025-06-21 00:00:00,520,attachment3_10min_interpolation,2025-06-14 08:40:00,0.0,0.0,0.0,0.0,0.0,0.0,0.0,0.0,0.0,241.48293333333334,0.0,1200.0,1200.0,0,1.061,0.0,0.0,0.0,0.0,static_forecast,8983.321025174722,18814.011625000003,466.86985,1429.7098944444442
2025-06-21,52,2025-06-21 08:40:00,2025-06-21 08:50:00,3289.939,548.3231666666667,4668.5166,778.0861,561.15215,4421.2939166666665,736.8823194444444,2025-06-21 00:00:00,530,attachment3_10min_interpolation,2025-06-14 08:50:00,0.0,0.0,0.0,0.0,0.0,0.0,0.0,0.0,0.0,229.7629333333333,0.0,1200.0,1200.0,0,1.043,0.0,0.0,0.0,0.0,static_forecast,8983.321025174722,18814.011625000003,466.86985,1659.4728277777776
2025-06-21,53,2025-06-21 08:50:00,2025-06-21 09:00:00,3650.62,608.4366666666666,4746.075,791.0124999999999,607.36,4518.8744,753.1457333333333,2025-06-21 00:00:00,540,attachment3_10min_interpolation,2025-06-14 09:00:00,0.0,0.0,0.0,0.0,0.0,0.0,0.0,0.0,0.0,182.57583333333332,0.0,1200.0,1200.0,0,1.036,0.0,0.0,0.0,0.0,static_forecast,8983.321025174722,18814.011625000003,466.86985,1842.048661111111
2025-06-21,54,2025-06-21 09:00:00,2025-06-21 09:10:00,3785.9011,630.9835166666667,4746.9534,791.1589,642.0851166666666,4889.578816666666,814.9298027777777,2025-06-21 00:00:00,550,attachment3_10min_interpolation,2025-06-14 09:10:00,0.0,0.0,0.0,0.0,0.0,0.0,0.0,0.0,0.0,160.17538333333334,0.0,1200.0,1200.0,0,1.0147,0.0,0.0,0.0,0.0,static_forecast,8983.321025174722,18814.011625000003,466.86985,2002.2240444444442
2025-06-21,55,2025-06-21 09:10:00,2025-06-21 09:20:00,3849.6183,641.60305,5139.4381,856.5730166666667,656.56745,5260.283233333334,876.7138722222222,2025-06-21 00:00:00,560,attachment3_10min_interpolation,2025-06-14 09:20:00,0.0,0.0,0.0,0.0,0.0,0.0,0.0,0.0,0.0,214.96996666666666,0.0,1200.0,1200.0,0,0.9922,0.0,0.0,0.0,0.0,static_forecast,8983.321025174722,18814.011625000003,466.86985,2217.1940111111107
2025-06-21,56,2025-06-21 09:20:00,2025-06-21 09:30:00,3824.6,637.4333333333333,5794.3125,965.71875,648.4433333333333,5630.98765,938.4979416666666,2025-06-21 00:00:00,570,attachment3_10min_interpolation,2025-06-14 09:30:00,0.0,0.0,0.0,0.0,0.0,0.0,0.0,0.0,0.0,328.2854166666667,0.0,1200.0,1200.0,0,0.97,0.0,0.0,0.0,0.0,static_forecast,8983.321025174722,18814.011625000003,466.86985,2545.4794277777773
2025-06-21,57,2025-06-21 09:30:00,2025-06-21 09:40:00,3582.3586,597.0597666666666,6109.068,1018.178,623.8431333333333,6001.6920666666665,1000.282011111111,2025-06-21 00:00:00,580,attachment3_10min_interpolation,2025-06-14 09:40:00,0.0,0.0,0.0,0.0,0.0,0.0,0.0,0.0,0.0,421.11823333333336,0.0,1200.0,1200.0,0,0.9422,0.0,0.0,0.0,0.0,static_forecast,8983.321025174722,18814.011625000003,466.86985,2966.597661111111
2025-06-21,58,2025-06-21 09:40:00,2025-06-21 09:50:00,3687.9447,614.65745,6385.1018,1064.183633333333,611.4957166666667,6372.396483333334,1062.0660805555556,2025-06-21 00:00:00,590,attachment3_10min_interpolation,2025-06-14 09:50:00,0.0,0.0,0.0,0.0,0.0,0.0,0.0,0.0,0.0,449.52618333333305,0.0,1200.0,1200.0,0,0.9569,0.0,0.0,0.0,0.0,static_forecast,8983.321025174722,18814.011625000003,466.86985,3416.123844444444
2025-06-21,59,2025-06-21 09:50:00,2025-06-21 10:00:00,4000.14,666.6899999999999,6643.5375,1107.25625,627.3066666666667,6743.1009,1123.85015,2025-06-21 00:00:00,600,attachment3_10min_interpolation,2025-06-14 10:00:00,0.0,0.0,0.0,0.0,0.0,0.0,0.0,0.0,0.0,440.56624999999997,0.0,1200.0,1200.0,0,0.9977,0.0,0.0,0.0,0.0,static_forecast,8983.321025174722,18814.011625000003,466.86985,3856.6900944444437
2025-06-21,60,2025-06-21 10:00:00,2025-06-21 10:10:00,3826.1041,637.6840166666667,6589.8893,1098.3148833333332,656.8212,6864.0090666666665,1144.001511111111,2025-06-21 00:00:00,610,attachment3_10min_interpolation,2025-06-14 10:10:00,0.0,0.0,0.0,0.0,0.0,0.0,0.0,0.0,0.0,460.6308666666665,0.0,1200.0,1200.0,0,0.9919,0.0,0.0,0.0,0.0,static_forecast,8983.321025174722,18814.011625000003,466.86985,4317.320961111111
2025-06-21,61,2025-06-21 10:10:00,2025-06-21 10:20:00,3761.4976,626.9162666666667,6695.6004,1115.9334,641.9134166666666,6984.917233333334,1164.1528722222222,2025-06-21 00:00:00,620,attachment3_10min_interpolation,2025-06-14 10:20:00,0.0,0.0,0.0,0.0,0.0,0.0,0.0,0.0,0.0,489.01713333333316,0.0,1200.0,1200.0,0,0.9588,0.0,0.0,0.0,0.0,static_forecast,8983.321025174722,18814.011625000003,466.86985,4806.338094444443
2025-06-21,62,2025-06-21 10:20:00,2025-06-21 10:30:00,3901.91,650.3183333333333,7000.9875,1166.83125,604.6266666666667,7105.8254,1184.3042333333333,2025-06-21 00:00:00,630,attachment3_10min_interpolation,2025-06-14 10:30:00,0.0,0.0,0.0,0.0,0.0,0.0,0.0,0.0,0.0,516.5129166666667,0.0,1200.0,1200.0,0,0.9549,0.0,0.0,0.0,0.0,static_forecast,8983.321025174722,18814.011625000003,466.86985,5322.85101111111
2025-06-21,63,2025-06-21 10:30:00,2025-06-21 10:40:00,3726.7535,621.1255833333333,7093.8409,1182.3068166666667,621.9841333333333,7226.733566666667,1204.4555944444444,2025-06-21 00:00:00,640,attachment3_10min_interpolation,2025-06-14 10:40:00,0.0,0.0,0.0,0.0,0.0,0.0,0.0,0.0,0.0,561.1812333333334,0.0,1200.0,1200.0,0,0.9839,0.0,0.0,0.0,0.0,static_forecast,8983.321025174722,18814.011625000003,466.86985,5884.032244444444
2025-06-21,64,2025-06-21 10:40:00,2025-06-21 10:50:00,3565.5609,594.26015,7243.1188,1207.1864666666668,630.5688833333334,7347.641733333333,1224.6069555555555,2025-06-21 00:00:00,650,attachment3_10min_interpolation,2025-06-14 10:50:00,0.0,0.0,0.0,0.0,0.0,0.0,0.0,0.0,0.0,612.9263166666668,0.0,1200.0,1200.0,0,0.799,0.0,0.0,0.0,0.0,static_forecast,8983.321025174722,18814.011625000003,466.86985,6496.958561111111
2025-06-21,65,2025-06-21 10:50:00,2025-06-21 11:00:00,3679.21,613.2016666666667,7400.1,1233.35,603.1533333333333,7468.5499,1244.7583166666666,2025-06-21 00:00:00,660,attachment3_10min_interpolation,2025-06-14 11:00:00,0.0,0.0,0.0,0.0,0.0,0.0,0.0,0.0,0.0,620.1483333333332,0.0,1200.0,1200.0,0,0.5025,0.0,0.0,0.0,0.0,static_forecast,8983.321025174722,18814.011625000003,466.86985,7117.106894444444
2025-06-21,66,2025-06-21 11:00:00,2025-06-21 11:10:00,3945.6166,657.6027666666666,7306.5816,1217.7636,580.304,7584.002666666666,1264.0004444444444,2025-06-21 00:00:00,670,attachment3_10min_interpolation,2025-06-14 11:10:00,0.0,0.0,0.0,0.0,0.0,0.0,0.0,533.3333333333334,0.0,26.8275000000001,0.0,1200.0,1680.0,1,0.4662,0.0,0.0,0.0,0.0,static_forecast,8983.321025174722,18814.011625000003,466.86985,7143.9343944444445
2025-06-21,67,2025-06-21 11:10:00,2025-06-21 11:20:00,3900.6403,650.1067166666667,7782.8954,1297.1492333333333,583.4636333333334,7699.455433333333,1283.2425722222222,2025-06-21 00:00:00,680,attachment3_10min_interpolation,2025-06-14 11:20:00,0.0,0.0,0.0,0.0,0.0,0.0,0.0,533.3333333333334,0.0,113.70918333333316,0.0,1680.0,2160.0,1,0.5007,0.0,0.0,0.0,0.0,static_forecast,8983.321025174722,18814.011625000003,466.86985,7257.643577777778
2025-06-21,68,2025-06-21 11:20:00,2025-06-21 11:30:00,3645.76,607.6266666666667,8490.225,1415.0375,603.2866666666666,7814.9082,1302.4847,2025-06-21 00:00:00,690,attachment3_10min_interpolation,2025-06-14 11:30:00,0.0,0.0,0.0,0.0,0.0,0.0,0.0,533.3333333333334,0.0,274.0774999999999,0.0,2160.0,2640.0,1,0.4827,0.0,0.0,0.0,0.0,static_forecast,8983.321025174722,18814.011625000003,466.86985,7531.721077777778
2025-06-21,69,2025-06-21 11:30:00,2025-06-21 11:40:00,3705.1427,617.5237833333333,8180.7164,1363.4527333333333,612.7584666666667,7930.360966666666,1321.7268277777778,2025-06-21 00:00:00,700,attachment3_10min_interpolation,2025-06-14 11:40:00,0.0,0.0,0.0,0.0,0.0,0.0,0.0,533.3333333333334,0.0,212.59561666666673,0.0,2640.0,3120.0,1,0.4785,0.0,0.0,0.0,0.0,static_forecast,8983.321025174722,18814.011625000003,466.86985,7744.316694444445
2025-06-21,70,2025-06-21 11:40:00,2025-06-21 11:50:00,3724.3133,620.7188833333333,7677.6706,1279.6117666666669,614.83545,8045.813733333333,1340.9689555555556,2025-06-21 00:00:00,710,attachment3_10min_interpolation,2025-06-14 11:50:00,0.0,0.0,0.0,0.0,0.0,0.0,0.0,533.3333333333334,0.0,125.55955000000017,0.0,3120.0,3600.0,1,0.4662,0.0,0.0,0.0,0.0,static_forecast,8983.321025174722,18814.011625000003,466.86985,7869.876244444445
2025-06-21,71,2025-06-21 11:50:00,2025-06-21 12:00:00,3631.08,605.18,7665.1125,1277.51875,615.5883333333334,8161.2665,1360.2110833333334,2025-06-21 00:00:00,720,attachment3_10min_interpolation,2025-06-14 12:00:00,0.0,0.0,0.0,0.0,0.0,0.0,0.0,533.3333333333334,0.0,139.00541666666663,0.0,3600.0,4080.0,1,0.4432,0.0,0.0,0.0,0.0,static_forecast,8983.321025174722,18814.011625000003,466.86985,8008.8816611111115
2025-06-21,72,2025-06-21 12:00:00,2025-06-21 12:10:00,3735.5415,622.59025,8044.2631,1340.7105166666668,616.7149833333334,8150.975533333333,1358.4959222222221,2025-06-21 00:00:00,730,attachment3_10min_interpolation,2025-06-14 12:10:00,0.0,0.0,0.0,0.0,0.0,0.0,0.0,533.3333333333334,0.0,184.78693333333354,0.0,4080.0,4560.0,1,0.4411,0.0,0.0,0.0,0.0,static_forecast,8983.321025174722,18814.011625000003,466.86985,8193.668594444445
2025-06-21,73,2025-06-21 12:10:00,2025-06-21 12:20:00,3852.2352,642.0392,8300.9755,1383.4959166666667,620.8659166666666,8140.684566666667,1356.7807611111111,2025-06-21 00:00:00,740,attachment3_10min_interpolation,2025-06-14 12:20:00,0.0,0.0,0.0,0.0,0.0,0.0,0.0,533.3333333333334,0.0,208.12338333333332,0.0,4560.0,5040.0,1,0.4551,0.0,0.0,0.0,0.0,static_forecast,8983.321025174722,18814.011625000003,466.86985,8401.791977777779
2025-06-21,74,2025-06-21 12:20:00,2025-06-21 12:30:00,3928.56,654.76,8383.0125,1397.16875,626.92,8130.393599999999,1355.0656,2025-06-21 00:00:00,750,attachment3_10min_interpolation,2025-06-14 12:30:00,0.0,0.0,0.0,0.0,0.0,0.0,0.0,533.3333333333334,0.0,209.0754166666668,0.0,5040.0,5520.0,1,0.4463,0.0,0.0,0.0,0.0,static_forecast,8983.321025174722,18814.011625000003,466.86985,8610.867394444445
2025-06-21,75,2025-06-21 12:30:00,2025-06-21 12:40:00,4059.9044,676.6507333333333,8605.7877,1434.29795,630.1571166666666,8120.102633333333,1353.350438888889,2025-06-21 00:00:00,760,attachment3_10min_interpolation,2025-06-14 12:40:00,0.0,0.0,0.0,0.0,0.0,0.0,0.0,533.3333333333334,0.0,224.31388333333325,0.0,5520.0,6000.0,1,0.4113,0.0,0.0,0.0,0.0,static_forecast,8983.321025174722,18814.011625000003,466.86985,8835.181277777778
2025-06-21,76,2025-06-21 12:40:00,2025-06-21 12:50:00,3912.5928,652.0988,8542.7209,1423.7868166666667,628.0763000000001,8109.811666666666,1351.6352777777777,2025-06-21 00:00:00,770,attachment3_10min_interpolation,2025-06-14 12:50:00,0.0,0.0,0.0,0.0,0.0,0.0,0.0,533.3333333333334,0.0,238.35468333333347,0.0,6000.0,6480.0,1,0.5682,0.0,0.0,0.0,0.0,static_forecast,8983.321025174722,18814.011625000003,466.86985,9073.53596111111
2025-06-21,77,2025-06-21 12:50:00,2025-06-21 13:00:00,3688.01,614.6683333333334,8049.6,1341.6,627.2283333333334,8099.5207,1349.9201166666667,2025-06-21 00:00:00,780,attachment3_10min_interpolation,2025-06-14 13:00:00,0.0,0.0,0.0,0.0,0.0,0.0,0.0,533.3333333333334,0.0,193.59833333333313,0.0,6480.0,6960.0,1,0.8279,0.0,0.0,0.0,0.0,static_forecast,8983.321025174722,18814.011625000003,466.86985,9267.134294444444
2025-06-21,78,2025-06-21 13:00:00,2025-06-21 13:10:00,3910.4683,651.7447166666667,7493.4162,1248.9027,636.2238,7753.108766666666,1292.1847944444444,2025-06-21 00:00:00,790,attachment3_10min_interpolation,2025-06-14 13:10:00,0.0,0.0,0.0,0.0,0.0,0.0,0.0,533.3333333333334,0.0,63.82465000000002,0.0,6960.0,7440.0,1,0.8636,0.0,0.0,0.0,0.0,static_forecast,8983.321025174722,18814.011625000003,466.86985,9330.958944444445
2025-06-21,79,2025-06-21 13:10:00,2025-06-21 13:20:00,3862.6154,643.7692333333333,7354.9231,1225.820516666667,639.1596833333333,7406.696833333333,1234.4494722222223,2025-06-21 00:00:00,800,attachment3_10min_interpolation,2025-06-14 13:20:00,0.0,0.0,0.0,0.0,0.0,0.0,0.0,533.3333333333334,0.0,48.7179500000002,0.0,7440.0,7920.0,1,0.8416,0.0,0.0,0.0,0.0,static_forecast,8983.321025174722,18814.011625000003,466.86985,9379.676894444445
2025-06-21,80,2025-06-21 13:20:00,2025-06-21 13:30:00,3589.29,598.215,7340.8875,1223.48125,637.945,7060.2849,1176.71415,2025-06-21 00:00:00,810,attachment3_10min_interpolation,2025-06-14 13:30:00,0.0,0.0,0.0,0.0,0.0,0.0,0.0,533.3333333333334,0.0,91.93291666666664,0.0,7920.0,8400.0,1,0.8618,0.0,0.0,0.0,0.0,static_forecast,8983.321025174722,18814.011625000003,466.86985,9471.609811111111
2025-06-21,81,2025-06-21 13:30:00,2025-06-21 13:40:00,3849.2221,641.5370166666667,6714.7449,1119.12415,648.8773166666666,6713.872966666667,1118.9788277777777,2025-06-21 00:00:00,820,attachment3_10min_interpolation,2025-06-14 13:40:00,0.0,0.0,0.0,0.0,0.0,0.0,0.0,266.6666666666667,0.0,210.9204666666667,0.0,8400.0,8640.0,1,0.8623,0.0,0.0,0.0,0.0,static_forecast,8983.321025174722,18814.011625000003,466.86985,9682.530277777778
2025-06-21,82,2025-06-21 13:40:00,2025-06-21 13:50:00,3978.2382,663.0396999999999,6127.755,1021.2925,651.04975,6367.461033333333,1061.2435055555554,2025-06-21 00:00:00,830,attachment3_10min_interpolation,2025-06-14 13:50:00,0.0,0.0,0.0,0.0,0.0,0.0,0.0,266.6666666666667,0.0,91.58613333333346,0.0,8640.0,8880.0,1,0.9026,0.0,0.0,0.0,0.0,static_forecast,8983.321025174722,18814.011625000003,466.86985,9774.116411111112
2025-06-21,83,2025-06-21 13:50:00,2025-06-21 14:00:00,3861.85,643.6416666666667,5956.2,992.7,645.2583333333333,6021.0491,1003.5081833333334,2025-06-21 00:00:00,840,attachment3_10min_interpolation,2025-06-14 14:00:00,0.0,0.0,0.0,0.0,0.0,0.0,0.0,266.6666666666667,0.0,82.39166666666665,0.0,8880.0,9120.0,1,0.9754,0.0,0.0,0.0,0.0,static_forecast,8983.321025174722,18814.011625000003,466.86985,9856.508077777778
2025-06-21,84,2025-06-21 14:00:00,2025-06-21 14:10:00,4047.8905,674.6484166666667,5941.7978,990.2996333333334,651.8894666666666,6055.135716666667,1009.1892861111111,2025-06-21 00:00:00,850,attachment3_10min_interpolation,2025-06-14 14:10:00,0.0,0.0,0.0,0.0,0.0,0.0,0.0,266.6666666666667,0.0,48.98455000000001,0.0,9120.0,9360.0,1,1.0002,0.0,0.0,0.0,0.0,static_forecast,8983.321025174722,18814.011625000003,466.86985,9905.492627777778
2025-06-21,85,2025-06-21 14:10:00,2025-06-21 14:20:00,4095.2281,682.5380166666666,5827.294,971.2156666666666,646.3560833333333,6089.222333333333,1014.8703888888889,2025-06-21 00:00:00,860,attachment3_10min_interpolation,2025-06-14 14:20:00,0.0,0.0,0.0,0.0,0.0,0.0,0.0,266.6666666666667,0.0,22.01098333333323,0.0,9360.0,9600.0,1,0.9978,0.0,0.0,0.0,0.0,static_forecast,8983.321025174722,18814.011625000003,466.86985,9927.503611111111
2025-06-21,86,2025-06-21 14:20:00,2025-06-21 14:30:00,4007.39,667.8983333333333,5738.1375,956.35625,632.0166666666667,6123.30895,1020.5514916666666,2025-06-21 00:00:00,870,attachment3_10min_interpolation,2025-06-14 14:30:00,0.0,0.0,0.0,0.0,0.0,0.0,0.0,266.6666666666667,0.0,21.79124999999999,0.0,9600.0,9840.0,1,1.0271,0.0,0.0,0.0,0.0,static_forecast,8983.321025174722,18814.011625000003,466.86985,9949.294861111111
2025-06-21,87,2025-06-21 14:30:00,2025-06-21 14:40:00,4227.0513,704.50855,5964.2607,994.04345,641.6548,6157.395566666667,1026.2325944444444,2025-06-21 00:00:00,880,attachment3_10min_interpolation,2025-06-14 14:40:00,0.0,0.0,0.0,0.0,0.0,0.0,0.0,266.6666666666667,0.0,22.86823333333325,0.0,9840.0,10080.0,1,1.0906,0.0,0.0,0.0,0.0,static_forecast,8983.321025174722,18814.011625000003,466.86985,9972.163094444444
2025-06-21,88,2025-06-21 14:40:00,2025-06-21 14:50:00,4182.4486,697.0747666666666,5979.2451,996.54085,667.3870833333334,6191.4821833333335,1031.9136972222223,2025-06-21 00:00:00,890,attachment3_10min_interpolation,2025-06-14 14:50:00,0.0,0.0,0.0,0.0,0.0,0.0,0.0,266.6666666666667,0.0,32.799416666666616,0.0,10080.0,10320.0,1,0.9376,0.0,0.0,0.0,0.0,static_forecast,8983.321025174722,18814.011625000003,466.86985,10004.96251111111
2025-06-21,89,2025-06-21 14:50:00,2025-06-21 15:00:00,3879.68,646.6133333333333,5680.4625,946.74375,685.3233333333333,6225.5688,1037.5948,2025-06-21 00:00:00,900,attachment3_10min_interpolation,2025-06-14 15:00:00,0.0,0.0,0.0,0.0,0.0,0.0,0.0,266.6666666666667,0.0,33.463750000000005,0.0,10320.0,10560.0,1,0.6694,0.0,0.0,0.0,0.0,static_forecast,8983.321025174722,18814.011625000003,466.86985,10038.426261111112
2025-06-21,90,2025-06-21 15:00:00,2025-06-21 15:10:00,3916.2335,652.7055833333333,5457.1539,909.52565,674.7553333333334,5777.956266666667,962.9927111111111,2025-06-21 00:00:00,910,attachment3_10min_interpolation,2025-06-14 15:10:00,0.0,0.0,0.0,0.0,9.846599999999853,9.846599999999853,9.846599999999853,266.6666666666667,0.0,0.0,0.0,10560.0,10800.0,1,0.66,0.0,0.0,32.49377999999952,32.49377999999952,static_forecast,9015.814805174721,18823.858225000004,476.71644999999984,10038.426261111112
2025-06-21,91,2025-06-21 15:10:00,2025-06-21 15:20:00,3924.3398,654.0566333333334,5153.0688,858.8448,649.8444166666667,5330.343733333333,888.3906222222222,2025-06-21 00:00:00,920,attachment3_10min_interpolation,2025-06-14 15:20:00,0.0,0.0,0.0,0.0,0.0,0.0,0.0,0.0,0.0,204.7881666666666,0.0,10800.0,10800.0,0,0.7217,0.0,0.0,0.0,0.0,static_forecast,9015.814805174721,18823.858225000004,476.71644999999984,10243.214427777779
2025-06-21,92,2025-06-21 15:20:00,2025-06-21 15:30:00,3875.5,645.9166666666666,4811.1,801.85,645.3383333333334,4882.7312,813.7885333333334,2025-06-21 00:00:00,930,attachment3_10min_interpolation,2025-06-14 15:30:00,0.0,0.0,0.0,0.0,0.0,0.0,0.0,0.0,0.0,155.9333333333334,0.0,10800.0,10800.0,0,0.7308,0.0,0.0,0.0,0.0,static_forecast,9015.814805174721,18823.858225000004,476.71644999999984,10399.147761111111
2025-06-21,93,2025-06-21 15:30:00,2025-06-21 15:40:00,4137.0155,689.5025833333334,4680.9532,780.1588666666667,685.0604333333334,4435.118666666666,739.1864444444444,2025-06-21 00:00:00,940,attachment3_10min_interpolation,2025-06-14 15:40:00,0.0,0.0,0.0,0.0,0.0,0.0,0.0,0.0,0.0,90.65628333333325,0.0,10800.0,10800.0,0,0.7534,0.0,0.0,0.0,0.0,static_forecast,9015.814805174721,18823.858225000004,476.71644999999984,10489.804044444445
2025-06-21,94,2025-06-21 15:40:00,2025-06-21 15:50:00,4317.2602,719.5433666666667,4481.2341,746.87235,705.4706666666666,3987.506133333333,664.5843555555555,2025-06-21 00:00:00,950,attachment3_10min_interpolation,2025-06-14 15:50:00,40.88631111111113,40.88631111111113,0.0,0.0,0.0,40.88631111111113,40.88631111111113,0.0,0.0,68.21529444444445,0.0,10800.0,10800.0,0,0.7823,31.985361182222235,0.0,0.0,31.985361182222235,static_forecast,9047.800166356943,18864.744536111113,476.71644999999984,10558.01933888889
2025-06-21,95,2025-06-21 15:50:00,2025-06-21 16:00:00,4217.43,702.9050000000001,4055.4,675.9,702.335,3539.8936,589.9822666666666,2025-06-21 00:00:00,960,attachment3_10min_interpolation,2025-06-14 16:00:00,112.35273333333339,112.35273333333339,0.0,0.0,0.0,112.35273333333339,112.35273333333339,0.0,0.0,85.34773333333328,0.0,10800.0,10800.0,0,0.8055,90.50012670000004,0.0,0.0,90.50012670000004,static_forecast,9138.300293056944,18977.097269444446,476.71644999999984,10643.367072222223
2025-06-21,96,2025-06-21 16:00:00,2025-06-21 16:10:00,4034.2858,672.3809666666667,3562.8565,593.8094166666666,722.1984333333334,3367.0668666666666,561.177811111111,2025-06-21 00:00:00,970,attachment3_10min_interpolation,2025-06-14 16:10:00,161.0206222222223,161.0206222222223,0.0,0.0,0.0,161.0206222222223,161.0206222222223,0.0,0.0,82.44907222222218,0.0,10800.0,10800.0,0,0.8271,133.18015664000006,0.0,0.0,133.18015664000006,static_forecast,9271.480449696945,19138.11789166667,476.71644999999984,10725.816144444445
2025-06-21,97,2025-06-21 16:10:00,2025-06-21 16:20:00,3980.7146,663.4524333333333,3361.4888,560.2481333333334,695.8212833333333,3194.240133333333,532.3733555555555,2025-06-21 00:00:00,980,attachment3_10min_interpolation,2025-06-14 16:20:00,163.44792777777786,163.44792777777786,0.0,0.0,0.0,163.44792777777786,163.44792777777786,0.0,0.0,60.24362777777799,0.0,10800.0,10800.0,0,0.8519,139.24128967388896,0.0,0.0,139.24128967388896,static_forecast,9410.721739370834,19301.565819444448,476.71644999999984,10786.059772222223
2025-06-21,98,2025-06-21 16:20:00,2025-06-21 16:30:00,4042.02,673.67,3406.575,567.7624999999999,665.3083333333333,3021.4134,503.5689,2025-06-21 00:00:00,990,attachment3_10min_interpolation,2025-06-14 16:30:00,161.7394333333333,161.7394333333333,0.0,0.0,0.0,161.7394333333333,161.7394333333333,0.0,0.0,55.83193333333327,0.0,10800.0,10800.0,0,0.8791,142.18513584333328,0.0,0.0,142.18513584333328,static_forecast,9552.906875214168,19463.30525277778,476.71644999999984,10841.891705555556
2025-06-21,99,2025-06-21 16:30:00,2025-06-21 16:40:00,3983.774,663.9623333333333,3291.2298,548.5383,735.2509,2848.5866666666666,474.76444444444445,2025-06-21 00:00:00,1000,attachment3_10min_interpolation,2025-06-14 16:40:00,260.48645555555555,260.48645555555555,0.0,0.0,0.0,260.48645555555555,260.48645555555555,0.0,0.0,145.06242222222232,0.0,10800.0,10800.0,0,0.9024,235.06297749333334,0.0,0.0,235.06297749333334,static_forecast,9787.969852707502,19723.791708333334,476.71644999999984,10986.954127777779
2025-06-21,100,2025-06-21 16:40:00,2025-06-21 16:50:00,3621.8931,603.6488499999999,2964.175,494.0291666666667,707.8311166666667,2675.7599333333333,445.95998888888886,2025-06-21 00:00:00,1010,attachment3_10min_interpolation,2025-06-14 16:50:00,261.8711277777779,261.8711277777779,0.0,0.0,0.0,261.8711277777779,261.8711277777779,0.0,0.0,152.25144444444464,0.0,10800.0,10800.0,0,0.9163,239.95251438277788,0.0,0.0,239.95251438277788,static_forecast,10027.92236709028,19985.66283611111,476.71644999999984,11139.205572222223
2025-06-21,101,2025-06-21 16:50:00,2025-06-21 17:00:00,3240.3,540.0500000000001,2623.6125,437.26875,589.7266666666667,2502.9332,417.1555333333333,2025-06-21 00:00:00,1020,attachment3_10min_interpolation,2025-06-14 17:00:00,172.57113333333336,172.57113333333336,0.0,0.0,0.0,172.57113333333336,172.57113333333336,0.0,0.0,69.78988333333331,0.0,10800.0,10800.0,0,0.9264,159.86989792000003,0.0,0.0,159.86989792000003,static_forecast,10187.79226501028,20158.233969444445,476.71644999999984,11208.995455555556
2025-06-21,102,2025-06-21 17:00:00,2025-06-21 17:10:00,3335.0072,555.8345333333333,2479.2426,413.2071,590.4794,2251.6603833333334,375.27673055555556,2025-06-21 00:00:00,1030,attachment3_10min_interpolation,2025-06-14 17:10:00,215.2026694444445,215.2026694444445,0.0,0.0,0.0,215.2026694444445,215.2026694444445,0.0,0.0,72.57523611111122,0.0,10800.0,10800.0,0,0.9462,203.62476582833338,0.0,0.0,203.62476582833338,static_forecast,10391.417030838613,20373.43663888889,476.71644999999984,11281.570691666668
2025-06-21,103,2025-06-21 17:10:00,2025-06-21 17:20:00,3462.6248,577.1041333333334,2185.8548,364.30913333333336,609.88575,2000.3875666666663,333.39792777777774,2025-06-21 00:00:00,1040,attachment3_10min_interpolation,2025-06-14 17:20:00,276.4878222222223,276.4878222222223,0.0,0.0,0.0,276.4878222222223,276.4878222222223,0.0,0.0,63.692822222222276,0.0,10800.0,10800.0,0,0.9742,269.35443640888894,0.0,0.0,269.35443640888894,static_forecast,10660.771467247501,20649.92446111111,476.71644999999984,11345.26351388889
2025-06-21,104,2025-06-21 17:20:00,2025-06-21 17:30:00,3484.27,580.7116666666667,1750.4625,291.74375000000003,589.96,1749.11475,291.519125,2025-06-21 00:00:00,1050,attachment3_10min_interpolation,2025-06-14 17:30:00,298.44087500000006,298.44087500000006,0.0,0.0,0.0,298.44087500000006,298.44087500000006,0.0,0.0,9.472958333333395,0.0,10800.0,10800.0,0,0.9862,294.32239092500004,0.0,0.0,294.32239092500004,static_forecast,10955.093858172502,20948.36533611111,476.71644999999984,11354.736472222225
2025-06-21,105,2025-06-21 17:30:00,2025-06-21 17:40:00,3649.2081,608.2013499999999,1528.3871,254.7311833333333,581.5264166666667,1497.8419333333334,249.64032222222224,2025-06-21 00:00:00,1060,attachment3_10min_interpolation,2025-06-14 17:40:00,331.88609444444444,331.88609444444444,0.0,0.0,21.584072222222204,353.4701666666666,353.4701666666666,0.0,0.0,0.0,0.0,10800.0,10800.0,0,0.976,323.92082817777776,0.0,105.33027244444435,429.2511006222221,static_forecast,11384.344958794725,21301.835502777776,498.30052222222207,11354.736472222225
2025-06-21,106,2025-06-21 17:40:00,2025-06-21 17:50:00,3604.3529,600.7254833333333,1310.4274,218.40456666666668,580.3483166666666,1246.5691166666668,207.76151944444447,2025-06-21 00:00:00,1070,attachment3_10min_interpolation,2025-06-14 17:50:00,372.5867972222221,372.5867972222221,0.0,0.0,9.734119444444474,382.32091666666656,382.32091666666656,0.0,0.0,0.0,0.0,10800.0,10800.0,0,1.0742,400.232737576111,0.0,52.281955536111276,452.5146931122223,static_forecast,11836.859651906947,21684.156419444444,508.0346416666665,11354.736472222225
2025-06-21,107,2025-06-21 17:50:00,2025-06-21 18:00:00,3349.51,558.2516666666667,1034.1,172.35,582.9016666666666,995.2963,165.88271666666665,2025-06-21 00:00:00,1080,attachment3_10min_interpolation,2025-06-14 18:00:00,309.01895,309.01895,0.0,0.0,0.0,309.01895,309.01895,0.0,108.0,31.117283333333347,0.0,10800.0,10680.0,0,1.2313,380.495033135,0.0,0.0,380.495033135,static_forecast,12217.354685041946,21993.175369444445,508.0346416666665,11385.853755555558
2025-06-21,108,2025-06-21 18:00:00,2025-06-21 18:10:00,3274.4828,545.7471333333334,860.3286,143.3881,595.5989666666667,830.6427166666666,138.44045277777778,2025-06-21 00:00:00,1090,attachment3_10min_interpolation,2025-06-14 18:10:00,25.158513888888933,25.158513888888933,0.0,0.0,0.0,25.158513888888933,25.158513888888933,0.0,432.0,54.79948055555553,0.0,10680.0,10200.0,0,1.2561,31.601609295833388,0.0,0.0,31.601609295833388,static_forecast,12248.956294337779,22018.333883333333,508.0346416666665,11440.653236111113
2025-06-21,109,2025-06-21 18:10:00,2025-06-21 18:20:00,3297.0032,549.5005333333334,677.2547,112.87578333333332,602.28115,665.9891333333334,110.99818888888889,2025-06-21 00:00:00,1100,attachment3_10min_interpolation,2025-06-14 18:20:00,59.28296111111115,59.28296111111115,0.0,0.0,0.0,59.28296111111115,59.28296111111115,0.0,432.0,54.658211111111086,0.0,10200.0,9720.0,0,1.2447,73.78950169500004,0.0,0.0,73.78950169500004,static_forecast,12322.74579603278,22077.616844444445,508.0346416666665,11495.311447222224
2025-06-21,110,2025-06-21 18:20:00,2025-06-21 18:30:00,3342.79,557.1316666666667,452.7,75.45,603.485,501.33555,83.555925,2025-06-21 00:00:00,1110,attachment3_10min_interpolation,2025-06-14 18:30:00,87.92907500000001,87.92907500000001,0.0,0.0,0.0,87.92907500000001,87.92907500000001,0.0,432.0,38.24740833333334,0.0,9720.0,9240.0,0,1.2545,110.30702458750001,0.0,0.0,110.30702458750001,static_forecast,12433.05282062028,22165.545919444445,508.0346416666665,11533.558855555557
2025-06-21,111,2025-06-21 18:30:00,2025-06-21 18:40:00,3456.8314,576.1385666666666,276.0564,46.0094,613.5661166666666,336.6819666666667,56.11366111111112,2025-06-21 00:00:00,1120,attachment3_10min_interpolation,2025-06-14 18:40:00,17.452455555555503,17.452455555555503,0.0,0.0,0.0,17.452455555555503,17.452455555555503,0.0,540.0,27.323288888888897,0.0,9240.0,8640.0,0,1.2522,21.8539648466666,0.0,0.0,21.8539648466666,static_forecast,12454.906785466947,22182.998375,508.0346416666665,11560.882144444446
2025-06-21,112,2025-06-21 18:40:00,2025-06-21 18:50:00,3634.5648,605.7608,121.8367,20.306116666666664,613.6690666666667,172.02838333333338,28.67139722222223,2025-06-21 00:00:00,1130,attachment3_10min_interpolation,2025-06-14 18:50:00,44.997669444444455,44.997669444444455,0.0,0.0,0.45701388888892325,45.45468333333338,45.45468333333338,0.0,540.0,0.0,0.0,8640.0,8040.0,0,1.2881,57.961498011388905,0.0,2.94339795138911,60.90489596277801,static_forecast,12515.811681429725,22228.453058333333,508.49165555555544,11560.882144444446
2025-06-21,113,2025-06-21 18:50:00,2025-06-21 19:00:00,3852.72,642.12,7.7625,1.29375,611.975,7.3748,1.2291333333333332,2025-06-21 00:00:00,1140,attachment3_10min_interpolation,2025-06-14 19:00:00,70.74586666666664,70.74586666666664,0.0,0.0,30.080383333333316,100.82624999999996,100.82624999999996,0.0,540.0,0.0,0.0,8040.0,7440.0,0,1.3466,95.2663840533333,0.0,202.53122098333324,297.79760503666654,static_forecast,12813.609286466391,22329.27930833333,538.5720388888888,11560.882144444446
2025-06-21,114,2025-06-21 19:00:00,2025-06-21 19:10:00,4004.9442,667.4907,0.0,0.0,634.4964,6.145666666666666,1.0242777777777776,2025-06-21 00:00:00,1150,attachment3_10min_interpolation,2025-06-14 19:10:00,93.4721222222222,93.4721222222222,0.0,0.0,34.01857777777775,127.49069999999995,127.49069999999995,0.0,540.0,0.0,0.0,7440.0,6840.0,0,1.3523,126.40235088111108,0.0,230.01661364444425,356.41896452555534,static_forecast,13170.028250991947,22456.77000833333,572.5906166666665,11560.882144444446
2025-06-21,115,2025-06-21 19:10:00,2025-06-21 19:20:00,3706.7434,617.7905666666667,3.2619,0.54365,638.46145,4.916533333333333,0.8194222222222222,2025-06-21 00:00:00,1160,attachment3_10min_interpolation,2025-06-14 19:20:00,97.6420277777778,97.6420277777778,0.0,0.0,0.0,97.6420277777778,97.6420277777778,0.0,540.0,0.54365,19.851461111111078,6840.0,6240.0,0,1.3445,131.27970634722226,0.0,0.0,131.27970634722226,static_forecast,13301.30795733917,22554.412036111105,572.5906166666665,11561.425794444445
2025-06-21,116,2025-06-21 19:20:00,2025-06-21 19:30:00,3293.48,548.9133333333333,0.0,0.0,614.4133333333333,3.6873999999999993,0.6145666666666666,2025-06-21 00:00:00,1170,attachment3_10min_interpolation,2025-06-14 19:30:00,73.79876666666667,73.79876666666667,0.0,0.0,0.0,73.79876666666667,73.79876666666667,0.0,540.0,0.0,64.88543333333337,6240.0,5640.0,0,1.3483,99.50287709666667,0.0,0.0,99.50287709666667,static_forecast,13400.810834435837,22628.210802777772,572.5906166666665,11561.425794444445
2025-06-21,117,2025-06-21 19:30:00,2025-06-21 19:40:00,3492.5254,582.0875666666667,0.0,0.0,594.9406833333334,2.4582666666666664,0.4097111111111111,2025-06-21 00:00:00,1180,attachment3_10min_interpolation,2025-06-14 19:40:00,54.5309722222222,54.5309722222222,0.0,0.0,0.0,54.5309722222222,54.5309722222222,0.0,540.0,0.0,12.4434055555555,5640.0,5040.0,0,1.349,73.56228152777776,0.0,0.0,73.56228152777776,static_forecast,13474.373115963615,22682.741774999995,572.5906166666665,11561.425794444445
2025-06-21,118,2025-06-21 19:40:00,2025-06-21 19:50:00,3490.6667,581.7777833333333,0.2342,0.0390333333333333,578.5213333333334,1.2291333333333327,0.20485555555555546,2025-06-21 00:00:00,1190,attachment3_10min_interpolation,2025-06-14 19:50:00,38.31647777777778,38.31647777777778,0.0,0.0,3.4222722222222046,41.73874999999998,41.73874999999998,0.0,540.0,0.0,0.0,5040.0,4440.0,0,1.3473,51.62379051,0.0,23.05413682499988,74.67792733499988,static_forecast,13549.051043298616,22724.480524999995,576.0128888888887,11561.425794444445
2025-06-21,119,2025-06-21 19:50:00,2025-06-21 20:00:00,3189.62,531.6033333333334,0.0,0.0,584.49,0.0,0.0,2025-06-21 00:00:00,1200,attachment3_10min_interpolation,2025-06-14 20:00:00,44.49000000000001,44.49000000000001,0.0,0.0,0.0,44.49000000000001,44.49000000000001,0.0,540.0,0.0,52.886666666666656,4440.0,3840.0,0,1.3482,59.98141800000001,0.0,0.0,59.98141800000001,static_forecast,13609.032461298615,22768.970524999997,576.0128888888887,11561.425794444445
2025-06-21,120,2025-06-21 20:00:00,2025-06-21 20:10:00,3348.2366,558.0394333333334,0.0,0.0,634.9885833333334,0.0,0.0,2025-06-21 00:00:00,1210,attachment3_10min_interpolation,2025-06-14 20:10:00,94.9885833333334,94.9885833333334,0.0,0.0,0.0,94.9885833333334,94.9885833333334,0.0,540.0,0.0,76.94915000000003,3840.0,3240.0,0,1.3513,128.3580726583334,0.0,0.0,128.3580726583334,static_forecast,13737.390533956948,22863.95910833333,576.0128888888887,11561.425794444445
2025-06-21,121,2025-06-21 20:10:00,2025-06-21 20:20:00,3725.2052,620.8675333333333,0.0168,0.0028,648.4989666666667,0.0,0.0,2025-06-21 00:00:00,1220,attachment3_10min_interpolation,2025-06-14 20:20:00,0.4989666666666608,0.4989666666666608,0.0,0.0,0.0,0.4989666666666608,0.4989666666666608,0.0,648.0,0.0028,27.631433333333327,3240.0,2520.0,0,1.34,0.6686153333333255,0.0,0.0,0.6686153333333255,static_forecast,13738.059149290282,22864.458074999995,576.0128888888887,11561.428594444445
2025-06-21,122,2025-06-21 20:20:00,2025-06-21 20:30:00,3960.13,660.0216666666666,0.0,0.0,628.4333333333333,0.0,0.0,2025-06-21 00:00:00,1230,attachment3_10min_interpolation,2025-06-14 20:30:00,88.43333333333328,88.43333333333328,0.0,0.0,31.588333333333367,120.02166666666665,120.02166666666665,0.0,540.0,0.0,0.0,2520.0,1920.0,0,1.3489,119.28772333333326,0.0,213.0475141666669,332.3352375000002,static_forecast,14070.394386790282,22984.479741666662,607.6012222222221,11561.428594444445
2025-06-21,123,2025-06-21 20:30:00,2025-06-21 20:40:00,3881.8245,646.9707500000001,0.0,0.0,655.4149666666666,0.0,0.0,2025-06-21 00:00:00,1240,attachment3_10min_interpolation,2025-06-14 20:40:00,7.414966666666601,7.414966666666601,0.0,0.0,0.0,7.414966666666601,7.414966666666601,0.0,648.0,0.0,8.444216666666534,1920.0,1200.0,0,1.3952,10.345361493333241,0.0,0.0,10.345361493333241,static_forecast,14080.739748283615,22991.89470833333,607.6012222222221,11561.428594444445
2025-06-21,124,2025-06-21 20:40:00,2025-06-21 20:50:00,3513.6729,585.61215,0.0012,0.0001999999999999,676.3888333333333,0.0,0.0,2025-06-21 00:00:00,1250,attachment3_10min_interpolation,2025-06-14 20:50:00,676.3888333333333,676.3888333333333,0.0,0.0,0.0,676.3888333333333,676.3888333333333,0.0,0.0,0.0001999999999999,90.77668333333327,1200.0,1200.0,0,1.2226,826.9529876333332,0.0,0.0,826.9529876333332,static_forecast,14907.692735916948,23668.283541666664,607.6012222222221,11561.428794444446
2025-06-21,125,2025-06-21 20:50:00,2025-06-21 21:00:00,3160.32,526.72,0.0,0.0,653.1283333333333,0.0,0.0,2025-06-21 00:00:00,1260,attachment3_10min_interpolation,2025-06-14 21:00:00,653.1283333333333,653.1283333333333,0.0,0.0,0.0,653.1283333333333,653.1283333333333,0.0,0.0,0.0,126.4083333333333,1200.0,1200.0,0,0.9332,609.4993606666667,0.0,0.0,609.4993606666667,static_forecast,15517.192096583614,24321.411874999998,607.6012222222221,11561.428794444446
2025-06-21,126,2025-06-21 21:00:00,2025-06-21 21:10:00,3214.7106,535.7850999999999,0.0,0.0,602.3349333333333,0.0,0.0,2025-06-21 00:00:00,1270,attachment3_10min_interpolation,2025-06-14 21:10:00,602.3349333333333,602.3349333333333,0.0,0.0,0.0,602.3349333333333,602.3349333333333,0.0,0.0,0.0,66.54983333333337,1200.0,1200.0,0,0.9068,546.1973175466667,0.0,0.0,546.1973175466667,static_forecast,16063.38941413028,24923.74680833333,607.6012222222221,11561.428794444446
2025-06-21,127,2025-06-21 21:10:00,2025-06-21 21:20:00,3489.1029,581.51715,0.0,0.0,561.7986833333333,0.0,0.0,2025-06-21 00:00:00,1280,attachment3_10min_interpolation,2025-06-14 21:20:00,561.7986833333333,561.7986833333333,0.0,0.0,19.7184666666667,581.51715,581.51715,0.0,0.0,0.0,0.0,1200.0,1200.0,0,0.9371,526.4615461516667,0.0,92.39087556666682,618.8524217183335,static_forecast,16682.241835848614,25505.26395833333,627.3196888888888,11561.428794444446
2025-06-21,128,2025-06-21 21:20:00,2025-06-21 21:30:00,3713.49,618.915,0.0,0.0,557.0966666666667,0.0,0.0,2025-06-21 00:00:00,1290,attachment3_10min_interpolation,2025-06-14 21:30:00,557.0966666666667,557.0966666666667,0.0,0.0,61.81833333333327,618.915,618.915,0.0,0.0,0.0,0.0,1200.0,1200.0,0,0.9371,522.0552863333334,0.0,289.6498008333331,811.7050871666664,static_forecast,17493.94692301528,26124.17895833333,689.138022222222,11561.428794444446
2025-06-21,129,2025-06-21 21:30:00,2025-06-21 21:40:00,3715.4477,619.2412833333334,0.0,0.0,582.3134166666667,0.0,0.0,2025-06-21 00:00:00,1300,attachment3_10min_interpolation,2025-06-14 21:40:00,582.3134166666667,582.3134166666667,0.0,0.0,36.92786666666666,619.2412833333334,619.2412833333334,0.0,0.0,0.0,0.0,1200.0,1200.0,0,0.9871,574.8015735916667,0.0,182.2574859333333,757.0590595250001,static_forecast,18251.00598254028,26743.420241666663,726.0658888888887,11561.428794444446
2025-06-21,130,2025-06-21 21:40:00,2025-06-21 21:50:00,3460.6768,576.7794666666667,0.0,0.0,576.7703,0.0,0.0,2025-06-21 00:00:00,1310,attachment3_10min_interpolation,2025-06-14 21:50:00,576.7703,576.7703,0.0,0.0,0.009166666666715173,576.7794666666667,576.7794666666667,0.0,0.0,0.0,0.0,1200.0,1200.0,0,0.7764,447.80446092,0.0,0.0355850000001883,447.8400459200002,static_forecast,18698.846028460277,27320.19970833333,726.0750555555554,11561.428794444446
2025-06-21,131,2025-06-21 21:50:00,2025-06-21 22:00:00,3169.68,528.28,0.0,0.0,544.5733333333334,0.0,0.0,2025-06-21 00:00:00,1320,attachment3_10min_interpolation,2025-06-14 22:00:00,544.5733333333334,544.5733333333334,0.0,0.0,0.0,544.5733333333334,544.5733333333334,0.0,0.0,0.0,16.293333333333408,1200.0,1200.0,0,0.4209,229.21091600000003,0.0,0.0,229.21091600000003,static_forecast,18928.056944460277,27864.773041666664,726.0750555555554,11561.428794444446
2025-06-21,132,2025-06-21 22:00:00,2025-06-21 22:10:00,3161.2424,526.8737333333333,0.0,0.0,543.5498,0.0,0.0,2025-06-21 00:00:00,1330,attachment3_10min_interpolation,2025-06-14 22:10:00,543.5498,543.5498,0.0,0.0,0.0,543.5498,543.5498,0.0,0.0,0.0,16.676066666666657,1200.0,1200.0,0,0.3859,209.75586782000002,0.0,0.0,209.75586782000002,static_forecast,19137.812812280277,28408.322841666664,726.0750555555554,11561.428794444446
2025-06-21,133,2025-06-21 22:10:00,2025-06-21 22:20:00,3268.4465,544.7410833333333,0.0,0.0,536.3616499999999,0.0,0.0,2025-06-21 00:00:00,1340,attachment3_10min_interpolation,2025-06-14 22:20:00,536.3616499999999,536.3616499999999,0.0,0.0,8.379433333333395,544.7410833333333,544.7410833333333,0.0,0.0,0.0,0.0,1200.0,1200.0,0,0.4368,234.28276871999998,0.0,18.300682400000138,252.58345112000012,static_forecast,19390.39626340028,28953.063925,734.4544888888888,11561.428794444446
2025-06-21,134,2025-06-21 22:20:00,2025-06-21 22:30:00,3317.19,552.865,0.0,0.0,531.6983333333334,0.0,0.0,2025-06-21 00:00:00,1350,attachment3_10min_interpolation,2025-06-14 22:30:00,531.6983333333334,531.6983333333334,0.0,0.0,21.16666666666663,552.865,552.865,0.0,0.0,0.0,0.0,1200.0,1200.0,0,0.4198,223.20696033333337,0.0,44.42883333333326,267.63579366666664,static_forecast,19658.032057066946,29505.928925,755.6211555555554,11561.428794444446
2025-06-21,135,2025-06-21 22:30:00,2025-06-21 22:40:00,3281.0391,546.83985,0.0,0.0,578.8273166666667,0.0,0.0,2025-06-21 00:00:00,1360,attachment3_10min_interpolation,2025-06-14 22:40:00,578.8273166666667,578.8273166666667,0.0,0.0,0.0,578.8273166666667,578.8273166666667,0.0,0.0,0.0,31.987466666666705,1200.0,1200.0,0,0.4186,242.29711475666667,0.0,0.0,242.29711475666667,static_forecast,19900.329171823614,30084.756241666666,755.6211555555554,11561.428794444446
2025-06-21,136,2025-06-21 22:40:00,2025-06-21 22:50:00,3250.7574,541.7929,0.0,0.0,608.9878166666666,0.0,0.0,2025-06-21 00:00:00,1370,attachment3_10min_interpolation,2025-06-14 22:50:00,608.9878166666666,608.9878166666666,0.0,0.0,0.0,608.9878166666666,608.9878166666666,0.0,0.0,0.0,67.19491666666659,1200.0,1200.0,0,0.4241,258.2717330483333,0.0,0.0,258.2717330483333,static_forecast,20158.600904871946,30693.744058333334,755.6211555555554,11561.428794444446
2025-06-21,137,2025-06-21 22:50:00,2025-06-21 23:00:00,3190.39,531.7316666666667,0.0,0.0,577.205,0.0,0.0,2025-06-21 00:00:00,1380,attachment3_10min_interpolation,2025-06-14 23:00:00,577.205,577.205,0.0,0.0,0.0,577.205,577.205,0.0,0.0,0.0,45.47333333333336,1200.0,1200.0,0,0.4237,244.56175850000002,0.0,0.0,244.56175850000002,static_forecast,20403.162663371946,31270.949058333335,755.6211555555554,11561.428794444446
2025-06-21,138,2025-06-21 23:00:00,2025-06-21 23:10:00,2998.9363,499.8227166666666,0.0,0.0,508.0796666666667,0.0,0.0,2025-06-21 00:00:00,1390,attachment3_10min_interpolation,2025-06-14 23:10:00,508.0796666666667,508.0796666666667,0.0,0.0,0.0,508.0796666666667,508.0796666666667,0.0,0.0,0.0,8.256950000000074,1200.0,1200.0,0,0.4248,215.8322424,0.0,0.0,215.8322424,static_forecast,20618.994905771946,31779.028725000004,755.6211555555554,11561.428794444446
2025-06-21,139,2025-06-21 23:10:00,2025-06-21 23:20:00,2920.9743,486.82905,0.0,0.0,484.2649833333333,0.0,0.0,2025-06-21 00:00:00,1400,attachment3_10min_interpolation,2025-06-14 23:20:00,484.2649833333333,484.2649833333333,0.0,0.0,2.5640666666666903,486.82905,486.82905,0.0,0.0,0.0,0.0,1200.0,1200.0,0,0.424,205.32835293333332,0.0,5.435821333333384,210.7641742666667,static_forecast,20829.759080038613,32265.857775000004,758.1852222222221,11561.428794444446
2025-06-21,140,2025-06-21 23:20:00,2025-06-21 23:30:00,2989.3,498.2166666666667,0.0,0.0,511.99,0.0,0.0,2025-06-21 00:00:00,1410,attachment3_10min_interpolation,2025-06-14 23:30:00,511.99,511.99,0.0,0.0,0.0,511.99,511.99,0.0,0.0,0.0,13.773333333333312,1200.0,1200.0,0,0.422,216.05978,0.0,0.0,216.05978,static_forecast,21045.818860038613,32777.847775,758.1852222222221,11561.428794444446
2025-06-21,141,2025-06-21 23:30:00,2025-06-21 23:40:00,3024.571,504.0951666666666,0.0,0.0,532.2109166666667,0.0,0.0,2025-06-21 00:00:00,1420,attachment3_10min_interpolation,2025-06-14 23:40:00,532.2109166666667,532.2109166666667,0.0,0.0,0.0,532.2109166666667,532.2109166666667,0.0,0.0,0.0,28.115750000000048,1200.0,1200.0,0,0.424,225.65742866666665,0.0,0.0,225.65742866666665,static_forecast,21271.47628870528,33310.058691666665,758.1852222222221,11561.428794444446
2025-06-21,142,2025-06-21 23:40:00,2025-06-21 23:50:00,3193.3141,532.2190166666667,0.0,0.0,582.9702166666667,0.0,0.0,2025-06-21 00:00:00,1430,attachment3_10min_interpolation,2025-06-14 23:50:00,582.9702166666667,582.9702166666667,0.0,0.0,0.0,582.9702166666667,582.9702166666667,0.0,0.0,0.0,50.75120000000004,1200.0,1200.0,0,0.4271,248.98657953833333,0.0,0.0,248.98657953833333,static_forecast,21520.462868243612,33893.028908333334,758.1852222222221,11561.428794444446
2025-06-21,143,2025-06-21 23:50:00,2025-06-22 00:00:00,3636.14,606.0233333333333,0.0,0.0,654.8966666666666,0.0,0.0,2025-06-21 00:00:00,1440,attachment3_10min_interpolation,2025-06-15 00:00:00,654.8966666666666,654.8966666666666,0.0,0.0,0.0,654.8966666666666,654.8966666666666,0.0,0.0,0.0,48.873333333333335,1200.0,1200.0,0,0.4276,280.0338146666667,0.0,0.0,280.0338146666667,static_forecast,21800.496682910278,34547.925575,758.1852222222221,11561.428794444446
2025-06-21,0,2025-06-21 00:00:00,2025-06-21 00:10:00,3087.9838,514.6639666666666,0.0,0.0,548.70345,0.0,0.0,2025-06-21 00:00:00,10,observed_anchor_linear_to_h1,2025-06-14 00:10:00,1082.0367833333335,1082.0367833333335,0.0,0.0,0.0,1082.0367833333335,1082.0367833333335,533.3333333333334,0.0,0.0,34.039483333333465,1200.0,1680.0,1,0.4248,459.64922556000005,0.0,0.0,459.64922556000005,rolling,459.64922556000005,1082.0367833333335,0.0,0.0
2025-06-21,1,2025-06-21 00:10:00,2025-06-21 00:20:00,3200.0919,533.34865,0.0,0.0,541.2936666666667,0.0,0.0,2025-06-21 00:00:00,20,observed_anchor_linear_to_h1,2025-06-14 00:20:00,1341.2936666666667,1341.2936666666667,0.0,0.0,0.0,1341.2936666666667,1341.2936666666667,800.0,0.0,0.0,7.945016666666788,1680.0,2400.0,1,0.4245,569.3791615,0.0,0.0,569.3791615,rolling,1029.0283870600001,2423.3304500000004,0.0,0.0
2025-06-21,2,2025-06-21 00:20:00,2025-06-21 00:30:00,3401.46,566.91,0.0,0.0,522.57,0.0,0.0,2025-06-21 00:00:00,30,observed_anchor_linear_to_h1,2025-06-14 00:30:00,522.57,522.57,0.0,0.0,44.33999999999992,566.91,566.91,0.0,0.0,0.0,0.0,2400.0,2400.0,0,0.4269,223.085133,0.0,94.64372999999983,317.7288629999998,rolling,1346.75725006,2990.2404500000002,44.33999999999992,0.0
2025-06-21,3,2025-06-21 00:30:00,2025-06-21 00:40:00,3063.5261,510.58768333333336,0.0,0.0,524.14905,0.0,0.0,2025-06-21 00:00:00,40,observed_anchor_linear_to_h1,2025-06-14 00:40:00,524.14905,524.14905,0.0,0.0,0.0,524.14905,524.14905,0.0,0.0,0.0,13.561366666666629,2400.0,2400.0,0,0.4272,223.91647416,0.0,0.0,223.91647416,rolling,1570.67372422,3514.3895,44.33999999999992,0.0
2025-06-21,4,2025-06-21 00:40:00,2025-06-21 00:50:00,2820.2572,470.0428666666666,0.0,0.0,531.5594333333333,0.0,0.0,2025-06-21 00:00:00,50,observed_anchor_linear_to_h1,2025-06-14 00:50:00,531.5594333333333,531.5594333333333,0.0,0.0,0.0,531.5594333333333,531.5594333333333,0.0,0.0,0.0,61.51656666666673,2400.0,2400.0,0,0.4271,227.02903397666665,0.0,0.0,227.02903397666665,rolling,1797.7027581966665,4045.9489333333336,44.33999999999992,0.0
2025-06-21,5,2025-06-21 00:50:00,2025-06-21 01:00:00,2883.38,480.5633333333333,0.0,0.0,531.9766666666667,0.0,0.0,2025-06-21 00:00:00,60,attachment3_10min_interpolation,2025-06-14 01:00:00,531.9766666666667,531.9766666666667,0.0,0.0,0.0,531.9766666666667,531.9766666666667,0.0,0.0,0.0,51.41333333333341,2400.0,2400.0,0,0.4285,227.95200166666666,0.0,0.0,227.95200166666666,rolling,2025.6547598633333,4577.9256000000005,44.33999999999992,0.0
2025-06-21,6,2025-06-21 01:00:00,2025-06-21 01:10:00,2869.9796,478.3299333333334,0.0,0.0,523.55215,0.0,0.0,2025-06-21 00:00:00,70,attachment3_10min_interpolation,2025-06-14 01:10:00,523.55215,523.55215,0.0,0.0,0.0,523.55215,523.55215,0.0,0.0,0.0,45.22221666666661,2400.0,2400.0,0,0.4311,225.703331865,0.0,0.0,225.703331865,rolling,2251.3580917283334,5101.47775,44.33999999999992,0.0
2025-06-21,7,2025-06-21 01:10:00,2025-06-21 01:20:00,2985.8287,497.6381166666667,0.0,0.0,496.3817666666666,0.0,0.0,2025-06-21 00:00:00,80,attachment3_10min_interpolation,2025-06-14 01:20:00,496.3817666666666,496.3817666666666,0.0,0.0,1.2563500000001113,497.6381166666667,497.6381166666667,0.0,0.0,0.0,0.0,2400.0,2400.0,0,0.4302,213.54343601999997,0.0,2.7024088500002397,216.2458448700002,rolling,2467.603936598334,5599.115866666667,45.59635000000003,0.0
2025-06-21,8,2025-06-21 01:20:00,2025-06-21 01:30:00,3164.18,527.3633333333333,0.0,0.0,476.66,0.0,0.0,2025-06-21 00:00:00,90,attachment3_10min_interpolation,2025-06-14 01:30:00,476.66,476.66,0.0,0.0,50.70333333333332,527.3633333333333,527.3633333333333,0.0,0.0,0.0,0.0,2400.0,2400.0,0,0.4279,203.962814,0.0,108.47978166666664,312.44259566666665,rolling,2780.0465322650007,6126.479200000001,96.29968333333335,0.0
2025-06-21,9,2025-06-21 01:30:00,2025-06-21 01:40:00,3064.8457,510.80761666666666,0.0,0.0,498.5694833333334,0.0,0.0,2025-06-21 00:00:00,100,attachment3_10min_interpolation,2025-06-14 01:40:00,498.5694833333334,498.5694833333334,0.0,0.0,12.23813333333328,510.80761666666666,510.80761666666666,0.0,0.0,0.0,0.0,2400.0,2400.0,0,0.4312,214.98316121333337,0.0,26.385415466666554,241.36857667999993,rolling,3021.4151089450006,6637.286816666668,108.53781666666663,0.0
2025-06-21,10,2025-06-21 01:40:00,2025-06-21 01:50:00,2954.0459,492.3409833333333,0.0,0.0,481.0748333333333,0.0,0.0,2025-06-21 00:00:00,110,attachment3_10min_interpolation,2025-06-14 01:50:00,481.0748333333333,481.0748333333333,0.0,0.0,11.266150000000039,492.3409833333333,492.3409833333333,0.0,0.0,0.0,0.0,2400.0,2400.0,0,0.4333,208.44972528333332,0.0,24.408113975000084,232.8578392583334,rolling,3254.272948203334,7129.627800000001,119.80396666666667,0.0
2025-06-21,11,2025-06-21 01:50:00,2025-06-21 02:00:00,2994.62,499.1033333333333,0.0,0.0,447.43,0.0,0.0,2025-06-21 00:00:00,120,attachment3_10min_interpolation,2025-06-14 02:00:00,447.43,447.43,0.0,0.0,51.67333333333329,499.1033333333333,499.1033333333333,0.0,0.0,0.0,0.0,2400.0,2400.0,0,0.4311,192.887073,0.0,111.3818699999999,304.2689429999999,rolling,3558.541891203334,7628.731133333335,171.47729999999996,0.0
2025-06-21,12,2025-06-21 02:00:00,2025-06-21 02:10:00,3072.4014,512.0669,0.0,0.0,496.979,0.0,0.0,2025-06-21 00:00:00,130,attachment3_10min_interpolation,2025-06-14 02:10:00,496.979,496.979,0.0,0.0,15.087900000000047,512.0669,512.0669,0.0,0.0,0.0,0.0,2400.0,2400.0,0,0.4293,213.3530847,0.0,32.386177350000104,245.73926205000012,rolling,3804.281153253334,8140.798033333334,186.5652,0.0
2025-06-21,13,2025-06-21 02:10:00,2025-06-21 02:20:00,3013.1015,502.1835833333334,0.0,0.0,506.7176833333333,0.0,0.0,2025-06-21 00:00:00,140,attachment3_10min_interpolation,2025-06-14 02:20:00,506.7176833333333,506.7176833333333,0.0,0.0,0.0,506.7176833333333,506.7176833333333,0.0,0.0,0.0,4.53409999999991,2400.0,2400.0,0,0.4324,219.1047262733333,0.0,0.0,219.1047262733333,rolling,4023.3858795266674,8647.515716666669,186.5652,0.0
2025-06-21,14,2025-06-21 02:20:00,2025-06-21 02:30:00,2838.75,473.125,0.0,0.0,463.7683333333334,0.0,0.0,2025-06-21 00:00:00,150,attachment3_10min_interpolation,2025-06-14 02:30:00,463.7683333333334,463.7683333333334,0.0,0.0,9.356666666666626,473.125,473.125,0.0,0.0,0.0,0.0,2400.0,2400.0,0,0.4367,202.52763116666668,0.0,20.43028166666658,222.95791283333327,rolling,4246.34379236,9120.640716666669,195.92186666666663,0.0
2025-06-21,15,2025-06-21 02:30:00,2025-06-21 02:40:00,2749.9199,458.3199833333333,0.0,0.0,476.9005666666667,0.0,0.0,2025-06-21 00:00:00,160,attachment3_10min_interpolation,2025-06-14 02:40:00,476.9005666666667,476.9005666666667,0.0,0.0,0.0,476.9005666666667,476.9005666666667,0.0,0.0,0.0,18.58058333333338,2400.0,2400.0,0,0.4348,207.35636638666668,0.0,0.0,207.35636638666668,rolling,4453.7001587466675,9597.541283333336,195.92186666666663,0.0
2025-06-21,16,2025-06-21 02:40:00,2025-06-21 02:50:00,2820.5847,470.09745,0.0,0.0,477.2148,0.0,0.0,2025-06-21 00:00:00,170,attachment3_10min_interpolation,2025-06-14 02:50:00,477.2148,477.2148,0.0,0.0,0.0,477.2148,477.2148,0.0,0.0,0.0,7.1173500000000445,2400.0,2400.0,0,0.4335,206.8726158,0.0,0.0,206.8726158,rolling,4660.5727745466675,10074.756083333335,195.92186666666663,0.0
2025-06-21,17,2025-06-21 02:50:00,2025-06-21 03:00:00,2936.24,489.3733333333333,0.0,0.0,451.1233333333333,0.0,0.0,2025-06-21 00:00:00,180,attachment3_10min_interpolation,2025-06-14 03:00:00,451.1233333333333,451.1233333333333,0.0,0.0,38.25,489.3733333333333,489.3733333333333,0.0,0.0,0.0,0.0,2400.0,2400.0,0,0.4357,196.55443633333329,0.0,83.32762499999998,279.88206133333324,rolling,4940.45483588,10564.129416666668,234.17186666666663,0.0
2025-06-21,18,2025-06-21 03:00:00,2025-06-21 03:10:00,2920.1894,486.69823333333335,0.0012,0.0001999999999999,461.25168333333335,0.0,0.0,2025-06-21 00:00:00,190,attachment3_10min_interpolation,2025-06-14 03:10:00,461.25168333333335,461.25168333333335,0.0,0.0,25.446350000000002,486.69803333333334,486.69803333333334,0.0,0.0,0.0,0.0,2400.0,2400.0,0,0.4374,201.75148629,0.0,55.65116745000001,257.40265374,rolling,5197.857489620001,11050.827450000003,259.6182166666666,0.0
2025-06-21,19,2025-06-21 03:10:00,2025-06-21 03:20:00,2951.0328,491.8388,0.0,0.0,471.09725,0.0,0.0,2025-06-21 00:00:00,200,attachment3_10min_interpolation,2025-06-14 03:20:00,471.09725,471.09725,0.0,0.0,20.741550000000018,491.8388,491.8388,0.0,0.0,0.0,0.0,2400.0,2400.0,0,0.4371,205.91660797499998,0.0,45.330657525000035,251.24726550000003,rolling,5449.104755120001,11542.666250000002,280.35976666666664,0.0
2025-06-21,20,2025-06-21 03:20:00,2025-06-21 03:30:00,2977.51,496.2516666666667,0.0,0.0,470.23,0.0,0.0,2025-06-21 00:00:00,210,attachment3_10min_interpolation,2025-06-14 03:30:00,470.23,470.23,0.0,0.0,26.021666666666704,496.2516666666667,496.2516666666667,0.0,0.0,0.0,0.0,2400.0,2400.0,0,0.4356,204.832188,0.0,56.67519000000008,261.5073780000001,rolling,5710.612133120001,12038.917916666669,306.38143333333335,0.0
2025-06-21,21,2025-06-21 03:30:00,2025-06-21 03:40:00,2780.298,463.383,0.0162,0.0026999999999999,487.2503333333333,0.0,0.0,2025-06-21 00:00:00,220,attachment3_10min_interpolation,2025-06-14 03:40:00,487.2503333333333,487.2503333333333,0.0,0.0,0.0,487.2503333333333,487.2503333333333,0.0,0.0,0.0026999999999999,23.867333333333306,2400.0,2400.0,0,0.4353,212.10007009999998,0.0,0.0,212.10007009999998,rolling,5922.712203220001,12526.168250000002,306.38143333333335,0.0026999999999999
2025-06-21,22,2025-06-21 03:40:00,2025-06-21 03:50:00,2728.3059,454.71765,0.0,0.0,499.44795,0.0,0.0,2025-06-21 00:00:00,230,attachment3_10min_interpolation,2025-06-14 03:50:00,499.44795,499.44795,0.0,0.0,0.0,499.44795,499.44795,0.0,0.0,0.0,44.7303,2400.0,2400.0,0,0.436,217.7593062,0.0,0.0,217.7593062,rolling,6140.471509420001,13025.616200000002,306.38143333333335,0.0026999999999999
2025-06-21,23,2025-06-21 03:50:00,2025-06-21 04:00:00,2862.19,477.0316666666667,0.0,0.0,480.9666666666667,0.0,0.0,2025-06-21 00:00:00,240,attachment3_10min_interpolation,2025-06-14 04:00:00,480.9666666666667,480.9666666666667,0.0,0.0,0.0,480.9666666666667,480.9666666666667,0.0,0.0,0.0,3.9350000000000023,2400.0,2400.0,0,0.4378,210.5672066666667,0.0,0.0,210.5672066666667,rolling,6351.038716086668,13506.58286666667,306.38143333333335,0.0026999999999999
2025-06-21,24,2025-06-21 04:00:00,2025-06-21 04:10:00,2845.9182,474.3197,0.2263,0.0377166666666666,434.77895,1.1609166666666666,0.1934861111111111,2025-06-21 00:00:00,250,attachment3_10min_interpolation,2025-06-14 04:10:00,434.5854638888889,434.5854638888889,0.0,0.0,39.696519444444434,474.28198333333336,474.28198333333336,0.0,0.0,0.0,0.0,2400.0,2400.0,0,0.4401,191.2610626575,0.0,87.35219103749998,278.61325369499997,rolling,6629.6519697816675,13980.864850000004,346.0779527777778,0.0026999999999999
2025-06-21,25,2025-06-21 04:10:00,2025-06-21 04:20:00,2748.951,458.1585,0.0,0.0,433.7089,2.321833333333333,0.3869722222222222,2025-06-21 00:00:00,260,attachment3_10min_interpolation,2025-06-14 04:20:00,433.32192777777783,433.32192777777783,0.0,0.0,24.836572222222173,458.1585,458.1585,0.0,0.0,0.0,0.0,2400.0,2400.0,0,0.4389,190.1849941016667,0.0,54.503857741666565,244.68885184333325,rolling,6874.340821625001,14439.023350000003,370.91452499999997,0.0026999999999999
2025-06-21,26,2025-06-21 04:20:00,2025-06-21 04:30:00,2677.31,446.2183333333333,0.0,0.0,466.6483333333333,3.48275,0.5804583333333333,2025-06-21 00:00:00,270,attachment3_10min_interpolation,2025-06-14 04:30:00,466.06787499999996,466.06787499999996,0.0,0.0,0.0,466.06787499999996,466.06787499999996,0.0,0.0,0.0,19.849541666666653,2400.0,2400.0,0,0.4364,203.39202064999998,0.0,0.0,203.39202064999998,rolling,7077.732842275001,14905.091225000004,370.91452499999997,0.0026999999999999
2025-06-21,27,2025-06-21 04:30:00,2025-06-21 04:40:00,2660.8713,443.47855,3.1516,0.5252666666666667,453.4743833333334,4.643666666666666,0.7739444444444444,2025-06-21 00:00:00,280,attachment3_10min_interpolation,2025-06-14 04:40:00,452.7004388888889,452.7004388888889,0.0,0.0,0.0,452.7004388888889,452.7004388888889,0.0,0.0,0.5252666666666667,9.221888888888941,2400.0,2400.0,0,0.4393,198.8713028038889,0.0,0.0,198.8713028038889,rolling,7276.60414507889,15357.791663888893,370.91452499999997,0.5279666666666666
2025-06-21,28,2025-06-21 04:40:00,2025-06-21 04:50:00,2702.3205,450.38675,0.0,0.0,440.2033,5.804583333333333,0.9674305555555556,2025-06-21 00:00:00,290,attachment3_10min_interpolation,2025-06-14 04:50:00,439.23586944444446,439.23586944444446,0.0,0.0,11.150880555555545,450.38675,450.38675,0.0,0.0,0.0,0.0,2400.0,2400.0,0,0.4422,194.23010146833334,0.0,24.65459690833331,218.88469837666665,rolling,7495.488843455557,15808.178413888892,382.0654055555555,0.5279666666666666
2025-06-21,29,2025-06-21 04:50:00,2025-06-21 05:00:00,2732.32,455.3866666666667,7.275,1.2125,438.79,6.9655,1.1609166666666666,2025-06-21 00:00:00,300,attachment3_10min_interpolation,2025-06-14 05:00:00,437.62908333333337,437.62908333333337,0.0,0.0,16.545083333333345,454.17416666666674,454.17416666666674,0.0,0.0,0.0,0.0,2400.0,2400.0,0,0.4395,192.33798212500002,0.0,36.35782062500002,228.69580275000004,rolling,7724.184646205557,16262.35258055556,398.6104888888889,0.5279666666666666
2025-06-21,30,2025-06-21 05:00:00,2025-06-21 05:10:00,2664.7178,444.1196333333333,116.7655,19.460916666666662,417.0898333333334,149.04488333333333,24.84081388888889,2025-06-21 00:00:00,310,attachment3_10min_interpolation,2025-06-14 05:10:00,392.2490194444445,392.2490194444445,0.0,0.0,32.40969722222212,424.65871666666663,424.65871666666663,0.0,0.0,0.0,0.0,2400.0,2400.0,0,0.4333,169.9615001252778,0.0,70.21560903194423,240.17710915722205,rolling,7964.361755362779,16687.011297222227,431.020186111111,0.5279666666666666
2025-06-21,31,2025-06-21 05:10:00,2025-06-21 05:20:00,2606.871,434.4785,263.9703,43.99505,429.8006,291.1242666666667,48.52071111111112,2025-06-21 00:00:00,320,attachment3_10min_interpolation,2025-06-14 05:20:00,381.2798888888889,381.2798888888889,0.0,0.0,9.20356111111112,390.48345,390.48345,0.0,0.0,0.0,0.0,2400.0,2400.0,0,0.4439,169.25014267777777,0.0,20.427303886111133,189.6774465638889,rolling,8154.039201926668,17077.494747222227,440.22374722222213,0.5279666666666666
2025-06-21,32,2025-06-21 05:20:00,2025-06-21 05:30:00,2642.15,440.35833333333335,417.075,69.5125,472.26,433.20365,72.20060833333334,2025-06-21 00:00:00,330,attachment3_10min_interpolation,2025-06-14 05:30:00,400.05939166666667,400.05939166666667,0.0,0.0,0.0,400.05939166666667,400.05939166666667,0.0,0.0,29.213558333333324,0.0,2400.0,2400.0,0,0.4301,172.06554435583334,0.0,0.0,172.06554435583334,rolling,8326.1047462825,17477.554138888892,440.22374722222213,29.741524999999992
2025-06-21,33,2025-06-21 05:30:00,2025-06-21 05:40:00,2745.0641,457.51068333333336,587.5961,97.93268333333332,478.5850333333333,575.2830333333334,95.88050555555556,2025-06-21 00:00:00,340,attachment3_10min_interpolation,2025-06-14 05:40:00,1182.7045277777777,1182.7045277777777,0.0,0.0,0.0,1182.7045277777777,1182.7045277777777,800.0,0.0,23.126527777777582,0.0,2400.0,3120.0,1,0.3713,439.1381911638889,0.0,0.0,439.1381911638889,rolling,8765.24293744639,18660.25866666667,440.22374722222213,52.86805277777758
2025-06-21,34,2025-06-21 05:40:00,2025-06-21 05:50:00,2758.042,459.6736666666666,735.8325,122.63875,464.90546666666665,717.3624166666667,119.56040277777778,2025-06-21 00:00:00,350,attachment3_10min_interpolation,2025-06-14 05:50:00,21.345063888888888,21.345063888888888,0.0,0.0,0.0,21.345063888888888,21.345063888888888,0.0,324.0,8.310147222222326,0.0,3120.0,2760.0,0,0.5708,12.183762467777777,0.0,0.0,12.183762467777777,rolling,8777.426699914167,18681.60373055556,440.22374722222213,61.178199999999904
2025-06-21,35,2025-06-21 05:50:00,2025-06-21 06:00:00,2741.64,456.94,890.7,148.45000000000002,461.48,859.4418,143.2403,2025-06-21 00:00:00,360,attachment3_10min_interpolation,2025-06-14 06:00:00,0.0,0.0,0.0,0.0,0.0,0.0,0.0,0.0,324.0,15.509999999999991,0.0,2760.0,2400.0,0,0.9099,0.0,0.0,0.0,0.0,rolling,8777.426699914167,18681.60373055556,440.22374722222213,76.6881999999999
2025-06-21,36,2025-06-21 06:00:00,2025-06-21 06:10:00,2888.7304,481.45506666666665,1136.9554,189.49256666666668,477.3072833333333,1193.7425833333334,198.95709722222225,2025-06-21 06:00:00,10,observed_anchor_linear_to_h1,2025-06-14 06:10:00,0.0,0.0,0.0,0.0,0.0,0.0,0.0,0.0,324.0,32.03750000000002,0.0,2400.0,2040.0,0,0.9368,0.0,0.0,0.0,0.0,rolling,8777.426699914167,18681.60373055556,440.22374722222213,108.72569999999992
2025-06-21,37,2025-06-21 06:10:00,2025-06-21 06:20:00,2932.231,488.7051666666667,1453.4028,242.2338,468.1024333333333,1496.7851666666666,249.46419444444442,2025-06-21 06:00:00,20,observed_anchor_linear_to_h1,2025-06-14 06:20:00,15.90467222222216,2.6382388888888784,0.0,13.266433333333282,27.833127777777776,30.471366666666654,30.471366666666654,0.0,216.0,0.0,0.0,2040.0,1800.0,0,0.8758,13.929311932222168,-5.809371156666645,121.8812665388889,130.00120731444443,rolling,8907.427907228612,18712.075097222223,468.0568749999999,108.72569999999992
2025-06-21,38,2025-06-21 06:20:00,2025-06-21 06:30:00,2764.02,460.67,1765.9125,294.31875,436.9483333333333,1799.82775,299.9712916666667,2025-06-21 06:00:00,30,observed_anchor_linear_to_h1,2025-06-14 06:30:00,46.27184166666666,28.97704166666665,0.0,17.29480000000001,29.374208333333343,58.35124999999999,58.35124999999999,0.0,108.0,0.0,0.0,1800.0,1680.0,0,0.8759,40.52950611583333,-7.574257660000004,128.64434539583337,161.5995938516667,rolling,9069.027501080278,18770.426347222223,497.4310833333332,108.72569999999992
2025-06-21,39,2025-06-21 06:30:00,2025-06-21 06:40:00,2606.6137,434.43561666666665,2022.3026,337.05043333333333,436.2395,2102.8703333333333,350.4783888888889,2025-06-21 06:00:00,40,observed_anchor_linear_to_h1,2025-06-14 06:40:00,0.0,0.0,0.0,0.0,0.0,0.0,0.0,0.0,108.0,10.614816666666684,0.0,1680.0,1560.0,0,0.8601,0.0,0.0,0.0,0.0,rolling,9069.027501080278,18770.426347222223,497.4310833333332,119.3405166666666
2025-06-21,40,2025-06-21 06:40:00,2025-06-21 06:50:00,2867.7649,477.9608166666667,2350.4923,391.74871666666667,472.3980833333333,2405.9129166666667,400.98548611111113,2025-06-21 06:00:00,50,observed_anchor_linear_to_h1,2025-06-14 06:50:00,0.0,0.0,0.0,0.0,0.0,0.0,0.0,0.0,108.0,21.78789999999998,0.0,1560.0,1440.0,0,0.8442,0.0,0.0,0.0,0.0,rolling,9069.027501080278,18770.426347222223,497.4310833333332,141.12841666666657
2025-06-21,41,2025-06-21 06:50:00,2025-06-21 07:00:00,3304.27,550.7116666666667,2699.25,449.875,521.8516666666667,2708.9555,451.49258333333336,2025-06-21 06:00:00,60,attachment3_10min_interpolation,2025-06-14 07:00:00,0.0,0.0,0.0,0.0,0.0,0.0,0.0,0.0,108.0,7.1633333333332985,0.0,1440.0,1320.0,0,0.8334,0.0,0.0,0.0,0.0,rolling,9069.027501080278,18770.426347222223,497.4310833333332,148.29174999999987
2025-06-21,42,2025-06-21 07:00:00,2025-06-21 07:10:00,3254.3169,542.3861499999999,2874.6231,479.10385,549.1168833333334,2918.9834166666665,486.4972361111111,2025-06-21 06:00:00,70,attachment3_10min_interpolation,2025-06-14 07:10:00,0.0,0.0,0.0,0.0,0.0,0.0,0.0,0.0,108.0,44.71770000000009,0.0,1320.0,1200.0,0,0.8092,0.0,0.0,0.0,0.0,rolling,9069.027501080278,18770.426347222223,497.4310833333332,193.00944999999996
2025-06-21,43,2025-06-21 07:10:00,2025-06-21 07:20:00,3137.5948,522.9324666666666,3006.0287,501.0047833333333,543.5154833333333,3129.0113333333334,521.5018888888889,2025-06-21 06:00:00,80,attachment3_10min_interpolation,2025-06-14 07:20:00,43.585277777777776,22.013594444444493,0.0,21.571683333333283,0.0,22.013594444444493,22.013594444444493,0.0,0.0,0.08591111111115879,0.0,1200.0,1200.0,0,0.7972,34.74618344444444,-8.598472976666647,0.0,26.14771046777779,rolling,9095.175211548056,18792.439941666667,497.4310833333332,193.09536111111112
2025-06-21,44,2025-06-21 07:20:00,2025-06-21 07:30:00,3174.85,529.1416666666667,3224.8875,537.4812499999999,525.9583333333334,3339.03925,556.5065416666666,2025-06-21 06:00:00,90,attachment3_10min_interpolation,2025-06-14 07:30:00,0.0,0.0,0.0,0.0,0.0,0.0,0.0,0.0,0.0,8.33958333333328,0.0,1200.0,1200.0,0,0.7644,0.0,0.0,0.0,0.0,rolling,9095.175211548056,18792.439941666667,497.4310833333332,201.4349444444444
2025-06-21,45,2025-06-21 07:30:00,2025-06-21 07:40:00,3159.7263,526.62105,3537.527,589.5878333333334,528.8353000000001,3549.0671666666667,591.5111944444444,2025-06-21 06:00:00,100,attachment3_10min_interpolation,2025-06-14 07:40:00,0.0,0.0,0.0,0.0,0.0,0.0,0.0,0.0,0.0,62.96678333333341,0.0,1200.0,1200.0,0,0.6899,0.0,0.0,0.0,0.0,rolling,9095.175211548056,18792.439941666667,497.4310833333332,264.4017277777778
2025-06-21,46,2025-06-21 07:40:00,2025-06-21 07:50:00,3087.5763,514.59605,3785.3986,630.8997666666667,531.0549666666667,3759.095083333333,626.5158472222222,2025-06-21 06:00:00,110,attachment3_10min_interpolation,2025-06-14 07:50:00,0.0,0.0,0.0,0.0,0.0,0.0,0.0,0.0,0.0,116.30371666666667,0.0,1200.0,1200.0,0,0.86,0.0,0.0,0.0,0.0,rolling,9095.175211548056,18792.439941666667,497.4310833333332,380.7054444444445
2025-06-21,47,2025-06-21 07:50:00,2025-06-21 08:00:00,3062.36,510.3933333333334,4003.425,667.2375000000001,529.0516666666666,3969.123,661.5205,2025-06-21 06:00:00,120,attachment3_10min_interpolation,2025-06-14 08:00:00,0.0,0.0,0.0,0.0,0.0,0.0,0.0,0.0,0.0,156.8441666666667,0.0,1200.0,1200.0,0,1.1617,0.0,0.0,0.0,0.0,rolling,9095.175211548056,18792.439941666667,497.4310833333332,537.5496111111112
2025-06-21,48,2025-06-21 08:00:00,2025-06-21 08:10:00,3162.0197,527.0032833333333,4334.7324,722.4553999999999,539.2734,4097.8378,682.9729666666667,2025-06-21 06:00:00,130,attachment3_10min_interpolation,2025-06-14 08:10:00,0.0,0.0,0.0,0.0,0.0,0.0,0.0,133.33333333333334,0.0,62.118783333333226,0.0,1200.0,1320.0,1,1.1683,0.0,0.0,0.0,0.0,rolling,9095.175211548056,18792.439941666667,497.4310833333332,599.6683944444444
2025-06-21,49,2025-06-21 08:10:00,2025-06-21 08:20:00,3160.9922,526.8320333333334,4441.8035,740.3005833333333,535.2853166666666,4226.5526,704.4254333333333,2025-06-21 06:00:00,140,attachment3_10min_interpolation,2025-06-14 08:20:00,0.0,0.0,0.0,0.0,0.0,0.0,0.0,133.33333333333334,0.0,80.13521666666657,0.0,1320.0,1440.0,1,1.0956,0.0,0.0,0.0,0.0,rolling,9095.175211548056,18792.439941666667,497.4310833333332,679.803611111111
2025-06-21,50,2025-06-21 08:20:00,2025-06-21 08:30:00,3037.59,506.265,4358.7,726.4499999999999,519.505,4355.2674,725.8779,2025-06-21 06:00:00,150,attachment3_10min_interpolation,2025-06-14 08:30:00,0.0,0.0,0.0,0.0,0.0,0.0,0.0,133.33333333333334,0.0,86.85166666666657,0.0,1440.0,1560.0,1,1.0849,0.0,0.0,0.0,0.0,rolling,9095.175211548056,18792.439941666667,497.4310833333332,766.6552777777775
2025-06-21,51,2025-06-21 08:30:00,2025-06-21 08:40:00,3030.9974,505.16623333333337,4479.895,746.6491666666667,526.7351666666667,4483.9822,747.3303666666667,2025-06-21 06:00:00,160,attachment3_10min_interpolation,2025-06-14 08:40:00,0.0,0.0,0.0,0.0,0.0,0.0,0.0,133.33333333333334,0.0,108.14959999999996,0.0,1560.0,1680.0,1,1.061,0.0,0.0,0.0,0.0,rolling,9095.175211548056,18792.439941666667,497.4310833333332,874.8048777777775
2025-06-21,52,2025-06-21 08:40:00,2025-06-21 08:50:00,3289.939,548.3231666666667,4668.5166,778.0861,561.15215,4612.697,768.7828333333333,2025-06-21 06:00:00,170,attachment3_10min_interpolation,2025-06-14 08:50:00,0.0,0.0,0.0,0.0,0.0,0.0,0.0,133.33333333333334,0.0,96.42959999999994,0.0,1680.0,1800.0,1,1.043,0.0,0.0,0.0,0.0,rolling,9095.175211548056,18792.439941666667,497.4310833333332,971.2344777777774
2025-06-21,53,2025-06-21 08:50:00,2025-06-21 09:00:00,3650.62,608.4366666666666,4746.075,791.0124999999999,607.36,4741.4118,790.2352999999999,2025-06-21 06:00:00,180,attachment3_10min_interpolation,2025-06-14 09:00:00,0.0,0.0,0.0,0.0,0.0,0.0,0.0,133.33333333333334,0.0,49.24249999999995,0.0,1800.0,1920.0,1,1.036,0.0,0.0,0.0,0.0,rolling,9095.175211548056,18792.439941666667,497.4310833333332,1020.4769777777774
2025-06-21,54,2025-06-21 09:00:00,2025-06-21 09:10:00,3785.9011,630.9835166666667,4746.9534,791.1589,642.0851166666666,5039.020833333333,839.8368055555555,2025-06-21 06:00:00,190,attachment3_10min_interpolation,2025-06-14 09:10:00,0.0,0.0,0.0,0.0,0.0,0.0,0.0,133.33333333333334,0.0,26.842049999999972,0.0,1920.0,2040.0,1,1.0147,0.0,0.0,0.0,0.0,rolling,9095.175211548056,18792.439941666667,497.4310833333332,1047.3190277777774
2025-06-21,55,2025-06-21 09:10:00,2025-06-21 09:20:00,3849.6183,641.60305,5139.4381,856.5730166666667,656.56745,5336.629866666666,889.438311111111,2025-06-21 06:00:00,200,attachment3_10min_interpolation,2025-06-14 09:20:00,0.0,0.0,0.0,0.0,0.0,0.0,0.0,133.33333333333334,0.0,81.6366333333333,0.0,2040.0,2160.0,1,0.9922,0.0,0.0,0.0,0.0,rolling,9095.175211548056,18792.439941666667,497.4310833333332,1128.9556611111107
2025-06-21,56,2025-06-21 09:20:00,2025-06-21 09:30:00,3824.6,637.4333333333333,5794.3125,965.71875,648.4433333333333,5634.238899999999,939.0398166666665,2025-06-21 06:00:00,210,attachment3_10min_interpolation,2025-06-14 09:30:00,0.0,0.0,0.0,0.0,0.0,0.0,0.0,266.6666666666667,0.0,61.61875000000009,0.0,2160.0,2400.0,1,0.97,0.0,0.0,0.0,0.0,rolling,9095.175211548056,18792.439941666667,497.4310833333332,1190.5744111111107
2025-06-21,57,2025-06-21 09:30:00,2025-06-21 09:40:00,3582.3586,597.0597666666666,6109.068,1018.178,623.8431333333333,5931.8479333333335,988.6413222222222,2025-06-21 06:00:00,220,attachment3_10min_interpolation,2025-06-14 09:40:00,0.0,0.0,0.0,0.0,0.0,0.0,0.0,266.6666666666667,0.0,154.45156666666674,0.0,2400.0,2640.0,1,0.9422,0.0,0.0,0.0,0.0,rolling,9095.175211548056,18792.439941666667,497.4310833333332,1345.0259777777774
2025-06-21,58,2025-06-21 09:40:00,2025-06-21 09:50:00,3687.9447,614.65745,6385.1018,1064.183633333333,611.4957166666667,6229.456966666667,1038.2428277777778,2025-06-21 06:00:00,230,attachment3_10min_interpolation,2025-06-14 09:50:00,0.0,0.0,0.0,0.0,0.0,0.0,0.0,266.6666666666667,0.0,182.85951666666642,0.0,2640.0,2880.0,1,0.9569,0.0,0.0,0.0,0.0,rolling,9095.175211548056,18792.439941666667,497.4310833333332,1527.8854944444438
2025-06-21,59,2025-06-21 09:50:00,2025-06-21 10:00:00,4000.14,666.6899999999999,6643.5375,1107.25625,627.3066666666667,6527.066,1087.8443333333332,2025-06-21 06:00:00,240,attachment3_10min_interpolation,2025-06-14 10:00:00,0.0,0.0,0.0,0.0,0.0,0.0,0.0,266.6666666666667,0.0,173.89958333333334,0.0,2880.0,3120.0,1,0.9977,0.0,0.0,0.0,0.0,rolling,9095.175211548056,18792.439941666667,497.4310833333332,1701.7850777777771
2025-06-21,60,2025-06-21 10:00:00,2025-06-21 10:10:00,3826.1041,637.6840166666667,6589.8893,1098.3148833333332,656.8212,6624.2863333333335,1104.0477222222223,2025-06-21 06:00:00,250,attachment3_10min_interpolation,2025-06-14 10:10:00,0.0,0.0,0.0,0.0,0.0,0.0,0.0,266.6666666666667,0.0,193.9641999999999,0.0,3120.0,3360.0,1,0.9919,0.0,0.0,0.0,0.0,rolling,9095.175211548056,18792.439941666667,497.4310833333332,1895.749277777777
2025-06-21,61,2025-06-21 10:10:00,2025-06-21 10:20:00,3761.4976,626.9162666666667,6695.6004,1115.9334,641.9134166666666,6721.506666666666,1120.251111111111,2025-06-21 06:00:00,260,attachment3_10min_interpolation,2025-06-14 10:20:00,0.0,0.0,0.0,0.0,0.0,0.0,0.0,266.6666666666667,0.0,222.35046666666653,0.0,3360.0,3600.0,1,0.9588,0.0,0.0,0.0,0.0,rolling,9095.175211548056,18792.439941666667,497.4310833333332,2118.099744444444
2025-06-21,62,2025-06-21 10:20:00,2025-06-21 10:30:00,3901.91,650.3183333333333,7000.9875,1166.83125,604.6266666666667,6818.727,1136.4545,2025-06-21 06:00:00,270,attachment3_10min_interpolation,2025-06-14 10:30:00,0.0,0.0,0.0,0.0,0.0,0.0,0.0,266.6666666666667,0.0,249.84625000000005,0.0,3600.0,3840.0,1,0.9549,0.0,0.0,0.0,0.0,rolling,9095.175211548056,18792.439941666667,497.4310833333332,2367.945994444444
2025-06-21,63,2025-06-21 10:30:00,2025-06-21 10:40:00,3726.7535,621.1255833333333,7093.8409,1182.3068166666667,621.9841333333333,6915.9473333333335,1152.657888888889,2025-06-21 06:00:00,280,attachment3_10min_interpolation,2025-06-14 10:40:00,0.0,0.0,0.0,0.0,0.0,0.0,0.0,266.6666666666667,0.0,294.5145666666667,0.0,3840.0,4080.0,1,0.9839,0.0,0.0,0.0,0.0,rolling,9095.175211548056,18792.439941666667,497.4310833333332,2662.4605611111106
2025-06-21,64,2025-06-21 10:40:00,2025-06-21 10:50:00,3565.5609,594.26015,7243.1188,1207.1864666666668,630.5688833333334,7013.167666666666,1168.8612777777778,2025-06-21 06:00:00,290,attachment3_10min_interpolation,2025-06-14 10:50:00,0.0,0.0,0.0,0.0,0.0,0.0,0.0,266.6666666666667,0.0,346.2596500000002,0.0,4080.0,4320.0,1,0.799,0.0,0.0,0.0,0.0,rolling,9095.175211548056,18792.439941666667,497.4310833333332,3008.720211111111
2025-06-21,65,2025-06-21 10:50:00,2025-06-21 11:00:00,3679.21,613.2016666666667,7400.1,1233.35,603.1533333333333,7110.388,1185.0646666666667,2025-06-21 06:00:00,300,attachment3_10min_interpolation,2025-06-14 11:00:00,0.0,0.0,0.0,0.0,0.0,0.0,0.0,266.6666666666667,0.0,353.48166666666657,0.0,4320.0,4560.0,1,0.5025,0.0,0.0,0.0,0.0,rolling,9095.175211548056,18792.439941666667,497.4310833333332,3362.2018777777776
2025-06-21,66,2025-06-21 11:00:00,2025-06-21 11:10:00,3945.6166,657.6027666666666,7306.5816,1217.7636,580.304,7158.681916666666,1193.1136527777778,2025-06-21 06:00:00,310,attachment3_10min_interpolation,2025-06-14 11:10:00,0.0,0.0,0.0,0.0,0.0,0.0,0.0,266.6666666666667,0.0,293.4941666666666,0.0,4560.0,4800.0,1,0.4662,0.0,0.0,0.0,0.0,rolling,9095.175211548056,18792.439941666667,497.4310833333332,3655.696044444444
2025-06-21,67,2025-06-21 11:10:00,2025-06-21 11:20:00,3900.6403,650.1067166666667,7782.8954,1297.1492333333333,583.4636333333334,7206.975833333333,1201.1626388888888,2025-06-21 06:00:00,320,attachment3_10min_interpolation,2025-06-14 11:20:00,0.0,0.0,0.0,0.0,0.0,0.0,0.0,266.6666666666667,0.0,380.3758499999999,0.0,4800.0,5040.0,1,0.5007,0.0,0.0,0.0,0.0,rolling,9095.175211548056,18792.439941666667,497.4310833333332,4036.071894444444
2025-06-21,68,2025-06-21 11:20:00,2025-06-21 11:30:00,3645.76,607.6266666666667,8490.225,1415.0375,603.2866666666666,7255.269749999999,1209.2116249999997,2025-06-21 06:00:00,330,attachment3_10min_interpolation,2025-06-14 11:30:00,0.0,0.0,0.0,0.0,0.0,0.0,0.0,266.6666666666667,0.0,540.7441666666666,0.0,5040.0,5280.0,1,0.4827,0.0,0.0,0.0,0.0,rolling,9095.175211548056,18792.439941666667,497.4310833333332,4576.816061111111
2025-06-21,69,2025-06-21 11:30:00,2025-06-21 11:40:00,3705.1427,617.5237833333333,8180.7164,1363.4527333333333,612.7584666666667,7303.563666666667,1217.260611111111,2025-06-21 06:00:00,340,attachment3_10min_interpolation,2025-06-14 11:40:00,0.0,0.0,0.0,0.0,0.0,0.0,0.0,266.6666666666667,0.0,479.26228333333324,0.0,5280.0,5520.0,1,0.4785,0.0,0.0,0.0,0.0,rolling,9095.175211548056,18792.439941666667,497.4310833333332,5056.078344444444
2025-06-21,70,2025-06-21 11:40:00,2025-06-21 11:50:00,3724.3133,620.7188833333333,7677.6706,1279.6117666666669,614.83545,7351.857583333333,1225.3095972222222,2025-06-21 06:00:00,350,attachment3_10min_interpolation,2025-06-14 11:50:00,0.0,0.0,0.0,0.0,0.0,0.0,0.0,266.6666666666667,0.0,392.2262166666669,0.0,5520.0,5760.0,1,0.4662,0.0,0.0,0.0,0.0,rolling,9095.175211548056,18792.439941666667,497.4310833333332,5448.304561111111
2025-06-21,71,2025-06-21 11:50:00,2025-06-21 12:00:00,3631.08,605.18,7665.1125,1277.51875,615.5883333333334,7400.1515,1233.3585833333334,2025-06-21 06:00:00,360,attachment3_10min_interpolation,2025-06-14 12:00:00,0.0,0.0,0.0,0.0,0.0,0.0,0.0,266.6666666666667,0.0,405.6720833333334,0.0,5760.0,6000.0,1,0.4432,0.0,0.0,0.0,0.0,rolling,9095.175211548056,18792.439941666667,497.4310833333332,5853.976644444445
2025-06-21,72,2025-06-21 12:00:00,2025-06-21 12:10:00,3735.5415,622.59025,8044.2631,1340.7105166666668,616.7149833333334,7699.6236,1283.2706,2025-06-21 12:00:00,10,observed_anchor_linear_to_h1,2025-06-14 12:10:00,0.0,0.0,0.0,0.0,0.0,0.0,0.0,400.0,0.0,318.1202666666668,0.0,6000.0,6360.0,1,0.4411,0.0,0.0,0.0,0.0,rolling,9095.175211548056,18792.439941666667,497.4310833333332,6172.096911111112
2025-06-21,73,2025-06-21 12:10:00,2025-06-21 12:20:00,3852.2352,642.0392,8300.9755,1383.4959166666667,620.8659166666666,7734.1347000000005,1289.0224500000002,2025-06-21 12:00:00,20,observed_anchor_linear_to_h1,2025-06-14 12:20:00,0.0,0.0,0.0,0.0,0.0,0.0,0.0,666.6666666666666,0.0,74.79005000000006,0.0,6360.0,6960.0,1,0.4551,0.0,0.0,0.0,0.0,rolling,9095.175211548056,18792.439941666667,497.4310833333332,6246.886961111111
2025-06-21,74,2025-06-21 12:20:00,2025-06-21 12:30:00,3928.56,654.76,8383.0125,1397.16875,626.92,7768.6458,1294.7743,2025-06-21 12:00:00,30,observed_anchor_linear_to_h1,2025-06-14 12:30:00,0.0,0.0,0.0,0.0,0.0,0.0,0.0,666.6666666666666,0.0,75.74208333333331,0.0,6960.0,7560.0,1,0.4463,0.0,0.0,0.0,0.0,rolling,9095.175211548056,18792.439941666667,497.4310833333332,6322.629044444445
2025-06-21,75,2025-06-21 12:30:00,2025-06-21 12:40:00,4059.9044,676.6507333333333,8605.7877,1434.29795,630.1571166666666,7803.1569,1300.52615,2025-06-21 12:00:00,40,observed_anchor_linear_to_h1,2025-06-14 12:40:00,0.0,0.0,0.0,0.0,0.0,0.0,0.0,666.6666666666666,0.0,90.98055,0.0,7560.0,8160.0,1,0.4113,0.0,0.0,0.0,0.0,rolling,9095.175211548056,18792.439941666667,497.4310833333332,6413.609594444445
2025-06-21,76,2025-06-21 12:40:00,2025-06-21 12:50:00,3912.5928,652.0988,8542.7209,1423.7868166666667,628.0763000000001,7837.668000000001,1306.278,2025-06-21 12:00:00,50,observed_anchor_linear_to_h1,2025-06-14 12:50:00,0.0,0.0,0.0,0.0,0.0,0.0,0.0,666.6666666666666,0.0,105.02134999999998,0.0,8160.0,8760.0,1,0.5682,0.0,0.0,0.0,0.0,rolling,9095.175211548056,18792.439941666667,497.4310833333332,6518.630944444445
2025-06-21,77,2025-06-21 12:50:00,2025-06-21 13:00:00,3688.01,614.6683333333334,8049.6,1341.6,627.2283333333334,7872.1791,1312.0298500000001,2025-06-21 12:00:00,60,attachment3_10min_interpolation,2025-06-14 13:00:00,0.0,0.0,0.0,0.0,0.0,0.0,0.0,400.0,0.0,326.9316666666665,0.0,8760.0,9120.0,1,0.8279,0.0,0.0,0.0,0.0,rolling,9095.175211548056,18792.439941666667,497.4310833333332,6845.562611111111
2025-06-21,78,2025-06-21 13:00:00,2025-06-21 13:10:00,3910.4683,651.7447166666667,7493.4162,1248.9027,636.2238,7502.3225,1250.3870833333333,2025-06-21 12:00:00,70,attachment3_10min_interpolation,2025-06-14 13:10:00,0.0,0.0,0.0,0.0,0.0,0.0,0.0,266.6666666666667,0.0,330.49131666666676,0.0,9120.0,9360.0,1,0.8636,0.0,0.0,0.0,0.0,rolling,9095.175211548056,18792.439941666667,497.4310833333332,7176.053927777778
2025-06-21,79,2025-06-21 13:10:00,2025-06-21 13:20:00,3862.6154,643.7692333333333,7354.9231,1225.820516666667,639.1596833333333,7132.4659,1188.7443166666667,2025-06-21 12:00:00,80,attachment3_10min_interpolation,2025-06-14 13:20:00,0.0,0.0,0.0,0.0,0.0,0.0,0.0,533.3333333333334,0.0,48.7179500000002,0.0,9360.0,9840.0,1,0.8416,0.0,0.0,0.0,0.0,rolling,9095.175211548056,18792.439941666667,497.4310833333332,7224.771877777778
2025-06-21,80,2025-06-21 13:20:00,2025-06-21 13:30:00,3589.29,598.215,7340.8875,1223.48125,637.945,6762.6093,1127.10155,2025-06-21 12:00:00,90,attachment3_10min_interpolation,2025-06-14 13:30:00,0.0,0.0,0.0,0.0,0.0,0.0,0.0,0.0,0.0,625.26625,0.0,9840.0,9840.0,0,0.8618,0.0,0.0,0.0,0.0,rolling,9095.175211548056,18792.439941666667,497.4310833333332,7850.038127777778
2025-06-21,81,2025-06-21 13:30:00,2025-06-21 13:40:00,3849.2221,641.5370166666667,6714.7449,1119.12415,648.8773166666666,6392.7527,1065.4587833333333,2025-06-21 12:00:00,100,attachment3_10min_interpolation,2025-06-14 13:40:00,0.0,0.0,0.0,0.0,0.0,0.0,0.0,0.0,0.0,477.58713333333344,0.0,9840.0,9840.0,0,0.8623,0.0,0.0,0.0,0.0,rolling,9095.175211548056,18792.439941666667,497.4310833333332,8327.625261111112
2025-06-21,82,2025-06-21 13:40:00,2025-06-21 13:50:00,3978.2382,663.0396999999999,6127.755,1021.2925,651.04975,6022.8961,1003.8160166666667,2025-06-21 12:00:00,110,attachment3_10min_interpolation,2025-06-14 13:50:00,0.0,0.0,0.0,0.0,0.0,0.0,0.0,0.0,0.0,358.2528000000001,0.0,9840.0,9840.0,0,0.9026,0.0,0.0,0.0,0.0,rolling,9095.175211548056,18792.439941666667,497.4310833333332,8685.878061111112
2025-06-21,83,2025-06-21 13:50:00,2025-06-21 14:00:00,3861.85,643.6416666666667,5956.2,992.7,645.2583333333333,5653.0395,942.1732499999999,2025-06-21 12:00:00,120,attachment3_10min_interpolation,2025-06-14 14:00:00,0.0,0.0,0.0,0.0,0.0,0.0,0.0,0.0,0.0,349.0583333333334,0.0,9840.0,9840.0,0,0.9754,0.0,0.0,0.0,0.0,rolling,9095.175211548056,18792.439941666667,497.4310833333332,9034.936394444445
2025-06-21,84,2025-06-21 14:00:00,2025-06-21 14:10:00,4047.8905,674.6484166666667,5941.7978,990.2996333333334,651.8894666666666,5593.80405,932.300675,2025-06-21 12:00:00,130,attachment3_10min_interpolation,2025-06-14 14:10:00,0.0,0.0,0.0,0.0,0.0,0.0,0.0,0.0,0.0,315.65121666666676,0.0,9840.0,9840.0,0,1.0002,0.0,0.0,0.0,0.0,rolling,9095.175211548056,18792.439941666667,497.4310833333332,9350.587611111112
2025-06-21,85,2025-06-21 14:10:00,2025-06-21 14:20:00,4095.2281,682.5380166666666,5827.294,971.2156666666666,646.3560833333333,5534.5686,922.4281,2025-06-21 12:00:00,140,attachment3_10min_interpolation,2025-06-14 14:20:00,0.0,0.0,0.0,0.0,0.0,0.0,0.0,133.33333333333334,0.0,155.3443166666666,0.0,9840.0,9960.0,1,0.9978,0.0,0.0,0.0,0.0,rolling,9095.175211548056,18792.439941666667,497.4310833333332,9505.93192777778
2025-06-21,86,2025-06-21 14:20:00,2025-06-21 14:30:00,4007.39,667.8983333333333,5738.1375,956.35625,632.0166666666667,5475.33315,912.5555250000001,2025-06-21 12:00:00,150,attachment3_10min_interpolation,2025-06-14 14:30:00,0.0,0.0,0.0,0.0,0.0,0.0,0.0,266.6666666666667,0.0,21.79124999999999,0.0,9960.0,10200.0,1,1.0271,0.0,0.0,0.0,0.0,rolling,9095.175211548056,18792.439941666667,497.4310833333332,9527.72317777778
2025-06-21,87,2025-06-21 14:30:00,2025-06-21 14:40:00,4227.0513,704.50855,5964.2607,994.04345,641.6548,5416.0977,902.68295,2025-06-21 12:00:00,160,attachment3_10min_interpolation,2025-06-14 14:40:00,0.0,0.0,0.0,0.0,0.0,0.0,0.0,133.33333333333334,0.0,156.20156666666662,0.0,10200.0,10320.0,1,1.0906,0.0,0.0,0.0,0.0,rolling,9095.175211548056,18792.439941666667,497.4310833333332,9683.924744444446
2025-06-21,88,2025-06-21 14:40:00,2025-06-21 14:50:00,4182.4486,697.0747666666666,5979.2451,996.54085,667.3870833333334,5356.86225,892.810375,2025-06-21 12:00:00,170,attachment3_10min_interpolation,2025-06-14 14:50:00,0.0,0.0,0.0,0.0,0.0,0.0,0.0,133.33333333333334,0.0,166.13275,0.0,10320.0,10440.0,1,0.9376,0.0,0.0,0.0,0.0,rolling,9095.175211548056,18792.439941666667,497.4310833333332,9850.057494444447
2025-06-21,89,2025-06-21 14:50:00,2025-06-21 15:00:00,3879.68,646.6133333333333,5680.4625,946.74375,685.3233333333333,5297.6268,882.9378,2025-06-21 12:00:00,180,attachment3_10min_interpolation,2025-06-14 15:00:00,0.0,0.0,0.0,0.0,0.0,0.0,0.0,133.33333333333334,0.0,166.79708333333326,0.0,10440.0,10560.0,1,0.6694,0.0,0.0,0.0,0.0,rolling,9095.175211548056,18792.439941666667,497.4310833333332,10016.85457777778
2025-06-21,90,2025-06-21 15:00:00,2025-06-21 15:10:00,3916.2335,652.7055833333333,5457.1539,909.52565,674.7553333333334,5047.1128,841.1854666666667,2025-06-21 12:00:00,190,attachment3_10min_interpolation,2025-06-14 15:10:00,0.0,0.0,0.0,0.0,0.0,0.0,0.0,133.33333333333334,0.0,123.4867333333334,0.0,10560.0,10680.0,1,0.66,0.0,0.0,0.0,0.0,rolling,9095.175211548056,18792.439941666667,497.4310833333332,10140.341311111113
2025-06-21,91,2025-06-21 15:10:00,2025-06-21 15:20:00,3924.3398,654.0566333333334,5153.0688,858.8448,649.8444166666667,4796.5988,799.4331333333333,2025-06-21 12:00:00,200,attachment3_10min_interpolation,2025-06-14 15:20:00,0.0,0.0,0.0,0.0,0.0,0.0,0.0,133.33333333333334,0.0,71.45483333333323,0.0,10680.0,10800.0,1,0.7217,0.0,0.0,0.0,0.0,rolling,9095.175211548056,18792.439941666667,497.4310833333332,10211.796144444446
2025-06-21,92,2025-06-21 15:20:00,2025-06-21 15:30:00,3875.5,645.9166666666666,4811.1,801.85,645.3383333333334,4546.0848000000005,757.6808000000001,2025-06-21 12:00:00,210,attachment3_10min_interpolation,2025-06-14 15:30:00,0.0,0.0,0.0,0.0,0.0,0.0,0.0,0.0,0.0,155.9333333333334,0.0,10800.0,10800.0,0,0.7308,0.0,0.0,0.0,0.0,rolling,9095.175211548056,18792.439941666667,497.4310833333332,10367.729477777779
2025-06-21,93,2025-06-21 15:30:00,2025-06-21 15:40:00,4137.0155,689.5025833333334,4680.9532,780.1588666666667,685.0604333333334,4295.5708,715.9284666666667,2025-06-21 12:00:00,220,attachment3_10min_interpolation,2025-06-14 15:40:00,0.0,0.0,0.0,0.0,0.0,0.0,0.0,0.0,0.0,90.65628333333325,0.0,10800.0,10800.0,0,0.7534,0.0,0.0,0.0,0.0,rolling,9095.175211548056,18792.439941666667,497.4310833333332,10458.385761111113
2025-06-21,94,2025-06-21 15:40:00,2025-06-21 15:50:00,4317.2602,719.5433666666667,4481.2341,746.87235,705.4706666666666,4045.0568,674.1761333333333,2025-06-21 12:00:00,230,attachment3_10min_interpolation,2025-06-14 15:50:00,40.88631111111113,31.294533333333334,0.0,9.591777777777793,0.0,31.294533333333334,31.294533333333334,0.0,0.0,58.62351666666666,0.0,10800.0,10800.0,0,0.7823,31.985361182222235,-3.7518238777777837,0.0,28.23353730444445,rolling,9123.4087488525,18823.734475,497.4310833333332,10517.009277777779
2025-06-21,95,2025-06-21 15:50:00,2025-06-21 16:00:00,4217.43,702.9050000000001,4055.4,675.9,702.335,3794.5428,632.4238,2025-06-21 12:00:00,240,attachment3_10min_interpolation,2025-06-14 16:00:00,112.35273333333339,69.91120000000001,0.0,42.44153333333338,0.0,69.91120000000001,69.91120000000001,0.0,0.0,42.9061999999999,0.0,10800.0,10800.0,0,0.8055,90.50012670000004,-17.09332755000002,0.0,73.40679915000001,rolling,9196.8155480025,18893.645675,497.4310833333332,10559.915477777779
2025-06-21,96,2025-06-21 16:00:00,2025-06-21 16:10:00,4034.2858,672.3809666666667,3562.8565,593.8094166666666,722.1984333333334,3584.5224500000004,597.4204083333334,2025-06-21 12:00:00,250,attachment3_10min_interpolation,2025-06-14 16:10:00,161.0206222222223,124.77802499999996,0.0,36.242597222222344,0.0,124.77802499999996,124.77802499999996,0.0,0.0,46.20647499999984,0.0,10800.0,10800.0,0,0.8271,133.18015664000006,-14.98812608125005,0.0,118.19203055875002,rolling,9315.00757856125,19018.4237,497.4310833333332,10606.121952777778
2025-06-21,97,2025-06-21 16:10:00,2025-06-21 16:20:00,3980.7146,663.4524333333333,3361.4888,560.2481333333334,695.8212833333333,3374.5021,562.4170166666667,2025-06-21 12:00:00,260,attachment3_10min_interpolation,2025-06-14 16:20:00,163.44792777777786,133.40426666666667,0.0,30.04366111111119,0.0,133.40426666666667,133.40426666666667,0.0,0.0,30.199966666666796,0.0,10800.0,10800.0,0,0.8519,139.24128967388896,-12.797097450277812,0.0,126.44419222361114,rolling,9441.45177078486,19151.827966666668,497.4310833333332,10636.321919444445
2025-06-21,98,2025-06-21 16:20:00,2025-06-21 16:30:00,4042.02,673.67,3406.575,567.7624999999999,665.3083333333333,3164.4817500000004,527.413625,2025-06-21 12:00:00,270,attachment3_10min_interpolation,2025-06-14 16:30:00,161.7394333333333,137.89470833333326,0.0,23.84472500000004,0.0,137.89470833333326,137.89470833333326,0.0,0.0,31.98720833333323,0.0,10800.0,10800.0,0,0.8791,142.18513584333328,-10.480948873750018,0.0,131.70418696958328,rolling,9573.155957754445,19289.722675,497.4310833333332,10668.309127777778
2025-06-21,99,2025-06-21 16:30:00,2025-06-21 16:40:00,3983.774,663.9623333333333,3291.2298,548.5383,735.2509,2954.4614,492.41023333333334,2025-06-21 12:00:00,280,attachment3_10min_interpolation,2025-06-14 16:40:00,260.48645555555555,242.84066666666666,0.0,17.645788888888887,0.0,242.84066666666666,242.84066666666666,0.0,0.0,127.41663333333344,0.0,10800.0,10800.0,0,0.9024,235.06297749333334,-7.961779946666666,0.0,227.10119754666667,rolling,9800.257155301111,19532.563341666668,497.4310833333332,10795.725761111113
2025-06-21,100,2025-06-21 16:40:00,2025-06-21 16:50:00,3621.8931,603.6488499999999,2964.175,494.0291666666667,707.8311166666667,2744.4410500000004,457.4068416666667,2025-06-21 12:00:00,290,attachment3_10min_interpolation,2025-06-14 16:50:00,261.8711277777779,250.42427500000002,0.0,11.446852777777849,0.0,250.42427500000002,250.42427500000002,0.0,0.0,140.8045916666668,0.0,10800.0,10800.0,0,0.9163,239.95251438277788,-5.2443756001389215,0.0,234.70813878263897,rolling,10034.96529408375,19782.98761666667,497.4310833333332,10936.53035277778
2025-06-21,101,2025-06-21 16:50:00,2025-06-21 17:00:00,3240.3,540.0500000000001,2623.6125,437.26875,589.7266666666667,2534.4207,422.40345,2025-06-21 12:00:00,300,attachment3_10min_interpolation,2025-06-14 17:00:00,172.57113333333336,167.32321666666667,0.0,5.247916666666697,0.0,167.32321666666667,167.32321666666667,0.0,0.0,64.54196666666661,0.0,10800.0,10800.0,0,0.9264,159.86989792000003,-2.430835000000014,0.0,157.43906292000003,rolling,10192.40435700375,19950.310833333337,497.4310833333332,11001.072319444445
2025-06-21,102,2025-06-21 17:00:00,2025-06-21 17:10:00,3335.0072,555.8345333333333,2479.2426,413.2071,590.4794,2274.11045,379.01840833333335,2025-06-21 12:00:00,310,attachment3_10min_interpolation,2025-06-14 17:10:00,215.2026694444445,211.4609916666667,0.0,3.741677777777795,0.0,211.4609916666667,211.4609916666667,0.0,0.0,68.83355833333343,0.0,10800.0,10800.0,0,0.9462,203.62476582833338,-1.770187756666675,0.0,201.8545780716667,rolling,10394.258935075417,20161.771825000003,497.4310833333332,11069.90587777778
2025-06-21,103,2025-06-21 17:10:00,2025-06-21 17:20:00,3462.6248,577.1041333333334,2185.8548,364.30913333333336,609.88575,2013.8002,335.63336666666663,2025-06-21 12:00:00,320,attachment3_10min_interpolation,2025-06-14 17:20:00,276.4878222222223,274.2523833333334,0.0,2.2354388888888934,0.0,274.2523833333334,274.2523833333334,0.0,0.0,61.45738333333338,0.0,10800.0,10800.0,0,0.9742,269.35443640888894,-1.08888228277778,0.0,268.26555412611117,rolling,10662.524489201529,20436.024208333336,497.4310833333332,11131.363261111113
2025-06-21,104,2025-06-21 17:20:00,2025-06-21 17:30:00,3484.27,580.7116666666667,1750.4625,291.74375000000003,589.96,1753.48995,292.24832499999997,2025-06-21 12:00:00,330,attachment3_10min_interpolation,2025-06-14 17:30:00,298.44087500000006,297.71167500000007,0.0,0.7291999999999916,0.0,297.71167500000007,297.71167500000007,0.0,0.0,8.743758333333403,0.0,10800.0,10800.0,0,0.9862,294.32239092500004,-0.35956851999999584,0.0,293.96282240500005,rolling,10956.487311606528,20733.735883333335,497.4310833333332,11140.107019444447
2025-06-21,105,2025-06-21 17:30:00,2025-06-21 17:40:00,3649.2081,608.2013499999999,1528.3871,254.7311833333333,581.5264166666667,1493.1797,248.86328333333333,2025-06-21 12:00:00,340,attachment3_10min_interpolation,2025-06-14 17:40:00,331.88609444444444,332.66313333333335,0.7770388888889102,0.0,20.807033333333294,353.4701666666666,353.4701666666666,0.0,0.0,0.0,0.0,10800.0,10800.0,0,0.976,323.92082817777776,1.1375849333333645,101.53832266666647,426.5967357777776,rolling,11383.084047384305,21087.20605,518.2381166666665,11140.107019444447
2025-06-21,106,2025-06-21 17:40:00,2025-06-21 17:50:00,3604.3529,600.7254833333333,1310.4274,218.40456666666668,580.3483166666666,1232.86945,205.47824166666666,2025-06-21 12:00:00,350,attachment3_10min_interpolation,2025-06-14 17:50:00,372.5867972222221,374.87007499999993,2.283277777777812,0.0,7.450841666666662,382.32091666666656,382.32091666666656,0.0,0.0,0.0,0.0,10800.0,10800.0,0,1.0742,400.232737576111,3.6790454833333883,40.01847059166664,443.930253651111,rolling,11827.014301035417,21469.526966666668,525.6889583333332,11140.107019444447
2025-06-21,107,2025-06-21 17:50:00,2025-06-21 18:00:00,3349.51,558.2516666666667,1034.1,172.35,582.9016666666666,972.5592,162.0932,2025-06-21 12:00:00,360,attachment3_10min_interpolation,2025-06-14 18:00:00,309.01895,312.8084666666666,3.7895166666666,0.0,0.0,312.8084666666666,312.8084666666666,0.0,108.0,34.90679999999995,0.0,10800.0,10680.0,0,1.2313,380.495033135,6.999047807499878,0.0,387.4940809424999,rolling,12214.508381977917,21782.335433333334,525.6889583333332,11175.013819444448
2025-06-21,108,2025-06-21 18:00:00,2025-06-21 18:10:00,3274.4828,545.7471333333334,860.3286,143.3881,595.5989666666667,863.0169,143.83615,2025-06-21 18:00:00,10,observed_anchor_linear_to_h1,2025-06-14 18:10:00,25.158513888888933,19.76281666666671,0.0,5.395697222222225,0.0,19.76281666666671,19.76281666666671,0.0,432.0,49.40378333333331,0.0,10680.0,10200.0,0,1.2561,31.601609295833388,-3.3887676404166682,0.0,28.21284165541672,rolling,12242.721223633334,21802.09825,525.6889583333332,11224.417602777781
2025-06-21,109,2025-06-21 18:10:00,2025-06-21 18:20:00,3297.0032,549.5005333333334,677.2547,112.87578333333332,602.28115,691.9338,115.3223,2025-06-21 18:00:00,20,observed_anchor_linear_to_h1,2025-06-14 18:20:00,59.28296111111115,54.95885000000004,0.0,4.324111111111108,0.0,54.95885000000004,54.95885000000004,0.0,432.0,50.334100000000035,0.0,10200.0,9720.0,0,1.2447,73.78950169500004,-2.691110549999998,0.0,71.09839114500004,rolling,12313.819614778335,21857.057099999998,525.6889583333332,11274.751702777781
2025-06-21,110,2025-06-21 18:20:00,2025-06-21 18:30:00,3342.79,557.1316666666667,452.7,75.45,603.485,520.8507,86.80845,2025-06-21 18:00:00,30,observed_anchor_linear_to_h1,2025-06-14 18:30:00,87.92907500000001,84.67655000000002,0.0,3.2525249999999915,0.0,84.67655000000002,84.67655000000002,0.0,432.0,34.99488333333335,0.0,9720.0,9240.0,0,1.2545,110.30702458750001,-2.0401463062499947,0.0,108.26687828125002,rolling,12422.086493059585,21941.73365,525.6889583333332,11309.746586111114
2025-06-21,111,2025-06-21 18:30:00,2025-06-21 18:40:00,3456.8314,576.1385666666666,276.0564,46.0094,613.5661166666666,349.7676,58.2946,2025-06-21 18:00:00,40,observed_anchor_linear_to_h1,2025-06-14 18:40:00,17.452455555555503,15.271516666666685,0.0,2.180938888888818,0.0,15.271516666666685,15.271516666666685,0.0,540.0,25.14235000000008,0.0,9240.0,8640.0,0,1.2522,21.8539648466666,-1.3654858383332888,0.0,20.48847900833331,rolling,12442.574972067918,21957.005166666666,525.6889583333332,11334.888936111114
2025-06-21,112,2025-06-21 18:40:00,2025-06-21 18:50:00,3634.5648,605.7608,121.8367,20.306116666666664,613.6690666666667,178.68450000000007,29.780750000000012,2025-06-21 18:00:00,50,observed_anchor_linear_to_h1,2025-06-14 18:50:00,44.997669444444455,43.8883166666667,0.0,1.109352777777758,1.5663666666666813,45.45468333333338,45.45468333333338,0.0,540.0,0.0,0.0,8640.0,8040.0,0,1.2881,57.961498011388905,-0.7144786565277651,10.088184516666761,67.3352038715279,rolling,12509.910175939445,22002.45985,527.2553249999999,11334.888936111114
2025-06-21,113,2025-06-21 18:50:00,2025-06-21 19:00:00,3852.72,642.12,7.7625,1.29375,611.975,7.6014,1.2669,2025-06-21 18:00:00,60,attachment3_10min_interpolation,2025-06-14 19:00:00,70.74586666666664,70.70810000000006,0.0,0.03776666666658457,30.1181499999999,100.82624999999996,100.82624999999996,0.0,540.0,0.0,0.0,8040.0,7440.0,0,1.3466,95.2663840533333,-0.02542829666661139,202.78550394999934,298.026459706666,rolling,12807.93663564611,22103.286099999998,557.3734749999998,11334.888936111114
2025-06-21,114,2025-06-21 19:00:00,2025-06-21 19:10:00,4004.9442,667.4907,0.0,0.0,634.4964,6.3345,1.05575,2025-06-21 18:00:00,70,attachment3_10min_interpolation,2025-06-14 19:10:00,93.4721222222222,93.44065,0.0,0.031472222222191704,34.05004999999994,127.49069999999995,127.49069999999995,0.0,540.0,0.0,0.0,7440.0,6840.0,0,1.3523,126.40235088111108,-0.021279943055534923,230.2294130749996,356.61048401305516,rolling,13164.547119659166,22230.776799999996,591.4235249999997,11334.888936111114
2025-06-21,115,2025-06-21 19:10:00,2025-06-21 19:20:00,3706.7434,617.7905666666667,3.2619,0.54365,638.46145,5.0676,0.8445999999999999,2025-06-21 18:00:00,80,attachment3_10min_interpolation,2025-06-14 19:20:00,97.6420277777778,97.61685,0.0,0.025177777777798838,0.0,97.61685,97.61685,0.0,540.0,0.54365,19.82628333333328,6840.0,6240.0,0,1.3445,131.27970634722226,-0.01692576111112527,0.0,131.26278058611112,rolling,13295.809900245276,22328.393649999995,591.4235249999997,11335.432586111114
2025-06-21,116,2025-06-21 19:20:00,2025-06-21 19:30:00,3293.48,548.9133333333333,0.0,0.0,614.4133333333333,3.8007,0.63345,2025-06-21 18:00:00,90,attachment3_10min_interpolation,2025-06-14 19:30:00,73.79876666666667,73.77988333333326,0.0,0.01888333333340597,0.0,73.77988333333326,73.77988333333326,0.0,540.0,0.0,64.86654999999996,6240.0,5640.0,0,1.3483,99.50287709666667,-0.012730199166715637,0.0,99.49014689749995,rolling,13395.300047142777,22402.173533333327,591.4235249999997,11335.432586111114
2025-06-21,117,2025-06-21 19:30:00,2025-06-21 19:40:00,3492.5254,582.0875666666667,0.0,0.0,594.9406833333334,2.5338,0.42229999999999995,2025-06-21 18:00:00,100,attachment3_10min_interpolation,2025-06-14 19:40:00,54.5309722222222,54.51838333333342,0.0,0.012588888888785732,0.0,54.51838333333342,54.51838333333342,0.0,540.0,0.0,12.430816666666715,5640.0,5040.0,0,1.349,73.56228152777776,-0.008491205555485977,0.0,73.55379032222227,rolling,13468.853837465,22456.69191666666,591.4235249999997,11335.432586111114
2025-06-21,118,2025-06-21 19:40:00,2025-06-21 19:50:00,3490.6667,581.7777833333333,0.2342,0.0390333333333333,578.5213333333334,1.2669,0.21114999999999998,2025-06-21 18:00:00,110,attachment3_10min_interpolation,2025-06-14 19:50:00,38.31647777777778,38.310183333333384,0.0,0.006294444444392866,3.4285666666665975,41.73874999999998,41.73874999999998,0.0,540.0,0.0,0.0,5040.0,4440.0,0,1.3473,51.62379051,-0.004240252499965254,23.09653934999953,74.71608960749955,rolling,13543.5699270725,22498.43066666666,594.8520916666663,11335.432586111114
2025-06-21,119,2025-06-21 19:50:00,2025-06-21 20:00:00,3189.62,531.6033333333334,0.0,0.0,584.49,0.0,0.0,2025-06-21 18:00:00,120,attachment3_10min_interpolation,2025-06-14 20:00:00,44.49000000000001,44.49000000000001,0.0,0.0,0.0,44.49000000000001,44.49000000000001,0.0,540.0,0.0,52.886666666666656,4440.0,3840.0,0,1.3482,59.98141800000001,0.0,0.0,59.98141800000001,rolling,13603.5513450725,22542.92066666666,594.8520916666663,11335.432586111114
2025-06-21,120,2025-06-21 20:00:00,2025-06-21 20:10:00,3348.2366,558.0394333333334,0.0,0.0,634.9885833333334,0.0,0.0,2025-06-21 18:00:00,130,attachment3_10min_interpolation,2025-06-14 20:10:00,94.9885833333334,94.9885833333334,0.0,0.0,0.0,94.9885833333334,94.9885833333334,0.0,540.0,0.0,76.94915000000003,3840.0,3240.0,0,1.3513,128.3580726583334,0.0,0.0,128.3580726583334,rolling,13731.909417730833,22637.909249999993,594.8520916666663,11335.432586111114
2025-06-21,121,2025-06-21 20:10:00,2025-06-21 20:20:00,3725.2052,620.8675333333333,0.0168,0.0028,648.4989666666667,0.0,0.0,2025-06-21 18:00:00,140,attachment3_10min_interpolation,2025-06-14 20:20:00,0.4989666666666608,0.4989666666666608,0.0,0.0,0.0,0.4989666666666608,0.4989666666666608,0.0,648.0,0.0028,27.631433333333327,3240.0,2520.0,0,1.34,0.6686153333333255,0.0,0.0,0.6686153333333255,rolling,13732.578033064166,22638.40821666666,594.8520916666663,11335.435386111114
2025-06-21,122,2025-06-21 20:20:00,2025-06-21 20:30:00,3960.13,660.0216666666666,0.0,0.0,628.4333333333333,0.0,0.0,2025-06-21 18:00:00,150,attachment3_10min_interpolation,2025-06-14 20:30:00,88.43333333333328,88.43333333333328,0.0,0.0,31.588333333333367,120.02166666666665,120.02166666666665,0.0,540.0,0.0,0.0,2520.0,1920.0,0,1.3489,119.28772333333326,0.0,213.0475141666669,332.3352375000002,rolling,14064.913270564166,22758.429883333327,626.4404249999997,11335.435386111114
2025-06-21,123,2025-06-21 20:30:00,2025-06-21 20:40:00,3881.8245,646.9707500000001,0.0,0.0,655.4149666666666,0.0,0.0,2025-06-21 18:00:00,160,attachment3_10min_interpolation,2025-06-14 20:40:00,7.414966666666601,7.414966666666601,0.0,0.0,0.0,7.414966666666601,7.414966666666601,0.0,648.0,0.0,8.444216666666534,1920.0,1200.0,0,1.3952,10.345361493333241,0.0,0.0,10.345361493333241,rolling,14075.2586320575,22765.844849999994,626.4404249999997,11335.435386111114
2025-06-21,124,2025-06-21 20:40:00,2025-06-21 20:50:00,3513.6729,585.61215,0.0012,0.0001999999999999,676.3888333333333,0.0,0.0,2025-06-21 18:00:00,170,attachment3_10min_interpolation,2025-06-14 20:50:00,676.3888333333333,676.3888333333333,0.0,0.0,0.0,676.3888333333333,676.3888333333333,0.0,0.0,0.0001999999999999,90.77668333333327,1200.0,1200.0,0,1.2226,826.9529876333332,0.0,0.0,826.9529876333332,rolling,14902.211619690832,23442.23368333333,626.4404249999997,11335.435586111114
2025-06-21,125,2025-06-21 20:50:00,2025-06-21 21:00:00,3160.32,526.72,0.0,0.0,653.1283333333333,0.0,0.0,2025-06-21 18:00:00,180,attachment3_10min_interpolation,2025-06-14 21:00:00,653.1283333333333,653.1283333333333,0.0,0.0,0.0,653.1283333333333,653.1283333333333,0.0,0.0,0.0,126.4083333333333,1200.0,1200.0,0,0.9332,609.4993606666667,0.0,0.0,609.4993606666667,rolling,15511.710980357499,24095.362016666662,626.4404249999997,11335.435586111114
2025-06-21,126,2025-06-21 21:00:00,2025-06-21 21:10:00,3214.7106,535.7850999999999,0.0,0.0,602.3349333333333,0.0,0.0,2025-06-21 18:00:00,190,attachment3_10min_interpolation,2025-06-14 21:10:00,602.3349333333333,602.3349333333333,0.0,0.0,0.0,602.3349333333333,602.3349333333333,0.0,0.0,0.0,66.54983333333337,1200.0,1200.0,0,0.9068,546.1973175466667,0.0,0.0,546.1973175466667,rolling,16057.908297904165,24697.696949999994,626.4404249999997,11335.435586111114
2025-06-21,127,2025-06-21 21:10:00,2025-06-21 21:20:00,3489.1029,581.51715,0.0,0.0,561.7986833333333,0.0,0.0,2025-06-21 18:00:00,200,attachment3_10min_interpolation,2025-06-14 21:20:00,561.7986833333333,561.7986833333333,0.0,0.0,19.7184666666667,581.51715,581.51715,0.0,0.0,0.0,0.0,1200.0,1200.0,0,0.9371,526.4615461516667,0.0,92.39087556666682,618.8524217183335,rolling,16676.7607196225,25279.214099999994,646.1588916666664,11335.435586111114
2025-06-21,128,2025-06-21 21:20:00,2025-06-21 21:30:00,3713.49,618.915,0.0,0.0,557.0966666666667,0.0,0.0,2025-06-21 18:00:00,210,attachment3_10min_interpolation,2025-06-14 21:30:00,557.0966666666667,557.0966666666667,0.0,0.0,61.81833333333327,618.915,618.915,0.0,0.0,0.0,0.0,1200.0,1200.0,0,0.9371,522.0552863333334,0.0,289.6498008333331,811.7050871666664,rolling,17488.465806789165,25898.129099999995,707.9772249999996,11335.435586111114
2025-06-21,129,2025-06-21 21:30:00,2025-06-21 21:40:00,3715.4477,619.2412833333334,0.0,0.0,582.3134166666667,0.0,0.0,2025-06-21 18:00:00,220,attachment3_10min_interpolation,2025-06-14 21:40:00,582.3134166666667,582.3134166666667,0.0,0.0,36.92786666666666,619.2412833333334,619.2412833333334,0.0,0.0,0.0,0.0,1200.0,1200.0,0,0.9871,574.8015735916667,0.0,182.2574859333333,757.0590595250001,rolling,18245.524866314165,26517.370383333327,744.9050916666663,11335.435586111114
2025-06-21,130,2025-06-21 21:40:00,2025-06-21 21:50:00,3460.6768,576.7794666666667,0.0,0.0,576.7703,0.0,0.0,2025-06-21 18:00:00,230,attachment3_10min_interpolation,2025-06-14 21:50:00,576.7703,576.7703,0.0,0.0,0.009166666666715173,576.7794666666667,576.7794666666667,0.0,0.0,0.0,0.0,1200.0,1200.0,0,0.7764,447.80446092,0.0,0.0355850000001883,447.8400459200002,rolling,18693.364912234167,27094.149849999994,744.914258333333,11335.435586111114
2025-06-21,131,2025-06-21 21:50:00,2025-06-21 22:00:00,3169.68,528.28,0.0,0.0,544.5733333333334,0.0,0.0,2025-06-21 18:00:00,240,attachment3_10min_interpolation,2025-06-14 22:00:00,544.5733333333334,544.5733333333334,0.0,0.0,0.0,544.5733333333334,544.5733333333334,0.0,0.0,0.0,16.293333333333408,1200.0,1200.0,0,0.4209,229.21091600000003,0.0,0.0,229.21091600000003,rolling,18922.575828234167,27638.723183333328,744.914258333333,11335.435586111114
2025-06-21,132,2025-06-21 22:00:00,2025-06-21 22:10:00,3161.2424,526.8737333333333,0.0,0.0,543.5498,0.0,0.0,2025-06-21 18:00:00,250,attachment3_10min_interpolation,2025-06-14 22:10:00,543.5498,543.5498,0.0,0.0,0.0,543.5498,543.5498,0.0,0.0,0.0,16.676066666666657,1200.0,1200.0,0,0.3859,209.75586782000002,0.0,0.0,209.75586782000002,rolling,19132.331696054167,28182.27298333333,744.914258333333,11335.435586111114
2025-06-21,133,2025-06-21 22:10:00,2025-06-21 22:20:00,3268.4465,544.7410833333333,0.0,0.0,536.3616499999999,0.0,0.0,2025-06-21 18:00:00,260,attachment3_10min_interpolation,2025-06-14 22:20:00,536.3616499999999,536.3616499999999,0.0,0.0,8.379433333333395,544.7410833333333,544.7410833333333,0.0,0.0,0.0,0.0,1200.0,1200.0,0,0.4368,234.28276871999998,0.0,18.300682400000138,252.58345112000012,rolling,19384.915147174168,28727.014066666663,753.2936916666664,11335.435586111114
2025-06-21,134,2025-06-21 22:20:00,2025-06-21 22:30:00,3317.19,552.865,0.0,0.0,531.6983333333334,0.0,0.0,2025-06-21 18:00:00,270,attachment3_10min_interpolation,2025-06-14 22:30:00,531.6983333333334,531.6983333333334,0.0,0.0,21.16666666666663,552.865,552.865,0.0,0.0,0.0,0.0,1200.0,1200.0,0,0.4198,223.20696033333337,0.0,44.42883333333326,267.63579366666664,rolling,19652.550940840836,29279.879066666665,774.460358333333,11335.435586111114
2025-06-21,135,2025-06-21 22:30:00,2025-06-21 22:40:00,3281.0391,546.83985,0.0,0.0,578.8273166666667,0.0,0.0,2025-06-21 18:00:00,280,attachment3_10min_interpolation,2025-06-14 22:40:00,578.8273166666667,578.8273166666667,0.0,0.0,0.0,578.8273166666667,578.8273166666667,0.0,0.0,0.0,31.987466666666705,1200.0,1200.0,0,0.4186,242.29711475666667,0.0,0.0,242.29711475666667,rolling,19894.848055597504,29858.70638333333,774.460358333333,11335.435586111114
2025-06-21,136,2025-06-21 22:40:00,2025-06-21 22:50:00,3250.7574,541.7929,0.0,0.0,608.9878166666666,0.0,0.0,2025-06-21 18:00:00,290,attachment3_10min_interpolation,2025-06-14 22:50:00,608.9878166666666,608.9878166666666,0.0,0.0,0.0,608.9878166666666,608.9878166666666,0.0,0.0,0.0,67.19491666666659,1200.0,1200.0,0,0.4241,258.2717330483333,0.0,0.0,258.2717330483333,rolling,20153.119788645836,30467.694199999998,774.460358333333,11335.435586111114
2025-06-21,137,2025-06-21 22:50:00,2025-06-21 23:00:00,3190.39,531.7316666666667,0.0,0.0,577.205,0.0,0.0,2025-06-21 18:00:00,300,attachment3_10min_interpolation,2025-06-14 23:00:00,577.205,577.205,0.0,0.0,0.0,577.205,577.205,0.0,0.0,0.0,45.47333333333336,1200.0,1200.0,0,0.4237,244.56175850000002,0.0,0.0,244.56175850000002,rolling,20397.681547145836,31044.8992,774.460358333333,11335.435586111114
2025-06-21,138,2025-06-21 23:00:00,2025-06-21 23:10:00,2998.9363,499.8227166666666,0.0,0.0,508.0796666666667,0.0,0.0,2025-06-21 18:00:00,310,attachment3_10min_interpolation,2025-06-14 23:10:00,508.0796666666667,508.0796666666667,0.0,0.0,0.0,508.0796666666667,508.0796666666667,0.0,0.0,0.0,8.256950000000074,1200.0,1200.0,0,0.4248,215.8322424,0.0,0.0,215.8322424,rolling,20613.513789545836,31552.97886666667,774.460358333333,11335.435586111114
2025-06-21,139,2025-06-21 23:10:00,2025-06-21 23:20:00,2920.9743,486.82905,0.0,0.0,484.2649833333333,0.0,0.0,2025-06-21 18:00:00,320,attachment3_10min_interpolation,2025-06-14 23:20:00,484.2649833333333,484.2649833333333,0.0,0.0,2.5640666666666903,486.82905,486.82905,0.0,0.0,0.0,0.0,1200.0,1200.0,0,0.424,205.32835293333332,0.0,5.435821333333384,210.7641742666667,rolling,20824.277963812503,32039.80791666667,777.0244249999997,11335.435586111114
2025-06-21,140,2025-06-21 23:20:00,2025-06-21 23:30:00,2989.3,498.2166666666667,0.0,0.0,511.99,0.0,0.0,2025-06-21 18:00:00,330,attachment3_10min_interpolation,2025-06-14 23:30:00,511.99,511.99,0.0,0.0,0.0,511.99,511.99,0.0,0.0,0.0,13.773333333333312,1200.0,1200.0,0,0.422,216.05978,0.0,0.0,216.05978,rolling,21040.337743812503,32551.79791666667,777.0244249999997,11335.435586111114
2025-06-21,141,2025-06-21 23:30:00,2025-06-21 23:40:00,3024.571,504.0951666666666,0.0,0.0,532.2109166666667,0.0,0.0,2025-06-21 18:00:00,340,attachment3_10min_interpolation,2025-06-14 23:40:00,532.2109166666667,532.2109166666667,0.0,0.0,0.0,532.2109166666667,532.2109166666667,0.0,0.0,0.0,28.115750000000048,1200.0,1200.0,0,0.424,225.65742866666665,0.0,0.0,225.65742866666665,rolling,21265.995172479168,33084.00883333333,777.0244249999997,11335.435586111114
2025-06-21,142,2025-06-21 23:40:00,2025-06-21 23:50:00,3193.3141,532.2190166666667,0.0,0.0,582.9702166666667,0.0,0.0,2025-06-21 18:00:00,350,attachment3_10min_interpolation,2025-06-14 23:50:00,582.9702166666667,582.9702166666667,0.0,0.0,0.0,582.9702166666667,582.9702166666667,0.0,0.0,0.0,50.75120000000004,1200.0,1200.0,0,0.4271,248.98657953833333,0.0,0.0,248.98657953833333,rolling,21514.981752017502,33666.97905,777.0244249999997,11335.435586111114
2025-06-21,143,2025-06-21 23:50:00,2025-06-22 00:00:00,3636.14,606.0233333333333,0.0,0.0,654.8966666666666,0.0,0.0,2025-06-21 18:00:00,360,attachment3_10min_interpolation,2025-06-15 00:00:00,654.8966666666666,654.8966666666666,0.0,0.0,0.0,654.8966666666666,654.8966666666666,0.0,0.0,0.0,48.873333333333335,1200.0,1200.0,0,0.4276,280.0338146666667,0.0,0.0,280.0338146666667,rolling,21795.015566684167,34321.87571666667,777.0244249999997,11335.435586111114
2025-06-21,0,2025-06-21 00:00:00,2025-06-21 00:10:00,3087.9838,514.6639666666666,0.0,0.0,514.6639666666666,0.0,0.0,,-1,oracle_actual_not_executable,,914.6639666666666,914.6639666666666,0.0,0.0,0.0,914.6639666666666,914.6639666666666,400.0,0.0,0.0,0.0,1200.0,1560.0,1,0.4248,388.54925304,0.0,0.0,388.54925304,oracle_actual,388.54925304,914.6639666666666,0.0,0.0
2025-06-21,1,2025-06-21 00:10:00,2025-06-21 00:20:00,3200.0919,533.34865,0.0,0.0,533.34865,0.0,0.0,,-1,oracle_actual_not_executable,,1333.34865,1333.34865,0.0,0.0,0.0,1333.34865,1333.34865,800.0,0.0,0.0,0.0,1560.0,2280.0,1,0.4245,566.006501925,0.0,0.0,566.006501925,oracle_actual,954.555754965,2248.0126166666664,0.0,0.0
2025-06-21,2,2025-06-21 00:20:00,2025-06-21 00:30:00,3401.46,566.91,0.0,0.0,566.91,0.0,0.0,,-1,oracle_actual_not_executable,,566.91,566.91,0.0,0.0,0.0,566.91,566.91,0.0,0.0,0.0,0.0,2280.0,2280.0,0,0.4269,242.01387899999997,0.0,0.0,242.01387899999997,oracle_actual,1196.5696339649999,2814.9226166666663,0.0,0.0
2025-06-21,3,2025-06-21 00:30:00,2025-06-21 00:40:00,3063.5261,510.58768333333336,0.0,0.0,510.58768333333336,0.0,0.0,,-1,oracle_actual_not_executable,,510.58768333333336,510.58768333333336,0.0,0.0,0.0,510.58768333333336,510.58768333333336,0.0,0.0,0.0,0.0,2280.0,2280.0,0,0.4272,218.12305832,0.0,0.0,218.12305832,oracle_actual,1414.6926922849998,3325.5102999999995,0.0,0.0
2025-06-21,4,2025-06-21 00:40:00,2025-06-21 00:50:00,2820.2572,470.0428666666666,0.0,0.0,470.0428666666666,0.0,0.0,,-1,oracle_actual_not_executable,,470.0428666666666,470.0428666666666,0.0,0.0,0.0,470.0428666666666,470.0428666666666,0.0,0.0,0.0,0.0,2280.0,2280.0,0,0.4271,200.7553083533333,0.0,0.0,200.7553083533333,oracle_actual,1615.448000638333,3795.553166666666,0.0,0.0
2025-06-21,5,2025-06-21 00:50:00,2025-06-21 01:00:00,2883.38,480.5633333333333,0.0,0.0,480.5633333333333,0.0,0.0,,-1,oracle_actual_not_executable,,480.5633333333333,480.5633333333333,0.0,0.0,0.0,480.5633333333333,480.5633333333333,0.0,0.0,0.0,0.0,2280.0,2280.0,0,0.4285,205.9213883333333,0.0,0.0,205.9213883333333,oracle_actual,1821.3693889716665,4276.116499999999,0.0,0.0
2025-06-21,6,2025-06-21 01:00:00,2025-06-21 01:10:00,2869.9796,478.3299333333334,0.0,0.0,478.3299333333334,0.0,0.0,,-1,oracle_actual_not_executable,,478.3299333333334,478.3299333333334,0.0,0.0,0.0,478.3299333333334,478.3299333333334,0.0,0.0,0.0,0.0,2280.0,2280.0,0,0.4311,206.20803426,0.0,0.0,206.20803426,oracle_actual,2027.5774232316664,4754.446433333333,0.0,0.0
2025-06-21,7,2025-06-21 01:10:00,2025-06-21 01:20:00,2985.8287,497.6381166666667,0.0,0.0,497.6381166666667,0.0,0.0,,-1,oracle_actual_not_executable,,497.6381166666667,497.6381166666667,0.0,0.0,0.0,497.6381166666667,497.6381166666667,0.0,0.0,0.0,0.0,2280.0,2280.0,0,0.4302,214.08391779000002,0.0,0.0,214.08391779000002,oracle_actual,2241.6613410216664,5252.08455,0.0,0.0
2025-06-21,8,2025-06-21 01:20:00,2025-06-21 01:30:00,3164.18,527.3633333333333,0.0,0.0,527.3633333333333,0.0,0.0,,-1,oracle_actual_not_executable,,527.3633333333333,527.3633333333333,0.0,0.0,0.0,527.3633333333333,527.3633333333333,0.0,0.0,0.0,0.0,2280.0,2280.0,0,0.4279,225.65877033333334,0.0,0.0,225.65877033333334,oracle_actual,2467.320111355,5779.447883333333,0.0,0.0
2025-06-21,9,2025-06-21 01:30:00,2025-06-21 01:40:00,3064.8457,510.80761666666666,0.0,0.0,510.80761666666666,0.0,0.0,,-1,oracle_actual_not_executable,,510.80761666666666,510.80761666666666,0.0,0.0,0.0,510.80761666666666,510.80761666666666,0.0,0.0,0.0,0.0,2280.0,2280.0,0,0.4312,220.2602443066667,0.0,0.0,220.2602443066667,oracle_actual,2687.5803556616665,6290.2555,0.0,0.0
2025-06-21,10,2025-06-21 01:40:00,2025-06-21 01:50:00,2954.0459,492.3409833333333,0.0,0.0,492.3409833333333,0.0,0.0,,-1,oracle_actual_not_executable,,492.3409833333333,492.3409833333333,0.0,0.0,0.0,492.3409833333333,492.3409833333333,0.0,0.0,0.0,0.0,2280.0,2280.0,0,0.4333,213.33134807833335,0.0,0.0,213.33134807833335,oracle_actual,2900.91170374,6782.596483333334,0.0,0.0
2025-06-21,11,2025-06-21 01:50:00,2025-06-21 02:00:00,2994.62,499.1033333333333,0.0,0.0,499.1033333333333,0.0,0.0,,-1,oracle_actual_not_executable,,499.1033333333333,499.1033333333333,0.0,0.0,0.0,499.1033333333333,499.1033333333333,0.0,0.0,0.0,0.0,2280.0,2280.0,0,0.4311,215.16344699999996,0.0,0.0,215.16344699999996,oracle_actual,3116.07515074,7281.699816666667,0.0,0.0
2025-06-21,12,2025-06-21 02:00:00,2025-06-21 02:10:00,3072.4014,512.0669,0.0,0.0,512.0669,0.0,0.0,,-1,oracle_actual_not_executable,,512.0669,512.0669,0.0,0.0,0.0,512.0669,512.0669,0.0,0.0,0.0,0.0,2280.0,2280.0,0,0.4293,219.83032017000002,0.0,0.0,219.83032017000002,oracle_actual,3335.90547091,7793.766716666667,0.0,0.0
2025-06-21,13,2025-06-21 02:10:00,2025-06-21 02:20:00,3013.1015,502.1835833333334,0.0,0.0,502.1835833333334,0.0,0.0,,-1,oracle_actual_not_executable,,502.1835833333334,502.1835833333334,0.0,0.0,0.0,502.1835833333334,502.1835833333334,0.0,0.0,0.0,0.0,2280.0,2280.0,0,0.4324,217.14418143333336,0.0,0.0,217.14418143333336,oracle_actual,3553.0496523433335,8295.9503,0.0,0.0
2025-06-21,14,2025-06-21 02:20:00,2025-06-21 02:30:00,2838.75,473.125,0.0,0.0,473.125,0.0,0.0,,-1,oracle_actual_not_executable,,473.125,473.125,0.0,0.0,0.0,473.125,473.125,0.0,0.0,0.0,0.0,2280.0,2280.0,0,0.4367,206.6136875,0.0,0.0,206.6136875,oracle_actual,3759.6633398433337,8769.0753,0.0,0.0
2025-06-21,15,2025-06-21 02:30:00,2025-06-21 02:40:00,2749.9199,458.3199833333333,0.0,0.0,458.3199833333333,0.0,0.0,,-1,oracle_actual_not_executable,,458.3199833333333,458.3199833333333,0.0,0.0,0.0,458.3199833333333,458.3199833333333,0.0,0.0,0.0,0.0,2280.0,2280.0,0,0.4348,199.27752875333334,0.0,0.0,199.27752875333334,oracle_actual,3958.940868596667,9227.395283333333,0.0,0.0
2025-06-21,16,2025-06-21 02:40:00,2025-06-21 02:50:00,2820.5847,470.09745,0.0,0.0,470.09745,0.0,0.0,,-1,oracle_actual_not_executable,,470.09745,470.09745,0.0,0.0,0.0,470.09745,470.09745,0.0,0.0,0.0,0.0,2280.0,2280.0,0,0.4335,203.787244575,0.0,0.0,203.787244575,oracle_actual,4162.728113171667,9697.492733333333,0.0,0.0
2025-06-21,17,2025-06-21 02:50:00,2025-06-21 03:00:00,2936.24,489.3733333333333,0.0,0.0,489.3733333333333,0.0,0.0,,-1,oracle_actual_not_executable,,489.3733333333333,489.3733333333333,0.0,0.0,0.0,489.3733333333333,489.3733333333333,0.0,0.0,0.0,0.0,2280.0,2280.0,0,0.4357,213.2199613333333,0.0,0.0,213.2199613333333,oracle_actual,4375.9480745050005,10186.866066666666,0.0,0.0
2025-06-21,18,2025-06-21 03:00:00,2025-06-21 03:10:00,2920.1894,486.69823333333335,0.0012,0.0001999999999999,486.69823333333335,0.0012,0.0001999999999999,,-1,oracle_actual_not_executable,,486.69803333333334,486.69803333333334,0.0,0.0,0.0,486.69803333333334,486.69803333333334,0.0,0.0,0.0,0.0,2280.0,2280.0,0,0.4374,212.88171978,0.0,0.0,212.88171978,oracle_actual,4588.829794285,10673.5641,0.0,0.0
2025-06-21,19,2025-06-21 03:10:00,2025-06-21 03:20:00,2951.0328,491.8388,0.0,0.0,491.8388,0.0,0.0,,-1,oracle_actual_not_executable,,491.8388,491.8388,0.0,0.0,0.0,491.8388,491.8388,0.0,0.0,0.0,0.0,2280.0,2280.0,0,0.4371,214.98273948,0.0,0.0,214.98273948,oracle_actual,4803.812533765001,11165.4029,0.0,0.0
2025-06-21,20,2025-06-21 03:20:00,2025-06-21 03:30:00,2977.51,496.2516666666667,0.0,0.0,496.2516666666667,0.0,0.0,,-1,oracle_actual_not_executable,,496.2516666666667,496.2516666666667,0.0,0.0,0.0,496.2516666666667,496.2516666666667,0.0,0.0,0.0,0.0,2280.0,2280.0,0,0.4356,216.16722600000003,0.0,0.0,216.16722600000003,oracle_actual,5019.979759765001,11661.654566666666,0.0,0.0
2025-06-21,21,2025-06-21 03:30:00,2025-06-21 03:40:00,2780.298,463.383,0.0162,0.0026999999999999,463.383,0.0162,0.0026999999999999,,-1,oracle_actual_not_executable,,463.3803,463.3803,0.0,0.0,0.0,463.3803,463.3803,0.0,0.0,0.0,0.0,2280.0,2280.0,0,0.4353,201.70944459,0.0,0.0,201.70944459,oracle_actual,5221.6892043550015,12125.034866666667,0.0,0.0
2025-06-21,22,2025-06-21 03:40:00,2025-06-21 03:50:00,2728.3059,454.71765,0.0,0.0,454.71765,0.0,0.0,,-1,oracle_actual_not_executable,,454.71765,454.71765,0.0,0.0,0.0,454.71765,454.71765,0.0,0.0,0.0,0.0,2280.0,2280.0,0,0.436,198.2568954,0.0,0.0,198.2568954,oracle_actual,5419.946099755001,12579.752516666667,0.0,0.0
2025-06-21,23,2025-06-21 03:50:00,2025-06-21 04:00:00,2862.19,477.0316666666667,0.0,0.0,477.0316666666667,0.0,0.0,,-1,oracle_actual_not_executable,,477.0316666666667,477.0316666666667,0.0,0.0,0.0,477.0316666666667,477.0316666666667,0.0,0.0,0.0,0.0,2280.0,2280.0,0,0.4378,208.84446366666668,0.0,0.0,208.84446366666668,oracle_actual,5628.790563421668,13056.784183333333,0.0,0.0
2025-06-21,24,2025-06-21 04:00:00,2025-06-21 04:10:00,2845.9182,474.3197,0.2263,0.0377166666666666,474.3197,0.2263,0.0377166666666666,,-1,oracle_actual_not_executable,,474.28198333333336,474.28198333333336,0.0,0.0,0.0,474.28198333333336,474.28198333333336,0.0,0.0,0.0,0.0,2280.0,2280.0,0,0.4401,208.73150086500002,0.0,0.0,208.73150086500002,oracle_actual,5837.522064286668,13531.066166666667,0.0,0.0
2025-06-21,25,2025-06-21 04:10:00,2025-06-21 04:20:00,2748.951,458.1585,0.0,0.0,458.1585,0.0,0.0,,-1,oracle_actual_not_executable,,458.1585,458.1585,0.0,0.0,0.0,458.1585,458.1585,0.0,0.0,0.0,0.0,2280.0,2280.0,0,0.4389,201.08576565,0.0,0.0,201.08576565,oracle_actual,6038.607829936668,13989.224666666667,0.0,0.0
2025-06-21,26,2025-06-21 04:20:00,2025-06-21 04:30:00,2677.31,446.2183333333333,0.0,0.0,446.2183333333333,0.0,0.0,,-1,oracle_actual_not_executable,,446.2183333333333,446.2183333333333,0.0,0.0,0.0,446.2183333333333,446.2183333333333,0.0,0.0,0.0,0.0,2280.0,2280.0,0,0.4364,194.72968066666667,0.0,0.0,194.72968066666667,oracle_actual,6233.3375106033345,14435.443000000001,0.0,0.0
2025-06-21,27,2025-06-21 04:30:00,2025-06-21 04:40:00,2660.8713,443.47855,3.1516,0.5252666666666667,443.47855,3.1516,0.5252666666666667,,-1,oracle_actual_not_executable,,442.95328333333333,442.95328333333333,0.0,0.0,0.0,442.95328333333333,442.95328333333333,0.0,0.0,0.0,0.0,2280.0,2280.0,0,0.4393,194.58937736833334,0.0,0.0,194.58937736833334,oracle_actual,6427.926887971668,14878.396283333335,0.0,0.0
2025-06-21,28,2025-06-21 04:40:00,2025-06-21 04:50:00,2702.3205,450.38675,0.0,0.0,450.38675,0.0,0.0,,-1,oracle_actual_not_executable,,450.38675,450.38675,0.0,0.0,0.0,450.38675,450.38675,0.0,0.0,0.0,0.0,2280.0,2280.0,0,0.4422,199.16102085,0.0,0.0,199.16102085,oracle_actual,6627.087908821668,15328.783033333335,0.0,0.0
2025-06-21,29,2025-06-21 04:50:00,2025-06-21 05:00:00,2732.32,455.3866666666667,7.275,1.2125,455.3866666666667,7.275,1.2125,,-1,oracle_actual_not_executable,,454.17416666666674,454.17416666666674,0.0,0.0,0.0,454.17416666666674,454.17416666666674,0.0,0.0,0.0,0.0,2280.0,2280.0,0,0.4395,199.60954625000002,0.0,0.0,199.60954625000002,oracle_actual,6826.697455071668,15782.957200000003,0.0,0.0
2025-06-21,30,2025-06-21 05:00:00,2025-06-21 05:10:00,2664.7178,444.1196333333333,116.7655,19.460916666666662,444.1196333333333,116.7655,19.460916666666662,,-1,oracle_actual_not_executable,,424.65871666666663,424.65871666666663,0.0,0.0,0.0,424.65871666666663,424.65871666666663,0.0,0.0,0.0,0.0,2280.0,2280.0,0,0.4333,184.00462193166666,0.0,0.0,184.00462193166666,oracle_actual,7010.702077003334,16207.61591666667,0.0,0.0
2025-06-21,31,2025-06-21 05:10:00,2025-06-21 05:20:00,2606.871,434.4785,263.9703,43.99505,434.4785,263.9703,43.99505,,-1,oracle_actual_not_executable,,390.48345,390.48345,0.0,0.0,0.0,390.48345,390.48345,0.0,0.0,0.0,0.0,2280.0,2280.0,0,0.4439,173.335603455,0.0,0.0,173.335603455,oracle_actual,7184.037680458334,16598.09936666667,0.0,0.0
2025-06-21,32,2025-06-21 05:20:00,2025-06-21 05:30:00,2642.15,440.35833333333335,417.075,69.5125,440.35833333333335,417.075,69.5125,,-1,oracle_actual_not_executable,,370.84583333333336,370.84583333333336,0.0,0.0,0.0,370.84583333333336,370.84583333333336,0.0,0.0,0.0,0.0,2280.0,2280.0,0,0.4301,159.50079291666668,0.0,0.0,159.50079291666668,oracle_actual,7343.538473375001,16968.945200000002,0.0,0.0
2025-06-21,33,2025-06-21 05:30:00,2025-06-21 05:40:00,2745.0641,457.51068333333336,587.5961,97.93268333333332,457.51068333333336,587.5961,97.93268333333332,,-1,oracle_actual_not_executable,,1159.578,1159.578,0.0,0.0,0.0,1159.578,1159.578,800.0,0.0,0.0,0.0,2280.0,3000.0,1,0.3713,430.55131140000003,0.0,0.0,430.55131140000003,oracle_actual,7774.089784775,18128.523200000003,0.0,0.0
2025-06-21,34,2025-06-21 05:40:00,2025-06-21 05:50:00,2758.042,459.6736666666666,735.8325,122.63875,459.6736666666666,735.8325,122.63875,,-1,oracle_actual_not_executable,,13.034916666666561,13.034916666666561,0.0,0.0,0.0,13.034916666666561,13.034916666666561,0.0,324.0,0.0,0.0,3000.0,2640.0,0,0.5708,7.440330433333273,0.0,0.0,7.440330433333273,oracle_actual,7781.530115208334,18141.55811666667,0.0,0.0
2025-06-21,35,2025-06-21 05:50:00,2025-06-21 06:00:00,2741.64,456.94,890.7,148.45000000000002,456.94,890.7,148.45000000000002,,-1,oracle_actual_not_executable,,0.0,0.0,0.0,0.0,0.0,0.0,0.0,0.0,324.0,15.509999999999991,0.0,2640.0,2280.0,0,0.9099,0.0,0.0,0.0,0.0,oracle_actual,7781.530115208334,18141.55811666667,0.0,15.509999999999991
2025-06-21,36,2025-06-21 06:00:00,2025-06-21 06:10:00,2888.7304,481.45506666666665,1136.9554,189.49256666666668,481.45506666666665,1136.9554,189.49256666666668,,-1,oracle_actual_not_executable,,0.0,0.0,0.0,0.0,0.0,0.0,0.0,0.0,324.0,32.03750000000002,0.0,2280.0,1920.0,0,0.9368,0.0,0.0,0.0,0.0,oracle_actual,7781.530115208334,18141.55811666667,0.0,47.547500000000014
2025-06-21,37,2025-06-21 06:10:00,2025-06-21 06:20:00,2932.231,488.7051666666667,1453.4028,242.2338,488.7051666666667,1453.4028,242.2338,,-1,oracle_actual_not_executable,,30.471366666666682,30.471366666666682,0.0,0.0,0.0,30.471366666666682,30.471366666666682,0.0,216.0,0.0,0.0,1920.0,1680.0,0,0.8758,26.686822926666682,0.0,0.0,26.686822926666682,oracle_actual,7808.216938135,18172.02948333334,0.0,47.547500000000014
2025-06-21,38,2025-06-21 06:20:00,2025-06-21 06:30:00,2764.02,460.67,1765.9125,294.31875,460.67,1765.9125,294.31875,,-1,oracle_actual_not_executable,,58.35124999999999,58.35124999999999,0.0,0.0,0.0,58.35124999999999,58.35124999999999,0.0,108.0,0.0,0.0,1680.0,1560.0,0,0.8759,51.109859875,0.0,0.0,51.109859875,oracle_actual,7859.326798010001,18230.38073333334,0.0,47.547500000000014
2025-06-21,39,2025-06-21 06:30:00,2025-06-21 06:40:00,2606.6137,434.43561666666665,2022.3026,337.05043333333333,434.43561666666665,2022.3026,337.05043333333333,,-1,oracle_actual_not_executable,,0.0,0.0,0.0,0.0,0.0,0.0,0.0,0.0,108.0,10.614816666666684,0.0,1560.0,1440.0,0,0.8601,0.0,0.0,0.0,0.0,oracle_actual,7859.326798010001,18230.38073333334,0.0,58.1623166666667
2025-06-21,40,2025-06-21 06:40:00,2025-06-21 06:50:00,2867.7649,477.9608166666667,2350.4923,391.74871666666667,477.9608166666667,2350.4923,391.74871666666667,,-1,oracle_actual_not_executable,,0.0,0.0,0.0,0.0,0.0,0.0,0.0,0.0,108.0,21.78789999999998,0.0,1440.0,1320.0,0,0.8442,0.0,0.0,0.0,0.0,oracle_actual,7859.326798010001,18230.38073333334,0.0,79.95021666666668
2025-06-21,41,2025-06-21 06:50:00,2025-06-21 07:00:00,3304.27,550.7116666666667,2699.25,449.875,550.7116666666667,2699.25,449.875,,-1,oracle_actual_not_executable,,0.0,0.0,0.0,0.0,0.0,0.0,0.0,0.0,108.0,7.1633333333332985,0.0,1320.0,1200.0,0,0.8334,0.0,0.0,0.0,0.0,oracle_actual,7859.326798010001,18230.38073333334,0.0,87.11354999999998
2025-06-21,42,2025-06-21 07:00:00,2025-06-21 07:10:00,3254.3169,542.3861499999999,2874.6231,479.10385,542.3861499999999,2874.6231,479.10385,,-1,oracle_actual_not_executable,,63.28229999999991,63.28229999999991,0.0,0.0,0.0,63.28229999999991,63.28229999999991,0.0,0.0,0.0,0.0,1200.0,1200.0,0,0.8092,51.208037159999925,0.0,0.0,51.208037159999925,oracle_actual,7910.53483517,18293.663033333338,0.0,87.11354999999998
2025-06-21,43,2025-06-21 07:10:00,2025-06-21 07:20:00,3137.5948,522.9324666666666,3006.0287,501.0047833333333,522.9324666666666,3006.0287,501.0047833333333,,-1,oracle_actual_not_executable,,21.927683333333334,21.927683333333334,0.0,0.0,0.0,21.927683333333334,21.927683333333334,0.0,0.0,0.0,0.0,1200.0,1200.0,0,0.7972,17.480749153333335,0.0,0.0,17.480749153333335,oracle_actual,7928.015584323333,18315.590716666673,0.0,87.11354999999998
2025-06-21,44,2025-06-21 07:20:00,2025-06-21 07:30:00,3174.85,529.1416666666667,3224.8875,537.4812499999999,529.1416666666667,3224.8875,537.4812499999999,,-1,oracle_actual_not_executable,,0.0,0.0,0.0,0.0,0.0,0.0,0.0,0.0,0.0,8.33958333333328,0.0,1200.0,1200.0,0,0.7644,0.0,0.0,0.0,0.0,oracle_actual,7928.015584323333,18315.590716666673,0.0,95.45313333333326
2025-06-21,45,2025-06-21 07:30:00,2025-06-21 07:40:00,3159.7263,526.62105,3537.527,589.5878333333334,526.62105,3537.527,589.5878333333334,,-1,oracle_actual_not_executable,,0.0,0.0,0.0,0.0,0.0,0.0,0.0,0.0,0.0,62.96678333333341,0.0,1200.0,1200.0,0,0.6899,0.0,0.0,0.0,0.0,oracle_actual,7928.015584323333,18315.590716666673,0.0,158.41991666666667
2025-06-21,46,2025-06-21 07:40:00,2025-06-21 07:50:00,3087.5763,514.59605,3785.3986,630.8997666666667,514.59605,3785.3986,630.8997666666667,,-1,oracle_actual_not_executable,,0.0,0.0,0.0,0.0,0.0,0.0,0.0,0.0,0.0,116.30371666666667,0.0,1200.0,1200.0,0,0.86,0.0,0.0,0.0,0.0,oracle_actual,7928.015584323333,18315.590716666673,0.0,274.72363333333334
2025-06-21,47,2025-06-21 07:50:00,2025-06-21 08:00:00,3062.36,510.3933333333334,4003.425,667.2375000000001,510.3933333333334,4003.425,667.2375000000001,,-1,oracle_actual_not_executable,,0.0,0.0,0.0,0.0,0.0,0.0,0.0,0.0,0.0,156.8441666666667,0.0,1200.0,1200.0,0,1.1617,0.0,0.0,0.0,0.0,oracle_actual,7928.015584323333,18315.590716666673,0.0,431.56780000000003
2025-06-21,48,2025-06-21 08:00:00,2025-06-21 08:10:00,3162.0197,527.0032833333333,4334.7324,722.4553999999999,527.0032833333333,4334.7324,722.4553999999999,,-1,oracle_actual_not_executable,,0.0,0.0,0.0,0.0,0.0,0.0,0.0,0.0,0.0,195.4521166666666,0.0,1200.0,1200.0,0,1.1683,0.0,0.0,0.0,0.0,oracle_actual,7928.015584323333,18315.590716666673,0.0,627.0199166666666
2025-06-21,49,2025-06-21 08:10:00,2025-06-21 08:20:00,3160.9922,526.8320333333334,4441.8035,740.3005833333333,526.8320333333334,4441.8035,740.3005833333333,,-1,oracle_actual_not_executable,,0.0,0.0,0.0,0.0,0.0,0.0,0.0,0.0,0.0,213.46854999999994,0.0,1200.0,1200.0,0,1.0956,0.0,0.0,0.0,0.0,oracle_actual,7928.015584323333,18315.590716666673,0.0,840.4884666666666
2025-06-21,50,2025-06-21 08:20:00,2025-06-21 08:30:00,3037.59,506.265,4358.7,726.4499999999999,506.265,4358.7,726.4499999999999,,-1,oracle_actual_not_executable,,0.0,0.0,0.0,0.0,0.0,0.0,0.0,0.0,0.0,220.18499999999995,0.0,1200.0,1200.0,0,1.0849,0.0,0.0,0.0,0.0,oracle_actual,7928.015584323333,18315.590716666673,0.0,1060.6734666666666
2025-06-21,51,2025-06-21 08:30:00,2025-06-21 08:40:00,3030.9974,505.16623333333337,4479.895,746.6491666666667,505.16623333333337,4479.895,746.6491666666667,,-1,oracle_actual_not_executable,,0.0,0.0,0.0,0.0,0.0,0.0,0.0,0.0,0.0,241.48293333333334,0.0,1200.0,1200.0,0,1.061,0.0,0.0,0.0,0.0,oracle_actual,7928.015584323333,18315.590716666673,0.0,1302.1563999999998
2025-06-21,52,2025-06-21 08:40:00,2025-06-21 08:50:00,3289.939,548.3231666666667,4668.5166,778.0861,548.3231666666667,4668.5166,778.0861,,-1,oracle_actual_not_executable,,0.0,0.0,0.0,0.0,0.0,0.0,0.0,0.0,0.0,229.7629333333333,0.0,1200.0,1200.0,0,1.043,0.0,0.0,0.0,0.0,oracle_actual,7928.015584323333,18315.590716666673,0.0,1531.9193333333333
2025-06-21,53,2025-06-21 08:50:00,2025-06-21 09:00:00,3650.62,608.4366666666666,4746.075,791.0124999999999,608.4366666666666,4746.075,791.0124999999999,,-1,oracle_actual_not_executable,,0.0,0.0,0.0,0.0,0.0,0.0,0.0,0.0,0.0,182.57583333333332,0.0,1200.0,1200.0,0,1.036,0.0,0.0,0.0,0.0,oracle_actual,7928.015584323333,18315.590716666673,0.0,1714.4951666666666
2025-06-21,54,2025-06-21 09:00:00,2025-06-21 09:10:00,3785.9011,630.9835166666667,4746.9534,791.1589,630.9835166666667,4746.9534,791.1589,,-1,oracle_actual_not_executable,,0.0,0.0,0.0,0.0,0.0,0.0,0.0,0.0,0.0,160.17538333333334,0.0,1200.0,1200.0,0,1.0147,0.0,0.0,0.0,0.0,oracle_actual,7928.015584323333,18315.590716666673,0.0,1874.6705499999998
2025-06-21,55,2025-06-21 09:10:00,2025-06-21 09:20:00,3849.6183,641.60305,5139.4381,856.5730166666667,641.60305,5139.4381,856.5730166666667,,-1,oracle_actual_not_executable,,0.0,0.0,0.0,0.0,0.0,0.0,0.0,0.0,0.0,214.96996666666666,0.0,1200.0,1200.0,0,0.9922,0.0,0.0,0.0,0.0,oracle_actual,7928.015584323333,18315.590716666673,0.0,2089.6405166666664
2025-06-21,56,2025-06-21 09:20:00,2025-06-21 09:30:00,3824.6,637.4333333333333,5794.3125,965.71875,637.4333333333333,5794.3125,965.71875,,-1,oracle_actual_not_executable,,0.0,0.0,0.0,0.0,0.0,0.0,0.0,0.0,0.0,328.2854166666667,0.0,1200.0,1200.0,0,0.97,0.0,0.0,0.0,0.0,oracle_actual,7928.015584323333,18315.590716666673,0.0,2417.925933333333
2025-06-21,57,2025-06-21 09:30:00,2025-06-21 09:40:00,3582.3586,597.0597666666666,6109.068,1018.178,597.0597666666666,6109.068,1018.178,,-1,oracle_actual_not_executable,,0.0,0.0,0.0,0.0,0.0,0.0,0.0,0.0,0.0,421.11823333333336,0.0,1200.0,1200.0,0,0.9422,0.0,0.0,0.0,0.0,oracle_actual,7928.015584323333,18315.590716666673,0.0,2839.0441666666666
2025-06-21,58,2025-06-21 09:40:00,2025-06-21 09:50:00,3687.9447,614.65745,6385.1018,1064.183633333333,614.65745,6385.1018,1064.183633333333,,-1,oracle_actual_not_executable,,0.0,0.0,0.0,0.0,0.0,0.0,0.0,0.0,0.0,449.52618333333305,0.0,1200.0,1200.0,0,0.9569,0.0,0.0,0.0,0.0,oracle_actual,7928.015584323333,18315.590716666673,0.0,3288.5703499999995
2025-06-21,59,2025-06-21 09:50:00,2025-06-21 10:00:00,4000.14,666.6899999999999,6643.5375,1107.25625,666.6899999999999,6643.5375,1107.25625,,-1,oracle_actual_not_executable,,0.0,0.0,0.0,0.0,0.0,0.0,0.0,0.0,0.0,440.56624999999997,0.0,1200.0,1200.0,0,0.9977,0.0,0.0,0.0,0.0,oracle_actual,7928.015584323333,18315.590716666673,0.0,3729.1365999999994
2025-06-21,60,2025-06-21 10:00:00,2025-06-21 10:10:00,3826.1041,637.6840166666667,6589.8893,1098.3148833333332,637.6840166666667,6589.8893,1098.3148833333332,,-1,oracle_actual_not_executable,,0.0,0.0,0.0,0.0,0.0,0.0,0.0,0.0,0.0,460.6308666666665,0.0,1200.0,1200.0,0,0.9919,0.0,0.0,0.0,0.0,oracle_actual,7928.015584323333,18315.590716666673,0.0,4189.767466666666
2025-06-21,61,2025-06-21 10:10:00,2025-06-21 10:20:00,3761.4976,626.9162666666667,6695.6004,1115.9334,626.9162666666667,6695.6004,1115.9334,,-1,oracle_actual_not_executable,,0.0,0.0,0.0,0.0,0.0,0.0,0.0,0.0,0.0,489.01713333333316,0.0,1200.0,1200.0,0,0.9588,0.0,0.0,0.0,0.0,oracle_actual,7928.015584323333,18315.590716666673,0.0,4678.784599999999
2025-06-21,62,2025-06-21 10:20:00,2025-06-21 10:30:00,3901.91,650.3183333333333,7000.9875,1166.83125,650.3183333333333,7000.9875,1166.83125,,-1,oracle_actual_not_executable,,0.0,0.0,0.0,0.0,0.0,0.0,0.0,0.0,0.0,516.5129166666667,0.0,1200.0,1200.0,0,0.9549,0.0,0.0,0.0,0.0,oracle_actual,7928.015584323333,18315.590716666673,0.0,5195.297516666666
2025-06-21,63,2025-06-21 10:30:00,2025-06-21 10:40:00,3726.7535,621.1255833333333,7093.8409,1182.3068166666667,621.1255833333333,7093.8409,1182.3068166666667,,-1,oracle_actual_not_executable,,0.0,0.0,0.0,0.0,0.0,0.0,0.0,0.0,0.0,561.1812333333334,0.0,1200.0,1200.0,0,0.9839,0.0,0.0,0.0,0.0,oracle_actual,7928.015584323333,18315.590716666673,0.0,5756.478749999999
2025-06-21,64,2025-06-21 10:40:00,2025-06-21 10:50:00,3565.5609,594.26015,7243.1188,1207.1864666666668,594.26015,7243.1188,1207.1864666666668,,-1,oracle_actual_not_executable,,0.0,0.0,0.0,0.0,0.0,0.0,0.0,0.0,0.0,612.9263166666668,0.0,1200.0,1200.0,0,0.799,0.0,0.0,0.0,0.0,oracle_actual,7928.015584323333,18315.590716666673,0.0,6369.405066666666
2025-06-21,65,2025-06-21 10:50:00,2025-06-21 11:00:00,3679.21,613.2016666666667,7400.1,1233.35,613.2016666666667,7400.1,1233.35,,-1,oracle_actual_not_executable,,0.0,0.0,0.0,0.0,0.0,0.0,0.0,0.0,0.0,620.1483333333332,0.0,1200.0,1200.0,0,0.5025,0.0,0.0,0.0,0.0,oracle_actual,7928.015584323333,18315.590716666673,0.0,6989.5534
2025-06-21,66,2025-06-21 11:00:00,2025-06-21 11:10:00,3945.6166,657.6027666666666,7306.5816,1217.7636,657.6027666666666,7306.5816,1217.7636,,-1,oracle_actual_not_executable,,0.0,0.0,0.0,0.0,0.0,0.0,0.0,533.3333333333334,0.0,26.827499999999986,0.0,1200.0,1680.0,1,0.4662,0.0,0.0,0.0,0.0,oracle_actual,7928.015584323333,18315.590716666673,0.0,7016.3809
2025-06-21,67,2025-06-21 11:10:00,2025-06-21 11:20:00,3900.6403,650.1067166666667,7782.8954,1297.1492333333333,650.1067166666667,7782.8954,1297.1492333333333,,-1,oracle_actual_not_executable,,0.0,0.0,0.0,0.0,0.0,0.0,0.0,533.3333333333334,0.0,113.70918333333327,0.0,1680.0,2160.0,1,0.5007,0.0,0.0,0.0,0.0,oracle_actual,7928.015584323333,18315.590716666673,0.0,7130.0900833333335
2025-06-21,68,2025-06-21 11:20:00,2025-06-21 11:30:00,3645.76,607.6266666666667,8490.225,1415.0375,607.6266666666667,8490.225,1415.0375,,-1,oracle_actual_not_executable,,0.0,0.0,0.0,0.0,0.0,0.0,0.0,800.0,0.0,7.410833333333244,0.0,2160.0,2880.0,1,0.4827,0.0,0.0,0.0,0.0,oracle_actual,7928.015584323333,18315.590716666673,0.0,7137.500916666667
2025-06-21,69,2025-06-21 11:30:00,2025-06-21 11:40:00,3705.1427,617.5237833333333,8180.7164,1363.4527333333333,617.5237833333333,8180.7164,1363.4527333333333,,-1,oracle_actual_not_executable,,0.0,0.0,0.0,0.0,0.0,0.0,0.0,533.3333333333334,0.0,212.59561666666661,0.0,2880.0,3360.0,1,0.4785,0.0,0.0,0.0,0.0,oracle_actual,7928.015584323333,18315.590716666673,0.0,7350.096533333333
2025-06-21,70,2025-06-21 11:40:00,2025-06-21 11:50:00,3724.3133,620.7188833333333,7677.6706,1279.6117666666669,620.7188833333333,7677.6706,1279.6117666666669,,-1,oracle_actual_not_executable,,0.0,0.0,0.0,0.0,0.0,0.0,0.0,533.3333333333334,0.0,125.55955000000017,0.0,3360.0,3840.0,1,0.4662,0.0,0.0,0.0,0.0,oracle_actual,7928.015584323333,18315.590716666673,0.0,7475.656083333333
2025-06-21,71,2025-06-21 11:50:00,2025-06-21 12:00:00,3631.08,605.18,7665.1125,1277.51875,605.18,7665.1125,1277.51875,,-1,oracle_actual_not_executable,,0.0,0.0,0.0,0.0,0.0,0.0,0.0,533.3333333333334,0.0,139.00541666666663,0.0,3840.0,4320.0,1,0.4432,0.0,0.0,0.0,0.0,oracle_actual,7928.015584323333,18315.590716666673,0.0,7614.6615
2025-06-21,72,2025-06-21 12:00:00,2025-06-21 12:10:00,3735.5415,622.59025,8044.2631,1340.7105166666668,622.59025,8044.2631,1340.7105166666668,,-1,oracle_actual_not_executable,,0.0,0.0,0.0,0.0,0.0,0.0,0.0,533.3333333333334,0.0,184.78693333333342,0.0,4320.0,4800.0,1,0.4411,0.0,0.0,0.0,0.0,oracle_actual,7928.015584323333,18315.590716666673,0.0,7799.448433333334
2025-06-21,73,2025-06-21 12:10:00,2025-06-21 12:20:00,3852.2352,642.0392,8300.9755,1383.4959166666667,642.0392,8300.9755,1383.4959166666667,,-1,oracle_actual_not_executable,,0.0,0.0,0.0,0.0,0.0,0.0,0.0,533.3333333333334,0.0,208.12338333333332,0.0,4800.0,5280.0,1,0.4551,0.0,0.0,0.0,0.0,oracle_actual,7928.015584323333,18315.590716666673,0.0,8007.5718166666675
2025-06-21,74,2025-06-21 12:20:00,2025-06-21 12:30:00,3928.56,654.76,8383.0125,1397.16875,654.76,8383.0125,1397.16875,,-1,oracle_actual_not_executable,,0.0,0.0,0.0,0.0,0.0,0.0,0.0,533.3333333333334,0.0,209.07541666666668,0.0,5280.0,5760.0,1,0.4463,0.0,0.0,0.0,0.0,oracle_actual,7928.015584323333,18315.590716666673,0.0,8216.647233333335
2025-06-21,75,2025-06-21 12:30:00,2025-06-21 12:40:00,4059.9044,676.6507333333333,8605.7877,1434.29795,676.6507333333333,8605.7877,1434.29795,,-1,oracle_actual_not_executable,,0.0,0.0,0.0,0.0,0.0,0.0,0.0,533.3333333333334,0.0,224.31388333333325,0.0,5760.0,6240.0,1,0.4113,0.0,0.0,0.0,0.0,oracle_actual,7928.015584323333,18315.590716666673,0.0,8440.96111666667
2025-06-21,76,2025-06-21 12:40:00,2025-06-21 12:50:00,3912.5928,652.0988,8542.7209,1423.7868166666667,652.0988,8542.7209,1423.7868166666667,,-1,oracle_actual_not_executable,,0.0,0.0,0.0,0.0,0.0,0.0,0.0,533.3333333333334,0.0,238.35468333333336,0.0,6240.0,6720.0,1,0.5682,0.0,0.0,0.0,0.0,oracle_actual,7928.015584323333,18315.590716666673,0.0,8679.315800000002
2025-06-21,77,2025-06-21 12:50:00,2025-06-21 13:00:00,3688.01,614.6683333333334,8049.6,1341.6,614.6683333333334,8049.6,1341.6,,-1,oracle_actual_not_executable,,0.0,0.0,0.0,0.0,0.0,0.0,0.0,533.3333333333334,0.0,193.59833333333313,0.0,6720.0,7200.0,1,0.8279,0.0,0.0,0.0,0.0,oracle_actual,7928.015584323333,18315.590716666673,0.0,8872.914133333335
2025-06-21,78,2025-06-21 13:00:00,2025-06-21 13:10:00,3910.4683,651.7447166666667,7493.4162,1248.9027,651.7447166666667,7493.4162,1248.9027,,-1,oracle_actual_not_executable,,0.0,0.0,0.0,0.0,0.0,0.0,0.0,533.3333333333334,0.0,63.82465000000002,0.0,7200.0,7680.0,1,0.8636,0.0,0.0,0.0,0.0,oracle_actual,7928.015584323333,18315.590716666673,0.0,8936.738783333336
2025-06-21,79,2025-06-21 13:10:00,2025-06-21 13:20:00,3862.6154,643.7692333333333,7354.9231,1225.820516666667,643.7692333333333,7354.9231,1225.820516666667,,-1,oracle_actual_not_executable,,0.0,0.0,0.0,0.0,0.0,0.0,0.0,533.3333333333334,0.0,48.7179500000002,0.0,7680.0,8160.0,1,0.8416,0.0,0.0,0.0,0.0,oracle_actual,7928.015584323333,18315.590716666673,0.0,8985.456733333336
2025-06-21,80,2025-06-21 13:20:00,2025-06-21 13:30:00,3589.29,598.215,7340.8875,1223.48125,598.215,7340.8875,1223.48125,,-1,oracle_actual_not_executable,,0.0,0.0,0.0,0.0,0.0,0.0,0.0,533.3333333333334,0.0,91.93291666666664,0.0,8160.0,8640.0,1,0.8618,0.0,0.0,0.0,0.0,oracle_actual,7928.015584323333,18315.590716666673,0.0,9077.389650000003
2025-06-21,81,2025-06-21 13:30:00,2025-06-21 13:40:00,3849.2221,641.5370166666667,6714.7449,1119.12415,641.5370166666667,6714.7449,1119.12415,,-1,oracle_actual_not_executable,,0.0,0.0,0.0,0.0,0.0,0.0,0.0,266.6666666666667,0.0,210.92046666666675,0.0,8640.0,8880.0,1,0.8623,0.0,0.0,0.0,0.0,oracle_actual,7928.015584323333,18315.590716666673,0.0,9288.31011666667
2025-06-21,82,2025-06-21 13:40:00,2025-06-21 13:50:00,3978.2382,663.0396999999999,6127.755,1021.2925,663.0396999999999,6127.755,1021.2925,,-1,oracle_actual_not_executable,,0.0,0.0,0.0,0.0,0.0,0.0,0.0,266.6666666666667,0.0,91.58613333333341,0.0,8880.0,9120.0,1,0.9026,0.0,0.0,0.0,0.0,oracle_actual,7928.015584323333,18315.590716666673,0.0,9379.896250000003
2025-06-21,83,2025-06-21 13:50:00,2025-06-21 14:00:00,3861.85,643.6416666666667,5956.2,992.7,643.6416666666667,5956.2,992.7,,-1,oracle_actual_not_executable,,0.0,0.0,0.0,0.0,0.0,0.0,0.0,266.6666666666667,0.0,82.39166666666671,0.0,9120.0,9360.0,1,0.9754,0.0,0.0,0.0,0.0,oracle_actual,7928.015584323333,18315.590716666673,0.0,9462.28791666667
2025-06-21,84,2025-06-21 14:00:00,2025-06-21 14:10:00,4047.8905,674.6484166666667,5941.7978,990.2996333333334,674.6484166666667,5941.7978,990.2996333333334,,-1,oracle_actual_not_executable,,0.0,0.0,0.0,0.0,0.0,0.0,0.0,266.6666666666667,0.0,48.98455000000007,0.0,9360.0,9600.0,1,1.0002,0.0,0.0,0.0,0.0,oracle_actual,7928.015584323333,18315.590716666673,0.0,9511.272466666669
2025-06-21,85,2025-06-21 14:10:00,2025-06-21 14:20:00,4095.2281,682.5380166666666,5827.294,971.2156666666666,682.5380166666666,5827.294,971.2156666666666,,-1,oracle_actual_not_executable,,0.0,0.0,0.0,0.0,0.0,0.0,0.0,266.6666666666667,0.0,22.010983333333286,0.0,9600.0,9840.0,1,0.9978,0.0,0.0,0.0,0.0,oracle_actual,7928.015584323333,18315.590716666673,0.0,9533.283450000003
2025-06-21,86,2025-06-21 14:20:00,2025-06-21 14:30:00,4007.39,667.8983333333333,5738.1375,956.35625,667.8983333333333,5738.1375,956.35625,,-1,oracle_actual_not_executable,,0.0,0.0,0.0,0.0,0.0,0.0,0.0,266.6666666666667,0.0,21.791250000000048,0.0,9840.0,10080.0,1,1.0271,0.0,0.0,0.0,0.0,oracle_actual,7928.015584323333,18315.590716666673,0.0,9555.074700000003
2025-06-21,87,2025-06-21 14:30:00,2025-06-21 14:40:00,4227.0513,704.50855,5964.2607,994.04345,704.50855,5964.2607,994.04345,,-1,oracle_actual_not_executable,,0.0,0.0,0.0,0.0,0.0,0.0,0.0,266.6666666666667,0.0,22.868233333333308,0.0,10080.0,10320.0,1,1.0906,0.0,0.0,0.0,0.0,oracle_actual,7928.015584323333,18315.590716666673,0.0,9577.942933333336
2025-06-21,88,2025-06-21 14:40:00,2025-06-21 14:50:00,4182.4486,697.0747666666666,5979.2451,996.54085,697.0747666666666,5979.2451,996.54085,,-1,oracle_actual_not_executable,,0.0,0.0,0.0,0.0,0.0,0.0,0.0,266.6666666666667,0.0,32.79941666666667,0.0,10320.0,10560.0,1,0.9376,0.0,0.0,0.0,0.0,oracle_actual,7928.015584323333,18315.590716666673,0.0,9610.742350000002
2025-06-21,89,2025-06-21 14:50:00,2025-06-21 15:00:00,3879.68,646.6133333333333,5680.4625,946.74375,646.6133333333333,5680.4625,946.74375,,-1,oracle_actual_not_executable,,0.0,0.0,0.0,0.0,0.0,0.0,0.0,266.6666666666667,0.0,33.46374999999995,0.0,10560.0,10800.0,1,0.6694,0.0,0.0,0.0,0.0,oracle_actual,7928.015584323333,18315.590716666673,0.0,9644.206100000003
2025-06-21,90,2025-06-21 15:00:00,2025-06-21 15:10:00,3916.2335,652.7055833333333,5457.1539,909.52565,652.7055833333333,5457.1539,909.52565,,-1,oracle_actual_not_executable,,0.0,0.0,0.0,0.0,0.0,0.0,0.0,0.0,0.0,256.8200666666668,0.0,10800.0,10800.0,0,0.66,0.0,0.0,0.0,0.0,oracle_actual,7928.015584323333,18315.590716666673,0.0,9901.02616666667
2025-06-21,91,2025-06-21 15:10:00,2025-06-21 15:20:00,3924.3398,654.0566333333334,5153.0688,858.8448,654.0566333333334,5153.0688,858.8448,,-1,oracle_actual_not_executable,,0.0,0.0,0.0,0.0,0.0,0.0,0.0,0.0,0.0,204.7881666666666,0.0,10800.0,10800.0,0,0.7217,0.0,0.0,0.0,0.0,oracle_actual,7928.015584323333,18315.590716666673,0.0,10105.814333333337
2025-06-21,92,2025-06-21 15:20:00,2025-06-21 15:30:00,3875.5,645.9166666666666,4811.1,801.85,645.9166666666666,4811.1,801.85,,-1,oracle_actual_not_executable,,0.0,0.0,0.0,0.0,0.0,0.0,0.0,0.0,0.0,155.9333333333334,0.0,10800.0,10800.0,0,0.7308,0.0,0.0,0.0,0.0,oracle_actual,7928.015584323333,18315.590716666673,0.0,10261.74766666667
2025-06-21,93,2025-06-21 15:30:00,2025-06-21 15:40:00,4137.0155,689.5025833333334,4680.9532,780.1588666666667,689.5025833333334,4680.9532,780.1588666666667,,-1,oracle_actual_not_executable,,0.0,0.0,0.0,0.0,0.0,0.0,0.0,0.0,0.0,90.65628333333325,0.0,10800.0,10800.0,0,0.7534,0.0,0.0,0.0,0.0,oracle_actual,7928.015584323333,18315.590716666673,0.0,10352.403950000004
2025-06-21,94,2025-06-21 15:40:00,2025-06-21 15:50:00,4317.2602,719.5433666666667,4481.2341,746.87235,719.5433666666667,4481.2341,746.87235,,-1,oracle_actual_not_executable,,0.0,0.0,0.0,0.0,0.0,0.0,0.0,0.0,0.0,27.328983333333326,0.0,10800.0,10800.0,0,0.7823,0.0,0.0,0.0,0.0,oracle_actual,7928.015584323333,18315.590716666673,0.0,10379.732933333336
2025-06-21,95,2025-06-21 15:50:00,2025-06-21 16:00:00,4217.43,702.9050000000001,4055.4,675.9,702.9050000000001,4055.4,675.9,,-1,oracle_actual_not_executable,,27.00500000000011,27.00500000000011,0.0,0.0,0.0,27.00500000000011,27.00500000000011,0.0,0.0,0.0,0.0,10800.0,10800.0,0,0.8055,21.752527500000088,0.0,0.0,21.752527500000088,oracle_actual,7949.768111823333,18342.595716666674,0.0,10379.732933333336
2025-06-21,96,2025-06-21 16:00:00,2025-06-21 16:10:00,4034.2858,672.3809666666667,3562.8565,593.8094166666666,672.3809666666667,3562.8565,593.8094166666666,,-1,oracle_actual_not_executable,,78.57155000000012,78.57155000000012,0.0,0.0,0.0,78.57155000000012,78.57155000000012,0.0,0.0,0.0,0.0,10800.0,10800.0,0,0.8271,64.9865290050001,0.0,0.0,64.9865290050001,oracle_actual,8014.754640828333,18421.167266666675,0.0,10379.732933333336
2025-06-21,97,2025-06-21 16:10:00,2025-06-21 16:20:00,3980.7146,663.4524333333333,3361.4888,560.2481333333334,663.4524333333333,3361.4888,560.2481333333334,,-1,oracle_actual_not_executable,,103.20429999999988,103.20429999999988,0.0,0.0,0.0,103.20429999999988,103.20429999999988,0.0,0.0,0.0,0.0,10800.0,10800.0,0,0.8519,87.91974316999989,0.0,0.0,87.91974316999989,oracle_actual,8102.674383998333,18524.371566666676,0.0,10379.732933333336
2025-06-21,98,2025-06-21 16:20:00,2025-06-21 16:30:00,4042.02,673.67,3406.575,567.7624999999999,673.67,3406.575,567.7624999999999,,-1,oracle_actual_not_executable,,105.90750000000003,105.90750000000003,0.0,0.0,0.0,105.90750000000003,105.90750000000003,0.0,0.0,0.0,0.0,10800.0,10800.0,0,0.8791,93.10328325000002,0.0,0.0,93.10328325000002,oracle_actual,8195.777667248332,18630.279066666677,0.0,10379.732933333336
2025-06-21,99,2025-06-21 16:30:00,2025-06-21 16:40:00,3983.774,663.9623333333333,3291.2298,548.5383,663.9623333333333,3291.2298,548.5383,,-1,oracle_actual_not_executable,,115.42403333333323,115.42403333333323,0.0,0.0,0.0,115.42403333333323,115.42403333333323,0.0,0.0,0.0,0.0,10800.0,10800.0,0,0.9024,104.1586476799999,0.0,0.0,104.1586476799999,oracle_actual,8299.936314928333,18745.70310000001,0.0,10379.732933333336
2025-06-21,100,2025-06-21 16:40:00,2025-06-21 16:50:00,3621.8931,603.6488499999999,2964.175,494.0291666666667,603.6488499999999,2964.175,494.0291666666667,,-1,oracle_actual_not_executable,,109.61968333333323,109.61968333333323,0.0,0.0,0.0,109.61968333333323,109.61968333333323,0.0,0.0,0.0,0.0,10800.0,10800.0,0,0.9163,100.44451583833323,0.0,0.0,100.44451583833323,oracle_actual,8400.380830766666,18855.322783333344,0.0,10379.732933333336
2025-06-21,101,2025-06-21 16:50:00,2025-06-21 17:00:00,3240.3,540.0500000000001,2623.6125,437.26875,540.0500000000001,2623.6125,437.26875,,-1,oracle_actual_not_executable,,102.78125000000006,102.78125000000006,0.0,0.0,0.0,102.78125000000006,102.78125000000006,0.0,0.0,0.0,0.0,10800.0,10800.0,0,0.9264,95.21655000000005,0.0,0.0,95.21655000000005,oracle_actual,8495.597380766665,18958.104033333344,0.0,10379.732933333336
2025-06-21,102,2025-06-21 17:00:00,2025-06-21 17:10:00,3335.0072,555.8345333333333,2479.2426,413.2071,555.8345333333333,2479.2426,413.2071,,-1,oracle_actual_not_executable,,142.62743333333327,142.62743333333327,0.0,0.0,0.0,142.62743333333327,142.62743333333327,0.0,0.0,0.0,0.0,10800.0,10800.0,0,0.9462,134.95407741999995,0.0,0.0,134.95407741999995,oracle_actual,8630.551458186665,19100.73146666668,0.0,10379.732933333336
2025-06-21,103,2025-06-21 17:10:00,2025-06-21 17:20:00,3462.6248,577.1041333333334,2185.8548,364.30913333333336,577.1041333333334,2185.8548,364.30913333333336,,-1,oracle_actual_not_executable,,212.79500000000002,212.79500000000002,0.0,0.0,0.0,212.79500000000002,212.79500000000002,0.0,0.0,0.0,0.0,10800.0,10800.0,0,0.9742,207.304889,0.0,0.0,207.304889,oracle_actual,8837.856347186666,19313.526466666677,0.0,10379.732933333336
2025-06-21,104,2025-06-21 17:20:00,2025-06-21 17:30:00,3484.27,580.7116666666667,1750.4625,291.74375000000003,580.7116666666667,1750.4625,291.74375000000003,,-1,oracle_actual_not_executable,,288.96791666666667,288.96791666666667,0.0,0.0,0.0,288.96791666666667,288.96791666666667,0.0,0.0,0.0,0.0,10800.0,10800.0,0,0.9862,284.98015941666665,0.0,0.0,284.98015941666665,oracle_actual,9122.836506603333,19602.494383333345,0.0,10379.732933333336
2025-06-21,105,2025-06-21 17:30:00,2025-06-21 17:40:00,3649.2081,608.2013499999999,1528.3871,254.7311833333333,608.2013499999999,1528.3871,254.7311833333333,,-1,oracle_actual_not_executable,,353.4701666666666,353.4701666666666,0.0,0.0,0.0,353.4701666666666,353.4701666666666,0.0,0.0,0.0,0.0,10800.0,10800.0,0,0.976,344.9868826666666,0.0,0.0,344.9868826666666,oracle_actual,9467.82338927,19955.96455000001,0.0,10379.732933333336
2025-06-21,106,2025-06-21 17:40:00,2025-06-21 17:50:00,3604.3529,600.7254833333333,1310.4274,218.40456666666668,600.7254833333333,1310.4274,218.40456666666668,,-1,oracle_actual_not_executable,,382.32091666666656,382.32091666666656,0.0,0.0,0.0,382.32091666666656,382.32091666666656,0.0,0.0,0.0,0.0,10800.0,10800.0,0,1.0742,410.68912868333325,0.0,0.0,410.68912868333325,oracle_actual,9878.512517953332,20338.28546666668,0.0,10379.732933333336
2025-06-21,107,2025-06-21 17:50:00,2025-06-21 18:00:00,3349.51,558.2516666666667,1034.1,172.35,558.2516666666667,1034.1,172.35,,-1,oracle_actual_not_executable,,277.90166666666664,277.90166666666664,0.0,0.0,0.0,277.90166666666664,277.90166666666664,0.0,108.0,0.0,0.0,10800.0,10680.0,0,1.2313,342.18032216666666,0.0,0.0,342.18032216666666,oracle_actual,10220.692840119998,20616.187133333347,0.0,10379.732933333336
2025-06-21,108,2025-06-21 18:00:00,2025-06-21 18:10:00,3274.4828,545.7471333333334,860.3286,143.3881,545.7471333333334,860.3286,143.3881,,-1,oracle_actual_not_executable,,78.3590333333334,78.3590333333334,0.0,0.0,0.0,78.3590333333334,78.3590333333334,0.0,324.0,0.0,0.0,10680.0,10320.0,0,1.2561,98.42678177000009,0.0,0.0,98.42678177000009,oracle_actual,10319.119621889999,20694.54616666668,0.0,10379.732933333336
2025-06-21,109,2025-06-21 18:10:00,2025-06-21 18:20:00,3297.0032,549.5005333333334,677.2547,112.87578333333332,549.5005333333334,677.2547,112.87578333333332,,-1,oracle_actual_not_executable,,4.624750000000063,4.624750000000063,0.0,0.0,0.0,4.624750000000063,4.624750000000063,0.0,432.0,0.0,0.0,10320.0,9840.0,0,1.2447,5.756426325000078,0.0,0.0,5.756426325000078,oracle_actual,10324.876048215,20699.17091666668,0.0,10379.732933333336
2025-06-21,110,2025-06-21 18:20:00,2025-06-21 18:30:00,3342.79,557.1316666666667,452.7,75.45,557.1316666666667,452.7,75.45,,-1,oracle_actual_not_executable,,49.68166666666667,49.68166666666667,0.0,0.0,0.0,49.68166666666667,49.68166666666667,0.0,432.0,0.0,0.0,9840.0,9360.0,0,1.2545,62.325650833333334,0.0,0.0,62.325650833333334,oracle_actual,10387.201699048332,20748.852583333348,0.0,10379.732933333336
2025-06-21,111,2025-06-21 18:30:00,2025-06-21 18:40:00,3456.8314,576.1385666666666,276.0564,46.0094,576.1385666666666,276.0564,46.0094,,-1,oracle_actual_not_executable,,98.1291666666666,98.1291666666666,0.0,0.0,0.0,98.1291666666666,98.1291666666666,0.0,432.0,0.0,0.0,9360.0,8880.0,0,1.2522,122.87734249999993,0.0,0.0,122.87734249999993,oracle_actual,10510.079041548332,20846.981750000014,0.0,10379.732933333336
2025-06-21,112,2025-06-21 18:40:00,2025-06-21 18:50:00,3634.5648,605.7608,121.8367,20.306116666666664,605.7608,121.8367,20.306116666666664,,-1,oracle_actual_not_executable,,45.45468333333338,45.45468333333338,0.0,0.0,0.0,45.45468333333338,45.45468333333338,0.0,540.0,0.0,0.0,8880.0,8280.0,0,1.2881,58.550177601666725,0.0,0.0,58.550177601666725,oracle_actual,10568.629219149998,20892.436433333347,0.0,10379.732933333336
2025-06-21,113,2025-06-21 18:50:00,2025-06-21 19:00:00,3852.72,642.12,7.7625,1.29375,642.12,7.7625,1.29375,,-1,oracle_actual_not_executable,,0.0,0.0,0.0,0.0,0.0,0.0,0.0,0.0,648.0,7.173750000000041,0.0,8280.0,7560.0,0,1.3466,0.0,0.0,0.0,0.0,oracle_actual,10568.629219149998,20892.436433333347,0.0,10386.906683333336
2025-06-21,114,2025-06-21 19:00:00,2025-06-21 19:10:00,4004.9442,667.4907,0.0,0.0,667.4907,0.0,0.0,,-1,oracle_actual_not_executable,,19.490699999999947,19.490699999999947,0.0,0.0,0.0,19.490699999999947,19.490699999999947,0.0,648.0,0.0,0.0,7560.0,6840.0,0,1.3523,26.35727360999993,0.0,0.0,26.35727360999993,oracle_actual,10594.986492759997,20911.927133333345,0.0,10386.906683333336
2025-06-21,115,2025-06-21 19:10:00,2025-06-21 19:20:00,3706.7434,617.7905666666667,3.2619,0.54365,617.7905666666667,3.2619,0.54365,,-1,oracle_actual_not_executable,,77.24691666666672,77.24691666666672,0.0,0.0,0.0,77.24691666666672,77.24691666666672,0.0,540.0,0.0,0.0,6840.0,6240.0,0,1.3445,103.8584794583334,0.0,0.0,103.8584794583334,oracle_actual,10698.84497221833,20989.174050000012,0.0,10386.906683333336
2025-06-21,116,2025-06-21 19:20:00,2025-06-21 19:30:00,3293.48,548.9133333333333,0.0,0.0,548.9133333333333,0.0,0.0,,-1,oracle_actual_not_executable,,8.913333333333298,8.913333333333298,0.0,0.0,0.0,8.913333333333298,8.913333333333298,0.0,540.0,0.0,0.0,6240.0,5640.0,0,1.3483,12.017847333333286,0.0,0.0,12.017847333333286,oracle_actual,10710.862819551663,20998.087383333346,0.0,10386.906683333336
2025-06-21,117,2025-06-21 19:30:00,2025-06-21 19:40:00,3492.5254,582.0875666666667,0.0,0.0,582.0875666666667,0.0,0.0,,-1,oracle_actual_not_executable,,42.0875666666667,42.0875666666667,0.0,0.0,0.0,42.0875666666667,42.0875666666667,0.0,540.0,0.0,0.0,5640.0,5040.0,0,1.349,56.77612743333338,0.0,0.0,56.77612743333338,oracle_actual,10767.638946984996,21040.17495000001,0.0,10386.906683333336
2025-06-21,118,2025-06-21 19:40:00,2025-06-21 19:50:00,3490.6667,581.7777833333333,0.2342,0.0390333333333333,581.7777833333333,0.2342,0.0390333333333333,,-1,oracle_actual_not_executable,,41.73874999999998,41.73874999999998,0.0,0.0,0.0,41.73874999999998,41.73874999999998,0.0,540.0,0.0,0.0,5040.0,4440.0,0,1.3473,56.23461787499998,0.0,0.0,56.23461787499998,oracle_actual,10823.873564859996,21081.913700000012,0.0,10386.906683333336
2025-06-21,119,2025-06-21 19:50:00,2025-06-21 20:00:00,3189.62,531.6033333333334,0.0,0.0,531.6033333333334,0.0,0.0,,-1,oracle_actual_not_executable,,0.0,0.0,0.0,0.0,0.0,0.0,0.0,0.0,540.0,8.396666666666647,0.0,4440.0,3840.0,0,1.3482,0.0,0.0,0.0,0.0,oracle_actual,10823.873564859996,21081.913700000012,0.0,10395.303350000004
2025-06-21,120,2025-06-21 20:00:00,2025-06-21 20:10:00,3348.2366,558.0394333333334,0.0,0.0,558.0394333333334,0.0,0.0,,-1,oracle_actual_not_executable,,18.039433333333363,18.039433333333363,0.0,0.0,0.0,18.039433333333363,18.039433333333363,0.0,540.0,0.0,0.0,3840.0,3240.0,0,1.3513,24.376686263333372,0.0,0.0,24.376686263333372,oracle_actual,10848.250251123329,21099.953133333343,0.0,10395.303350000004
2025-06-21,121,2025-06-21 20:10:00,2025-06-21 20:20:00,3725.2052,620.8675333333333,0.0168,0.0028,620.8675333333333,0.0168,0.0028,,-1,oracle_actual_not_executable,,80.86473333333333,80.86473333333333,0.0,0.0,0.0,80.86473333333333,80.86473333333333,0.0,540.0,0.0,0.0,3240.0,2640.0,0,1.34,108.35874266666667,0.0,0.0,108.35874266666667,oracle_actual,10956.608993789996,21180.817866666675,0.0,10395.303350000004
2025-06-21,122,2025-06-21 20:20:00,2025-06-21 20:30:00,3960.13,660.0216666666666,0.0,0.0,660.0216666666666,0.0,0.0,,-1,oracle_actual_not_executable,,12.021666666666647,12.021666666666647,0.0,0.0,0.0,12.021666666666647,12.021666666666647,0.0,648.0,0.0,0.0,2640.0,1920.0,0,1.3489,16.21602616666664,0.0,0.0,16.21602616666664,oracle_actual,10972.825019956663,21192.839533333343,0.0,10395.303350000004
2025-06-21,123,2025-06-21 20:30:00,2025-06-21 20:40:00,3881.8245,646.9707500000001,0.0,0.0,646.9707500000001,0.0,0.0,,-1,oracle_actual_not_executable,,0.0,0.0,0.0,0.0,0.0,0.0,0.0,0.0,648.0,1.0292499999999336,0.0,1920.0,1200.0,0,1.3952,0.0,0.0,0.0,0.0,oracle_actual,10972.825019956663,21192.839533333343,0.0,10396.332600000003
2025-06-21,124,2025-06-21 20:40:00,2025-06-21 20:50:00,3513.6729,585.61215,0.0012,0.0001999999999999,585.61215,0.0012,0.0001999999999999,,-1,oracle_actual_not_executable,,585.6119500000001,585.6119500000001,0.0,0.0,0.0,585.6119500000001,585.6119500000001,0.0,0.0,0.0,0.0,1200.0,1200.0,0,1.2226,715.96917007,0.0,0.0,715.96917007,oracle_actual,11688.794190026663,21778.45148333334,0.0,10396.332600000003
2025-06-21,125,2025-06-21 20:50:00,2025-06-21 21:00:00,3160.32,526.72,0.0,0.0,526.72,0.0,0.0,,-1,oracle_actual_not_executable,,526.72,526.72,0.0,0.0,0.0,526.72,526.72,0.0,0.0,0.0,0.0,1200.0,1200.0,0,0.9332,491.53510400000005,0.0,0.0,491.53510400000005,oracle_actual,12180.329294026664,22305.171483333343,0.0,10396.332600000003
2025-06-21,126,2025-06-21 21:00:00,2025-06-21 21:10:00,3214.7106,535.7850999999999,0.0,0.0,535.7850999999999,0.0,0.0,,-1,oracle_actual_not_executable,,535.7850999999999,535.7850999999999,0.0,0.0,0.0,535.7850999999999,535.7850999999999,0.0,0.0,0.0,0.0,1200.0,1200.0,0,0.9068,485.84992867999995,0.0,0.0,485.84992867999995,oracle_actual,12666.179222706663,22840.956583333344,0.0,10396.332600000003
2025-06-21,127,2025-06-21 21:10:00,2025-06-21 21:20:00,3489.1029,581.51715,0.0,0.0,581.51715,0.0,0.0,,-1,oracle_actual_not_executable,,581.51715,581.51715,0.0,0.0,0.0,581.51715,581.51715,0.0,0.0,0.0,0.0,1200.0,1200.0,0,0.9371,544.939721265,0.0,0.0,544.939721265,oracle_actual,13211.118943971664,23422.473733333343,0.0,10396.332600000003
2025-06-21,128,2025-06-21 21:20:00,2025-06-21 21:30:00,3713.49,618.915,0.0,0.0,618.915,0.0,0.0,,-1,oracle_actual_not_executable,,618.915,618.915,0.0,0.0,0.0,618.915,618.915,0.0,0.0,0.0,0.0,1200.0,1200.0,0,0.9371,579.9852465,0.0,0.0,579.9852465,oracle_actual,13791.104190471664,24041.388733333344,0.0,10396.332600000003
2025-06-21,129,2025-06-21 21:30:00,2025-06-21 21:40:00,3715.4477,619.2412833333334,0.0,0.0,619.2412833333334,0.0,0.0,,-1,oracle_actual_not_executable,,619.2412833333334,619.2412833333334,0.0,0.0,0.0,619.2412833333334,619.2412833333334,0.0,0.0,0.0,0.0,1200.0,1200.0,0,0.9871,611.2530707783334,0.0,0.0,611.2530707783334,oracle_actual,14402.357261249997,24660.630016666677,0.0,10396.332600000003
2025-06-21,130,2025-06-21 21:40:00,2025-06-21 21:50:00,3460.6768,576.7794666666667,0.0,0.0,576.7794666666667,0.0,0.0,,-1,oracle_actual_not_executable,,576.7794666666667,576.7794666666667,0.0,0.0,0.0,576.7794666666667,576.7794666666667,0.0,0.0,0.0,0.0,1200.0,1200.0,0,0.7764,447.81157792000005,0.0,0.0,447.81157792000005,oracle_actual,14850.168839169997,25237.409483333344,0.0,10396.332600000003
2025-06-21,131,2025-06-21 21:50:00,2025-06-21 22:00:00,3169.68,528.28,0.0,0.0,528.28,0.0,0.0,,-1,oracle_actual_not_executable,,528.28,528.28,0.0,0.0,0.0,528.28,528.28,0.0,0.0,0.0,0.0,1200.0,1200.0,0,0.4209,222.353052,0.0,0.0,222.353052,oracle_actual,15072.521891169998,25765.689483333343,0.0,10396.332600000003
2025-06-21,132,2025-06-21 22:00:00,2025-06-21 22:10:00,3161.2424,526.8737333333333,0.0,0.0,526.8737333333333,0.0,0.0,,-1,oracle_actual_not_executable,,526.8737333333333,526.8737333333333,0.0,0.0,0.0,526.8737333333333,526.8737333333333,0.0,0.0,0.0,0.0,1200.0,1200.0,0,0.3859,203.32057369333336,0.0,0.0,203.32057369333336,oracle_actual,15275.842464863332,26292.563216666676,0.0,10396.332600000003
2025-06-21,133,2025-06-21 22:10:00,2025-06-21 22:20:00,3268.4465,544.7410833333333,0.0,0.0,544.7410833333333,0.0,0.0,,-1,oracle_actual_not_executable,,544.7410833333333,544.7410833333333,0.0,0.0,0.0,544.7410833333333,544.7410833333333,0.0,0.0,0.0,0.0,1200.0,1200.0,0,0.4368,237.9429052,0.0,0.0,237.9429052,oracle_actual,15513.785370063331,26837.30430000001,0.0,10396.332600000003
2025-06-21,134,2025-06-21 22:20:00,2025-06-21 22:30:00,3317.19,552.865,0.0,0.0,552.865,0.0,0.0,,-1,oracle_actual_not_executable,,552.865,552.865,0.0,0.0,0.0,552.865,552.865,0.0,0.0,0.0,0.0,1200.0,1200.0,0,0.4198,232.092727,0.0,0.0,232.092727,oracle_actual,15745.87809706333,27390.169300000012,0.0,10396.332600000003
2025-06-21,135,2025-06-21 22:30:00,2025-06-21 22:40:00,3281.0391,546.83985,0.0,0.0,546.83985,0.0,0.0,,-1,oracle_actual_not_executable,,546.83985,546.83985,0.0,0.0,0.0,546.83985,546.83985,0.0,0.0,0.0,0.0,1200.0,1200.0,0,0.4186,228.90716121,0.0,0.0,228.90716121,oracle_actual,15974.78525827333,27937.009150000013,0.0,10396.332600000003
2025-06-21,136,2025-06-21 22:40:00,2025-06-21 22:50:00,3250.7574,541.7929,0.0,0.0,541.7929,0.0,0.0,,-1,oracle_actual_not_executable,,541.7929,541.7929,0.0,0.0,0.0,541.7929,541.7929,0.0,0.0,0.0,0.0,1200.0,1200.0,0,0.4241,229.77436889,0.0,0.0,229.77436889,oracle_actual,16204.55962716333,28478.802050000013,0.0,10396.332600000003
2025-06-21,137,2025-06-21 22:50:00,2025-06-21 23:00:00,3190.39,531.7316666666667,0.0,0.0,531.7316666666667,0.0,0.0,,-1,oracle_actual_not_executable,,531.7316666666667,531.7316666666667,0.0,0.0,0.0,531.7316666666667,531.7316666666667,0.0,0.0,0.0,0.0,1200.0,1200.0,0,0.4237,225.29470716666668,0.0,0.0,225.29470716666668,oracle_actual,16429.854334329997,29010.53371666668,0.0,10396.332600000003
2025-06-21,138,2025-06-21 23:00:00,2025-06-21 23:10:00,2998.9363,499.8227166666666,0.0,0.0,499.8227166666666,0.0,0.0,,-1,oracle_actual_not_executable,,499.8227166666666,499.8227166666666,0.0,0.0,0.0,499.8227166666666,499.8227166666666,0.0,0.0,0.0,0.0,1200.0,1200.0,0,0.4248,212.32469003999998,0.0,0.0,212.32469003999998,oracle_actual,16642.179024369998,29510.356433333345,0.0,10396.332600000003
2025-06-21,139,2025-06-21 23:10:00,2025-06-21 23:20:00,2920.9743,486.82905,0.0,0.0,486.82905,0.0,0.0,,-1,oracle_actual_not_executable,,486.82905,486.82905,0.0,0.0,0.0,486.82905,486.82905,0.0,0.0,0.0,0.0,1200.0,1200.0,0,0.424,206.41551719999998,0.0,0.0,206.41551719999998,oracle_actual,16848.594541569997,29997.185483333345,0.0,10396.332600000003
2025-06-21,140,2025-06-21 23:20:00,2025-06-21 23:30:00,2989.3,498.2166666666667,0.0,0.0,498.2166666666667,0.0,0.0,,-1,oracle_actual_not_executable,,498.2166666666667,498.2166666666667,0.0,0.0,0.0,498.2166666666667,498.2166666666667,0.0,0.0,0.0,0.0,1200.0,1200.0,0,0.422,210.24743333333333,0.0,0.0,210.24743333333333,oracle_actual,17058.84197490333,30495.402150000013,0.0,10396.332600000003
2025-06-21,141,2025-06-21 23:30:00,2025-06-21 23:40:00,3024.571,504.0951666666666,0.0,0.0,504.0951666666666,0.0,0.0,,-1,oracle_actual_not_executable,,504.0951666666666,504.0951666666666,0.0,0.0,0.0,504.0951666666666,504.0951666666666,0.0,0.0,0.0,0.0,1200.0,1200.0,0,0.424,213.73635066666665,0.0,0.0,213.73635066666665,oracle_actual,17272.578325569997,30999.49731666668,0.0,10396.332600000003
2025-06-21,142,2025-06-21 23:40:00,2025-06-21 23:50:00,3193.3141,532.2190166666667,0.0,0.0,532.2190166666667,0.0,0.0,,-1,oracle_actual_not_executable,,532.2190166666667,532.2190166666667,0.0,0.0,0.0,532.2190166666667,532.2190166666667,0.0,0.0,0.0,0.0,1200.0,1200.0,0,0.4271,227.31074201833331,0.0,0.0,227.31074201833331,oracle_actual,17499.88906758833,31531.716333333345,0.0,10396.332600000003
2025-06-21,143,2025-06-21 23:50:00,2025-06-22 00:00:00,3636.14,606.0233333333333,0.0,0.0,606.0233333333333,0.0,0.0,,-1,oracle_actual_not_executable,,606.0233333333333,606.0233333333333,0.0,0.0,0.0,606.0233333333333,606.0233333333333,0.0,0.0,0.0,0.0,1200.0,1200.0,0,0.4276,259.1355773333333,0.0,0.0,259.1355773333333,oracle_actual,17759.024644921665,32137.73966666668,0.0,10396.332600000003
2025-09-23,0,2025-09-23 00:00:00,2025-09-23 00:10:00,3421.106,570.1843333333334,0.0,0.0,656.1909666666667,0.0,0.0,2025-09-23 00:00:00,10,observed_anchor_linear_to_h1,2025-09-16 00:10:00,1456.1909666666666,1456.1909666666666,0.0,0.0,0.0,1456.1909666666666,1456.1909666666666,800.0,0.0,0.0,86.00663333333318,1200.0,1920.0,1,0.4248,618.5899226399999,0.0,0.0,618.5899226399999,static_forecast,618.5899226399999,1456.1909666666666,0.0,0.0
2025-09-23,1,2025-09-23 00:10:00,2025-09-23 00:20:00,3361.9091,560.3181833333333,0.0,0.0,666.7336166666666,0.0,0.0,2025-09-23 00:00:00,20,observed_anchor_linear_to_h1,2025-09-16 00:20:00,1466.7336166666666,1466.7336166666666,0.0,0.0,0.0,1466.7336166666666,1466.7336166666666,800.0,0.0,0.0,106.41543333333334,1920.0,2640.0,1,0.4245,622.6284202749999,0.0,0.0,622.6284202749999,static_forecast,1241.218342915,2922.9245833333334,0.0,0.0
2025-09-23,2,2025-09-23 00:20:00,2025-09-23 00:30:00,3388.6,564.7666666666667,0.0,0.0,625.2266666666667,0.0,0.0,2025-09-23 00:00:00,30,observed_anchor_linear_to_h1,2025-09-16 00:30:00,1425.2266666666667,1425.2266666666667,0.0,0.0,0.0,1425.2266666666667,1425.2266666666667,800.0,0.0,0.0,60.460000000000036,2640.0,3360.0,1,0.4269,608.429264,0.0,0.0,608.429264,static_forecast,1849.6476069149999,4348.15125,0.0,0.0
2025-09-23,3,2025-09-23 00:30:00,2025-09-23 00:40:00,3591.0535,598.5089166666667,0.0,0.0,588.6305166666667,0.0,0.0,2025-09-23 00:00:00,40,observed_anchor_linear_to_h1,2025-09-16 00:40:00,1388.6305166666666,1388.6305166666666,0.0,0.0,9.878400000000056,1398.5089166666667,1398.5089166666667,800.0,0.0,0.0,0.0,3360.0,4080.0,1,0.4272,593.22295672,0.0,21.10026240000012,614.3232191200001,static_forecast,2463.970826035,5746.660166666667,9.878400000000056,0.0
2025-09-23,4,2025-09-23 00:40:00,2025-09-23 00:50:00,3639.0639,606.51065,0.0,0.0,572.78095,0.0,0.0,2025-09-23 00:00:00,50,observed_anchor_linear_to_h1,2025-09-16 00:50:00,1372.7809499999998,1372.7809499999998,0.0,0.0,33.72970000000032,1406.5106500000002,1406.5106500000002,800.0,0.0,0.0,0.0,4080.0,4800.0,1,0.4271,586.3147437449999,0.0,72.02977435000068,658.3445180950006,static_forecast,3122.3153441300005,7153.170816666667,43.60810000000038,0.0
2025-09-23,5,2025-09-23 00:50:00,2025-09-23 01:00:00,3538.62,589.77,0.0,0.0,575.7566666666667,0.0,0.0,2025-09-23 00:00:00,60,attachment3_10min_interpolation,2025-09-16 01:00:00,1375.7566666666667,1375.7566666666667,0.0,0.0,14.013333333333321,1389.77,1389.77,800.0,0.0,0.0,0.0,4800.0,5520.0,1,0.4285,589.5117316666666,0.0,30.023566666666643,619.5352983333332,static_forecast,3741.8506424633338,8542.940816666667,57.6214333333337,0.0
2025-09-23,6,2025-09-23 01:00:00,2025-09-23 01:10:00,3584.1201,597.35335,0.0,0.0,586.2062999999999,0.0,0.0,2025-09-23 00:00:00,70,attachment3_10min_interpolation,2025-09-16 01:10:00,1386.2062999999998,1386.2062999999998,0.0,0.0,11.147050000000036,1397.3533499999999,1397.3533499999999,800.0,0.0,0.0,0.0,5520.0,6240.0,1,0.4311,597.5935359299999,0.0,24.027466275000076,621.621002205,static_forecast,4363.471644668334,9940.294166666667,68.76848333333373,0.0
2025-09-23,7,2025-09-23 01:10:00,2025-09-23 01:20:00,3479.83,579.9716666666667,0.0,0.0,582.92165,0.0,0.0,2025-09-23 00:00:00,80,attachment3_10min_interpolation,2025-09-16 01:20:00,1382.92165,1382.92165,0.0,0.0,0.0,1382.92165,1382.92165,800.0,0.0,0.0,2.9499833333331935,6240.0,6960.0,1,0.4302,594.93289383,0.0,0.0,594.93289383,static_forecast,4958.404538498335,11323.215816666667,68.76848333333373,0.0
2025-09-23,8,2025-09-23 01:20:00,2025-09-23 01:30:00,3316.08,552.68,0.0,0.0,570.4566666666666,0.0,0.0,2025-09-23 00:00:00,90,attachment3_10min_interpolation,2025-09-16 01:30:00,1370.4566666666665,1370.4566666666665,0.0,0.0,0.0,1370.4566666666665,1370.4566666666665,800.0,0.0,0.0,17.776666666666642,6960.0,7680.0,1,0.4279,586.4184076666666,0.0,0.0,586.4184076666666,static_forecast,5544.822946165001,12693.672483333334,68.76848333333373,0.0
2025-09-23,9,2025-09-23 01:30:00,2025-09-23 01:40:00,3504.3201,584.05335,0.0,0.0,576.1825666666667,0.0,0.0,2025-09-23 00:00:00,100,attachment3_10min_interpolation,2025-09-16 01:40:00,842.8492333333334,842.8492333333334,0.0,0.0,7.870783333333293,850.7200166666667,850.7200166666667,266.6666666666667,0.0,0.0,0.0,7680.0,7920.0,1,0.4312,363.43658941333337,0.0,16.96940886666658,380.40599827999995,static_forecast,5925.228944445001,13544.3925,76.63926666666703,0.0
2025-09-23,10,2025-09-23 01:40:00,2025-09-23 01:50:00,3611.1697,601.8616166666667,0.0,0.0,604.6679166666667,0.0,0.0,2025-09-23 00:00:00,110,attachment3_10min_interpolation,2025-09-16 01:50:00,604.6679166666667,604.6679166666667,0.0,0.0,0.0,604.6679166666667,604.6679166666667,0.0,0.0,0.0,2.8062999999999647,7920.0,7920.0,0,0.4333,262.00260829166666,0.0,0.0,262.00260829166666,static_forecast,6187.231552736667,14149.060416666667,76.63926666666703,0.0
2025-09-23,11,2025-09-23 01:50:00,2025-09-23 02:00:00,3543.64,590.6066666666667,0.0,0.0,621.295,0.0,0.0,2025-09-23 00:00:00,120,attachment3_10min_interpolation,2025-09-16 02:00:00,1421.295,1421.295,0.0,0.0,0.0,1421.295,1421.295,800.0,0.0,0.0,30.688333333333503,7920.0,8640.0,1,0.4311,612.7202745,0.0,0.0,612.7202745,static_forecast,6799.951827236668,15570.355416666667,76.63926666666703,0.0
2025-09-23,12,2025-09-23 02:00:00,2025-09-23 02:10:00,3627.3783,604.56305,0.0,0.0,586.7885666666667,0.0,0.0,2025-09-23 00:00:00,130,attachment3_10min_interpolation,2025-09-16 02:10:00,1386.7885666666666,1386.7885666666666,0.0,0.0,17.774483333333364,1404.56305,1404.56305,800.0,0.0,0.0,0.0,8640.0,9360.0,1,0.4293,595.34833167,0.0,38.15292847500007,633.5012601450001,static_forecast,7433.4530873816675,16974.918466666666,94.41375000000039,0.0
2025-09-23,13,2025-09-23 02:10:00,2025-09-23 02:20:00,3646.7973,607.7995500000001,0.0,0.0,572.6755833333333,0.0,0.0,2025-09-23 00:00:00,140,attachment3_10min_interpolation,2025-09-16 02:20:00,572.6755833333333,572.6755833333333,0.0,0.0,35.123966666666774,607.7995500000001,607.7995500000001,0.0,0.0,0.0,0.0,9360.0,9360.0,0,0.4324,247.6249222333333,0.0,75.93801593333356,323.56293816666687,static_forecast,7757.016025548334,17582.718016666666,129.53771666666717,0.0
2025-09-23,14,2025-09-23 02:20:00,2025-09-23 02:30:00,3569.92,594.9866666666667,0.0,0.0,604.0916666666667,0.0,0.0,2025-09-23 00:00:00,150,attachment3_10min_interpolation,2025-09-16 02:30:00,604.0916666666667,604.0916666666667,0.0,0.0,0.0,604.0916666666667,604.0916666666667,0.0,0.0,0.0,9.105000000000018,9360.0,9360.0,0,0.4367,263.8068308333333,0.0,0.0,263.8068308333333,static_forecast,8020.822856381667,18186.809683333333,129.53771666666717,0.0
2025-09-23,15,2025-09-23 02:30:00,2025-09-23 02:40:00,3591.0744,598.5124,0.0,0.0,633.2806666666667,0.0,0.0,2025-09-23 00:00:00,160,attachment3_10min_interpolation,2025-09-16 02:40:00,633.2806666666667,633.2806666666667,0.0,0.0,0.0,633.2806666666667,633.2806666666667,0.0,0.0,0.0,34.768266666666705,9360.0,9360.0,0,0.4348,275.35043386666666,0.0,0.0,275.35043386666666,static_forecast,8296.173290248335,18820.09035,129.53771666666717,0.0
2025-09-23,16,2025-09-23 02:40:00,2025-09-23 02:50:00,3523.6786,587.2797666666667,0.0,0.0,621.6542166666667,0.0,0.0,2025-09-23 00:00:00,170,attachment3_10min_interpolation,2025-09-16 02:50:00,621.6542166666667,621.6542166666667,0.0,0.0,0.0,621.6542166666667,621.6542166666667,0.0,0.0,0.0,34.374450000000024,9360.0,9360.0,0,0.4335,269.487102925,0.0,0.0,269.487102925,static_forecast,8565.660393173335,19441.744566666664,129.53771666666717,0.0
2025-09-23,17,2025-09-23 02:50:00,2025-09-23 03:00:00,3402.03,567.005,0.0,0.0,599.9,0.0,0.0,2025-09-23 00:00:00,180,attachment3_10min_interpolation,2025-09-16 03:00:00,599.9,599.9,0.0,0.0,0.0,599.9,599.9,0.0,0.0,0.0,32.89499999999998,9360.0,9360.0,0,0.4357,261.37642999999997,0.0,0.0,261.37642999999997,static_forecast,8827.036823173336,20041.644566666666,129.53771666666717,0.0
2025-09-23,18,2025-09-23 03:00:00,2025-09-23 03:10:00,3470.8796,578.4799333333334,0.0,0.0,627.80635,0.0,0.0,2025-09-23 00:00:00,190,attachment3_10min_interpolation,2025-09-16 03:10:00,627.80635,627.80635,0.0,0.0,0.0,627.80635,627.80635,0.0,0.0,0.0,49.326416666666546,9360.0,9360.0,0,0.4374,274.60249748999996,0.0,0.0,274.60249748999996,static_forecast,9101.639320663335,20669.450916666665,129.53771666666717,0.0
2025-09-23,19,2025-09-23 03:10:00,2025-09-23 03:20:00,3546.3118,591.0519666666667,0.0,0.0,622.0963,0.0,0.0,2025-09-23 00:00:00,200,attachment3_10min_interpolation,2025-09-16 03:20:00,622.0963,622.0963,0.0,0.0,0.0,622.0963,622.0963,0.0,0.0,0.0,31.044333333333384,9360.0,9360.0,0,0.4371,271.91829273,0.0,0.0,271.91829273,static_forecast,9373.557613393335,21291.547216666666,129.53771666666717,0.0
2025-09-23,20,2025-09-23 03:20:00,2025-09-23 03:30:00,3521.1,586.85,0.0,0.0,581.1933333333333,0.0,0.0,2025-09-23 00:00:00,210,attachment3_10min_interpolation,2025-09-16 03:30:00,581.1933333333333,581.1933333333333,0.0,0.0,5.6566666666667516,586.85,586.85,0.0,0.0,0.0,0.0,9360.0,9360.0,0,0.4356,253.16781599999996,0.0,12.320220000000184,265.48803600000014,static_forecast,9639.045649393336,21878.397216666664,135.19438333333392,0.0
2025-09-23,21,2025-09-23 03:30:00,2025-09-23 03:40:00,3493.0415,582.1735833333333,0.0,0.0,590.3947,0.0,0.0,2025-09-23 00:00:00,220,attachment3_10min_interpolation,2025-09-16 03:40:00,590.3947,590.3947,0.0,0.0,0.0,590.3947,590.3947,0.0,0.0,0.0,8.221116666666603,9360.0,9360.0,0,0.4353,256.99881290999997,0.0,0.0,256.99881290999997,static_forecast,9896.044462303336,22468.791916666665,135.19438333333392,0.0
2025-09-23,22,2025-09-23 03:40:00,2025-09-23 03:50:00,3616.52,602.7533333333333,0.0,0.0,611.9051499999999,0.0,0.0,2025-09-23 00:00:00,230,attachment3_10min_interpolation,2025-09-16 03:50:00,611.9051499999999,611.9051499999999,0.0,0.0,0.0,611.9051499999999,611.9051499999999,0.0,0.0,0.0,9.151816666666605,9360.0,9360.0,0,0.436,266.79064539999996,0.0,0.0,266.79064539999996,static_forecast,10162.835107703337,23080.697066666664,135.19438333333392,0.0
2025-09-23,23,2025-09-23 03:50:00,2025-09-23 04:00:00,3738.77,623.1283333333333,0.0,0.0,625.6416666666667,0.0,0.0,2025-09-23 00:00:00,240,attachment3_10min_interpolation,2025-09-16 04:00:00,625.6416666666667,625.6416666666667,0.0,0.0,0.0,625.6416666666667,625.6416666666667,0.0,0.0,0.0,2.513333333333321,9360.0,9360.0,0,0.4378,273.9059216666667,0.0,0.0,273.9059216666667,static_forecast,10436.741029370003,23706.33873333333,135.19438333333392,0.0
2025-09-23,24,2025-09-23 04:00:00,2025-09-23 04:10:00,3573.138,595.523,0.0019,0.0003166666666666,647.9303666666666,0.0,0.0,2025-09-23 00:00:00,250,attachment3_10min_interpolation,2025-09-16 04:10:00,647.9303666666666,647.9303666666666,0.0,0.0,0.0,647.9303666666666,647.9303666666666,0.0,0.0,0.0003166666666666,52.407366666666576,9360.0,9360.0,0,0.4401,285.15415436999996,0.0,0.0,285.15415436999996,static_forecast,10721.895183740004,24354.269099999998,135.19438333333392,0.0003166666666666
2025-09-23,25,2025-09-23 04:10:00,2025-09-23 04:20:00,3548.8256,591.4709333333334,0.0,0.0,644.1480166666666,0.0,0.0,2025-09-23 00:00:00,260,attachment3_10min_interpolation,2025-09-16 04:20:00,644.1480166666666,644.1480166666666,0.0,0.0,0.0,644.1480166666666,644.1480166666666,0.0,0.0,0.0,52.67708333333326,9360.0,9360.0,0,0.4389,282.716564515,0.0,0.0,282.716564515,static_forecast,11004.611748255003,24998.417116666664,135.19438333333392,0.0003166666666666
2025-09-23,26,2025-09-23 04:20:00,2025-09-23 04:30:00,3696.43,616.0716666666666,0.0,0.0,624.42,0.0,0.0,2025-09-23 00:00:00,270,attachment3_10min_interpolation,2025-09-16 04:30:00,624.42,624.42,0.0,0.0,0.0,624.42,624.42,0.0,0.0,0.0,8.348333333333358,9360.0,9360.0,0,0.4364,272.496888,0.0,0.0,272.496888,static_forecast,11277.108636255003,25622.837116666662,135.19438333333392,0.0003166666666666
2025-09-23,27,2025-09-23 04:30:00,2025-09-23 04:40:00,3629.4046,604.9007666666666,0.0268,0.0044666666666666,633.3117833333333,0.0,0.0,2025-09-23 00:00:00,280,attachment3_10min_interpolation,2025-09-16 04:40:00,633.3117833333333,633.3117833333333,0.0,0.0,0.0,633.3117833333333,633.3117833333333,0.0,0.0,0.0044666666666666,28.411016666666683,9360.0,9360.0,0,0.4393,278.21386641833334,0.0,0.0,278.21386641833334,static_forecast,11555.322502673336,26256.148899999997,135.19438333333392,0.0047833333333331994
2025-09-23,28,2025-09-23 04:40:00,2025-09-23 04:50:00,3602.4949,600.4158166666667,0.0,0.0,623.90075,0.0,0.0,2025-09-23 00:00:00,290,attachment3_10min_interpolation,2025-09-16 04:50:00,623.90075,623.90075,0.0,0.0,0.0,623.90075,623.90075,0.0,0.0,0.0,23.484933333333288,9360.0,9360.0,0,0.4422,275.88891165,0.0,0.0,275.88891165,static_forecast,11831.211414323336,26880.049649999997,135.19438333333392,0.0047833333333331994
2025-09-23,29,2025-09-23 04:50:00,2025-09-23 05:00:00,3708.74,618.1233333333333,0.0,0.0,591.3616666666667,0.0,0.0,2025-09-23 00:00:00,300,attachment3_10min_interpolation,2025-09-16 05:00:00,591.3616666666667,591.3616666666667,0.0,0.0,26.761666666666656,618.1233333333333,618.1233333333333,0.0,0.0,0.0,0.0,9360.0,9360.0,0,0.4395,259.9034525,0.0,58.80876249999997,318.712215,static_forecast,12149.923629323335,27498.17298333333,161.95605000000057,0.0047833333333331994
2025-09-23,30,2025-09-23 05:00:00,2025-09-23 05:10:00,3751.3647,625.22745,0.3731,0.0621833333333333,585.0822833333333,0.0,0.0,2025-09-23 00:00:00,310,attachment3_10min_interpolation,2025-09-16 05:10:00,585.0822833333333,585.0822833333333,0.0,0.0,40.08298333333335,625.1652666666666,625.1652666666666,0.0,0.0,0.0,0.0,9360.0,9360.0,0,0.4333,253.51615336833333,0.0,86.83978339166671,340.3559367600001,static_forecast,12490.279566083336,28123.338249999997,202.03903333333392,0.0047833333333331994
2025-09-23,31,2025-09-23 05:10:00,2025-09-23 05:20:00,3689.4488,614.9081333333334,0.0,0.0,607.6239166666667,0.0,0.0,2025-09-23 00:00:00,320,attachment3_10min_interpolation,2025-09-16 05:20:00,607.6239166666667,607.6239166666667,0.0,0.0,7.28421666666668,614.9081333333334,614.9081333333334,0.0,0.0,0.0,0.0,9360.0,9360.0,0,0.4439,269.72425660833335,0.0,16.167318891666696,285.89157550000004,static_forecast,12776.171141583336,28738.24638333333,209.3232500000006,0.0047833333333331994
2025-09-23,32,2025-09-23 05:20:00,2025-09-23 05:30:00,3557.68,592.9466666666666,0.0,0.0,620.6733333333333,0.0,0.0,2025-09-23 00:00:00,330,attachment3_10min_interpolation,2025-09-16 05:30:00,1420.6733333333332,1420.6733333333332,0.0,0.0,0.0,1420.6733333333332,1420.6733333333332,800.0,0.0,0.0,27.72666666666646,9360.0,10080.0,1,0.4301,611.0316006666666,0.0,0.0,611.0316006666666,static_forecast,13387.202742250003,30158.919716666664,209.3232500000006,0.0047833333333331994
2025-09-23,33,2025-09-23 05:30:00,2025-09-23 05:40:00,3509.0644,584.8440666666667,5.1961,0.8660166666666668,597.04255,0.0,0.0,2025-09-23 00:00:00,340,attachment3_10min_interpolation,2025-09-16 05:40:00,1397.0425500000001,1397.0425500000001,0.0,0.0,0.0,1397.0425500000001,1397.0425500000001,800.0,0.0,0.8660166666666668,12.19848333333357,10080.0,10800.0,1,0.3713,518.721898815,0.0,0.0,518.721898815,static_forecast,13905.924641065003,31555.962266666662,209.3232500000006,0.8708
2025-09-23,34,2025-09-23 05:40:00,2025-09-23 05:50:00,4001.4806,666.9134333333333,0.0,0.0,659.6616666666666,0.0,0.0,2025-09-23 00:00:00,350,attachment3_10min_interpolation,2025-09-16 05:50:00,659.6616666666666,659.6616666666666,0.0,0.0,7.25176666666664,666.9134333333333,666.9134333333333,0.0,0.0,0.0,0.0,10800.0,10800.0,0,0.5708,376.5348793333333,0.0,20.69654206666659,397.23142139999993,static_forecast,14303.156062465003,32222.875699999997,216.57501666666724,0.8708
2025-09-23,35,2025-09-23 05:50:00,2025-09-23 06:00:00,4743.74,790.6233333333333,0.0,0.0,783.415,0.0,0.0,2025-09-23 00:00:00,360,attachment3_10min_interpolation,2025-09-16 06:00:00,27.414999999999964,27.414999999999964,0.0,0.0,7.208333333333371,34.623333333333335,34.623333333333335,0.0,756.0,0.0,0.0,10800.0,9960.0,0,0.9099,24.94490849999997,0.0,32.794312500000174,57.73922100000014,static_forecast,14360.895283465003,32257.49903333333,223.7833500000006,0.8708
2025-09-23,36,2025-09-23 06:00:00,2025-09-23 06:10:00,4911.4158,818.5693,148.7833,24.797216666666667,810.2949333333332,259.55705,43.259508333333336,2025-09-23 00:00:00,370,attachment3_10min_interpolation,2025-09-16 06:10:00,11.035424999999918,11.035424999999918,0.0,0.0,26.736658333333366,37.772083333333285,37.772083333333285,0.0,756.0,0.0,0.0,9960.0,9120.0,0,0.9368,10.337986139999924,0.0,125.2345076333335,135.5724937733334,static_forecast,14496.467777238337,32295.271116666663,250.52000833333398,0.8708
2025-09-23,37,2025-09-23 06:10:00,2025-09-23 06:20:00,4831.9735,805.3289166666667,376.0146,62.66909999999999,792.0891166666667,519.1141,86.51901666666667,2025-09-23 00:00:00,380,attachment3_10min_interpolation,2025-09-16 06:20:00,57.570100000000025,57.570100000000025,0.0,0.0,37.08971666666673,94.65981666666676,94.65981666666676,0.0,648.0,0.0,0.0,9120.0,8400.0,0,0.8758,50.41989358000002,0.0,162.41586928333365,212.83576286333368,static_forecast,14709.30354010167,32389.93093333333,287.6097250000007,0.8708
2025-09-23,38,2025-09-23 06:20:00,2025-09-23 06:30:00,4792.2,798.6999999999999,649.3875,108.23125,785.2883333333333,778.67115,129.778525,2025-09-23 00:00:00,390,attachment3_10min_interpolation,2025-09-16 06:30:00,7.50980833333324,7.50980833333324,0.0,0.0,34.95894166666665,42.468749999999886,42.468749999999886,0.0,648.0,0.0,0.0,8400.0,7680.0,0,0.8759,6.577841119166584,0.0,153.1026850291666,159.68052614833317,static_forecast,14868.984066250003,32432.39968333333,322.56866666666735,0.8708
2025-09-23,39,2025-09-23 06:30:00,2025-09-23 06:40:00,4757.3085,792.88475,973.8044,162.30073333333334,791.64315,1038.2282,173.03803333333335,2025-09-23 00:00:00,400,attachment3_10min_interpolation,2025-09-16 06:40:00,0.0,0.0,0.0,0.0,0.0,0.0,0.0,0.0,648.0,17.415983333333315,0.0,7680.0,6960.0,0,0.8601,0.0,0.0,0.0,0.0,static_forecast,14868.984066250003,32432.39968333333,322.56866666666735,18.286783333333315
2025-09-23,40,2025-09-23 06:40:00,2025-09-23 06:50:00,4755.1526,792.5254333333334,1245.8597,207.64328333333333,793.81895,1297.78525,216.29754166666666,2025-09-23 00:00:00,410,attachment3_10min_interpolation,2025-09-16 06:50:00,37.521408333333284,37.521408333333284,0.0,0.0,7.3607416666667405,44.882150000000024,44.882150000000024,0.0,540.0,0.0,0.0,6960.0,6360.0,0,0.8442,31.675572914999957,0.0,31.069690575000312,62.74526349000027,static_forecast,14931.729329740003,32477.28183333333,329.9294083333341,18.286783333333315
2025-09-23,41,2025-09-23 06:50:00,2025-09-23 07:00:00,4789.05,798.1750000000001,1511.775,251.9625,786.6700000000001,1557.3423,259.55705,2025-09-23 00:00:00,420,attachment3_10min_interpolation,2025-09-16 07:00:00,0.0,0.0,0.0,0.0,6.212500000000091,6.212500000000091,6.212500000000091,0.0,540.0,0.0,0.0,6360.0,5760.0,0,0.8334,0.0,0.0,25.88748750000038,25.88748750000038,static_forecast,14957.616817240003,32483.494333333332,336.1419083333342,18.286783333333315
2025-09-23,42,2025-09-23 07:00:00,2025-09-23 07:10:00,4816.282,802.7136666666667,1907.945,317.99083333333334,783.764,1929.5439666666664,321.59066111111105,2025-09-23 00:00:00,430,attachment3_10min_interpolation,2025-09-16 07:10:00,30.173338888888964,30.173338888888964,0.0,0.0,22.549494444444406,52.72283333333337,52.72283333333337,0.0,432.0,0.0,0.0,5760.0,5280.0,0,0.8092,24.41626582888895,0.0,91.23525452222208,115.65152035111103,static_forecast,15073.268337591115,32536.217166666665,358.6914027777786,18.286783333333315
2025-09-23,43,2025-09-23 07:10:00,2025-09-23 07:20:00,4786.2179,797.7029833333332,2234.3678,372.3946333333333,805.6249833333333,2301.745633333333,383.62427222222215,2025-09-23 00:00:00,440,attachment3_10min_interpolation,2025-09-16 07:20:00,0.0,0.0,0.0,0.0,0.0,0.0,0.0,0.0,432.0,6.691650000000038,0.0,5280.0,4800.0,0,0.7972,0.0,0.0,0.0,0.0,static_forecast,15073.268337591115,32536.217166666665,358.6914027777786,24.978433333333353
2025-09-23,44,2025-09-23 07:20:00,2025-09-23 07:30:00,4660.51,776.7516666666667,2492.5875,415.43125,823.2566666666667,2673.9473,445.6578833333333,2025-09-23 00:00:00,450,attachment3_10min_interpolation,2025-09-16 07:30:00,53.59878333333336,53.59878333333336,0.0,0.0,0.0,53.59878333333336,53.59878333333336,0.0,324.0,16.27836666666667,0.0,4800.0,4440.0,0,0.7644,40.970909980000016,0.0,0.0,40.970909980000016,static_forecast,15114.239247571115,32589.81595,358.6914027777786,41.25680000000003
2025-09-23,45,2025-09-23 07:30:00,2025-09-23 07:40:00,4606.8822,767.8137,2894.0726,482.34543333333335,804.7937499999999,3046.148966666666,507.69149444444434,2025-09-23 00:00:00,460,attachment3_10min_interpolation,2025-09-16 07:40:00,81.10225555555559,81.10225555555559,0.0,0.0,0.0,81.10225555555559,81.10225555555559,0.0,216.0,11.63398888888895,0.0,4440.0,4200.0,0,0.6899,55.952446107777796,0.0,0.0,55.952446107777796,static_forecast,15170.191693678893,32670.918205555558,358.6914027777786,52.89078888888898
2025-09-23,46,2025-09-23 07:40:00,2025-09-23 07:50:00,5489.8417,914.9736166666668,3343.4604,557.2434,901.0201,3418.350633333333,569.7251055555555,2025-09-23 00:00:00,470,attachment3_10min_interpolation,2025-09-16 07:50:00,7.294994444444455,7.294994444444455,0.0,0.0,26.435222222222365,33.73021666666682,33.73021666666682,0.0,324.0,0.0,0.0,4200.0,3840.0,0,0.86,6.273695222222232,0.0,113.67145555555616,119.9451507777784,static_forecast,15290.13684445667,32704.648422222224,385.12662500000096,52.89078888888898
2025-09-23,47,2025-09-23 07:50:00,2025-09-23 08:00:00,6701.06,1116.8433333333337,3753.1125,625.5187500000001,1077.0916666666667,3790.5523,631.7587166666666,2025-09-23 00:00:00,480,attachment3_10min_interpolation,2025-09-16 08:00:00,13.332950000000096,13.332950000000096,0.0,0.0,45.99163333333365,59.32458333333375,59.32458333333375,0.0,432.0,0.0,0.0,3840.0,3360.0,0,1.1617,15.48888801500011,0.0,267.1424022166685,282.6312902316686,static_forecast,15572.76813468834,32763.97300555556,431.1182583333346,52.89078888888898
2025-09-23,48,2025-09-23 08:00:00,2025-09-23 08:10:00,6664.9869,1110.83115,4119.6249,686.60415,1129.8349833333334,4104.233333333334,684.0388888888889,2025-09-23 00:00:00,490,attachment3_10min_interpolation,2025-09-16 08:10:00,13.79609444444452,13.79609444444452,0.0,0.0,0.0,13.79609444444452,13.79609444444452,0.0,432.0,21.56909444444443,0.0,3360.0,2880.0,0,1.1683,16.11797713944453,0.0,0.0,16.11797713944453,static_forecast,15588.886111827785,32777.769100000005,431.1182583333346,74.45988333333341
2025-09-23,49,2025-09-23 08:10:00,2025-09-23 08:20:00,6469.7028,1078.2838,4427.9049,737.9841500000001,1108.21465,4417.914366666667,736.3190611111112,2025-09-23 00:00:00,500,attachment3_10min_interpolation,2025-09-16 08:20:00,47.89558888888871,47.89558888888871,0.0,0.0,0.0,47.89558888888871,47.89558888888871,0.0,324.0,31.59593888888901,0.0,2880.0,2520.0,0,1.0956,52.47440718666647,0.0,0.0,52.47440718666647,static_forecast,15641.360519014452,32825.66468888889,431.1182583333346,106.05582222222242
2025-09-23,50,2025-09-23 08:20:00,2025-09-23 08:30:00,6635.97,1105.995,4698.6375,783.1062499999999,1082.415,4731.5954,788.5992333333334,2025-09-23 00:00:00,510,attachment3_10min_interpolation,2025-09-16 08:30:00,0.0,0.0,0.0,0.0,0.0,0.0,0.0,0.0,324.0,1.111250000000041,0.0,2520.0,2160.0,0,1.0849,0.0,0.0,0.0,0.0,static_forecast,15641.360519014452,32825.66468888889,431.1182583333346,107.16707222222246
2025-09-23,51,2025-09-23 08:30:00,2025-09-23 08:40:00,6600.0815,1100.0135833333334,4997.093,832.8488333333333,1072.1440333333333,5045.276433333333,840.8794055555555,2025-09-23 00:00:00,520,attachment3_10min_interpolation,2025-09-16 08:40:00,15.264627777777719,15.264627777777719,0.0,0.0,35.90012222222242,51.16475000000014,51.16475000000014,0.0,216.0,0.0,0.0,2160.0,1920.0,0,1.061,16.19577007222216,0.0,190.45014838888994,206.6459184611121,static_forecast,15848.006437475564,32876.8294388889,467.01838055555703,107.16707222222246
2025-09-23,52,2025-09-23 08:40:00,2025-09-23 08:50:00,6462.4233,1077.07055,5400.3214,900.0535666666666,1073.0296833333334,5358.957466666667,893.1595777777778,2025-09-23 00:00:00,530,attachment3_10min_interpolation,2025-09-16 08:50:00,0.0,0.0,0.0,0.0,0.0,0.0,0.0,0.0,216.0,38.983016666666686,0.0,1920.0,1680.0,0,1.043,0.0,0.0,0.0,0.0,static_forecast,15848.006437475564,32876.8294388889,467.01838055555703,146.15008888888914
2025-09-23,53,2025-09-23 08:50:00,2025-09-23 09:00:00,6427.57,1071.2616666666663,5807.85,967.975,1083.6983333333333,5672.6385,945.43975,2025-09-23 00:00:00,540,attachment3_10min_interpolation,2025-09-16 09:00:00,30.258583333333263,30.258583333333263,0.0,0.0,0.0,30.258583333333263,30.258583333333263,0.0,108.0,34.97191666666697,0.0,1680.0,1560.0,0,1.036,31.347892333333263,0.0,0.0,31.347892333333263,static_forecast,15879.354329808897,32907.08802222223,467.01838055555703,181.12200555555611
2025-09-23,54,2025-09-23 09:00:00,2025-09-23 09:10:00,6551.7343,1091.9557166666666,6020.5511,1003.4251833333332,1103.33735,5843.0529166666665,973.8421527777778,2025-09-23 00:00:00,550,attachment3_10min_interpolation,2025-09-16 09:10:00,21.49519722222226,21.49519722222226,0.0,0.0,0.0,21.49519722222226,21.49519722222226,0.0,108.0,40.96466388888882,0.0,1560.0,1440.0,0,1.0147,21.811176621388924,0.0,0.0,21.811176621388924,static_forecast,15901.165506430287,32928.58321944445,467.01838055555703,222.08666944444494
2025-09-23,55,2025-09-23 09:10:00,2025-09-23 09:20:00,6611.8297,1101.9716166666667,6159.4673,1026.5778833333334,1100.6318833333332,6013.467333333333,1002.2445555555555,2025-09-23 00:00:00,560,attachment3_10min_interpolation,2025-09-16 09:20:00,0.0,0.0,0.0,0.0,0.0,0.0,0.0,0.0,108.0,32.60626666666667,0.0,1440.0,1320.0,0,0.9922,0.0,0.0,0.0,0.0,static_forecast,15901.165506430287,32928.58321944445,467.01838055555703,254.6929361111116
2025-09-23,56,2025-09-23 09:20:00,2025-09-23 09:30:00,6584.42,1097.4033333333334,6306.2625,1051.04375,1067.888333333333,6183.88175,1030.6469583333333,2025-09-23 00:00:00,570,attachment3_10min_interpolation,2025-09-16 09:30:00,37.241374999999834,37.241374999999834,0.0,0.0,9.118208333333541,46.359583333333376,46.359583333333376,0.0,0.0,0.0,0.0,1320.0,1320.0,0,0.97,36.124133749999835,0.0,44.22331041666767,80.34744416666751,static_forecast,15981.512950596954,32974.94280277778,476.13658888889057,254.6929361111116
2025-09-23,57,2025-09-23 09:30:00,2025-09-23 09:40:00,6627.8893,1104.6482166666667,6423.4053,1070.56755,1033.42455,6354.296166666667,1059.0493611111112,2025-09-23 00:00:00,580,attachment3_10min_interpolation,2025-09-16 09:40:00,0.0,0.0,0.0,0.0,34.08066666666673,34.08066666666673,34.08066666666673,0.0,0.0,0.0,0.0,1320.0,1320.0,0,0.9422,0.0,0.0,160.554020666667,160.554020666667,static_forecast,16142.06697126362,33009.02346944445,510.2172555555573,254.6929361111116
2025-09-23,58,2025-09-23 09:40:00,2025-09-23 09:50:00,6567.1756,1094.529266666667,6483.305,1080.5508333333337,1041.5923333333333,6524.7105833333335,1087.451763888889,2025-09-23 00:00:00,590,attachment3_10min_interpolation,2025-09-16 09:50:00,0.0,0.0,0.0,0.0,13.978433333333214,13.978433333333214,13.978433333333214,0.0,0.0,0.0,0.0,1320.0,1320.0,0,0.9569,0.0,0.0,66.87981428333276,66.87981428333276,static_forecast,16208.946785546954,33023.00190277778,524.1956888888906,254.6929361111116
2025-09-23,59,2025-09-23 09:50:00,2025-09-23 10:00:00,6455.96,1075.993333333333,6487.7625,1081.29375,1080.1366666666663,6695.125,1115.8541666666667,2025-09-23 00:00:00,600,attachment3_10min_interpolation,2025-09-16 10:00:00,0.0,0.0,0.0,0.0,0.0,0.0,0.0,0.0,0.0,5.3004166666669335,0.0,1320.0,1320.0,0,0.9977,0.0,0.0,0.0,0.0,static_forecast,16208.946785546954,33023.00190277778,524.1956888888906,259.99335277777857
2025-09-23,60,2025-09-23 10:00:00,2025-09-23 10:10:00,6527.0912,1087.8485333333333,6506.7574,1084.459566666667,1092.8445,6752.554633333333,1125.4257722222221,2025-09-23 00:00:00,610,attachment3_10min_interpolation,2025-09-16 10:10:00,0.0,0.0,0.0,0.0,3.3889666666664198,3.3889666666664198,3.3889666666664198,0.0,0.0,0.0,0.0,1320.0,1320.0,0,0.9919,0.0,0.0,16.80758018333211,16.80758018333211,static_forecast,16225.754365730287,33026.39086944445,527.584655555557,259.99335277777857
2025-09-23,61,2025-09-23 10:10:00,2025-09-23 10:20:00,6488.4499,1081.408316666667,6763.9313,1127.3218833333333,1088.37695,6809.984266666666,1134.9973777777777,2025-09-23 00:00:00,620,attachment3_10min_interpolation,2025-09-16 10:20:00,0.0,0.0,0.0,0.0,0.0,0.0,0.0,0.0,0.0,45.913566666666384,0.0,1320.0,1320.0,0,0.9588,0.0,0.0,0.0,0.0,static_forecast,16225.754365730287,33026.39086944445,527.584655555557,305.90691944444495
2025-09-23,62,2025-09-23 10:20:00,2025-09-23 10:30:00,6336.11,1056.0183333333332,7139.7,1189.95,1083.6883333333333,6867.4139000000005,1144.5689833333333,2025-09-23 00:00:00,630,attachment3_10min_interpolation,2025-09-16 10:30:00,0.0,0.0,0.0,0.0,0.0,0.0,0.0,0.0,0.0,133.93166666666684,0.0,1320.0,1320.0,0,0.9549,0.0,0.0,0.0,0.0,static_forecast,16225.754365730287,33026.39086944445,527.584655555557,439.8385861111118
2025-09-23,63,2025-09-23 10:30:00,2025-09-23 10:40:00,6376.9432,1062.8238666666666,7257.6775,1209.6129166666667,1083.5624166666666,6924.843533333334,1154.140588888889,2025-09-23 00:00:00,640,attachment3_10min_interpolation,2025-09-16 10:40:00,62.75516111111105,62.75516111111105,0.0,0.0,0.0,62.75516111111105,62.75516111111105,133.33333333333334,0.0,76.2108777777778,0.0,1320.0,1440.0,1,0.9839,61.74480301722216,0.0,0.0,61.74480301722216,static_forecast,16287.499168747509,33089.14603055556,527.584655555557,516.0494638888896
2025-09-23,64,2025-09-23 10:40:00,2025-09-23 10:50:00,6473.6947,1078.949116666667,7240.5731,1206.7621833333333,1079.1169666666667,6982.273166666667,1163.7121944444445,2025-09-23 00:00:00,650,attachment3_10min_interpolation,2025-09-16 10:50:00,48.73810555555551,48.73810555555551,0.0,0.0,0.0,48.73810555555551,48.73810555555551,133.33333333333334,0.0,43.21783888888854,0.0,1440.0,1560.0,1,0.799,38.941746338888855,0.0,0.0,38.941746338888855,static_forecast,16326.440915086398,33137.88413611111,527.584655555557,559.2673027777781
2025-09-23,65,2025-09-23 10:50:00,2025-09-23 11:00:00,6470.56,1078.4266666666667,7359.675,1226.6125,1073.275,7039.7028,1173.2838,2025-09-23 00:00:00,660,attachment3_10min_interpolation,2025-09-16 11:00:00,299.99120000000016,299.99120000000016,0.0,0.0,0.0,299.99120000000016,299.99120000000016,400.0,0.0,48.177033333333384,0.0,1560.0,1920.0,1,0.5025,150.74557800000005,0.0,0.0,150.74557800000005,static_forecast,16477.1864930864,33437.87533611111,527.584655555557,607.4443361111115
2025-09-23,66,2025-09-23 11:00:00,2025-09-23 11:10:00,6357.1346,1059.5224333333333,7784.7849,1297.46415,1078.8649333333333,7323.365483333334,1220.560913888889,2025-09-23 00:00:00,670,attachment3_10min_interpolation,2025-09-16 11:10:00,658.3040194444443,658.3040194444443,0.0,0.0,0.0,658.3040194444443,658.3040194444443,800.0,0.0,96.245736111111,0.0,1920.0,2640.0,1,0.4662,306.9013338649999,0.0,0.0,306.9013338649999,static_forecast,16784.0878269514,34096.179355555556,527.584655555557,703.6900722222225
2025-09-23,67,2025-09-23 11:10:00,2025-09-23 11:20:00,6310.6975,1051.7829166666668,8209.6886,1368.281433333333,1087.894,7607.028166666667,1267.8380277777778,2025-09-23 00:00:00,680,attachment3_10min_interpolation,2025-09-16 11:20:00,620.0559722222222,620.0559722222222,0.0,0.0,0.0,620.0559722222222,620.0559722222222,800.0,0.0,136.5544888888885,0.0,2640.0,3360.0,1,0.5007,310.4620252916667,0.0,0.0,310.4620252916667,static_forecast,17094.549852243068,34716.23532777778,527.584655555557,840.244561111111
2025-09-23,68,2025-09-23 11:20:00,2025-09-23 11:30:00,6431.52,1071.92,8399.7375,1399.95625,1088.5183333333332,7890.690850000001,1315.115141666667,2025-09-23 00:00:00,690,attachment3_10min_interpolation,2025-09-16 11:30:00,573.4031916666663,573.4031916666663,0.0,0.0,0.0,573.4031916666663,573.4031916666663,800.0,0.0,101.4394416666662,0.0,3360.0,4080.0,1,0.4827,276.78172061749984,0.0,0.0,276.78172061749984,static_forecast,17371.331572860567,35289.638519444445,527.584655555557,941.6840027777772
2025-09-23,69,2025-09-23 11:30:00,2025-09-23 11:40:00,6604.0357,1100.6726166666667,8379.679,1396.6131666666668,1072.86995,8174.353533333334,1362.3922555555557,2025-09-23 00:00:00,700,attachment3_10min_interpolation,2025-09-16 11:40:00,510.4776944444443,510.4776944444443,0.0,0.0,0.0,510.4776944444443,510.4776944444443,800.0,0.0,6.418244444444326,0.0,4080.0,4800.0,1,0.4785,244.2635767916666,0.0,0.0,244.2635767916666,static_forecast,17615.595149652232,35800.11621388889,527.584655555557,948.1022472222215
2025-09-23,70,2025-09-23 11:40:00,2025-09-23 11:50:00,6371.5522,1061.9253666666666,8435.4109,1405.9018166666667,1043.0022166666663,8458.016216666667,1409.6693694444446,2025-09-23 00:00:00,710,attachment3_10min_interpolation,2025-09-16 11:50:00,433.33284722222174,433.33284722222174,0.0,0.0,22.690702777778142,456.0235499999999,456.0235499999999,800.0,0.0,0.0,0.0,4800.0,5520.0,1,0.4662,202.01977337499977,0.0,52.892028175000846,254.91180155000063,static_forecast,17870.50695120223,36256.13976388889,550.2753583333351,948.1022472222215
2025-09-23,71,2025-09-23 11:50:00,2025-09-23 12:00:00,5893.69,982.2816666666666,8613.5625,1435.59375,1005.695,8741.6789,1456.9464833333334,2025-09-23 00:00:00,720,attachment3_10min_interpolation,2025-09-16 12:00:00,348.74851666666666,348.74851666666666,0.0,0.0,0.0,348.74851666666666,348.74851666666666,800.0,0.0,2.060599999999795,0.0,5520.0,6240.0,1,0.4432,154.56534258666665,0.0,0.0,154.56534258666665,static_forecast,18025.072293788897,36604.888280555555,550.2753583333351,950.1628472222213
2025-09-23,72,2025-09-23 12:00:00,2025-09-23 12:10:00,5815.5593,969.2598833333332,8690.3915,1448.3985833333334,976.1704666666666,8586.03065,1431.0051083333335,2025-09-23 00:00:00,730,attachment3_10min_interpolation,2025-09-16 12:10:00,345.1653583333331,345.1653583333331,0.0,0.0,0.0,345.1653583333331,345.1653583333331,800.0,0.0,24.304058333333387,0.0,6240.0,6960.0,1,0.4411,152.2524395608332,0.0,0.0,152.2524395608332,static_forecast,18177.32473334973,36950.05363888889,550.2753583333351,974.4669055555547
2025-09-23,73,2025-09-23 12:10:00,2025-09-23 12:20:00,5929.8452,988.3075333333333,8581.2694,1430.2115666666666,991.4196666666668,8430.3824,1405.0637333333334,2025-09-23 00:00:00,740,attachment3_10min_interpolation,2025-09-16 12:20:00,386.3559333333334,386.3559333333334,0.0,0.0,0.0,386.3559333333334,386.3559333333334,800.0,0.0,28.25996666666674,0.0,6960.0,7680.0,1,0.4551,175.83058526000002,0.0,0.0,175.83058526000002,static_forecast,18353.15531860973,37336.40957222222,550.2753583333351,1002.7268722222215
2025-09-23,74,2025-09-23 12:20:00,2025-09-23 12:30:00,5958.43,993.0716666666668,8484.4875,1414.08125,1026.76,8274.73415,1379.1223583333333,2025-09-23 00:00:00,750,attachment3_10min_interpolation,2025-09-16 12:30:00,447.6376416666667,447.6376416666667,0.0,0.0,0.0,447.6376416666667,447.6376416666667,800.0,0.0,68.64722499999993,0.0,7680.0,8400.0,1,0.4463,199.78067947583332,0.0,0.0,199.78067947583332,static_forecast,18552.935998085562,37784.04721388889,550.2753583333351,1071.3740972222213
2025-09-23,75,2025-09-23 12:30:00,2025-09-23 12:40:00,5882.5546,980.4257666666668,8645.3297,1440.8882833333334,1019.67155,8119.0859,1353.1809833333334,2025-09-23 00:00:00,760,attachment3_10min_interpolation,2025-09-16 12:40:00,466.4905666666666,466.4905666666666,0.0,0.0,0.0,466.4905666666666,466.4905666666666,800.0,0.0,126.95308333333332,0.0,8400.0,9120.0,1,0.4113,191.86757006999997,0.0,0.0,191.86757006999997,static_forecast,18744.803568155563,38250.537780555554,550.2753583333351,1198.3271805555546
2025-09-23,76,2025-09-23 12:40:00,2025-09-23 12:50:00,6091.5912,1015.2652,8546.664,1424.4440000000002,1021.65205,7963.43765,1327.2396083333333,2025-09-23 00:00:00,770,attachment3_10min_interpolation,2025-09-16 12:50:00,94.41244166666672,94.41244166666672,0.0,0.0,0.0,94.41244166666672,94.41244166666672,400.0,0.0,103.59124166666675,0.0,9120.0,9480.0,1,0.5682,53.64514935500004,0.0,0.0,53.64514935500004,static_forecast,18798.448717510564,38344.95022222222,550.2753583333351,1301.9184222222214
2025-09-23,77,2025-09-23 12:50:00,2025-09-23 13:00:00,6408.53,1068.0883333333334,8135.1375,1355.85625,1045.2616666666663,7807.7894,1301.2982333333332,2025-09-23 00:00:00,780,attachment3_10min_interpolation,2025-09-16 13:00:00,10.6300999999998,10.6300999999998,0.0,0.0,0.0,10.6300999999998,10.6300999999998,266.6666666666667,0.0,31.731349999999793,0.0,9480.0,9720.0,1,0.8279,8.800659789999834,0.0,0.0,8.800659789999834,static_forecast,18807.249377300563,38355.580322222224,550.2753583333351,1333.6497722222211
2025-09-23,78,2025-09-23 13:00:00,2025-09-23 13:10:00,6253.4833,1042.2472166666666,7884.9488,1314.1581333333334,1044.5670833333334,7639.810333333333,1273.3017222222222,2025-09-23 00:00:00,790,attachment3_10min_interpolation,2025-09-16 13:10:00,37.93202777777782,37.93202777777782,0.0,0.0,0.0,37.93202777777782,37.93202777777782,266.6666666666667,0.0,43.17627777777784,0.0,9720.0,9960.0,1,0.8636,32.75809918888893,0.0,0.0,32.75809918888893,static_forecast,18840.007476489453,38393.512350000005,550.2753583333351,1376.826049999999
2025-09-23,79,2025-09-23 13:10:00,2025-09-23 13:20:00,6080.4251,1013.4041833333334,7754.0988,1292.3498,1014.05495,7471.831266666666,1245.305211111111,2025-09-23 00:00:00,800,attachment3_10min_interpolation,2025-09-16 13:20:00,35.41640555555563,35.41640555555563,0.0,0.0,0.0,35.41640555555563,35.41640555555563,266.6666666666667,0.0,47.69535555555558,0.0,9960.0,10200.0,1,0.8416,29.806446915555618,0.0,0.0,29.806446915555618,static_forecast,18869.813923405007,38428.92875555556,550.2753583333351,1424.5214055555546
2025-09-23,80,2025-09-23 13:20:00,2025-09-23 13:30:00,6115.63,1019.2716666666666,7607.2875,1267.88125,997.2083333333334,7303.852199999999,1217.3086999999998,2025-09-23 00:00:00,810,attachment3_10min_interpolation,2025-09-16 13:30:00,46.56630000000024,46.56630000000024,0.0,0.0,0.0,46.56630000000024,46.56630000000024,266.6666666666667,0.0,28.509216666666816,0.0,10200.0,10440.0,1,0.8618,40.130837340000205,0.0,0.0,40.130837340000205,static_forecast,18909.944760745006,38475.495055555555,550.2753583333351,1453.0306222222214
2025-09-23,81,2025-09-23 13:30:00,2025-09-23 13:40:00,6161.9414,1026.9902333333332,7394.5585,1232.426416666667,1041.6591166666667,7135.8731333333335,1189.3121888888888,2025-09-23 00:00:00,820,attachment3_10min_interpolation,2025-09-16 13:40:00,0.0,0.0,0.0,0.0,0.0,0.0,0.0,133.33333333333334,0.0,72.10285000000044,0.0,10440.0,10560.0,1,0.8623,0.0,0.0,0.0,0.0,static_forecast,18909.944760745006,38475.495055555555,550.2753583333351,1525.1334722222218
2025-09-23,82,2025-09-23 13:40:00,2025-09-23 13:50:00,6291.8498,1048.6416333333334,7228.1769,1204.69615,1062.9396333333334,6967.894066666667,1161.3156777777779,2025-09-23 00:00:00,830,attachment3_10min_interpolation,2025-09-16 13:50:00,34.95728888888888,34.95728888888888,0.0,0.0,0.0,34.95728888888888,34.95728888888888,133.33333333333334,0.0,57.678472222222126,0.0,10560.0,10680.0,1,0.9026,31.552448951111103,0.0,0.0,31.552448951111103,static_forecast,18941.497209696117,38510.45234444444,550.2753583333351,1582.811944444444
2025-09-23,83,2025-09-23 13:50:00,2025-09-23 14:00:00,6409.53,1068.255,7094.9625,1182.49375,1031.275,6799.915,1133.3191666666667,2025-09-23 00:00:00,840,attachment3_10min_interpolation,2025-09-16 14:00:00,31.289166666666773,31.289166666666773,0.0,0.0,0.0,31.289166666666773,31.289166666666773,133.33333333333334,0.0,12.194583333333412,0.0,10680.0,10800.0,1,0.9754,30.51945316666677,0.0,0.0,30.51945316666677,static_forecast,18972.016662862785,38541.74151111111,550.2753583333351,1595.0065277777774
2025-09-23,84,2025-09-23 14:00:00,2025-09-23 14:10:00,6298.6605,1049.77675,6838.0168,1139.6694666666667,1000.7743333333332,6389.757633333334,1064.9596055555555,2025-09-23 00:00:00,850,attachment3_10min_interpolation,2025-09-16 14:10:00,0.0,0.0,0.0,0.0,0.0,0.0,0.0,0.0,0.0,89.89271666666673,0.0,10800.0,10800.0,0,1.0002,0.0,0.0,0.0,0.0,static_forecast,18972.016662862785,38541.74151111111,550.2753583333351,1684.899244444444
2025-09-23,85,2025-09-23 14:10:00,2025-09-23 14:20:00,6212.8259,1035.4709833333334,6393.4647,1065.57745,1006.6453166666666,5979.600266666666,996.6000444444444,2025-09-23 00:00:00,860,attachment3_10min_interpolation,2025-09-16 14:20:00,10.045272222222252,10.045272222222252,0.0,0.0,0.0,10.045272222222252,10.045272222222252,0.0,0.0,40.151738888888985,0.0,10800.0,10800.0,0,0.9978,10.023172623333362,0.0,0.0,10.023172623333362,static_forecast,18982.039835486117,38551.78678333334,550.2753583333351,1725.050983333333
2025-09-23,86,2025-09-23 14:20:00,2025-09-23 14:30:00,6236.6,1039.4333333333334,5854.05,975.675,1035.3933333333332,5569.4429,928.2404833333334,2025-09-23 00:00:00,870,attachment3_10min_interpolation,2025-09-16 14:30:00,0.0,0.0,0.0,0.0,0.0,0.0,0.0,0.0,108.0,44.24166666666656,0.0,10800.0,10680.0,0,1.0271,0.0,0.0,0.0,0.0,static_forecast,18982.039835486117,38551.78678333334,550.2753583333351,1769.2926499999996
2025-09-23,87,2025-09-23 14:30:00,2025-09-23 14:40:00,6217.1274,1036.1879,5393.4146,898.9024333333333,1043.5381,5159.285533333334,859.8809222222222,2025-09-23 00:00:00,880,attachment3_10min_interpolation,2025-09-16 14:40:00,75.65717777777775,75.65717777777775,0.0,0.0,0.0,75.65717777777775,75.65717777777775,0.0,108.0,46.37171111111115,0.0,10680.0,10560.0,0,1.0906,82.51171808444441,0.0,0.0,82.51171808444441,static_forecast,19064.55155357056,38627.443961111116,550.2753583333351,1815.6643611111108
2025-09-23,88,2025-09-23 14:40:00,2025-09-23 14:50:00,6206.2876,1034.3812666666663,4990.8009,831.80015,1039.13225,4749.128166666666,791.5213611111111,2025-09-23 00:00:00,890,attachment3_10min_interpolation,2025-09-16 14:50:00,31.610888888889008,31.610888888889008,0.0,0.0,0.0,31.610888888889008,31.610888888889008,0.0,216.0,45.02977222222273,0.0,10560.0,10320.0,0,0.9376,29.638369422222333,0.0,0.0,29.638369422222333,static_forecast,19094.189922992784,38659.05485000001,550.2753583333351,1860.6941333333334
2025-09-23,89,2025-09-23 14:50:00,2025-09-23 15:00:00,6262.68,1043.78,4761.6375,793.6062499999999,1030.8866666666663,4338.9708,723.1618,2025-09-23 00:00:00,900,attachment3_10min_interpolation,2025-09-16 15:00:00,307.72486666666634,307.72486666666634,0.0,0.0,0.0,307.72486666666634,307.72486666666634,0.0,0.0,57.5511166666663,0.0,10320.0,10320.0,0,0.6694,205.99102574666645,0.0,0.0,205.99102574666645,static_forecast,19300.18094873945,38966.77971666667,550.2753583333351,1918.2452499999997
2025-09-23,90,2025-09-23 15:00:00,2025-09-23 15:10:00,6377.3851,1062.897516666667,4842.082,807.0136666666667,1024.69835,4149.818816666667,691.6364694444445,2025-09-23 00:00:00,910,attachment3_10min_interpolation,2025-09-16 15:10:00,866.3952138888887,866.3952138888887,0.0,0.0,0.0,866.3952138888887,866.3952138888887,533.3333333333334,0.0,77.1780305555551,0.0,10320.0,10800.0,1,0.66,571.8208411666666,0.0,0.0,571.8208411666666,static_forecast,19872.001789906117,39833.17493055556,550.2753583333351,1995.4232805555548
2025-09-23,91,2025-09-23 15:10:00,2025-09-23 15:20:00,6461.0017,1076.8336166666666,4734.2965,789.0494166666667,1062.3220666666666,3960.666833333333,660.1111388888888,2025-09-23 00:00:00,920,attachment3_10min_interpolation,2025-09-16 15:20:00,402.2109277777778,402.2109277777778,0.0,0.0,0.0,402.2109277777778,402.2109277777778,0.0,0.0,114.42672777777796,0.0,10800.0,10800.0,0,0.7217,290.2756265772222,0.0,0.0,290.2756265772222,static_forecast,20162.27741648334,40235.385858333335,550.2753583333351,2109.850008333333
2025-09-23,92,2025-09-23 15:20:00,2025-09-23 15:30:00,6382.45,1063.7416666666666,4417.2375,736.2062500000001,1110.9633333333334,3771.51485,628.5858083333334,2025-09-23 00:00:00,930,attachment3_10min_interpolation,2025-09-16 15:30:00,482.377525,482.377525,0.0,0.0,0.0,482.377525,482.377525,0.0,0.0,154.8421083333335,0.0,10800.0,10800.0,0,0.7308,352.52149527,0.0,0.0,352.52149527,static_forecast,20514.79891175334,40717.76338333334,550.2753583333351,2264.692116666666
2025-09-23,93,2025-09-23 15:30:00,2025-09-23 15:40:00,6120.1976,1020.0329333333334,4306.354,717.7256666666667,1087.0565166666668,3582.362866666667,597.0604777777778,2025-09-23 00:00:00,940,attachment3_10min_interpolation,2025-09-16 15:40:00,489.99603888888896,489.99603888888896,0.0,0.0,0.0,489.99603888888896,489.99603888888896,0.0,0.0,187.68877222222227,0.0,10800.0,10800.0,0,0.7534,369.1630156988889,0.0,0.0,369.1630156988889,static_forecast,20883.96192745223,41207.759422222225,550.2753583333351,2452.3808888888884
2025-09-23,94,2025-09-23 15:40:00,2025-09-23 15:50:00,6153.6297,1025.60495,4035.9346,672.6557666666666,1037.8845833333332,3393.210883333333,565.5351472222222,2025-09-23 00:00:00,950,attachment3_10min_interpolation,2025-09-16 15:50:00,472.349436111111,472.349436111111,0.0,0.0,0.0,472.349436111111,472.349436111111,0.0,0.0,119.40025277777772,0.0,10800.0,10800.0,0,0.7823,369.51896386972214,0.0,0.0,369.51896386972214,static_forecast,21253.480891321953,41680.10885833333,550.2753583333351,2571.7811416666664
2025-09-23,95,2025-09-23 15:50:00,2025-09-23 16:00:00,6505.17,1084.195,3543.675,590.6125000000001,1028.8983333333333,3204.0589,534.0098166666667,2025-09-23 00:00:00,960,attachment3_10min_interpolation,2025-09-16 16:00:00,494.88851666666665,494.88851666666665,0.0,0.0,0.0,494.88851666666665,494.88851666666665,0.0,0.0,1.3060166666667783,0.0,10800.0,10800.0,0,0.8055,398.63270017499997,0.0,0.0,398.63270017499997,static_forecast,21652.113591496953,42174.997375,550.2753583333351,2573.0871583333333
2025-09-23,96,2025-09-23 16:00:00,2025-09-23 16:10:00,6704.9712,1117.4952,3168.3753,528.06255,1079.5205166666667,2884.747333333333,480.79122222222213,2025-09-23 00:00:00,970,attachment3_10min_interpolation,2025-09-16 16:10:00,598.7292944444446,598.7292944444446,0.0,0.0,0.0,598.7292944444446,598.7292944444446,0.0,0.0,9.296644444444496,0.0,10800.0,10800.0,0,0.8271,495.20899943500007,0.0,0.0,495.20899943500007,static_forecast,22147.32259093195,42773.72666944444,550.2753583333351,2582.383802777778
2025-09-23,97,2025-09-23 16:10:00,2025-09-23 16:20:00,6651.3841,1108.5640166666667,2836.5022,472.75036666666665,1092.01325,2565.4357666666665,427.57262777777777,2025-09-23 00:00:00,980,attachment3_10min_interpolation,2025-09-16 16:20:00,664.4406222222221,664.4406222222221,0.0,0.0,0.0,664.4406222222221,664.4406222222221,0.0,0.0,28.626972222222093,0.0,10800.0,10800.0,0,0.8519,566.036966071111,0.0,0.0,566.036966071111,static_forecast,22713.359557003063,43438.167291666665,550.2753583333351,2611.0107749999997
2025-09-23,98,2025-09-23 16:20:00,2025-09-23 16:30:00,6512.95,1085.4916666666666,2503.5375,417.25625,1055.49,2246.1242,374.35403333333335,2025-09-23 00:00:00,990,attachment3_10min_interpolation,2025-09-16 16:30:00,681.1359666666667,681.1359666666667,0.0,0.0,0.0,681.1359666666667,681.1359666666667,0.0,0.0,12.90055000000018,0.0,10800.0,10800.0,0,0.8791,598.7866282966667,0.0,0.0,598.7866282966667,static_forecast,23312.14618529973,44119.30325833333,550.2753583333351,2623.911325
2025-09-23,99,2025-09-23 16:30:00,2025-09-23 16:40:00,6516.7553,1086.1258833333334,2218.6701,369.77835,1053.40615,1926.8126333333332,321.13543888888887,2025-09-23 00:00:00,1000,attachment3_10min_interpolation,2025-09-16 16:40:00,732.2707111111112,732.2707111111112,0.0,0.0,0.0,732.2707111111112,732.2707111111112,0.0,0.0,15.923177777777767,0.0,10800.0,10800.0,0,0.9024,660.8010897066667,0.0,0.0,660.8010897066667,static_forecast,23972.947275006398,44851.57396944444,550.2753583333351,2639.8345027777777
2025-09-23,100,2025-09-23 16:40:00,2025-09-23 16:50:00,6452.5286,1075.4214333333332,1863.5925,310.59875,1082.0534666666667,1607.5010666666667,267.91684444444445,2025-09-23 00:00:00,1010,attachment3_10min_interpolation,2025-09-16 16:50:00,814.1366222222223,814.1366222222223,0.0,0.0,0.0,814.1366222222223,814.1366222222223,0.0,0.0,49.31393888888908,0.0,10800.0,10800.0,0,0.9163,745.9933869422223,0.0,0.0,745.9933869422223,static_forecast,24718.94066194862,45665.71059166666,550.2753583333351,2689.1484416666667
2025-09-23,101,2025-09-23 16:50:00,2025-09-23 17:00:00,6349.71,1058.285,1465.3875,244.23125,1099.9783333333332,1288.1895,214.69825,2025-09-23 00:00:00,1020,attachment3_10min_interpolation,2025-09-16 17:00:00,885.2800833333332,885.2800833333332,0.0,0.0,0.0,885.2800833333332,885.2800833333332,0.0,0.0,71.22633333333312,0.0,10800.0,10800.0,0,0.9264,820.1234691999999,0.0,0.0,820.1234691999999,static_forecast,25539.06413114862,46550.990674999994,550.2753583333351,2760.3747749999998
2025-09-23,102,2025-09-23 17:00:00,2025-09-23 17:10:00,6441.2731,1073.5455166666668,1178.7512,196.4585333333333,1074.0366833333333,1073.49125,178.91520833333334,2025-09-23 00:00:00,1030,attachment3_10min_interpolation,2025-09-16 17:10:00,895.1214749999999,895.1214749999999,0.0,0.0,0.0,895.1214749999999,895.1214749999999,0.0,0.0,18.034491666666412,0.0,10800.0,10800.0,0,0.9462,846.963939645,0.0,0.0,846.963939645,static_forecast,26386.02807079362,47446.11214999999,550.2753583333351,2778.409266666666
2025-09-23,103,2025-09-23 17:10:00,2025-09-23 17:20:00,6397.9351,1066.3225166666666,917.9154,152.9859,1060.8777166666666,858.793,143.13216666666668,2025-09-23 00:00:00,1040,attachment3_10min_interpolation,2025-09-16 17:20:00,917.74555,917.74555,0.0,0.0,0.0,917.74555,917.74555,0.0,0.0,4.408933333333351,0.0,10800.0,10800.0,0,0.9742,894.06771481,0.0,0.0,894.06771481,static_forecast,27280.095785603622,48363.85769999999,550.2753583333351,2782.8181999999993
2025-09-23,104,2025-09-23 17:20:00,2025-09-23 17:30:00,6368.49,1061.415,630.1875,105.03125,1090.513333333333,644.09475,107.349125,2025-09-23 00:00:00,1050,attachment3_10min_interpolation,2025-09-16 17:30:00,983.1642083333331,983.1642083333331,0.0,0.0,0.0,983.1642083333331,983.1642083333331,0.0,0.0,26.780458333333172,0.0,10800.0,10800.0,0,0.9862,969.5965422583331,0.0,0.0,969.5965422583331,static_forecast,28249.692327861954,49347.02190833333,550.2753583333351,2809.5986583333324
2025-09-23,105,2025-09-23 17:30:00,2025-09-23 17:40:00,6667.634,1111.272333333333,356.458,59.40966666666667,1117.1051666666667,429.3965,71.56608333333334,2025-09-23 00:00:00,1060,attachment3_10min_interpolation,2025-09-16 17:40:00,1045.5390833333333,1045.5390833333333,0.0,0.0,6.323583333333097,1051.8626666666664,1051.8626666666664,0.0,0.0,0.0,0.0,10800.0,10800.0,0,0.976,1020.4461453333333,0.0,30.859086666665515,1051.3052319999988,static_forecast,29300.997559861953,50398.884575,556.5989416666682,2809.5986583333324
2025-09-23,106,2025-09-23 17:40:00,2025-09-23 17:50:00,5886.4358,981.0726333333332,131.4439,21.90731666666667,998.7632333333332,214.69825,35.78304166666667,2025-09-23 00:00:00,1070,attachment3_10min_interpolation,2025-09-16 17:50:00,962.9801916666665,962.9801916666665,0.0,0.0,0.0,962.9801916666665,962.9801916666665,0.0,0.0,3.814874999999997,0.0,10800.0,10800.0,0,1.0742,1034.4333218883332,0.0,0.0,1034.4333218883332,static_forecast,30335.430881750286,51361.864766666666,556.5989416666682,2813.4135333333325
2025-09-23,107,2025-09-23 17:50:00,2025-09-23 18:00:00,4515.87,752.645,0.0,0.0,805.8466666666667,0.0,0.0,2025-09-23 00:00:00,1080,attachment3_10min_interpolation,2025-09-16 18:00:00,805.8466666666667,805.8466666666667,0.0,0.0,0.0,805.8466666666667,805.8466666666667,0.0,0.0,0.0,53.20166666666671,10800.0,10800.0,0,1.2313,992.2390006666667,0.0,0.0,992.2390006666667,static_forecast,31327.669882416954,52167.71143333333,556.5989416666682,2813.4135333333325
2025-09-23,108,2025-09-23 18:00:00,2025-09-23 18:10:00,4585.9791,764.32985,0.0,0.0,764.1748666666667,0.0,0.0,2025-09-23 00:00:00,1090,attachment3_10min_interpolation,2025-09-16 18:10:00,764.1748666666667,764.1748666666667,0.0,0.0,0.15498333333323444,764.32985,764.32985,0.0,0.0,0.0,0.0,10800.0,10800.0,0,1.2561,959.8800500200001,0.0,0.9733728249993789,960.8534228449995,static_forecast,32288.523305261955,52932.04128333333,556.7539250000015,2813.4135333333325
2025-09-23,109,2025-09-23 18:10:00,2025-09-23 18:20:00,4985.787,830.9645,4.4234,0.7372333333333333,783.3493333333332,0.0,0.0,2025-09-23 00:00:00,1100,attachment3_10min_interpolation,2025-09-16 18:20:00,783.3493333333332,783.3493333333332,0.0,0.0,46.87793333333349,830.2272666666668,830.2272666666668,0.0,0.0,0.0,0.0,10800.0,10800.0,0,1.2447,975.0349151999998,0.0,291.74481810000094,1266.7797333000008,static_forecast,33555.30303856196,53762.26855,603.631858333335,2813.4135333333325
2025-09-23,110,2025-09-23 18:20:00,2025-09-23 18:30:00,5006.5,834.4166666666666,0.0,0.0,801.09,0.0,0.0,2025-09-23 00:00:00,1110,attachment3_10min_interpolation,2025-09-16 18:30:00,801.09,801.09,0.0,0.0,33.3266666666666,834.4166666666666,834.4166666666666,0.0,0.0,0.0,0.0,10800.0,10800.0,0,1.2545,1004.967405,0.0,209.04151666666624,1214.0089216666663,static_forecast,34769.311960228624,54596.685216666665,636.9585250000016,2813.4135333333325
2025-09-23,111,2025-09-23 18:30:00,2025-09-23 18:40:00,5016.9579,836.15965,0.0,0.0,838.19785,0.0,0.0,2025-09-23 00:00:00,1120,attachment3_10min_interpolation,2025-09-16 18:40:00,838.19785,838.19785,0.0,0.0,0.0,838.19785,838.19785,0.0,0.0,0.0,2.0381999999999607,10800.0,10800.0,0,1.2522,1049.59134777,0.0,0.0,1049.59134777,static_forecast,35818.903307998626,55434.88306666666,636.9585250000016,2813.4135333333325
2025-09-23,112,2025-09-23 18:40:00,2025-09-23 18:50:00,4862.5058,810.4176333333334,0.3176,0.0529333333333333,814.9752333333332,0.0,0.0,2025-09-23 00:00:00,1130,attachment3_10min_interpolation,2025-09-16 18:50:00,490.9752333333332,490.9752333333332,0.0,0.0,0.0,490.9752333333332,490.9752333333332,0.0,324.0,0.0529333333333333,4.55759999999986,10800.0,10440.0,0,1.2881,632.4251980566665,0.0,0.0,632.4251980566665,static_forecast,36451.328506055295,55925.85829999999,636.9585250000016,2813.466466666666
2025-09-23,113,2025-09-23 18:50:00,2025-09-23 19:00:00,4664.56,777.4266666666667,0.0,0.0,767.1333333333333,0.0,0.0,2025-09-23 00:00:00,1140,attachment3_10min_interpolation,2025-09-16 19:00:00,11.133333333333326,11.133333333333326,0.0,0.0,10.293333333333408,21.426666666666733,21.426666666666733,0.0,756.0,0.0,0.0,10440.0,9600.0,0,1.3466,14.992146666666656,0.0,69.30501333333383,84.29716000000049,static_forecast,36535.6256660553,55947.28496666666,647.251858333335,2813.466466666666
2025-09-23,114,2025-09-23 19:00:00,2025-09-23 19:10:00,4794.5933,799.0988833333334,0.0,0.0,813.1525166666667,0.0,0.0,2025-09-23 00:00:00,1150,attachment3_10min_interpolation,2025-09-16 19:10:00,57.152516666666656,57.152516666666656,0.0,0.0,0.0,57.152516666666656,57.152516666666656,0.0,756.0,0.0,14.05363333333321,9600.0,8760.0,0,1.3523,77.28734828833332,0.0,0.0,77.28734828833332,static_forecast,36612.913014343634,56004.43748333333,647.251858333335,2813.466466666666
2025-09-23,115,2025-09-23 19:10:00,2025-09-23 19:20:00,4953.598,825.5996666666666,0.0228,0.0038,841.5716000000001,0.0,0.0,2025-09-23 00:00:00,1160,attachment3_10min_interpolation,2025-09-16 19:20:00,85.5716000000001,85.5716000000001,0.0,0.0,0.0,85.5716000000001,85.5716000000001,0.0,756.0,0.0038,15.971933333333437,8760.0,7920.0,0,1.3445,115.05101620000013,0.0,0.0,115.05101620000013,static_forecast,36727.96403054363,56090.00908333333,647.251858333335,2813.470266666666
2025-09-23,116,2025-09-23 19:20:00,2025-09-23 19:30:00,4906.9,817.8166666666666,0.0,0.0,817.0316666666666,0.0,0.0,2025-09-23 00:00:00,1170,attachment3_10min_interpolation,2025-09-16 19:30:00,61.03166666666664,61.03166666666664,0.0,0.0,0.7849999999999682,61.816666666666606,61.816666666666606,0.0,756.0,0.0,0.0,7920.0,7080.0,0,1.3483,82.28899616666664,0.0,5.2920774999997855,87.58107366666643,static_forecast,36815.5451042103,56151.825749999996,648.036858333335,2813.470266666666
2025-09-23,117,2025-09-23 19:30:00,2025-09-23 19:40:00,4721.0181,786.83635,0.0,0.0,815.3069833333334,0.0,0.0,2025-09-23 00:00:00,1180,attachment3_10min_interpolation,2025-09-16 19:40:00,59.30698333333339,59.30698333333339,0.0,0.0,0.0,59.30698333333339,59.30698333333339,0.0,756.0,0.0,28.470633333333353,7080.0,6240.0,0,1.349,80.00512051666675,0.0,0.0,80.00512051666675,static_forecast,36895.55022472697,56211.13273333333,648.036858333335,2813.470266666666
2025-09-23,118,2025-09-23 19:40:00,2025-09-23 19:50:00,4705.315,784.2191666666666,0.0016,0.0002666666666666,817.2126166666667,0.0,0.0,2025-09-23 00:00:00,1190,attachment3_10min_interpolation,2025-09-16 19:50:00,61.21261666666669,61.21261666666669,0.0,0.0,0.0,61.21261666666669,61.21261666666669,0.0,756.0,0.0002666666666666,32.99345000000006,6240.0,5400.0,0,1.3473,82.47175843500003,0.0,0.0,82.47175843500003,static_forecast,36978.02198316197,56272.345349999996,648.036858333335,2813.4705333333322
2025-09-23,119,2025-09-23 19:50:00,2025-09-23 20:00:00,4871.47,811.9116666666667,0.0,0.0,803.1133333333333,0.0,0.0,2025-09-23 00:00:00,1200,attachment3_10min_interpolation,2025-09-16 20:00:00,47.113333333333344,47.113333333333344,0.0,0.0,8.798333333333403,55.91166666666675,55.91166666666675,0.0,756.0,0.0,0.0,5400.0,4560.0,0,1.3482,63.51819600000002,0.0,59.309565000000475,122.82776100000049,static_forecast,37100.84974416197,56328.25701666666,656.8351916666684,2813.4705333333322
2025-09-23,120,2025-09-23 20:00:00,2025-09-23 20:10:00,4963.0687,827.1781166666666,0.0,0.0,782.7836666666667,0.0,0.0,2025-09-23 00:00:00,1210,attachment3_10min_interpolation,2025-09-16 20:10:00,26.783666666666704,26.783666666666704,0.0,0.0,44.39444999999989,71.1781166666666,71.1781166666666,0.0,756.0,0.0,0.0,4560.0,3720.0,0,1.3513,36.19276876666672,0.0,299.95110142499925,336.143870191666,static_forecast,37436.99361435363,56399.43513333333,701.2296416666683,2813.4705333333322
2025-09-23,121,2025-09-23 20:10:00,2025-09-23 20:20:00,5061.4062,843.5677000000001,0.0,0.0,783.34075,0.0,0.0,2025-09-23 00:00:00,1220,attachment3_10min_interpolation,2025-09-16 20:20:00,27.340749999999957,27.340749999999957,0.0,0.0,60.2269500000001,87.56770000000006,87.56770000000006,0.0,756.0,0.0,0.0,3720.0,2880.0,0,1.34,36.636604999999946,0.0,403.5205650000007,440.15717000000063,static_forecast,37877.15078435363,56487.00283333333,761.4565916666684,2813.4705333333322
2025-09-23,122,2025-09-23 20:20:00,2025-09-23 20:30:00,5038.25,839.7083333333334,0.0,0.0,808.7033333333334,0.0,0.0,2025-09-23 00:00:00,1230,attachment3_10min_interpolation,2025-09-16 20:30:00,52.703333333333376,52.703333333333376,0.0,0.0,31.004999999999995,83.70833333333337,83.70833333333337,0.0,756.0,0.0,0.0,2880.0,2040.0,0,1.3489,71.09152633333339,0.0,209.11322249999998,280.2047488333334,static_forecast,38157.355533186965,56570.71116666667,792.4615916666684,2813.4705333333322
2025-09-23,123,2025-09-23 20:30:00,2025-09-23 20:40:00,4709.3717,784.8952833333333,0.0,0.0,832.6574999999999,0.0,0.0,2025-09-23 00:00:00,1240,attachment3_10min_interpolation,2025-09-16 20:40:00,76.65749999999991,76.65749999999991,0.0,0.0,0.0,76.65749999999991,76.65749999999991,0.0,756.0,0.0,47.76221666666663,2040.0,1200.0,0,1.3952,106.95254399999988,0.0,0.0,106.95254399999988,static_forecast,38264.308077186965,56647.36866666667,792.4615916666684,2813.4705333333322
2025-09-23,124,2025-09-23 20:40:00,2025-09-23 20:50:00,4809.9708,801.6618,0.0,0.0,820.2962833333332,0.0,0.0,2025-09-23 00:00:00,1250,attachment3_10min_interpolation,2025-09-16 20:50:00,820.2962833333332,820.2962833333332,0.0,0.0,0.0,820.2962833333332,820.2962833333332,0.0,0.0,0.0,18.634483333333264,1200.0,1200.0,0,1.2226,1002.8942360033332,0.0,0.0,1002.8942360033332,static_forecast,39267.2023131903,57467.664950000006,792.4615916666684,2813.4705333333322
2025-09-23,125,2025-09-23 20:50:00,2025-09-23 21:00:00,5215.3,869.2166666666667,0.0,0.0,798.3233333333333,0.0,0.0,2025-09-23 00:00:00,1260,attachment3_10min_interpolation,2025-09-16 21:00:00,798.3233333333333,798.3233333333333,0.0,0.0,70.89333333333343,869.2166666666667,869.2166666666667,0.0,0.0,0.0,0.0,1200.0,1200.0,0,0.9332,744.9953346666666,0.0,330.7882933333338,1075.7836280000004,static_forecast,40342.985941190294,58336.88161666667,863.3549250000018,2813.4705333333322
2025-09-23,126,2025-09-23 21:00:00,2025-09-23 21:10:00,5055.1463,842.5243833333334,0.0,0.0,820.2095333333333,0.0,0.0,2025-09-23 00:00:00,1270,attachment3_10min_interpolation,2025-09-16 21:10:00,820.2095333333333,820.2095333333333,0.0,0.0,22.314850000000092,842.5243833333334,842.5243833333334,0.0,0.0,0.0,0.0,1200.0,1200.0,0,0.9068,743.7660048266666,0.0,101.17552990000043,844.9415347266671,static_forecast,41187.927475916964,59179.406,885.6697750000019,2813.4705333333322
2025-09-23,127,2025-09-23 21:10:00,2025-09-23 21:20:00,4827.5711,804.5951833333334,0.0,0.0,799.1934333333334,0.0,0.0,2025-09-23 00:00:00,1280,attachment3_10min_interpolation,2025-09-16 21:20:00,799.1934333333334,799.1934333333334,0.0,0.0,5.401749999999993,804.5951833333334,804.5951833333334,0.0,0.0,0.0,0.0,1200.0,1200.0,0,0.9371,748.9241663766667,0.0,25.309899624999968,774.2340660016666,static_forecast,41962.16154191863,59984.001183333334,891.0715250000019,2813.4705333333322
2025-09-23,128,2025-09-23 21:20:00,2025-09-23 21:30:00,4880.29,813.3816666666667,0.0,0.0,763.7166666666667,0.0,0.0,2025-09-23 00:00:00,1290,attachment3_10min_interpolation,2025-09-16 21:30:00,763.7166666666667,763.7166666666667,0.0,0.0,49.664999999999964,813.3816666666667,813.3816666666667,0.0,0.0,0.0,0.0,1200.0,1200.0,0,0.9371,715.6788883333334,0.0,232.70535749999985,948.3842458333332,static_forecast,42910.54578775196,60797.38285,940.7365250000018,2813.4705333333322
2025-09-23,129,2025-09-23 21:30:00,2025-09-23 21:40:00,4979.2148,829.8691333333333,0.0,0.0,818.0142999999999,0.0,0.0,2025-09-23 00:00:00,1300,attachment3_10min_interpolation,2025-09-16 21:40:00,818.0142999999999,818.0142999999999,0.0,0.0,11.854833333333318,829.8691333333333,829.8691333333333,0.0,0.0,0.0,0.0,1200.0,1200.0,0,0.9871,807.4619155299999,0.0,58.509529916666594,865.9714454466665,static_forecast,43776.517233198625,61627.251983333335,952.5913583333352,2813.4705333333322
2025-09-23,130,2025-09-23 21:40:00,2025-09-23 21:50:00,4609.119,768.1864999999999,0.0,0.0,776.9880833333333,0.0,0.0,2025-09-23 00:00:00,1310,attachment3_10min_interpolation,2025-09-16 21:50:00,776.9880833333333,776.9880833333333,0.0,0.0,0.0,776.9880833333333,776.9880833333333,0.0,0.0,0.0,8.801583333333383,1200.0,1200.0,0,0.7764,603.2535479,0.0,0.0,603.2535479,static_forecast,44379.770781098625,62404.240066666665,952.5913583333352,2813.4705333333322
2025-09-23,131,2025-09-23 21:50:00,2025-09-23 22:00:00,3835.46,639.2433333333333,0.0,0.0,639.2716666666666,0.0,0.0,2025-09-23 00:00:00,1320,attachment3_10min_interpolation,2025-09-16 22:00:00,639.2716666666666,639.2716666666666,0.0,0.0,0.0,639.2716666666666,639.2716666666666,0.0,0.0,0.0,0.028333333333307564,1200.0,1200.0,0,0.4209,269.0694445,0.0,0.0,269.0694445,static_forecast,44648.84022559862,63043.51173333333,952.5913583333352,2813.4705333333322
2025-09-23,132,2025-09-23 22:00:00,2025-09-23 22:10:00,3320.6494,553.4415666666666,0.0,0.0,599.7292166666667,0.0,0.0,2025-09-23 00:00:00,1330,attachment3_10min_interpolation,2025-09-16 22:10:00,599.7292166666667,599.7292166666667,0.0,0.0,0.0,599.7292166666667,599.7292166666667,0.0,0.0,0.0,46.2876500000001,1200.0,1200.0,0,0.3859,231.4355047116667,0.0,0.0,231.4355047116667,static_forecast,44880.27573031029,63643.24095,952.5913583333352,2813.4705333333322
2025-09-23,133,2025-09-23 22:10:00,2025-09-23 22:20:00,3496.0714,582.6785666666666,0.0,0.0,609.7264833333334,0.0,0.0,2025-09-23 00:00:00,1340,attachment3_10min_interpolation,2025-09-16 22:20:00,609.7264833333334,609.7264833333334,0.0,0.0,0.0,609.7264833333334,609.7264833333334,0.0,0.0,0.0,27.047916666666765,1200.0,1200.0,0,0.4368,266.32852792,0.0,0.0,266.32852792,static_forecast,45146.60425823029,64252.96743333333,952.5913583333352,2813.4705333333322
2025-09-23,134,2025-09-23 22:20:00,2025-09-23 22:30:00,3883.24,647.2066666666666,0.0,0.0,613.2483333333333,0.0,0.0,2025-09-23 00:00:00,1350,attachment3_10min_interpolation,2025-09-16 22:30:00,613.2483333333333,613.2483333333333,0.0,0.0,33.95833333333326,647.2066666666666,647.2066666666666,0.0,0.0,0.0,0.0,1200.0,1200.0,0,0.4198,257.4416503333333,0.0,71.27854166666651,328.7201919999998,static_forecast,45475.32445023029,64900.1741,986.5496916666684,2813.4705333333322
2025-09-23,135,2025-09-23 22:30:00,2025-09-23 22:40:00,3580.1991,596.69985,0.0,0.0,612.6178833333333,0.0,0.0,2025-09-23 00:00:00,1360,attachment3_10min_interpolation,2025-09-16 22:40:00,612.6178833333333,612.6178833333333,0.0,0.0,0.0,612.6178833333333,612.6178833333333,0.0,0.0,0.0,15.91803333333337,1200.0,1200.0,0,0.4186,256.4418459633334,0.0,0.0,256.4418459633334,static_forecast,45731.76629619362,65512.79198333333,986.5496916666684,2813.4705333333322
2025-09-23,136,2025-09-23 22:40:00,2025-09-23 22:50:00,3332.1137,555.3522833333333,0.0,0.0,617.3649666666666,0.0,0.0,2025-09-23 00:00:00,1370,attachment3_10min_interpolation,2025-09-16 22:50:00,617.3649666666666,617.3649666666666,0.0,0.0,0.0,617.3649666666666,617.3649666666666,0.0,0.0,0.0,62.01268333333337,1200.0,1200.0,0,0.4241,261.8244823633333,0.0,0.0,261.8244823633333,static_forecast,45993.59077855696,66130.15694999999,986.5496916666684,2813.4705333333322
2025-09-23,137,2025-09-23 22:50:00,2025-09-23 23:00:00,3416.1,569.35,0.0,0.0,619.0216666666666,0.0,0.0,2025-09-23 00:00:00,1380,attachment3_10min_interpolation,2025-09-16 23:00:00,619.0216666666666,619.0216666666666,0.0,0.0,0.0,619.0216666666666,619.0216666666666,0.0,0.0,0.0,49.671666666666624,1200.0,1200.0,0,0.4237,262.27948016666664,0.0,0.0,262.27948016666664,static_forecast,46255.870258723626,66749.17861666666,986.5496916666684,2813.4705333333322
2025-09-23,138,2025-09-23 23:00:00,2025-09-23 23:10:00,3387.9352,564.6558666666666,0.0,0.0,604.4078166666667,0.0,0.0,2025-09-23 00:00:00,1390,attachment3_10min_interpolation,2025-09-16 23:10:00,604.4078166666667,604.4078166666667,0.0,0.0,0.0,604.4078166666667,604.4078166666667,0.0,0.0,0.0,39.75195000000008,1200.0,1200.0,0,0.4248,256.75244052,0.0,0.0,256.75244052,static_forecast,46512.62269924363,67353.58643333333,986.5496916666684,2813.4705333333322
2025-09-23,139,2025-09-23 23:10:00,2025-09-23 23:20:00,3459.0094,576.5015666666667,0.0,0.0,615.0140166666666,0.0,0.0,2025-09-23 00:00:00,1400,attachment3_10min_interpolation,2025-09-16 23:20:00,615.0140166666666,615.0140166666666,0.0,0.0,0.0,615.0140166666666,615.0140166666666,0.0,0.0,0.0,38.512449999999944,1200.0,1200.0,0,0.424,260.76594306666664,0.0,0.0,260.76594306666664,static_forecast,46773.388642310296,67968.60045,986.5496916666684,2813.4705333333322
2025-09-23,140,2025-09-23 23:20:00,2025-09-23 23:30:00,3661.95,610.3249999999999,0.0,0.0,633.3716666666667,0.0,0.0,2025-09-23 00:00:00,1410,attachment3_10min_interpolation,2025-09-16 23:30:00,633.3716666666667,633.3716666666667,0.0,0.0,0.0,633.3716666666667,633.3716666666667,0.0,0.0,0.0,23.046666666666738,1200.0,1200.0,0,0.422,267.28284333333335,0.0,0.0,267.28284333333335,static_forecast,47040.67148564363,68601.97211666667,986.5496916666684,2813.4705333333322
2025-09-23,141,2025-09-23 23:30:00,2025-09-23 23:40:00,3702.4038,617.0673,0.0,0.0,605.49435,0.0,0.0,2025-09-23 00:00:00,1420,attachment3_10min_interpolation,2025-09-16 23:40:00,605.49435,605.49435,0.0,0.0,11.572949999999992,617.0673,617.0673,0.0,0.0,0.0,0.0,1200.0,1200.0,0,0.424,256.7296044,0.0,24.534653999999982,281.2642584,static_forecast,47321.93574404363,69219.03941666667,998.1226416666684,2813.4705333333322
2025-09-23,142,2025-09-23 23:40:00,2025-09-23 23:50:00,3409.7885,568.2980833333334,0.0,0.0,616.7699,0.0,0.0,2025-09-23 00:00:00,1430,attachment3_10min_interpolation,2025-09-16 23:50:00,616.7699,616.7699,0.0,0.0,0.0,616.7699,616.7699,0.0,0.0,0.0,48.471816666666655,1200.0,1200.0,0,0.4271,263.42242429,0.0,0.0,263.42242429,static_forecast,47585.35816833363,69835.80931666667,998.1226416666684,2813.4705333333322
2025-09-23,143,2025-09-23 23:50:00,2025-09-24 00:00:00,3147.61,524.6016666666667,0.0,0.0,653.885,0.0,0.0,2025-09-23 00:00:00,1440,attachment3_10min_interpolation,2025-09-17 00:00:00,653.885,653.885,0.0,0.0,0.0,653.885,653.885,0.0,0.0,0.0,129.2833333333333,1200.0,1200.0,0,0.4276,279.601226,0.0,0.0,279.601226,static_forecast,47864.95939433363,70489.69431666666,998.1226416666684,2813.4705333333322
2025-09-23,0,2025-09-23 00:00:00,2025-09-23 00:10:00,3421.106,570.1843333333334,0.0,0.0,656.1909666666667,0.0,0.0,2025-09-23 00:00:00,10,observed_anchor_linear_to_h1,2025-09-16 00:10:00,1456.1909666666666,1456.1909666666666,0.0,0.0,0.0,1456.1909666666666,1456.1909666666666,800.0,0.0,0.0,86.00663333333318,1200.0,1920.0,1,0.4248,618.5899226399999,0.0,0.0,618.5899226399999,rolling,618.5899226399999,1456.1909666666666,0.0,0.0
2025-09-23,1,2025-09-23 00:10:00,2025-09-23 00:20:00,3361.9091,560.3181833333333,0.0,0.0,666.7336166666666,0.0,0.0,2025-09-23 00:00:00,20,observed_anchor_linear_to_h1,2025-09-16 00:20:00,1466.7336166666666,1466.7336166666666,0.0,0.0,0.0,1466.7336166666666,1466.7336166666666,800.0,0.0,0.0,106.41543333333334,1920.0,2640.0,1,0.4245,622.6284202749999,0.0,0.0,622.6284202749999,rolling,1241.218342915,2922.9245833333334,0.0,0.0
2025-09-23,2,2025-09-23 00:20:00,2025-09-23 00:30:00,3388.6,564.7666666666667,0.0,0.0,625.2266666666667,0.0,0.0,2025-09-23 00:00:00,30,observed_anchor_linear_to_h1,2025-09-16 00:30:00,1425.2266666666667,1425.2266666666667,0.0,0.0,0.0,1425.2266666666667,1425.2266666666667,800.0,0.0,0.0,60.460000000000036,2640.0,3360.0,1,0.4269,608.429264,0.0,0.0,608.429264,rolling,1849.6476069149999,4348.15125,0.0,0.0
2025-09-23,3,2025-09-23 00:30:00,2025-09-23 00:40:00,3591.0535,598.5089166666667,0.0,0.0,588.6305166666667,0.0,0.0,2025-09-23 00:00:00,40,observed_anchor_linear_to_h1,2025-09-16 00:40:00,1388.6305166666666,1388.6305166666666,0.0,0.0,9.878400000000056,1398.5089166666667,1398.5089166666667,800.0,0.0,0.0,0.0,3360.0,4080.0,1,0.4272,593.22295672,0.0,21.10026240000012,614.3232191200001,rolling,2463.970826035,5746.660166666667,9.878400000000056,0.0
2025-09-23,4,2025-09-23 00:40:00,2025-09-23 00:50:00,3639.0639,606.51065,0.0,0.0,572.78095,0.0,0.0,2025-09-23 00:00:00,50,observed_anchor_linear_to_h1,2025-09-16 00:50:00,1372.7809499999998,1372.7809499999998,0.0,0.0,33.72970000000032,1406.5106500000002,1406.5106500000002,800.0,0.0,0.0,0.0,4080.0,4800.0,1,0.4271,586.3147437449999,0.0,72.02977435000068,658.3445180950006,rolling,3122.3153441300005,7153.170816666667,43.60810000000038,0.0
2025-09-23,5,2025-09-23 00:50:00,2025-09-23 01:00:00,3538.62,589.77,0.0,0.0,575.7566666666667,0.0,0.0,2025-09-23 00:00:00,60,attachment3_10min_interpolation,2025-09-16 01:00:00,1375.7566666666667,1375.7566666666667,0.0,0.0,14.013333333333321,1389.77,1389.77,800.0,0.0,0.0,0.0,4800.0,5520.0,1,0.4285,589.5117316666666,0.0,30.023566666666643,619.5352983333332,rolling,3741.8506424633338,8542.940816666667,57.6214333333337,0.0
2025-09-23,6,2025-09-23 01:00:00,2025-09-23 01:10:00,3584.1201,597.35335,0.0,0.0,586.2062999999999,0.0,0.0,2025-09-23 00:00:00,70,attachment3_10min_interpolation,2025-09-16 01:10:00,1386.2062999999998,1386.2062999999998,0.0,0.0,11.147050000000036,1397.3533499999999,1397.3533499999999,800.0,0.0,0.0,0.0,5520.0,6240.0,1,0.4311,597.5935359299999,0.0,24.027466275000076,621.621002205,rolling,4363.471644668334,9940.294166666667,68.76848333333373,0.0
2025-09-23,7,2025-09-23 01:10:00,2025-09-23 01:20:00,3479.83,579.9716666666667,0.0,0.0,582.92165,0.0,0.0,2025-09-23 00:00:00,80,attachment3_10min_interpolation,2025-09-16 01:20:00,1382.92165,1382.92165,0.0,0.0,0.0,1382.92165,1382.92165,800.0,0.0,0.0,2.9499833333331935,6240.0,6960.0,1,0.4302,594.93289383,0.0,0.0,594.93289383,rolling,4958.404538498335,11323.215816666667,68.76848333333373,0.0
2025-09-23,8,2025-09-23 01:20:00,2025-09-23 01:30:00,3316.08,552.68,0.0,0.0,570.4566666666666,0.0,0.0,2025-09-23 00:00:00,90,attachment3_10min_interpolation,2025-09-16 01:30:00,1370.4566666666665,1370.4566666666665,0.0,0.0,0.0,1370.4566666666665,1370.4566666666665,800.0,0.0,0.0,17.776666666666642,6960.0,7680.0,1,0.4279,586.4184076666666,0.0,0.0,586.4184076666666,rolling,5544.822946165001,12693.672483333334,68.76848333333373,0.0
2025-09-23,9,2025-09-23 01:30:00,2025-09-23 01:40:00,3504.3201,584.05335,0.0,0.0,576.1825666666667,0.0,0.0,2025-09-23 00:00:00,100,attachment3_10min_interpolation,2025-09-16 01:40:00,842.8492333333334,842.8492333333334,0.0,0.0,7.870783333333293,850.7200166666667,850.7200166666667,266.6666666666667,0.0,0.0,0.0,7680.0,7920.0,1,0.4312,363.43658941333337,0.0,16.96940886666658,380.40599827999995,rolling,5925.228944445001,13544.3925,76.63926666666703,0.0
2025-09-23,10,2025-09-23 01:40:00,2025-09-23 01:50:00,3611.1697,601.8616166666667,0.0,0.0,604.6679166666667,0.0,0.0,2025-09-23 00:00:00,110,attachment3_10min_interpolation,2025-09-16 01:50:00,604.6679166666667,604.6679166666667,0.0,0.0,0.0,604.6679166666667,604.6679166666667,0.0,0.0,0.0,2.8062999999999647,7920.0,7920.0,0,0.4333,262.00260829166666,0.0,0.0,262.00260829166666,rolling,6187.231552736667,14149.060416666667,76.63926666666703,0.0
2025-09-23,11,2025-09-23 01:50:00,2025-09-23 02:00:00,3543.64,590.6066666666667,0.0,0.0,621.295,0.0,0.0,2025-09-23 00:00:00,120,attachment3_10min_interpolation,2025-09-16 02:00:00,1421.295,1421.295,0.0,0.0,0.0,1421.295,1421.295,800.0,0.0,0.0,30.688333333333503,7920.0,8640.0,1,0.4311,612.7202745,0.0,0.0,612.7202745,rolling,6799.951827236668,15570.355416666667,76.63926666666703,0.0
2025-09-23,12,2025-09-23 02:00:00,2025-09-23 02:10:00,3627.3783,604.56305,0.0,0.0,586.7885666666667,0.0,0.0,2025-09-23 00:00:00,130,attachment3_10min_interpolation,2025-09-16 02:10:00,1386.7885666666666,1386.7885666666666,0.0,0.0,17.774483333333364,1404.56305,1404.56305,800.0,0.0,0.0,0.0,8640.0,9360.0,1,0.4293,595.34833167,0.0,38.15292847500007,633.5012601450001,rolling,7433.4530873816675,16974.918466666666,94.41375000000039,0.0
2025-09-23,13,2025-09-23 02:10:00,2025-09-23 02:20:00,3646.7973,607.7995500000001,0.0,0.0,572.6755833333333,0.0,0.0,2025-09-23 00:00:00,140,attachment3_10min_interpolation,2025-09-16 02:20:00,572.6755833333333,572.6755833333333,0.0,0.0,35.123966666666774,607.7995500000001,607.7995500000001,0.0,0.0,0.0,0.0,9360.0,9360.0,0,0.4324,247.6249222333333,0.0,75.93801593333356,323.56293816666687,rolling,7757.016025548334,17582.718016666666,129.53771666666717,0.0
2025-09-23,14,2025-09-23 02:20:00,2025-09-23 02:30:00,3569.92,594.9866666666667,0.0,0.0,604.0916666666667,0.0,0.0,2025-09-23 00:00:00,150,attachment3_10min_interpolation,2025-09-16 02:30:00,604.0916666666667,604.0916666666667,0.0,0.0,0.0,604.0916666666667,604.0916666666667,0.0,0.0,0.0,9.105000000000018,9360.0,9360.0,0,0.4367,263.8068308333333,0.0,0.0,263.8068308333333,rolling,8020.822856381667,18186.809683333333,129.53771666666717,0.0
2025-09-23,15,2025-09-23 02:30:00,2025-09-23 02:40:00,3591.0744,598.5124,0.0,0.0,633.2806666666667,0.0,0.0,2025-09-23 00:00:00,160,attachment3_10min_interpolation,2025-09-16 02:40:00,633.2806666666667,633.2806666666667,0.0,0.0,0.0,633.2806666666667,633.2806666666667,0.0,0.0,0.0,34.768266666666705,9360.0,9360.0,0,0.4348,275.35043386666666,0.0,0.0,275.35043386666666,rolling,8296.173290248335,18820.09035,129.53771666666717,0.0
2025-09-23,16,2025-09-23 02:40:00,2025-09-23 02:50:00,3523.6786,587.2797666666667,0.0,0.0,621.6542166666667,0.0,0.0,2025-09-23 00:00:00,170,attachment3_10min_interpolation,2025-09-16 02:50:00,621.6542166666667,621.6542166666667,0.0,0.0,0.0,621.6542166666667,621.6542166666667,0.0,0.0,0.0,34.374450000000024,9360.0,9360.0,0,0.4335,269.487102925,0.0,0.0,269.487102925,rolling,8565.660393173335,19441.744566666664,129.53771666666717,0.0
2025-09-23,17,2025-09-23 02:50:00,2025-09-23 03:00:00,3402.03,567.005,0.0,0.0,599.9,0.0,0.0,2025-09-23 00:00:00,180,attachment3_10min_interpolation,2025-09-16 03:00:00,599.9,599.9,0.0,0.0,0.0,599.9,599.9,0.0,0.0,0.0,32.89499999999998,9360.0,9360.0,0,0.4357,261.37642999999997,0.0,0.0,261.37642999999997,rolling,8827.036823173336,20041.644566666666,129.53771666666717,0.0
2025-09-23,18,2025-09-23 03:00:00,2025-09-23 03:10:00,3470.8796,578.4799333333334,0.0,0.0,627.80635,0.0,0.0,2025-09-23 00:00:00,190,attachment3_10min_interpolation,2025-09-16 03:10:00,627.80635,627.80635,0.0,0.0,0.0,627.80635,627.80635,0.0,0.0,0.0,49.326416666666546,9360.0,9360.0,0,0.4374,274.60249748999996,0.0,0.0,274.60249748999996,rolling,9101.639320663335,20669.450916666665,129.53771666666717,0.0
2025-09-23,19,2025-09-23 03:10:00,2025-09-23 03:20:00,3546.3118,591.0519666666667,0.0,0.0,622.0963,0.0,0.0,2025-09-23 00:00:00,200,attachment3_10min_interpolation,2025-09-16 03:20:00,622.0963,622.0963,0.0,0.0,0.0,622.0963,622.0963,0.0,0.0,0.0,31.044333333333384,9360.0,9360.0,0,0.4371,271.91829273,0.0,0.0,271.91829273,rolling,9373.557613393335,21291.547216666666,129.53771666666717,0.0
2025-09-23,20,2025-09-23 03:20:00,2025-09-23 03:30:00,3521.1,586.85,0.0,0.0,581.1933333333333,0.0,0.0,2025-09-23 00:00:00,210,attachment3_10min_interpolation,2025-09-16 03:30:00,581.1933333333333,581.1933333333333,0.0,0.0,5.6566666666667516,586.85,586.85,0.0,0.0,0.0,0.0,9360.0,9360.0,0,0.4356,253.16781599999996,0.0,12.320220000000184,265.48803600000014,rolling,9639.045649393336,21878.397216666664,135.19438333333392,0.0
2025-09-23,21,2025-09-23 03:30:00,2025-09-23 03:40:00,3493.0415,582.1735833333333,0.0,0.0,590.3947,0.0,0.0,2025-09-23 00:00:00,220,attachment3_10min_interpolation,2025-09-16 03:40:00,590.3947,590.3947,0.0,0.0,0.0,590.3947,590.3947,0.0,0.0,0.0,8.221116666666603,9360.0,9360.0,0,0.4353,256.99881290999997,0.0,0.0,256.99881290999997,rolling,9896.044462303336,22468.791916666665,135.19438333333392,0.0
2025-09-23,22,2025-09-23 03:40:00,2025-09-23 03:50:00,3616.52,602.7533333333333,0.0,0.0,611.9051499999999,0.0,0.0,2025-09-23 00:00:00,230,attachment3_10min_interpolation,2025-09-16 03:50:00,611.9051499999999,611.9051499999999,0.0,0.0,0.0,611.9051499999999,611.9051499999999,0.0,0.0,0.0,9.151816666666605,9360.0,9360.0,0,0.436,266.79064539999996,0.0,0.0,266.79064539999996,rolling,10162.835107703337,23080.697066666664,135.19438333333392,0.0
2025-09-23,23,2025-09-23 03:50:00,2025-09-23 04:00:00,3738.77,623.1283333333333,0.0,0.0,625.6416666666667,0.0,0.0,2025-09-23 00:00:00,240,attachment3_10min_interpolation,2025-09-16 04:00:00,625.6416666666667,625.6416666666667,0.0,0.0,0.0,625.6416666666667,625.6416666666667,0.0,0.0,0.0,2.513333333333321,9360.0,9360.0,0,0.4378,273.9059216666667,0.0,0.0,273.9059216666667,rolling,10436.741029370003,23706.33873333333,135.19438333333392,0.0
2025-09-23,24,2025-09-23 04:00:00,2025-09-23 04:10:00,3573.138,595.523,0.0019,0.0003166666666666,647.9303666666666,0.0,0.0,2025-09-23 00:00:00,250,attachment3_10min_interpolation,2025-09-16 04:10:00,647.9303666666666,647.9303666666666,0.0,0.0,0.0,647.9303666666666,647.9303666666666,0.0,0.0,0.0003166666666666,52.407366666666576,9360.0,9360.0,0,0.4401,285.15415436999996,0.0,0.0,285.15415436999996,rolling,10721.895183740004,24354.269099999998,135.19438333333392,0.0003166666666666
2025-09-23,25,2025-09-23 04:10:00,2025-09-23 04:20:00,3548.8256,591.4709333333334,0.0,0.0,644.1480166666666,0.0,0.0,2025-09-23 00:00:00,260,attachment3_10min_interpolation,2025-09-16 04:20:00,644.1480166666666,644.1480166666666,0.0,0.0,0.0,644.1480166666666,644.1480166666666,0.0,0.0,0.0,52.67708333333326,9360.0,9360.0,0,0.4389,282.716564515,0.0,0.0,282.716564515,rolling,11004.611748255003,24998.417116666664,135.19438333333392,0.0003166666666666
2025-09-23,26,2025-09-23 04:20:00,2025-09-23 04:30:00,3696.43,616.0716666666666,0.0,0.0,624.42,0.0,0.0,2025-09-23 00:00:00,270,attachment3_10min_interpolation,2025-09-16 04:30:00,624.42,624.42,0.0,0.0,0.0,624.42,624.42,0.0,0.0,0.0,8.348333333333358,9360.0,9360.0,0,0.4364,272.496888,0.0,0.0,272.496888,rolling,11277.108636255003,25622.837116666662,135.19438333333392,0.0003166666666666
2025-09-23,27,2025-09-23 04:30:00,2025-09-23 04:40:00,3629.4046,604.9007666666666,0.0268,0.0044666666666666,633.3117833333333,0.0,0.0,2025-09-23 00:00:00,280,attachment3_10min_interpolation,2025-09-16 04:40:00,633.3117833333333,633.3117833333333,0.0,0.0,0.0,633.3117833333333,633.3117833333333,0.0,0.0,0.0044666666666666,28.411016666666683,9360.0,9360.0,0,0.4393,278.21386641833334,0.0,0.0,278.21386641833334,rolling,11555.322502673336,26256.148899999997,135.19438333333392,0.0047833333333331994
2025-09-23,28,2025-09-23 04:40:00,2025-09-23 04:50:00,3602.4949,600.4158166666667,0.0,0.0,623.90075,0.0,0.0,2025-09-23 00:00:00,290,attachment3_10min_interpolation,2025-09-16 04:50:00,623.90075,623.90075,0.0,0.0,0.0,623.90075,623.90075,0.0,0.0,0.0,23.484933333333288,9360.0,9360.0,0,0.4422,275.88891165,0.0,0.0,275.88891165,rolling,11831.211414323336,26880.049649999997,135.19438333333392,0.0047833333333331994
2025-09-23,29,2025-09-23 04:50:00,2025-09-23 05:00:00,3708.74,618.1233333333333,0.0,0.0,591.3616666666667,0.0,0.0,2025-09-23 00:00:00,300,attachment3_10min_interpolation,2025-09-16 05:00:00,591.3616666666667,591.3616666666667,0.0,0.0,26.761666666666656,618.1233333333333,618.1233333333333,0.0,0.0,0.0,0.0,9360.0,9360.0,0,0.4395,259.9034525,0.0,58.80876249999997,318.712215,rolling,12149.923629323335,27498.17298333333,161.95605000000057,0.0047833333333331994
2025-09-23,30,2025-09-23 05:00:00,2025-09-23 05:10:00,3751.3647,625.22745,0.3731,0.0621833333333333,585.0822833333333,0.0,0.0,2025-09-23 00:00:00,310,attachment3_10min_interpolation,2025-09-16 05:10:00,585.0822833333333,585.0822833333333,0.0,0.0,40.08298333333335,625.1652666666666,625.1652666666666,0.0,0.0,0.0,0.0,9360.0,9360.0,0,0.4333,253.51615336833333,0.0,86.83978339166671,340.3559367600001,rolling,12490.279566083336,28123.338249999997,202.03903333333392,0.0047833333333331994
2025-09-23,31,2025-09-23 05:10:00,2025-09-23 05:20:00,3689.4488,614.9081333333334,0.0,0.0,607.6239166666667,0.0,0.0,2025-09-23 00:00:00,320,attachment3_10min_interpolation,2025-09-16 05:20:00,607.6239166666667,607.6239166666667,0.0,0.0,7.28421666666668,614.9081333333334,614.9081333333334,0.0,0.0,0.0,0.0,9360.0,9360.0,0,0.4439,269.72425660833335,0.0,16.167318891666696,285.89157550000004,rolling,12776.171141583336,28738.24638333333,209.3232500000006,0.0047833333333331994
2025-09-23,32,2025-09-23 05:20:00,2025-09-23 05:30:00,3557.68,592.9466666666666,0.0,0.0,620.6733333333333,0.0,0.0,2025-09-23 00:00:00,330,attachment3_10min_interpolation,2025-09-16 05:30:00,1420.6733333333332,1420.6733333333332,0.0,0.0,0.0,1420.6733333333332,1420.6733333333332,800.0,0.0,0.0,27.72666666666646,9360.0,10080.0,1,0.4301,611.0316006666666,0.0,0.0,611.0316006666666,rolling,13387.202742250003,30158.919716666664,209.3232500000006,0.0047833333333331994
2025-09-23,33,2025-09-23 05:30:00,2025-09-23 05:40:00,3509.0644,584.8440666666667,5.1961,0.8660166666666668,597.04255,0.0,0.0,2025-09-23 00:00:00,340,attachment3_10min_interpolation,2025-09-16 05:40:00,1397.0425500000001,1397.0425500000001,0.0,0.0,0.0,1397.0425500000001,1397.0425500000001,800.0,0.0,0.8660166666666668,12.19848333333357,10080.0,10800.0,1,0.3713,518.721898815,0.0,0.0,518.721898815,rolling,13905.924641065003,31555.962266666662,209.3232500000006,0.8708
2025-09-23,34,2025-09-23 05:40:00,2025-09-23 05:50:00,4001.4806,666.9134333333333,0.0,0.0,659.6616666666666,0.0,0.0,2025-09-23 00:00:00,350,attachment3_10min_interpolation,2025-09-16 05:50:00,659.6616666666666,659.6616666666666,0.0,0.0,7.25176666666664,666.9134333333333,666.9134333333333,0.0,0.0,0.0,0.0,10800.0,10800.0,0,0.5708,376.5348793333333,0.0,20.69654206666659,397.23142139999993,rolling,14303.156062465003,32222.875699999997,216.57501666666724,0.8708
2025-09-23,35,2025-09-23 05:50:00,2025-09-23 06:00:00,4743.74,790.6233333333333,0.0,0.0,783.415,0.0,0.0,2025-09-23 00:00:00,360,attachment3_10min_interpolation,2025-09-16 06:00:00,27.414999999999964,27.414999999999964,0.0,0.0,7.208333333333371,34.623333333333335,34.623333333333335,0.0,756.0,0.0,0.0,10800.0,9960.0,0,0.9099,24.94490849999997,0.0,32.794312500000174,57.73922100000014,rolling,14360.895283465003,32257.49903333333,223.7833500000006,0.8708
2025-09-23,36,2025-09-23 06:00:00,2025-09-23 06:10:00,4911.4158,818.5693,148.7833,24.797216666666667,810.2949333333332,251.5366,41.92276666666667,2025-09-23 06:00:00,10,observed_anchor_linear_to_h1,2025-09-16 06:10:00,11.035424999999918,12.372166666666544,1.3367416666666259,0.0,25.39991666666674,37.772083333333285,37.772083333333285,0.0,756.0,0.0,0.0,9960.0,9120.0,0,0.9368,10.337986139999924,1.8783893899999426,118.97320966666702,131.18958519666688,rolling,14492.08486866167,32295.271116666663,249.18326666666735,0.8708
2025-09-23,37,2025-09-23 06:10:00,2025-09-23 06:20:00,4831.9735,805.3289166666667,376.0146,62.66909999999999,792.0891166666667,503.0732,83.84553333333334,2025-09-23 06:00:00,20,observed_anchor_linear_to_h1,2025-09-16 06:20:00,57.570100000000025,60.24358333333328,2.6734833333332517,0.0,34.41623333333348,94.65981666666676,94.65981666666676,0.0,648.0,0.0,0.0,9120.0,8400.0,0,0.8758,50.41989358000002,3.512155054999893,150.70868576666732,204.64073440166723,rolling,14696.725603063338,32389.93093333333,283.59950000000083,0.8708
2025-09-23,38,2025-09-23 06:20:00,2025-09-23 06:30:00,4792.2,798.6999999999999,649.3875,108.23125,785.2883333333333,754.6098,125.7683,2025-09-23 06:00:00,30,observed_anchor_linear_to_h1,2025-09-16 06:30:00,7.50980833333324,11.520033333333345,4.010225000000105,0.0,30.94871666666654,42.468749999999886,42.468749999999886,0.0,648.0,0.0,0.0,8400.0,7680.0,0,0.8759,6.577841119166584,5.2688341162501375,135.5399046416661,147.38657987708282,rolling,14844.11218294042,32432.39968333333,314.5482166666674,0.8708
2025-09-23,39,2025-09-23 06:30:00,2025-09-23 06:40:00,4757.3085,792.88475,973.8044,162.30073333333334,791.64315,1006.1464,167.69106666666667,2025-09-23 06:00:00,40,observed_anchor_linear_to_h1,2025-09-16 06:40:00,0.0,0.0,0.0,0.0,0.0,0.0,0.0,0.0,648.0,17.415983333333315,0.0,7680.0,6960.0,0,0.8601,0.0,0.0,0.0,0.0,rolling,14844.11218294042,32432.39968333333,314.5482166666674,18.286783333333315
2025-09-23,40,2025-09-23 06:40:00,2025-09-23 06:50:00,4755.1526,792.5254333333334,1245.8597,207.64328333333333,793.81895,1257.683,209.61383333333333,2025-09-23 06:00:00,50,observed_anchor_linear_to_h1,2025-09-16 06:50:00,37.521408333333284,44.20511666666664,6.683708333333357,0.0,0.6770333333333838,44.882150000000024,44.882150000000024,0.0,540.0,0.0,0.0,6960.0,6360.0,0,0.8442,31.675572914999957,8.46357986250003,2.857757700000213,42.9969104775002,rolling,14887.109093417921,32477.28183333333,315.22525000000076,18.286783333333315
2025-09-23,41,2025-09-23 06:50:00,2025-09-23 07:00:00,4789.05,798.1750000000001,1511.775,251.9625,786.6700000000001,1509.2196,251.5366,2025-09-23 06:00:00,60,attachment3_10min_interpolation,2025-09-16 07:00:00,0.0,0.0,0.0,0.0,6.212500000000091,6.212500000000091,6.212500000000091,0.0,540.0,0.0,0.0,6360.0,5760.0,0,0.8334,0.0,0.0,25.88748750000038,25.88748750000038,rolling,14912.996580917921,32483.494333333332,321.43775000000085,18.286783333333315
2025-09-23,42,2025-09-23 07:00:00,2025-09-23 07:10:00,4816.282,802.7136666666667,1907.945,317.99083333333334,783.764,1886.3592666666664,314.39321111111104,2025-09-23 06:00:00,70,attachment3_10min_interpolation,2025-09-16 07:10:00,30.173338888888964,37.37078888888897,7.1974500000000035,0.0,15.352044444444289,52.722833333333256,52.722833333333256,0.0,432.0,0.0,0.0,5760.0,5280.0,0,0.8092,24.41626582888895,8.736264810000003,62.1143718222216,95.26690246111056,rolling,15008.263483379033,32536.217166666665,336.78979444444514,18.286783333333315
2025-09-23,43,2025-09-23 07:10:00,2025-09-23 07:20:00,4786.2179,797.7029833333332,2234.3678,372.3946333333333,805.6249833333333,2263.4989333333333,377.24982222222224,2025-09-23 06:00:00,80,attachment3_10min_interpolation,2025-09-16 07:20:00,0.0,0.0,0.0,0.0,0.0,0.0,0.0,0.0,432.0,6.691650000000038,0.0,5280.0,4800.0,0,0.7972,0.0,0.0,0.0,0.0,rolling,15008.263483379033,32536.217166666665,336.78979444444514,24.978433333333353
2025-09-23,44,2025-09-23 07:20:00,2025-09-23 07:30:00,4660.51,776.7516666666667,2492.5875,415.43125,823.2566666666667,2640.6386,440.10643333333337,2025-09-23 06:00:00,90,attachment3_10min_interpolation,2025-09-16 07:30:00,53.59878333333336,59.15023333333329,5.551449999999932,0.0,0.0,59.15023333333329,59.15023333333329,0.0,324.0,21.829816666666602,0.0,4800.0,4440.0,0,0.7644,40.970909980000016,6.36529256999992,0.0,47.33620254999994,rolling,15055.599685929032,32595.3674,336.78979444444514,46.80824999999996
2025-09-23,45,2025-09-23 07:30:00,2025-09-23 07:40:00,4606.8822,767.8137,2894.0726,482.34543333333335,804.7937499999999,3017.7782666666667,502.96304444444445,2025-09-23 06:00:00,100,attachment3_10min_interpolation,2025-09-16 07:40:00,81.10225555555559,85.83070555555548,4.728449999999896,0.0,0.0,85.83070555555548,85.83070555555548,0.0,216.0,16.36243888888879,0.0,4440.0,4200.0,0,0.6899,55.952446107777796,4.893236482499892,0.0,60.84568259027769,rolling,15116.44536851931,32681.198105555555,336.78979444444514,63.17068888888875
2025-09-23,46,2025-09-23 07:40:00,2025-09-23 07:50:00,5489.8417,914.9736166666668,3343.4604,557.2434,901.0201,3394.917933333333,565.8196555555555,2025-09-23 06:00:00,110,attachment3_10min_interpolation,2025-09-16 07:50:00,7.294994444444455,11.200444444444429,3.9054499999999734,0.0,22.52977222222239,33.73021666666682,33.73021666666682,0.0,324.0,0.0,0.0,4200.0,3840.0,0,0.86,6.273695222222232,5.038030499999966,96.87802055555628,108.18974627777847,rolling,15224.635114797087,32714.928322222222,359.3195666666675,63.17068888888875
2025-09-23,47,2025-09-23 07:50:00,2025-09-23 08:00:00,6701.06,1116.8433333333337,3753.1125,625.5187500000001,1077.0916666666667,3772.0576,628.6762666666667,2025-09-23 06:00:00,120,attachment3_10min_interpolation,2025-09-16 08:00:00,13.332950000000096,16.415399999999977,3.0824499999998807,0.0,42.90918333333377,59.32458333333375,59.32458333333375,0.0,432.0,0.0,0.0,3840.0,3360.0,0,1.1617,15.48888801500011,5.3713232474997925,249.2379913916692,270.0982026541691,rolling,15494.733317451257,32774.25290555556,402.2287500000013,63.17068888888875
2025-09-23,48,2025-09-23 08:00:00,2025-09-23 08:10:00,6664.9869,1110.83115,4119.6249,686.60415,1129.8349833333334,4114.9793666666665,685.8298944444444,2025-09-23 06:00:00,130,attachment3_10min_interpolation,2025-09-16 08:10:00,13.79609444444452,12.005088888888963,0.0,1.7910055555555573,0.0,12.005088888888963,12.005088888888963,0.0,432.0,19.7780888888891,0.0,3360.0,2880.0,0,1.1683,16.11797713944453,-1.0462158952777787,0.0,15.071761244166751,rolling,15509.805078695425,32786.257994444444,402.2287500000013,82.94877777777785
2025-09-23,49,2025-09-23 08:10:00,2025-09-23 08:20:00,6469.7028,1078.2838,4427.9049,737.9841500000001,1108.21465,4457.901133333334,742.9835222222223,2025-09-23 06:00:00,140,attachment3_10min_interpolation,2025-09-16 08:20:00,47.89558888888871,41.2311277777776,0.0,6.664461111111109,0.0,41.2311277777776,41.2311277777776,0.0,324.0,24.931477777777786,0.0,2880.0,2520.0,0,1.0956,52.47440718666647,-3.650791796666665,0.0,48.8236153899998,rolling,15558.628694085424,32827.48912222222,402.2287500000013,107.88025555555564
2025-09-23,50,2025-09-23 08:20:00,2025-09-23 08:30:00,6635.97,1105.995,4698.6375,783.1062499999999,1082.415,4800.8229,800.13715,2025-09-23 06:00:00,150,attachment3_10min_interpolation,2025-09-16 08:30:00,0.0,0.0,0.0,0.0,0.0,0.0,0.0,0.0,324.0,1.111250000000041,0.0,2520.0,2160.0,0,1.0849,0.0,0.0,0.0,0.0,rolling,15558.628694085424,32827.48912222222,402.2287500000013,108.99150555555568
2025-09-23,51,2025-09-23 08:30:00,2025-09-23 08:40:00,6600.0815,1100.0135833333334,4997.093,832.8488333333333,1072.1440333333333,5143.7446666666665,857.2907777777777,2025-09-23 06:00:00,160,attachment3_10min_interpolation,2025-09-16 08:40:00,15.264627777777719,0.0,0.0,15.264627777777719,51.164750000000026,51.164750000000026,51.164750000000026,0.0,216.0,0.0,0.0,2160.0,1920.0,0,1.061,16.19577007222216,-8.09788503611108,271.4289987500001,279.52688378611117,rolling,15838.155577871536,32878.653872222225,453.3935000000013,108.99150555555568
2025-09-23,52,2025-09-23 08:40:00,2025-09-23 08:50:00,6462.4233,1077.07055,5400.3214,900.0535666666666,1073.0296833333334,5486.666433333334,914.4444055555556,2025-09-23 06:00:00,170,attachment3_10min_interpolation,2025-09-16 08:50:00,0.0,0.0,0.0,0.0,0.0,0.0,0.0,0.0,216.0,38.983016666666686,0.0,1920.0,1680.0,0,1.043,0.0,0.0,0.0,0.0,rolling,15838.155577871536,32878.653872222225,453.3935000000013,147.97452222222236
2025-09-23,53,2025-09-23 08:50:00,2025-09-23 09:00:00,6427.57,1071.2616666666663,5807.85,967.975,1083.6983333333333,5829.5882,971.5980333333333,2025-09-23 06:00:00,180,attachment3_10min_interpolation,2025-09-16 09:00:00,30.258583333333263,4.100299999999947,0.0,26.158283333333316,0.0,4.100299999999947,4.100299999999947,0.0,108.0,8.813633333333769,0.0,1680.0,1560.0,0,1.036,31.347892333333263,-13.549990766666658,0.0,17.797901566666603,rolling,15855.953479438202,32882.75417222222,453.3935000000013,156.78815555555613
2025-09-23,54,2025-09-23 09:00:00,2025-09-23 09:10:00,6551.7343,1091.9557166666666,6020.5511,1003.4251833333332,1103.33735,5942.855983333334,990.4759972222223,2025-09-23 06:00:00,190,attachment3_10min_interpolation,2025-09-16 09:10:00,21.49519722222226,4.861352777777711,0.0,16.63384444444455,0.0,4.861352777777711,4.861352777777711,0.0,108.0,24.330819444444273,0.0,1560.0,1440.0,0,1.0147,21.811176621388924,-8.439180978888942,0.0,13.371995642499982,rolling,15869.325475080701,32887.615525,453.3935000000013,181.1189750000004
2025-09-23,55,2025-09-23 09:10:00,2025-09-23 09:20:00,6611.8297,1101.9716166666667,6159.4673,1026.5778833333334,1100.6318833333332,6056.123766666667,1009.3539611111111,2025-09-23 06:00:00,200,attachment3_10min_interpolation,2025-09-16 09:20:00,0.0,0.0,0.0,0.0,0.0,0.0,0.0,0.0,108.0,32.60626666666667,0.0,1440.0,1320.0,0,0.9922,0.0,0.0,0.0,0.0,rolling,15869.325475080701,32887.615525,453.3935000000013,213.72524166666707
2025-09-23,56,2025-09-23 09:20:00,2025-09-23 09:30:00,6584.42,1097.4033333333334,6306.2625,1051.04375,1067.888333333333,6169.39155,1028.231925,2025-09-23 06:00:00,210,attachment3_10min_interpolation,2025-09-16 09:30:00,37.241374999999834,39.65640833333305,2.415033333333213,0.0,6.7031750000003285,46.359583333333376,46.359583333333376,0.0,0.0,0.0,0.0,1320.0,1320.0,0,0.97,36.124133749999835,3.513873499999825,32.51039875000159,72.14840600000124,rolling,15941.473881080703,32933.97510833333,460.09667500000165,213.72524166666707
2025-09-23,57,2025-09-23 09:30:00,2025-09-23 09:40:00,6627.8893,1104.6482166666667,6423.4053,1070.56755,1033.42455,6282.659333333334,1047.109888888889,2025-09-23 06:00:00,220,attachment3_10min_interpolation,2025-09-16 09:40:00,0.0,0.0,0.0,0.0,34.08066666666673,34.08066666666673,34.08066666666673,0.0,0.0,0.0,0.0,1320.0,1320.0,0,0.9422,0.0,0.0,160.554020666667,160.554020666667,rolling,16102.02790174737,32968.055775,494.1773416666684,213.72524166666707
2025-09-23,58,2025-09-23 09:40:00,2025-09-23 09:50:00,6567.1756,1094.529266666667,6483.305,1080.5508333333337,1041.5923333333333,6395.927116666667,1065.9878527777778,2025-09-23 06:00:00,230,attachment3_10min_interpolation,2025-09-16 09:50:00,0.0,0.0,0.0,0.0,13.978433333333214,13.978433333333214,13.978433333333214,0.0,0.0,0.0,0.0,1320.0,1320.0,0,0.9569,0.0,0.0,66.87981428333276,66.87981428333276,rolling,16168.907716030702,32982.03420833333,508.1557750000016,213.72524166666707
2025-09-23,59,2025-09-23 09:50:00,2025-09-23 10:00:00,6455.96,1075.993333333333,6487.7625,1081.29375,1080.1366666666663,6509.1949,1084.8658166666667,2025-09-23 06:00:00,240,attachment3_10min_interpolation,2025-09-16 10:00:00,0.0,0.0,0.0,0.0,0.0,0.0,0.0,0.0,0.0,5.3004166666669335,0.0,1320.0,1320.0,0,0.9977,0.0,0.0,0.0,0.0,rolling,16168.907716030702,32982.03420833333,508.1557750000016,219.025658333334
2025-09-23,60,2025-09-23 10:00:00,2025-09-23 10:10:00,6527.0912,1087.8485333333333,6506.7574,1084.459566666667,1092.8445,6679.203283333334,1113.2005472222224,2025-09-23 06:00:00,250,attachment3_10min_interpolation,2025-09-16 10:10:00,0.0,0.0,0.0,0.0,3.3889666666664198,3.3889666666664198,3.3889666666664198,0.0,0.0,0.0,0.0,1320.0,1320.0,0,0.9919,0.0,0.0,16.80758018333211,16.80758018333211,rolling,16185.715296214035,32985.423174999996,511.544741666668,219.025658333334
2025-09-23,61,2025-09-23 10:10:00,2025-09-23 10:20:00,6488.4499,1081.408316666667,6763.9313,1127.3218833333333,1088.37695,6849.211666666667,1141.5352777777778,2025-09-23 06:00:00,260,attachment3_10min_interpolation,2025-09-16 10:20:00,0.0,0.0,0.0,0.0,0.0,0.0,0.0,0.0,0.0,45.913566666666384,0.0,1320.0,1320.0,0,0.9588,0.0,0.0,0.0,0.0,rolling,16185.715296214035,32985.423174999996,511.544741666668,264.9392250000004
2025-09-23,62,2025-09-23 10:20:00,2025-09-23 10:30:00,6336.11,1056.0183333333332,7139.7,1189.95,1083.6883333333333,7019.220050000001,1169.8700083333335,2025-09-23 06:00:00,270,attachment3_10min_interpolation,2025-09-16 10:30:00,0.0,0.0,0.0,0.0,0.0,0.0,0.0,0.0,0.0,133.93166666666684,0.0,1320.0,1320.0,0,0.9549,0.0,0.0,0.0,0.0,rolling,16185.715296214035,32985.423174999996,511.544741666668,398.87089166666726
2025-09-23,63,2025-09-23 10:30:00,2025-09-23 10:40:00,6376.9432,1062.8238666666666,7257.6775,1209.6129166666667,1083.5624166666666,7189.228433333334,1198.2047388888889,2025-09-23 06:00:00,280,attachment3_10min_interpolation,2025-09-16 10:40:00,62.75516111111105,18.691011111111123,0.0,44.06414999999993,0.0,18.691011111111123,18.691011111111123,133.33333333333334,0.0,32.14672777777787,0.0,1320.0,1440.0,1,0.9839,61.74480301722216,-21.677358592499964,0.0,40.0674444247222,rolling,16225.782740638757,33004.11418611111,511.544741666668,431.01761944444513
2025-09-23,64,2025-09-23 10:40:00,2025-09-23 10:50:00,6473.6947,1078.949116666667,7240.5731,1206.7621833333333,1079.1169666666667,7359.236816666667,1226.5394694444446,2025-09-23 06:00:00,290,attachment3_10min_interpolation,2025-09-16 10:50:00,48.73810555555551,0.0,0.0,48.73810555555551,5.520266666666885,5.520266666666885,5.520266666666885,133.33333333333334,0.0,0.0,0.0,1440.0,1560.0,1,0.799,38.941746338888855,-19.470873169444427,22.053465333334206,41.52433850277863,rolling,16267.307079141536,33009.63445277778,517.0650083333348,431.01761944444513
2025-09-23,65,2025-09-23 10:50:00,2025-09-23 11:00:00,6470.56,1078.4266666666667,7359.675,1226.6125,1073.275,7529.2452,1254.8742,2025-09-23 06:00:00,300,attachment3_10min_interpolation,2025-09-16 11:00:00,299.99120000000016,218.40080000000012,0.0,81.59040000000005,33.41336666666666,251.81416666666678,251.81416666666678,400.0,0.0,0.0,0.0,1560.0,1920.0,1,0.5025,150.74557800000005,-20.49958800000001,83.95108374999998,214.19707375000002,rolling,16481.504152891535,33261.44861944444,550.4783750000015,431.01761944444513
2025-09-23,66,2025-09-23 11:00:00,2025-09-23 11:10:00,6357.1346,1059.5224333333333,7784.7849,1297.46415,1078.8649333333333,7741.659933333333,1290.2766555555556,2025-09-23 06:00:00,310,attachment3_10min_interpolation,2025-09-16 11:10:00,658.3040194444443,588.5882777777776,0.0,69.71574166666664,0.0,588.5882777777776,588.5882777777776,800.0,0.0,26.529994444444355,0.0,1920.0,2640.0,1,0.4662,306.9013338649999,-16.250739382499994,0.0,290.6505944824999,rolling,16772.154747374036,33850.03689722222,550.4783750000015,457.5476138888895
2025-09-23,67,2025-09-23 11:10:00,2025-09-23 11:20:00,6310.6975,1051.7829166666668,8209.6886,1368.281433333333,1087.894,7954.074666666666,1325.679111111111,2025-09-23 06:00:00,320,attachment3_10min_interpolation,2025-09-16 11:20:00,620.0559722222222,562.2148888888889,0.0,57.841083333333245,0.0,562.2148888888889,562.2148888888889,800.0,0.0,78.71340555555525,0.0,2640.0,3360.0,1,0.5007,310.4620252916667,-14.480515212499979,0.0,295.9815100791667,rolling,17068.136257453203,34412.25178611111,550.4783750000015,536.2610194444447
2025-09-23,68,2025-09-23 11:20:00,2025-09-23 11:30:00,6431.52,1071.92,8399.7375,1399.95625,1088.5183333333332,8166.489399999999,1361.0815666666665,2025-09-23 06:00:00,330,attachment3_10min_interpolation,2025-09-16 11:30:00,573.4031916666663,527.4367666666667,0.0,45.96642499999962,0.0,527.4367666666667,527.4367666666667,800.0,0.0,55.47301666666658,0.0,3360.0,4080.0,1,0.4827,276.78172061749984,-11.093996673749908,0.0,265.6877239437499,rolling,17333.823981396952,34939.68855277778,550.4783750000015,591.7340361111113
2025-09-23,69,2025-09-23 11:30:00,2025-09-23 11:40:00,6604.0357,1100.6726166666667,8379.679,1396.6131666666668,1072.86995,8378.904133333333,1396.4840222222222,2025-09-23 06:00:00,340,attachment3_10min_interpolation,2025-09-16 11:40:00,510.4776944444443,476.38592777777785,0.0,34.091766666666445,27.673522222222118,504.05944999999997,504.05944999999997,800.0,0.0,0.0,0.0,4080.0,4800.0,1,0.4785,244.2635767916666,-8.156455174999946,66.20890191666642,302.31602353333307,rolling,17636.140004930287,35443.74800277778,578.1518972222236,591.7340361111113
2025-09-23,70,2025-09-23 11:40:00,2025-09-23 11:50:00,6371.5522,1061.9253666666666,8435.4109,1405.9018166666667,1043.0022166666663,8591.318866666667,1431.8864777777778,2025-09-23 06:00:00,350,attachment3_10min_interpolation,2025-09-16 11:50:00,433.33284722222174,411.1157388888885,0.0,22.21710833333327,44.907811111111414,456.0235499999999,456.0235499999999,800.0,0.0,0.0,0.0,4800.0,5520.0,1,0.4662,202.01977337499977,-5.1788079524999855,104.6801077000007,301.52107312250047,rolling,17937.661078052788,35899.77155277778,623.059708333335,591.7340361111113
2025-09-23,71,2025-09-23 11:50:00,2025-09-23 12:00:00,5893.69,982.2816666666666,8613.5625,1435.59375,1005.695,8803.7336,1467.2889333333333,2025-09-23 06:00:00,360,attachment3_10min_interpolation,2025-09-16 12:00:00,348.74851666666666,338.4060666666668,0.0,10.342449999999872,8.28184999999985,346.68791666666664,346.68791666666664,800.0,0.0,0.0,0.0,5520.0,6240.0,1,0.4432,154.56534258666665,-2.2918869199999716,18.352579599999665,170.62603526666635,rolling,18108.287113319453,36246.459469444446,631.3415583333349,591.7340361111113
2025-09-23,72,2025-09-23 12:00:00,2025-09-23 12:10:00,5815.5593,969.2598833333332,8690.3915,1448.3985833333334,976.1704666666666,8544.144683333334,1424.024113888889,2025-09-23 12:00:00,10,observed_anchor_linear_to_h1,2025-09-16 12:10:00,345.1653583333331,218.8130194444443,0.0,126.35233888888877,0.0,218.8130194444443,218.8130194444443,666.6666666666666,0.0,31.28505277777799,0.0,6240.0,6840.0,1,0.4411,152.2524395608332,-27.867008341944416,0.0,124.3854312188888,rolling,18232.67254453834,36465.27248888889,631.3415583333349,623.0190888888893
2025-09-23,73,2025-09-23 12:10:00,2025-09-23 12:20:00,5929.8452,988.3075333333333,8581.2694,1430.2115666666666,991.4196666666668,8474.726866666666,1412.4544777777776,2025-09-23 12:00:00,20,observed_anchor_linear_to_h1,2025-09-16 12:20:00,386.3559333333334,378.9651888888892,0.0,7.390744444444181,0.0,378.9651888888892,378.9651888888892,800.0,0.0,20.86922222222279,0.0,6840.0,7560.0,1,0.4551,175.83058526000002,-1.6817638983332734,0.0,174.14882136166673,rolling,18406.82136590001,36844.23767777778,631.3415583333349,643.8883111111121
2025-09-23,74,2025-09-23 12:20:00,2025-09-23 12:30:00,5958.43,993.0716666666668,8484.4875,1414.08125,1026.76,8405.30905,1400.8848416666667,2025-09-23 12:00:00,30,observed_anchor_linear_to_h1,2025-09-16 12:30:00,447.6376416666667,425.8751583333333,0.0,21.76248333333342,0.0,425.8751583333333,425.8751583333333,800.0,0.0,46.884741666666514,0.0,7560.0,8280.0,1,0.4463,199.78067947583332,-4.856298155833352,0.0,194.92438131999998,rolling,18601.74574722001,37270.11283611112,631.3415583333349,690.7730527777786
2025-09-23,75,2025-09-23 12:30:00,2025-09-23 12:40:00,5882.5546,980.4257666666668,8645.3297,1440.8882833333334,1019.67155,8335.891233333334,1389.3152055555556,2025-09-23 12:00:00,40,observed_anchor_linear_to_h1,2025-09-16 12:40:00,466.4905666666666,430.3563444444444,0.0,36.134222222222206,0.0,430.3563444444444,430.3563444444444,800.0,0.0,90.81886111111112,0.0,8280.0,9000.0,1,0.4113,191.86757006999997,-7.431002799999996,0.0,184.43656726999998,rolling,18786.18231449001,37700.46918055556,631.3415583333349,781.5919138888897
2025-09-23,76,2025-09-23 12:40:00,2025-09-23 12:50:00,6091.5912,1015.2652,8546.664,1424.4440000000002,1021.65205,8266.473416666666,1377.7455694444443,2025-09-23 12:00:00,50,observed_anchor_linear_to_h1,2025-09-16 12:50:00,94.41244166666672,43.90648055555573,0.0,50.50596111111099,0.0,43.90648055555573,43.90648055555573,400.0,0.0,53.085280555555755,0.0,9000.0,9360.0,1,0.5682,53.64514935500004,-14.348743551666633,0.0,39.2964058033334,rolling,18825.478720293344,37744.37566111112,631.3415583333349,834.6771944444455
2025-09-23,77,2025-09-23 12:50:00,2025-09-23 13:00:00,6408.53,1068.0883333333334,8135.1375,1355.85625,1045.2616666666663,8197.0556,1366.1759333333332,2025-09-23 12:00:00,60,attachment3_10min_interpolation,2025-09-16 13:00:00,10.6300999999998,0.0,0.0,10.6300999999998,0.0,0.0,0.0,266.6666666666667,0.0,21.101249999999936,0.0,9360.0,9600.0,1,0.8279,8.800659789999834,-4.400329894999917,0.0,4.400329894999917,rolling,18829.879050188345,37744.37566111112,631.3415583333349,855.7784444444454
2025-09-23,78,2025-09-23 13:00:00,2025-09-23 13:10:00,6253.4833,1042.2472166666666,7884.9488,1314.1581333333334,1044.5670833333334,8027.901699999999,1337.9836166666666,2025-09-23 12:00:00,70,attachment3_10min_interpolation,2025-09-16 13:10:00,37.93202777777782,0.0,0.0,37.93202777777782,0.0,0.0,0.0,266.6666666666667,0.0,5.244249999999965,0.0,9600.0,9840.0,1,0.8636,32.75809918888893,-16.379049594444464,0.0,16.379049594444464,rolling,18846.25809978279,37744.37566111112,631.3415583333349,861.0226944444454
2025-09-23,79,2025-09-23 13:10:00,2025-09-23 13:20:00,6080.4251,1013.4041833333334,7754.0988,1292.3498,1014.05495,7858.7478,1309.7913,2025-09-23 12:00:00,80,attachment3_10min_interpolation,2025-09-16 13:20:00,35.41640555555563,0.0,0.0,35.41640555555563,0.0,0.0,0.0,266.6666666666667,0.0,12.278949999999895,0.0,9840.0,10080.0,1,0.8416,29.806446915555618,-14.903223457777809,0.0,14.903223457777809,rolling,18861.16132324057,37744.37566111112,631.3415583333349,873.3016444444453
2025-09-23,80,2025-09-23 13:20:00,2025-09-23 13:30:00,6115.63,1019.2716666666666,7607.2875,1267.88125,997.2083333333334,7689.5939,1281.5989833333333,2025-09-23 12:00:00,90,attachment3_10min_interpolation,2025-09-16 13:30:00,46.56630000000024,0.0,0.0,46.56630000000024,18.057083333333367,18.057083333333367,18.057083333333367,266.6666666666667,0.0,0.0,0.0,10080.0,10320.0,1,0.8618,40.130837340000205,-20.065418670000103,77.80797208333348,97.87339075333358,rolling,18959.034713993904,37762.43274444445,649.3986416666683,873.3016444444453
2025-09-23,81,2025-09-23 13:30:00,2025-09-23 13:40:00,6161.9414,1026.9902333333332,7394.5585,1232.426416666667,1041.6591166666667,7520.44,1253.4066666666665,2025-09-23 12:00:00,100,attachment3_10min_interpolation,2025-09-16 13:40:00,0.0,0.0,0.0,0.0,0.0,0.0,0.0,133.33333333333334,0.0,72.10285000000044,0.0,10320.0,10440.0,1,0.8623,0.0,0.0,0.0,0.0,rolling,18959.034713993904,37762.43274444445,649.3986416666683,945.4044944444457
2025-09-23,82,2025-09-23 13:40:00,2025-09-23 13:50:00,6291.8498,1048.6416333333334,7228.1769,1204.69615,1062.9396333333334,7351.2861,1225.21435,2025-09-23 12:00:00,110,attachment3_10min_interpolation,2025-09-16 13:50:00,34.95728888888888,0.0,0.0,34.95728888888888,0.0,0.0,0.0,133.33333333333334,0.0,22.72118333333333,0.0,10440.0,10560.0,1,0.9026,31.552448951111103,-15.776224475555551,0.0,15.776224475555551,rolling,18974.810938469458,37762.43274444445,649.3986416666683,968.1256777777791
2025-09-23,83,2025-09-23 13:50:00,2025-09-23 14:00:00,6409.53,1068.255,7094.9625,1182.49375,1031.275,7182.1322,1197.0220333333334,2025-09-23 12:00:00,120,attachment3_10min_interpolation,2025-09-16 14:00:00,31.289166666666773,0.0,0.0,31.289166666666773,19.094583333333276,19.094583333333276,19.094583333333276,133.33333333333334,0.0,0.0,0.0,10560.0,10680.0,1,0.9754,30.51945316666677,-15.259726583333386,93.1242829166664,108.38400949999979,rolling,19083.19494796946,37781.52732777778,668.4932250000015,968.1256777777791
2025-09-23,84,2025-09-23 14:00:00,2025-09-23 14:10:00,6298.6605,1049.77675,6838.0168,1139.6694666666667,1000.7743333333332,6783.6456,1130.6076,2025-09-23 12:00:00,130,attachment3_10min_interpolation,2025-09-16 14:10:00,0.0,3.50006666666647,3.50006666666647,0.0,39.94055000000003,43.4406166666665,43.4406166666665,133.33333333333334,0.0,0.0,0.0,10680.0,10800.0,1,1.0002,0.0,5.251150019999705,199.74269055000013,204.99384056999983,rolling,19288.18878853946,37824.96794444445,708.4337750000016,968.1256777777791
2025-09-23,85,2025-09-23 14:10:00,2025-09-23 14:20:00,6212.8259,1035.4709833333334,6393.4647,1065.57745,1006.6453166666666,6385.159,1064.1931666666667,2025-09-23 12:00:00,140,attachment3_10min_interpolation,2025-09-16 14:20:00,10.045272222222252,0.0,0.0,10.045272222222252,0.0,0.0,0.0,0.0,0.0,30.10646666666662,0.0,10800.0,10800.0,0,0.9978,10.023172623333362,-5.011586311666681,0.0,5.011586311666681,rolling,19293.200374851127,37824.96794444445,708.4337750000016,998.2321444444457
2025-09-23,86,2025-09-23 14:20:00,2025-09-23 14:30:00,6236.6,1039.4333333333334,5854.05,975.675,1035.3933333333332,5986.6724,997.7787333333334,2025-09-23 12:00:00,150,attachment3_10min_interpolation,2025-09-16 14:30:00,0.0,0.0,0.0,0.0,0.0,0.0,0.0,0.0,108.0,44.24166666666656,0.0,10800.0,10680.0,0,1.0271,0.0,0.0,0.0,0.0,rolling,19293.200374851127,37824.96794444445,708.4337750000016,1042.4738111111124
2025-09-23,87,2025-09-23 14:30:00,2025-09-23 14:40:00,6217.1274,1036.1879,5393.4146,898.9024333333333,1043.5381,5588.1858,931.3643000000001,2025-09-23 12:00:00,160,attachment3_10min_interpolation,2025-09-16 14:40:00,75.65717777777775,4.173799999999915,0.0,71.48337777777783,25.111666666666565,29.28546666666648,29.28546666666648,0.0,108.0,0.0,0.0,10680.0,10560.0,0,1.0906,82.51171808444441,-38.97988590222225,136.9339183333328,180.46575051555496,rolling,19473.666125366683,37854.253411111116,733.5454416666681,1042.4738111111124
2025-09-23,88,2025-09-23 14:40:00,2025-09-23 14:50:00,6206.2876,1034.3812666666663,4990.8009,831.80015,1039.13225,5189.6992,864.9498666666667,2025-09-23 12:00:00,170,attachment3_10min_interpolation,2025-09-16 14:50:00,31.610888888889008,0.0,0.0,31.610888888889008,0.0,0.0,0.0,0.0,216.0,13.418883333333724,0.0,10560.0,10320.0,0,0.9376,29.638369422222333,-14.819184711111166,0.0,14.819184711111166,rolling,19488.485310077795,37854.253411111116,733.5454416666681,1055.892694444446
2025-09-23,89,2025-09-23 14:50:00,2025-09-23 15:00:00,6262.68,1043.78,4761.6375,793.6062499999999,1030.8866666666663,4791.2126,798.5354333333333,2025-09-23 12:00:00,180,attachment3_10min_interpolation,2025-09-16 15:00:00,307.72486666666634,232.35123333333297,0.0,75.37363333333337,17.82251666666707,250.17375000000004,250.17375000000004,0.0,0.0,0.0,0.0,10320.0,10320.0,0,0.6694,205.99102574666645,-25.22755507666668,59.65196328333468,240.41543395333446,rolling,19728.90074403113,38104.42716111112,751.3679583333352,1055.892694444446
2025-09-23,90,2025-09-23 15:00:00,2025-09-23 15:10:00,6377.3851,1062.897516666667,4842.082,807.0136666666667,1024.69835,4590.26555,765.0442583333333,2025-09-23 12:00:00,190,attachment3_10min_interpolation,2025-09-16 15:10:00,866.3952138888887,792.9874249999999,0.0,73.40778888888883,0.0,792.9874249999999,792.9874249999999,533.3333333333334,0.0,3.7702416666662657,0.0,10320.0,10800.0,1,0.66,571.8208411666666,-24.224570333333315,0.0,547.5962708333333,rolling,20276.49701486446,38897.41458611112,751.3679583333352,1059.6629361111122
2025-09-23,91,2025-09-23 15:10:00,2025-09-23 15:20:00,6461.0017,1076.8336166666666,4734.2965,789.0494166666667,1062.3220666666666,4389.3185,731.5530833333333,2025-09-23 12:00:00,200,attachment3_10min_interpolation,2025-09-16 15:20:00,402.2109277777778,330.76898333333327,0.0,71.44194444444452,0.0,330.76898333333327,330.76898333333327,0.0,0.0,42.98478333333344,0.0,10800.0,10800.0,0,0.7217,290.2756265772222,-25.779825652777802,0.0,264.49580092444444,rolling,20540.992815788904,39228.18356944445,751.3679583333352,1102.6477194444456
2025-09-23,92,2025-09-23 15:20:00,2025-09-23 15:30:00,6382.45,1063.7416666666666,4417.2375,736.2062500000001,1110.9633333333334,4188.37145,698.0619083333332,2025-09-23 12:00:00,210,attachment3_10min_interpolation,2025-09-16 15:30:00,482.377525,412.90142500000013,0.0,69.47609999999986,0.0,412.90142500000013,412.90142500000013,0.0,0.0,85.36600833333364,0.0,10800.0,10800.0,0,0.7308,352.52149527,-25.38656693999995,0.0,327.13492833000004,rolling,20868.127744118905,39641.084994444456,751.3679583333352,1188.0137277777792
2025-09-23,93,2025-09-23 15:30:00,2025-09-23 15:40:00,6120.1976,1020.0329333333334,4306.354,717.7256666666667,1087.0565166666668,3987.4244,664.5707333333334,2025-09-23 12:00:00,220,attachment3_10min_interpolation,2025-09-16 15:40:00,489.99603888888896,422.4857833333334,0.0,67.51025555555555,0.0,422.4857833333334,422.4857833333334,0.0,0.0,120.17851666666672,0.0,10800.0,10800.0,0,0.7534,369.1630156988889,-25.43111326777777,0.0,343.7319024311111,rolling,21211.859646550016,40063.570777777786,751.3679583333352,1308.1922444444458
2025-09-23,94,2025-09-23 15:40:00,2025-09-23 15:50:00,6153.6297,1025.60495,4035.9346,672.6557666666666,1037.8845833333332,3786.47735,631.0795583333334,2025-09-23 12:00:00,230,attachment3_10min_interpolation,2025-09-16 15:50:00,472.349436111111,406.8050249999999,0.0,65.54441111111112,0.0,406.8050249999999,406.8050249999999,0.0,0.0,53.855841666666606,0.0,10800.0,10800.0,0,0.7823,369.51896386972214,-25.637696406111115,0.0,343.88126746361104,rolling,21555.740914013626,40470.37580277779,751.3679583333352,1362.0480861111123
2025-09-23,95,2025-09-23 15:50:00,2025-09-23 16:00:00,6505.17,1084.195,3543.675,590.6125000000001,1028.8983333333333,3585.5303,597.5883833333334,2025-09-23 12:00:00,240,attachment3_10min_interpolation,2025-09-16 16:00:00,494.88851666666665,431.30994999999996,0.0,63.57856666666669,62.27254999999991,493.58249999999987,493.58249999999987,0.0,0.0,0.0,0.0,10800.0,10800.0,0,0.8055,398.63270017499997,-25.60626772500001,250.80269512499962,623.8291275749996,rolling,22179.570041588624,40963.958302777784,813.6405083333351,1362.0480861111123
2025-09-23,96,2025-09-23 16:00:00,2025-09-23 16:10:00,6704.9712,1117.4952,3168.3753,528.06255,1079.5205166666667,3228.23035,538.0383916666666,2025-09-23 12:00:00,250,attachment3_10min_interpolation,2025-09-16 16:10:00,598.7292944444446,541.4821250000001,0.0,57.24716944444447,47.95052499999997,589.4326500000001,589.4326500000001,0.0,0.0,0.0,0.0,10800.0,10800.0,0,0.8271,495.20899943500007,-23.674566923750007,198.29939613749985,669.8338286487499,rolling,22849.403870237373,41553.39095277779,861.5910333333351,1362.0480861111123
2025-09-23,97,2025-09-23 16:10:00,2025-09-23 16:20:00,6651.3841,1108.5640166666667,2836.5022,472.75036666666665,1092.01325,2870.9304,478.4884,2025-09-23 12:00:00,260,attachment3_10min_interpolation,2025-09-16 16:20:00,664.4406222222221,613.52485,0.0,50.91577222222213,22.288800000000037,635.81365,635.81365,0.0,0.0,0.0,0.0,10800.0,10800.0,0,0.8519,566.036966071111,-21.687573178055516,94.93914360000016,639.2885364930556,rolling,23488.692406730428,42189.20460277778,883.8798333333351,1362.0480861111123
2025-09-23,98,2025-09-23 16:20:00,2025-09-23 16:30:00,6512.95,1085.4916666666666,2503.5375,417.25625,1055.49,2513.63045,418.93840833333337,2025-09-23 12:00:00,270,attachment3_10min_interpolation,2025-09-16 16:30:00,681.1359666666667,636.5515916666666,0.0,44.584375000000136,31.683824999999956,668.2354166666665,668.2354166666665,0.0,0.0,0.0,0.0,10800.0,10800.0,0,0.8791,598.7866282966667,-19.59706203125006,139.2662527874998,718.4558190529165,rolling,24207.148225783345,42857.44001944445,915.5636583333351,1362.0480861111123
2025-09-23,99,2025-09-23 16:30:00,2025-09-23 16:40:00,6516.7553,1086.1258833333334,2218.6701,369.77835,1053.40615,2156.3305,359.38841666666667,2025-09-23 12:00:00,280,attachment3_10min_interpolation,2025-09-16 16:40:00,732.2707111111112,694.0177333333334,0.0,38.2529777777778,22.329800000000034,716.3475333333333,716.3475333333333,0.0,0.0,0.0,0.0,10800.0,10800.0,0,0.9024,660.8010897066667,-17.259743573333342,100.75205760000014,744.2934037333335,rolling,24951.441629516677,43573.78755277779,937.893458333335,1362.0480861111123
2025-09-23,100,2025-09-23 16:40:00,2025-09-23 16:50:00,6452.5286,1075.4214333333332,1863.5925,310.59875,1082.0534666666667,1799.0305500000002,299.83842500000003,2025-09-23 12:00:00,290,attachment3_10min_interpolation,2025-09-16 16:50:00,814.1366222222223,782.2150416666667,0.0,31.92158055555558,0.0,782.2150416666667,782.2150416666667,0.0,0.0,17.392358333333505,0.0,10800.0,10800.0,0,0.9163,745.9933869422223,-14.62487213152779,0.0,731.3685148106945,rolling,25682.810144327374,44356.00259444446,937.893458333335,1379.4404444444458
2025-09-23,101,2025-09-23 16:50:00,2025-09-23 17:00:00,6349.71,1058.285,1465.3875,244.23125,1099.9783333333332,1441.7306,240.28843333333336,2025-09-23 12:00:00,300,attachment3_10min_interpolation,2025-09-16 17:00:00,885.2800833333332,859.6898999999999,0.0,25.590183333333357,0.0,859.6898999999999,859.6898999999999,0.0,0.0,45.63614999999976,0.0,10800.0,10800.0,0,0.9264,820.1234691999999,-11.85337292000001,0.0,808.27009628,rolling,26491.080240607374,45215.692494444454,937.893458333335,1425.0765944444456
2025-09-23,102,2025-09-23 17:00:00,2025-09-23 17:10:00,6441.2731,1073.5455166666668,1178.7512,196.4585333333333,1074.0366833333333,1201.4421666666667,200.24036111111113,2025-09-23 12:00:00,310,attachment3_10min_interpolation,2025-09-16 17:10:00,895.1214749999999,873.7963222222221,0.0,21.325152777777816,3.2906611111114046,877.0869833333335,877.0869833333335,0.0,0.0,0.0,0.0,10800.0,10800.0,0,0.9462,846.963939645,-10.088929779166685,15.568117716668054,852.4431275825013,rolling,27343.523368189875,46092.77947777779,941.1841194444464,1425.0765944444456
2025-09-23,103,2025-09-23 17:10:00,2025-09-23 17:20:00,6397.9351,1066.3225166666666,917.9154,152.9859,1060.8777166666666,961.1537333333332,160.19228888888887,2025-09-23 12:00:00,320,attachment3_10min_interpolation,2025-09-16 17:20:00,917.74555,900.6854277777777,0.0,17.060122222222276,12.651188888888925,913.3366166666666,913.3366166666666,0.0,0.0,0.0,0.0,10800.0,10800.0,0,0.9742,894.06771481,-8.30998553444447,61.62394107777794,947.3816703533334,rolling,28290.90503854321,47006.11609444446,953.8353083333353,1425.0765944444456
2025-09-23,104,2025-09-23 17:20:00,2025-09-23 17:30:00,6368.49,1061.415,630.1875,105.03125,1090.513333333333,720.8653,120.14421666666668,2025-09-23 12:00:00,330,attachment3_10min_interpolation,2025-09-16 17:30:00,983.1642083333331,970.3691166666664,0.0,12.795091666666735,0.0,970.3691166666664,970.3691166666664,0.0,0.0,13.985366666666437,0.0,10800.0,10800.0,0,0.9862,969.5965422583331,-6.309259700833367,0.0,963.2872825574997,rolling,29254.19232110071,47976.485211111125,953.8353083333353,1439.061961111112
2025-09-23,105,2025-09-23 17:30:00,2025-09-23 17:40:00,6667.634,1111.272333333333,356.458,59.40966666666667,1117.1051666666667,480.57686666666666,80.09614444444445,2025-09-23 12:00:00,340,attachment3_10min_interpolation,2025-09-16 17:40:00,1045.5390833333333,1037.0090222222223,0.0,8.530061111111081,14.853644444444178,1051.8626666666664,1051.8626666666664,0.0,0.0,0.0,0.0,10800.0,10800.0,0,0.976,1020.4461453333333,-4.162669822222208,72.4857848888876,1088.7692603999988,rolling,30342.96158150071,49028.34787777779,968.6889527777795,1439.061961111112
2025-09-23,106,2025-09-23 17:40:00,2025-09-23 17:50:00,5886.4358,981.0726333333332,131.4439,21.90731666666667,998.7632333333332,240.2884333333333,40.04807222222222,2025-09-23 12:00:00,350,attachment3_10min_interpolation,2025-09-16 17:50:00,962.9801916666665,958.715161111111,0.0,4.265030555555541,0.45015555555554343,959.1653166666665,959.1653166666665,0.0,0.0,0.0,0.0,10800.0,10800.0,0,1.0742,1034.4333218883332,-2.290747911388881,2.417785488888824,1034.560359465833,rolling,31377.52194096654,49987.51319444446,969.139108333335,1439.061961111112
2025-09-23,107,2025-09-23 17:50:00,2025-09-23 18:00:00,4515.87,752.645,0.0,0.0,805.8466666666667,0.0,0.0,2025-09-23 12:00:00,360,attachment3_10min_interpolation,2025-09-16 18:00:00,805.8466666666667,805.8466666666667,0.0,0.0,0.0,805.8466666666667,805.8466666666667,0.0,0.0,0.0,53.20166666666671,10800.0,10800.0,0,1.2313,992.2390006666667,0.0,0.0,992.2390006666667,rolling,32369.76094163321,50793.35986111112,969.139108333335,1439.061961111112
2025-09-23,108,2025-09-23 18:00:00,2025-09-23 18:10:00,4585.9791,764.32985,0.0,0.0,764.1748666666667,0.0,0.0,2025-09-23 18:00:00,10,observed_anchor_linear_to_h1,2025-09-16 18:10:00,764.1748666666667,764.1748666666667,0.0,0.0,0.15498333333323444,764.32985,764.32985,0.0,0.0,0.0,0.0,10800.0,10800.0,0,1.2561,959.8800500200001,0.0,0.9733728249993789,960.8534228449995,rolling,33330.614364478206,51557.689711111125,969.2940916666682,1439.061961111112
2025-09-23,109,2025-09-23 18:10:00,2025-09-23 18:20:00,4985.787,830.9645,4.4234,0.7372333333333333,783.3493333333332,0.0,0.0,2025-09-23 18:00:00,20,observed_anchor_linear_to_h1,2025-09-16 18:20:00,783.3493333333332,783.3493333333332,0.0,0.0,46.87793333333349,830.2272666666668,830.2272666666668,0.0,0.0,0.0,0.0,10800.0,10800.0,0,1.2447,975.0349151999998,0.0,291.74481810000094,1266.7797333000008,rolling,34597.394097778204,52387.91697777779,1016.1720250000017,1439.061961111112
2025-09-23,110,2025-09-23 18:20:00,2025-09-23 18:30:00,5006.5,834.4166666666666,0.0,0.0,801.09,0.0,0.0,2025-09-23 18:00:00,30,observed_anchor_linear_to_h1,2025-09-16 18:30:00,801.09,801.09,0.0,0.0,33.3266666666666,834.4166666666666,834.4166666666666,0.0,0.0,0.0,0.0,10800.0,10800.0,0,1.2545,1004.967405,0.0,209.04151666666624,1214.0089216666663,rolling,35811.40301944487,53222.33364444446,1049.4986916666683,1439.061961111112
2025-09-23,111,2025-09-23 18:30:00,2025-09-23 18:40:00,5016.9579,836.15965,0.0,0.0,838.19785,0.0,0.0,2025-09-23 18:00:00,40,observed_anchor_linear_to_h1,2025-09-16 18:40:00,838.19785,838.19785,0.0,0.0,0.0,838.19785,838.19785,0.0,0.0,0.0,2.0381999999999607,10800.0,10800.0,0,1.2522,1049.59134777,0.0,0.0,1049.59134777,rolling,36860.99436721487,54060.531494444454,1049.4986916666683,1439.061961111112
2025-09-23,112,2025-09-23 18:40:00,2025-09-23 18:50:00,4862.5058,810.4176333333334,0.3176,0.0529333333333333,814.9752333333332,0.0,0.0,2025-09-23 18:00:00,50,observed_anchor_linear_to_h1,2025-09-16 18:50:00,490.9752333333332,490.9752333333332,0.0,0.0,0.0,490.9752333333332,490.9752333333332,0.0,324.0,0.0529333333333333,4.55759999999986,10800.0,10440.0,0,1.2881,632.4251980566665,0.0,0.0,632.4251980566665,rolling,37493.41956527154,54551.506727777785,1049.4986916666683,1439.1148944444453
2025-09-23,113,2025-09-23 18:50:00,2025-09-23 19:00:00,4664.56,777.4266666666667,0.0,0.0,767.1333333333333,0.0,0.0,2025-09-23 18:00:00,60,attachment3_10min_interpolation,2025-09-16 19:00:00,11.133333333333326,11.133333333333326,0.0,0.0,10.293333333333408,21.426666666666733,21.426666666666733,0.0,756.0,0.0,0.0,10440.0,9600.0,0,1.3466,14.992146666666656,0.0,69.30501333333383,84.29716000000049,rolling,37577.716725271544,54572.93339444445,1059.7920250000016,1439.1148944444453
2025-09-23,114,2025-09-23 19:00:00,2025-09-23 19:10:00,4794.5933,799.0988833333334,0.0,0.0,813.1525166666667,0.0,0.0,2025-09-23 18:00:00,70,attachment3_10min_interpolation,2025-09-16 19:10:00,57.152516666666656,57.152516666666656,0.0,0.0,0.0,57.152516666666656,57.152516666666656,0.0,756.0,0.0,14.05363333333321,9600.0,8760.0,0,1.3523,77.28734828833332,0.0,0.0,77.28734828833332,rolling,37655.00407355988,54630.08591111112,1059.7920250000016,1439.1148944444453
2025-09-23,115,2025-09-23 19:10:00,2025-09-23 19:20:00,4953.598,825.5996666666666,0.0228,0.0038,841.5716000000001,0.0,0.0,2025-09-23 18:00:00,80,attachment3_10min_interpolation,2025-09-16 19:20:00,85.5716000000001,85.5716000000001,0.0,0.0,0.0,85.5716000000001,85.5716000000001,0.0,756.0,0.0038,15.971933333333437,8760.0,7920.0,0,1.3445,115.05101620000013,0.0,0.0,115.05101620000013,rolling,37770.05508975988,54715.65751111112,1059.7920250000016,1439.1186944444453
2025-09-23,116,2025-09-23 19:20:00,2025-09-23 19:30:00,4906.9,817.8166666666666,0.0,0.0,817.0316666666666,0.0,0.0,2025-09-23 18:00:00,90,attachment3_10min_interpolation,2025-09-16 19:30:00,61.03166666666664,61.03166666666664,0.0,0.0,0.7849999999999682,61.816666666666606,61.816666666666606,0.0,756.0,0.0,0.0,7920.0,7080.0,0,1.3483,82.28899616666664,0.0,5.2920774999997855,87.58107366666643,rolling,37857.63616342655,54777.47417777779,1060.5770250000014,1439.1186944444453
2025-09-23,117,2025-09-23 19:30:00,2025-09-23 19:40:00,4721.0181,786.83635,0.0,0.0,815.3069833333334,0.0,0.0,2025-09-23 18:00:00,100,attachment3_10min_interpolation,2025-09-16 19:40:00,59.30698333333339,59.30698333333339,0.0,0.0,0.0,59.30698333333339,59.30698333333339,0.0,756.0,0.0,28.470633333333353,7080.0,6240.0,0,1.349,80.00512051666675,0.0,0.0,80.00512051666675,rolling,37937.641283943216,54836.781161111125,1060.5770250000014,1439.1186944444453
2025-09-23,118,2025-09-23 19:40:00,2025-09-23 19:50:00,4705.315,784.2191666666666,0.0016,0.0002666666666666,817.2126166666667,0.0,0.0,2025-09-23 18:00:00,110,attachment3_10min_interpolation,2025-09-16 19:50:00,61.21261666666669,61.21261666666669,0.0,0.0,0.0,61.21261666666669,61.21261666666669,0.0,756.0,0.0002666666666666,32.99345000000006,6240.0,5400.0,0,1.3473,82.47175843500003,0.0,0.0,82.47175843500003,rolling,38020.113042378216,54897.99377777779,1060.5770250000014,1439.118961111112
2025-09-23,119,2025-09-23 19:50:00,2025-09-23 20:00:00,4871.47,811.9116666666667,0.0,0.0,803.1133333333333,0.0,0.0,2025-09-23 18:00:00,120,attachment3_10min_interpolation,2025-09-16 20:00:00,47.113333333333344,47.113333333333344,0.0,0.0,8.798333333333403,55.91166666666675,55.91166666666675,0.0,756.0,0.0,0.0,5400.0,4560.0,0,1.3482,63.51819600000002,0.0,59.309565000000475,122.82776100000049,rolling,38142.94080337822,54953.905444444455,1069.3753583333348,1439.118961111112
2025-09-23,120,2025-09-23 20:00:00,2025-09-23 20:10:00,4963.0687,827.1781166666666,0.0,0.0,782.7836666666667,0.0,0.0,2025-09-23 18:00:00,130,attachment3_10min_interpolation,2025-09-16 20:10:00,26.783666666666704,26.783666666666704,0.0,0.0,44.39444999999989,71.1781166666666,71.1781166666666,0.0,756.0,0.0,0.0,4560.0,3720.0,0,1.3513,36.19276876666672,0.0,299.95110142499925,336.143870191666,rolling,38479.08467356988,55025.083561111125,1113.7698083333348,1439.118961111112
2025-09-23,121,2025-09-23 20:10:00,2025-09-23 20:20:00,5061.4062,843.5677000000001,0.0,0.0,783.34075,0.0,0.0,2025-09-23 18:00:00,140,attachment3_10min_interpolation,2025-09-16 20:20:00,27.340749999999957,27.340749999999957,0.0,0.0,60.2269500000001,87.56770000000006,87.56770000000006,0.0,756.0,0.0,0.0,3720.0,2880.0,0,1.34,36.636604999999946,0.0,403.5205650000007,440.15717000000063,rolling,38919.24184356988,55112.651261111125,1173.996758333335,1439.118961111112
2025-09-23,122,2025-09-23 20:20:00,2025-09-23 20:30:00,5038.25,839.7083333333334,0.0,0.0,808.7033333333334,0.0,0.0,2025-09-23 18:00:00,150,attachment3_10min_interpolation,2025-09-16 20:30:00,52.703333333333376,52.703333333333376,0.0,0.0,31.004999999999995,83.70833333333337,83.70833333333337,0.0,756.0,0.0,0.0,2880.0,2040.0,0,1.3489,71.09152633333339,0.0,209.11322249999998,280.2047488333334,rolling,39199.44659240321,55196.35959444446,1205.0017583333351,1439.118961111112
2025-09-23,123,2025-09-23 20:30:00,2025-09-23 20:40:00,4709.3717,784.8952833333333,0.0,0.0,832.6574999999999,0.0,0.0,2025-09-23 18:00:00,160,attachment3_10min_interpolation,2025-09-16 20:40:00,76.65749999999991,76.65749999999991,0.0,0.0,0.0,76.65749999999991,76.65749999999991,0.0,756.0,0.0,47.76221666666663,2040.0,1200.0,0,1.3952,106.95254399999988,0.0,0.0,106.95254399999988,rolling,39306.39913640321,55273.01709444446,1205.0017583333351,1439.118961111112
2025-09-23,124,2025-09-23 20:40:00,2025-09-23 20:50:00,4809.9708,801.6618,0.0,0.0,820.2962833333332,0.0,0.0,2025-09-23 18:00:00,170,attachment3_10min_interpolation,2025-09-16 20:50:00,820.2962833333332,820.2962833333332,0.0,0.0,0.0,820.2962833333332,820.2962833333332,0.0,0.0,0.0,18.634483333333264,1200.0,1200.0,0,1.2226,1002.8942360033332,0.0,0.0,1002.8942360033332,rolling,40309.293372406544,56093.3133777778,1205.0017583333351,1439.118961111112
2025-09-23,125,2025-09-23 20:50:00,2025-09-23 21:00:00,5215.3,869.2166666666667,0.0,0.0,798.3233333333333,0.0,0.0,2025-09-23 18:00:00,180,attachment3_10min_interpolation,2025-09-16 21:00:00,798.3233333333333,798.3233333333333,0.0,0.0,70.89333333333343,869.2166666666667,869.2166666666667,0.0,0.0,0.0,0.0,1200.0,1200.0,0,0.9332,744.9953346666666,0.0,330.7882933333338,1075.7836280000004,rolling,41385.07700040654,56962.530044444466,1275.8950916666686,1439.118961111112
2025-09-23,126,2025-09-23 21:00:00,2025-09-23 21:10:00,5055.1463,842.5243833333334,0.0,0.0,820.2095333333333,0.0,0.0,2025-09-23 18:00:00,190,attachment3_10min_interpolation,2025-09-16 21:10:00,820.2095333333333,820.2095333333333,0.0,0.0,22.314850000000092,842.5243833333334,842.5243833333334,0.0,0.0,0.0,0.0,1200.0,1200.0,0,0.9068,743.7660048266666,0.0,101.17552990000043,844.9415347266671,rolling,42230.01853513321,57805.054427777795,1298.2099416666688,1439.118961111112
2025-09-23,127,2025-09-23 21:10:00,2025-09-23 21:20:00,4827.5711,804.5951833333334,0.0,0.0,799.1934333333334,0.0,0.0,2025-09-23 18:00:00,200,attachment3_10min_interpolation,2025-09-16 21:20:00,799.1934333333334,799.1934333333334,0.0,0.0,5.401749999999993,804.5951833333334,804.5951833333334,0.0,0.0,0.0,0.0,1200.0,1200.0,0,0.9371,748.9241663766667,0.0,25.309899624999968,774.2340660016666,rolling,43004.252601134875,58609.64961111113,1303.6116916666688,1439.118961111112
2025-09-23,128,2025-09-23 21:20:00,2025-09-23 21:30:00,4880.29,813.3816666666667,0.0,0.0,763.7166666666667,0.0,0.0,2025-09-23 18:00:00,210,attachment3_10min_interpolation,2025-09-16 21:30:00,763.7166666666667,763.7166666666667,0.0,0.0,49.664999999999964,813.3816666666667,813.3816666666667,0.0,0.0,0.0,0.0,1200.0,1200.0,0,0.9371,715.6788883333334,0.0,232.70535749999985,948.3842458333332,rolling,43952.636846968206,59423.031277777794,1353.2766916666687,1439.118961111112
2025-09-23,129,2025-09-23 21:30:00,2025-09-23 21:40:00,4979.2148,829.8691333333333,0.0,0.0,818.0142999999999,0.0,0.0,2025-09-23 18:00:00,220,attachment3_10min_interpolation,2025-09-16 21:40:00,818.0142999999999,818.0142999999999,0.0,0.0,11.854833333333318,829.8691333333333,829.8691333333333,0.0,0.0,0.0,0.0,1200.0,1200.0,0,0.9871,807.4619155299999,0.0,58.509529916666594,865.9714454466665,rolling,44818.60829241487,60252.90041111113,1365.131525000002,1439.118961111112
2025-09-23,130,2025-09-23 21:40:00,2025-09-23 21:50:00,4609.119,768.1864999999999,0.0,0.0,776.9880833333333,0.0,0.0,2025-09-23 18:00:00,230,attachment3_10min_interpolation,2025-09-16 21:50:00,776.9880833333333,776.9880833333333,0.0,0.0,0.0,776.9880833333333,776.9880833333333,0.0,0.0,0.0,8.801583333333383,1200.0,1200.0,0,0.7764,603.2535479,0.0,0.0,603.2535479,rolling,45421.86184031487,61029.88849444446,1365.131525000002,1439.118961111112
2025-09-23,131,2025-09-23 21:50:00,2025-09-23 22:00:00,3835.46,639.2433333333333,0.0,0.0,639.2716666666666,0.0,0.0,2025-09-23 18:00:00,240,attachment3_10min_interpolation,2025-09-16 22:00:00,639.2716666666666,639.2716666666666,0.0,0.0,0.0,639.2716666666666,639.2716666666666,0.0,0.0,0.0,0.028333333333307564,1200.0,1200.0,0,0.4209,269.0694445,0.0,0.0,269.0694445,rolling,45690.93128481487,61669.160161111125,1365.131525000002,1439.118961111112
2025-09-23,132,2025-09-23 22:00:00,2025-09-23 22:10:00,3320.6494,553.4415666666666,0.0,0.0,599.7292166666667,0.0,0.0,2025-09-23 18:00:00,250,attachment3_10min_interpolation,2025-09-16 22:10:00,599.7292166666667,599.7292166666667,0.0,0.0,0.0,599.7292166666667,599.7292166666667,0.0,0.0,0.0,46.2876500000001,1200.0,1200.0,0,0.3859,231.4355047116667,0.0,0.0,231.4355047116667,rolling,45922.36678952654,62268.88937777779,1365.131525000002,1439.118961111112
2025-09-23,133,2025-09-23 22:10:00,2025-09-23 22:20:00,3496.0714,582.6785666666666,0.0,0.0,609.7264833333334,0.0,0.0,2025-09-23 18:00:00,260,attachment3_10min_interpolation,2025-09-16 22:20:00,609.7264833333334,609.7264833333334,0.0,0.0,0.0,609.7264833333334,609.7264833333334,0.0,0.0,0.0,27.047916666666765,1200.0,1200.0,0,0.4368,266.32852792,0.0,0.0,266.32852792,rolling,46188.69531744654,62878.615861111124,1365.131525000002,1439.118961111112
2025-09-23,134,2025-09-23 22:20:00,2025-09-23 22:30:00,3883.24,647.2066666666666,0.0,0.0,613.2483333333333,0.0,0.0,2025-09-23 18:00:00,270,attachment3_10min_interpolation,2025-09-16 22:30:00,613.2483333333333,613.2483333333333,0.0,0.0,33.95833333333326,647.2066666666666,647.2066666666666,0.0,0.0,0.0,0.0,1200.0,1200.0,0,0.4198,257.4416503333333,0.0,71.27854166666651,328.7201919999998,rolling,46517.41550944654,63525.82252777779,1399.0898583333353,1439.118961111112
2025-09-23,135,2025-09-23 22:30:00,2025-09-23 22:40:00,3580.1991,596.69985,0.0,0.0,612.6178833333333,0.0,0.0,2025-09-23 18:00:00,280,attachment3_10min_interpolation,2025-09-16 22:40:00,612.6178833333333,612.6178833333333,0.0,0.0,0.0,612.6178833333333,612.6178833333333,0.0,0.0,0.0,15.91803333333337,1200.0,1200.0,0,0.4186,256.4418459633334,0.0,0.0,256.4418459633334,rolling,46773.85735540987,64138.44041111112,1399.0898583333353,1439.118961111112
2025-09-23,136,2025-09-23 22:40:00,2025-09-23 22:50:00,3332.1137,555.3522833333333,0.0,0.0,617.3649666666666,0.0,0.0,2025-09-23 18:00:00,290,attachment3_10min_interpolation,2025-09-16 22:50:00,617.3649666666666,617.3649666666666,0.0,0.0,0.0,617.3649666666666,617.3649666666666,0.0,0.0,0.0,62.01268333333337,1200.0,1200.0,0,0.4241,261.8244823633333,0.0,0.0,261.8244823633333,rolling,47035.681837773205,64755.80537777779,1399.0898583333353,1439.118961111112
2025-09-23,137,2025-09-23 22:50:00,2025-09-23 23:00:00,3416.1,569.35,0.0,0.0,619.0216666666666,0.0,0.0,2025-09-23 18:00:00,300,attachment3_10min_interpolation,2025-09-16 23:00:00,619.0216666666666,619.0216666666666,0.0,0.0,0.0,619.0216666666666,619.0216666666666,0.0,0.0,0.0,49.671666666666624,1200.0,1200.0,0,0.4237,262.27948016666664,0.0,0.0,262.27948016666664,rolling,47297.96131793987,65374.82704444446,1399.0898583333353,1439.118961111112
2025-09-23,138,2025-09-23 23:00:00,2025-09-23 23:10:00,3387.9352,564.6558666666666,0.0,0.0,604.4078166666667,0.0,0.0,2025-09-23 18:00:00,310,attachment3_10min_interpolation,2025-09-16 23:10:00,604.4078166666667,604.4078166666667,0.0,0.0,0.0,604.4078166666667,604.4078166666667,0.0,0.0,0.0,39.75195000000008,1200.0,1200.0,0,0.4248,256.75244052,0.0,0.0,256.75244052,rolling,47554.713758459875,65979.23486111112,1399.0898583333353,1439.118961111112
2025-09-23,139,2025-09-23 23:10:00,2025-09-23 23:20:00,3459.0094,576.5015666666667,0.0,0.0,615.0140166666666,0.0,0.0,2025-09-23 18:00:00,320,attachment3_10min_interpolation,2025-09-16 23:20:00,615.0140166666666,615.0140166666666,0.0,0.0,0.0,615.0140166666666,615.0140166666666,0.0,0.0,0.0,38.512449999999944,1200.0,1200.0,0,0.424,260.76594306666664,0.0,0.0,260.76594306666664,rolling,47815.47970152654,66594.24887777779,1399.0898583333353,1439.118961111112
2025-09-23,140,2025-09-23 23:20:00,2025-09-23 23:30:00,3661.95,610.3249999999999,0.0,0.0,633.3716666666667,0.0,0.0,2025-09-23 18:00:00,330,attachment3_10min_interpolation,2025-09-16 23:30:00,633.3716666666667,633.3716666666667,0.0,0.0,0.0,633.3716666666667,633.3716666666667,0.0,0.0,0.0,23.046666666666738,1200.0,1200.0,0,0.422,267.28284333333335,0.0,0.0,267.28284333333335,rolling,48082.76254485988,67227.62054444446,1399.0898583333353,1439.118961111112
2025-09-23,141,2025-09-23 23:30:00,2025-09-23 23:40:00,3702.4038,617.0673,0.0,0.0,605.49435,0.0,0.0,2025-09-23 18:00:00,340,attachment3_10min_interpolation,2025-09-16 23:40:00,605.49435,605.49435,0.0,0.0,11.572949999999992,617.0673,617.0673,0.0,0.0,0.0,0.0,1200.0,1200.0,0,0.424,256.7296044,0.0,24.534653999999982,281.2642584,rolling,48364.026803259876,67844.68784444446,1410.6628083333353,1439.118961111112
2025-09-23,142,2025-09-23 23:40:00,2025-09-23 23:50:00,3409.7885,568.2980833333334,0.0,0.0,616.7699,0.0,0.0,2025-09-23 18:00:00,350,attachment3_10min_interpolation,2025-09-16 23:50:00,616.7699,616.7699,0.0,0.0,0.0,616.7699,616.7699,0.0,0.0,0.0,48.471816666666655,1200.0,1200.0,0,0.4271,263.42242429,0.0,0.0,263.42242429,rolling,48627.44922754988,68461.45774444446,1410.6628083333353,1439.118961111112
2025-09-23,143,2025-09-23 23:50:00,2025-09-24 00:00:00,3147.61,524.6016666666667,0.0,0.0,653.885,0.0,0.0,2025-09-23 18:00:00,360,attachment3_10min_interpolation,2025-09-17 00:00:00,653.885,653.885,0.0,0.0,0.0,653.885,653.885,0.0,0.0,0.0,129.2833333333333,1200.0,1200.0,0,0.4276,279.601226,0.0,0.0,279.601226,rolling,48907.05045354988,69115.34274444445,1410.6628083333353,1439.118961111112
2025-09-23,0,2025-09-23 00:00:00,2025-09-23 00:10:00,3421.106,570.1843333333334,0.0,0.0,570.1843333333334,0.0,0.0,,-1,oracle_actual_not_executable,,1370.1843333333334,1370.1843333333334,0.0,0.0,0.0,1370.1843333333334,1370.1843333333334,800.0,0.0,0.0,0.0,1200.0,1920.0,1,0.4248,582.0543048000001,0.0,0.0,582.0543048000001,oracle_actual,582.0543048000001,1370.1843333333334,0.0,0.0
2025-09-23,1,2025-09-23 00:10:00,2025-09-23 00:20:00,3361.9091,560.3181833333333,0.0,0.0,560.3181833333333,0.0,0.0,,-1,oracle_actual_not_executable,,1360.3181833333333,1360.3181833333333,0.0,0.0,0.0,1360.3181833333333,1360.3181833333333,800.0,0.0,0.0,0.0,1920.0,2640.0,1,0.4245,577.455068825,0.0,0.0,577.455068825,oracle_actual,1159.509373625,2730.5025166666665,0.0,0.0
2025-09-23,2,2025-09-23 00:20:00,2025-09-23 00:30:00,3388.6,564.7666666666667,0.0,0.0,564.7666666666667,0.0,0.0,,-1,oracle_actual_not_executable,,1364.7666666666667,1364.7666666666667,0.0,0.0,0.0,1364.7666666666667,1364.7666666666667,800.0,0.0,0.0,0.0,2640.0,3360.0,1,0.4269,582.61889,0.0,0.0,582.61889,oracle_actual,1742.128263625,4095.269183333333,0.0,0.0
2025-09-23,3,2025-09-23 00:30:00,2025-09-23 00:40:00,3591.0535,598.5089166666667,0.0,0.0,598.5089166666667,0.0,0.0,,-1,oracle_actual_not_executable,,1398.5089166666667,1398.5089166666667,0.0,0.0,0.0,1398.5089166666667,1398.5089166666667,800.0,0.0,0.0,0.0,3360.0,4080.0,1,0.4272,597.4430092,0.0,0.0,597.4430092,oracle_actual,2339.571272825,5493.7780999999995,0.0,0.0
2025-09-23,4,2025-09-23 00:40:00,2025-09-23 00:50:00,3639.0639,606.51065,0.0,0.0,606.51065,0.0,0.0,,-1,oracle_actual_not_executable,,1406.5106500000002,1406.5106500000002,0.0,0.0,0.0,1406.5106500000002,1406.5106500000002,800.0,0.0,0.0,0.0,4080.0,4800.0,1,0.4271,600.7206986150001,0.0,0.0,600.7206986150001,oracle_actual,2940.29197144,6900.28875,0.0,0.0
2025-09-23,5,2025-09-23 00:50:00,2025-09-23 01:00:00,3538.62,589.77,0.0,0.0,589.77,0.0,0.0,,-1,oracle_actual_not_executable,,1389.77,1389.77,0.0,0.0,0.0,1389.77,1389.77,800.0,0.0,0.0,0.0,4800.0,5520.0,1,0.4285,595.516445,0.0,0.0,595.516445,oracle_actual,3535.8084164399997,8290.05875,0.0,0.0
2025-09-23,6,2025-09-23 01:00:00,2025-09-23 01:10:00,3584.1201,597.35335,0.0,0.0,597.35335,0.0,0.0,,-1,oracle_actual_not_executable,,1397.3533499999999,1397.3533499999999,0.0,0.0,0.0,1397.3533499999999,1397.3533499999999,800.0,0.0,0.0,0.0,5520.0,6240.0,1,0.4311,602.3990291849999,0.0,0.0,602.3990291849999,oracle_actual,4138.207445624999,9687.4121,0.0,0.0
2025-09-23,7,2025-09-23 01:10:00,2025-09-23 01:20:00,3479.83,579.9716666666667,0.0,0.0,579.9716666666667,0.0,0.0,,-1,oracle_actual_not_executable,,1379.9716666666668,1379.9716666666668,0.0,0.0,0.0,1379.9716666666668,1379.9716666666668,800.0,0.0,0.0,0.0,6240.0,6960.0,1,0.4302,593.6638110000001,0.0,0.0,593.6638110000001,oracle_actual,4731.871256625,11067.383766666666,0.0,0.0
2025-09-23,8,2025-09-23 01:20:00,2025-09-23 01:30:00,3316.08,552.68,0.0,0.0,552.68,0.0,0.0,,-1,oracle_actual_not_executable,,1352.6799999999998,1352.6799999999998,0.0,0.0,0.0,1352.6799999999998,1352.6799999999998,800.0,0.0,0.0,0.0,6960.0,7680.0,1,0.4279,578.8117719999999,0.0,0.0,578.8117719999999,oracle_actual,5310.683028625,12420.063766666666,0.0,0.0
2025-09-23,9,2025-09-23 01:30:00,2025-09-23 01:40:00,3504.3201,584.05335,0.0,0.0,584.05335,0.0,0.0,,-1,oracle_actual_not_executable,,850.7200166666667,850.7200166666667,0.0,0.0,0.0,850.7200166666667,850.7200166666667,266.6666666666667,0.0,0.0,0.0,7680.0,7920.0,1,0.4312,366.83047118666667,0.0,0.0,366.83047118666667,oracle_actual,5677.513499811666,13270.783783333332,0.0,0.0
2025-09-23,10,2025-09-23 01:40:00,2025-09-23 01:50:00,3611.1697,601.8616166666667,0.0,0.0,601.8616166666667,0.0,0.0,,-1,oracle_actual_not_executable,,601.8616166666667,601.8616166666667,0.0,0.0,0.0,601.8616166666667,601.8616166666667,0.0,0.0,0.0,0.0,7920.0,7920.0,0,0.4333,260.7866385016667,0.0,0.0,260.7866385016667,oracle_actual,5938.300138313333,13872.6454,0.0,0.0
2025-09-23,11,2025-09-23 01:50:00,2025-09-23 02:00:00,3543.64,590.6066666666667,0.0,0.0,590.6066666666667,0.0,0.0,,-1,oracle_actual_not_executable,,1390.6066666666666,1390.6066666666666,0.0,0.0,0.0,1390.6066666666666,1390.6066666666666,800.0,0.0,0.0,0.0,7920.0,8640.0,1,0.4311,599.4905339999999,0.0,0.0,599.4905339999999,oracle_actual,6537.790672313333,15263.252066666666,0.0,0.0
2025-09-23,12,2025-09-23 02:00:00,2025-09-23 02:10:00,3627.3783,604.56305,0.0,0.0,604.56305,0.0,0.0,,-1,oracle_actual_not_executable,,1404.56305,1404.56305,0.0,0.0,0.0,1404.56305,1404.56305,800.0,0.0,0.0,0.0,8640.0,9360.0,1,0.4293,602.978917365,0.0,0.0,602.978917365,oracle_actual,7140.7695896783325,16667.815116666665,0.0,0.0
2025-09-23,13,2025-09-23 02:10:00,2025-09-23 02:20:00,3646.7973,607.7995500000001,0.0,0.0,607.7995500000001,0.0,0.0,,-1,oracle_actual_not_executable,,607.7995500000001,607.7995500000001,0.0,0.0,0.0,607.7995500000001,607.7995500000001,0.0,0.0,0.0,0.0,9360.0,9360.0,0,0.4324,262.81252542000004,0.0,0.0,262.81252542000004,oracle_actual,7403.582115098333,17275.614666666665,0.0,0.0
2025-09-23,14,2025-09-23 02:20:00,2025-09-23 02:30:00,3569.92,594.9866666666667,0.0,0.0,594.9866666666667,0.0,0.0,,-1,oracle_actual_not_executable,,594.9866666666667,594.9866666666667,0.0,0.0,0.0,594.9866666666667,594.9866666666667,0.0,0.0,0.0,0.0,9360.0,9360.0,0,0.4367,259.8306773333333,0.0,0.0,259.8306773333333,oracle_actual,7663.412792431666,17870.601333333332,0.0,0.0
2025-09-23,15,2025-09-23 02:30:00,2025-09-23 02:40:00,3591.0744,598.5124,0.0,0.0,598.5124,0.0,0.0,,-1,oracle_actual_not_executable,,598.5124,598.5124,0.0,0.0,0.0,598.5124,598.5124,0.0,0.0,0.0,0.0,9360.0,9360.0,0,0.4348,260.23319152,0.0,0.0,260.23319152,oracle_actual,7923.6459839516665,18469.11373333333,0.0,0.0
2025-09-23,16,2025-09-23 02:40:00,2025-09-23 02:50:00,3523.6786,587.2797666666667,0.0,0.0,587.2797666666667,0.0,0.0,,-1,oracle_actual_not_executable,,587.2797666666667,587.2797666666667,0.0,0.0,0.0,587.2797666666667,587.2797666666667,0.0,0.0,0.0,0.0,9360.0,9360.0,0,0.4335,254.58577885,0.0,0.0,254.58577885,oracle_actual,8178.231762801666,19056.3935,0.0,0.0
2025-09-23,17,2025-09-23 02:50:00,2025-09-23 03:00:00,3402.03,567.005,0.0,0.0,567.005,0.0,0.0,,-1,oracle_actual_not_executable,,567.005,567.005,0.0,0.0,0.0,567.005,567.005,0.0,0.0,0.0,0.0,9360.0,9360.0,0,0.4357,247.04407849999998,0.0,0.0,247.04407849999998,oracle_actual,8425.275841301665,19623.3985,0.0,0.0
2025-09-23,18,2025-09-23 03:00:00,2025-09-23 03:10:00,3470.8796,578.4799333333334,0.0,0.0,578.4799333333334,0.0,0.0,,-1,oracle_actual_not_executable,,578.4799333333334,578.4799333333334,0.0,0.0,0.0,578.4799333333334,578.4799333333334,0.0,0.0,0.0,0.0,9360.0,9360.0,0,0.4374,253.02712284000003,0.0,0.0,253.02712284000003,oracle_actual,8678.302964141665,20201.87843333333,0.0,0.0
2025-09-23,19,2025-09-23 03:10:00,2025-09-23 03:20:00,3546.3118,591.0519666666667,0.0,0.0,591.0519666666667,0.0,0.0,,-1,oracle_actual_not_executable,,591.0519666666667,591.0519666666667,0.0,0.0,0.0,591.0519666666667,591.0519666666667,0.0,0.0,0.0,0.0,9360.0,9360.0,0,0.4371,258.34881463,0.0,0.0,258.34881463,oracle_actual,8936.651778771666,20792.930399999997,0.0,0.0
2025-09-23,20,2025-09-23 03:20:00,2025-09-23 03:30:00,3521.1,586.85,0.0,0.0,586.85,0.0,0.0,,-1,oracle_actual_not_executable,,586.85,586.85,0.0,0.0,0.0,586.85,586.85,0.0,0.0,0.0,0.0,9360.0,9360.0,0,0.4356,255.63186,0.0,0.0,255.63186,oracle_actual,9192.283638771665,21379.780399999996,0.0,0.0
2025-09-23,21,2025-09-23 03:30:00,2025-09-23 03:40:00,3493.0415,582.1735833333333,0.0,0.0,582.1735833333333,0.0,0.0,,-1,oracle_actual_not_executable,,582.1735833333333,582.1735833333333,0.0,0.0,0.0,582.1735833333333,582.1735833333333,0.0,0.0,0.0,0.0,9360.0,9360.0,0,0.4353,253.420160825,0.0,0.0,253.420160825,oracle_actual,9445.703799596666,21961.95398333333,0.0,0.0
2025-09-23,22,2025-09-23 03:40:00,2025-09-23 03:50:00,3616.52,602.7533333333333,0.0,0.0,602.7533333333333,0.0,0.0,,-1,oracle_actual_not_executable,,602.7533333333333,602.7533333333333,0.0,0.0,0.0,602.7533333333333,602.7533333333333,0.0,0.0,0.0,0.0,9360.0,9360.0,0,0.436,262.80045333333334,0.0,0.0,262.80045333333334,oracle_actual,9708.504252929999,22564.707316666663,0.0,0.0
2025-09-23,23,2025-09-23 03:50:00,2025-09-23 04:00:00,3738.77,623.1283333333333,0.0,0.0,623.1283333333333,0.0,0.0,,-1,oracle_actual_not_executable,,623.1283333333333,623.1283333333333,0.0,0.0,0.0,623.1283333333333,623.1283333333333,0.0,0.0,0.0,0.0,9360.0,9360.0,0,0.4378,272.80558433333334,0.0,0.0,272.80558433333334,oracle_actual,9981.309837263332,23187.835649999997,0.0,0.0
2025-09-23,24,2025-09-23 04:00:00,2025-09-23 04:10:00,3573.138,595.523,0.0019,0.0003166666666666,595.523,0.0019,0.0003166666666666,,-1,oracle_actual_not_executable,,595.5226833333334,595.5226833333334,0.0,0.0,0.0,595.5226833333334,595.5226833333334,0.0,0.0,0.0,0.0,9360.0,9360.0,0,0.4401,262.089532935,0.0,0.0,262.089532935,oracle_actual,10243.399370198333,23783.35833333333,0.0,0.0
2025-09-23,25,2025-09-23 04:10:00,2025-09-23 04:20:00,3548.8256,591.4709333333334,0.0,0.0,591.4709333333334,0.0,0.0,,-1,oracle_actual_not_executable,,591.4709333333334,591.4709333333334,0.0,0.0,0.0,591.4709333333334,591.4709333333334,0.0,0.0,0.0,0.0,9360.0,9360.0,0,0.4389,259.59659264000004,0.0,0.0,259.59659264000004,oracle_actual,10502.995962838333,24374.829266666664,0.0,0.0
2025-09-23,26,2025-09-23 04:20:00,2025-09-23 04:30:00,3696.43,616.0716666666666,0.0,0.0,616.0716666666666,0.0,0.0,,-1,oracle_actual_not_executable,,616.0716666666666,616.0716666666666,0.0,0.0,0.0,616.0716666666666,616.0716666666666,0.0,0.0,0.0,0.0,9360.0,9360.0,0,0.4364,268.8536753333333,0.0,0.0,268.8536753333333,oracle_actual,10771.849638171667,24990.90093333333,0.0,0.0
2025-09-23,27,2025-09-23 04:30:00,2025-09-23 04:40:00,3629.4046,604.9007666666666,0.0268,0.0044666666666666,604.9007666666666,0.0268,0.0044666666666666,,-1,oracle_actual_not_executable,,604.8963,604.8963,0.0,0.0,0.0,604.8963,604.8963,0.0,0.0,0.0,0.0,9360.0,9360.0,0,0.4393,265.73094459000004,0.0,0.0,265.73094459000004,oracle_actual,11037.580582761668,25595.79723333333,0.0,0.0
2025-09-23,28,2025-09-23 04:40:00,2025-09-23 04:50:00,3602.4949,600.4158166666667,0.0,0.0,600.4158166666667,0.0,0.0,,-1,oracle_actual_not_executable,,600.4158166666667,600.4158166666667,0.0,0.0,0.0,600.4158166666667,600.4158166666667,0.0,0.0,0.0,0.0,9360.0,9360.0,0,0.4422,265.50387413000004,0.0,0.0,265.50387413000004,oracle_actual,11303.084456891667,26196.21305,0.0,0.0
2025-09-23,29,2025-09-23 04:50:00,2025-09-23 05:00:00,3708.74,618.1233333333333,0.0,0.0,618.1233333333333,0.0,0.0,,-1,oracle_actual_not_executable,,618.1233333333333,618.1233333333333,0.0,0.0,0.0,618.1233333333333,618.1233333333333,0.0,0.0,0.0,0.0,9360.0,9360.0,0,0.4395,271.665205,0.0,0.0,271.665205,oracle_actual,11574.749661891667,26814.33638333333,0.0,0.0
2025-09-23,30,2025-09-23 05:00:00,2025-09-23 05:10:00,3751.3647,625.22745,0.3731,0.0621833333333333,625.22745,0.3731,0.0621833333333333,,-1,oracle_actual_not_executable,,625.1652666666666,625.1652666666666,0.0,0.0,0.0,625.1652666666666,625.1652666666666,0.0,0.0,0.0,0.0,9360.0,9360.0,0,0.4333,270.88411004666665,0.0,0.0,270.88411004666665,oracle_actual,11845.633771938334,27439.50165,0.0,0.0
2025-09-23,31,2025-09-23 05:10:00,2025-09-23 05:20:00,3689.4488,614.9081333333334,0.0,0.0,614.9081333333334,0.0,0.0,,-1,oracle_actual_not_executable,,614.9081333333334,614.9081333333334,0.0,0.0,0.0,614.9081333333334,614.9081333333334,0.0,0.0,0.0,0.0,9360.0,9360.0,0,0.4439,272.95772038666667,0.0,0.0,272.95772038666667,oracle_actual,12118.591492325,28054.409783333333,0.0,0.0
2025-09-23,32,2025-09-23 05:20:00,2025-09-23 05:30:00,3557.68,592.9466666666666,0.0,0.0,592.9466666666666,0.0,0.0,,-1,oracle_actual_not_executable,,1392.9466666666667,1392.9466666666667,0.0,0.0,0.0,1392.9466666666667,1392.9466666666667,800.0,0.0,0.0,0.0,9360.0,10080.0,1,0.4301,599.1063613333333,0.0,0.0,599.1063613333333,oracle_actual,12717.697853658334,29447.35645,0.0,0.0
2025-09-23,33,2025-09-23 05:30:00,2025-09-23 05:40:00,3509.0644,584.8440666666667,5.1961,0.8660166666666668,584.8440666666667,5.1961,0.8660166666666668,,-1,oracle_actual_not_executable,,1383.9780500000002,1383.9780500000002,0.0,0.0,0.0,1383.9780500000002,1383.9780500000002,800.0,0.0,0.0,0.0,10080.0,10800.0,1,0.3713,513.8710499650001,0.0,0.0,513.8710499650001,oracle_actual,13231.568903623334,30831.3345,0.0,0.0
2025-09-23,34,2025-09-23 05:40:00,2025-09-23 05:50:00,4001.4806,666.9134333333333,0.0,0.0,666.9134333333333,0.0,0.0,,-1,oracle_actual_not_executable,,666.9134333333333,666.9134333333333,0.0,0.0,0.0,666.9134333333333,666.9134333333333,0.0,0.0,0.0,0.0,10800.0,10800.0,0,0.5708,380.67418774666663,0.0,0.0,380.67418774666663,oracle_actual,13612.243091370001,31498.247933333336,0.0,0.0
2025-09-23,35,2025-09-23 05:50:00,2025-09-23 06:00:00,4743.74,790.6233333333333,0.0,0.0,790.6233333333333,0.0,0.0,,-1,oracle_actual_not_executable,,34.623333333333335,34.623333333333335,0.0,0.0,0.0,34.623333333333335,34.623333333333335,0.0,756.0,0.0,0.0,10800.0,9960.0,0,0.9099,31.503771000000004,0.0,0.0,31.503771000000004,oracle_actual,13643.74686237,31532.87126666667,0.0,0.0
2025-09-23,36,2025-09-23 06:00:00,2025-09-23 06:10:00,4911.4158,818.5693,148.7833,24.797216666666667,818.5693,148.7833,24.797216666666667,,-1,oracle_actual_not_executable,,37.772083333333285,37.772083333333285,0.0,0.0,0.0,37.772083333333285,37.772083333333285,0.0,756.0,0.0,0.0,9960.0,9120.0,0,0.9368,35.38488766666662,0.0,0.0,35.38488766666662,oracle_actual,13679.131750036668,31570.643350000002,0.0,0.0
2025-09-23,37,2025-09-23 06:10:00,2025-09-23 06:20:00,4831.9735,805.3289166666667,376.0146,62.66909999999999,805.3289166666667,376.0146,62.66909999999999,,-1,oracle_actual_not_executable,,0.0,0.0,0.0,0.0,0.0,0.0,0.0,0.0,756.0,13.340183333333243,0.0,9120.0,8280.0,0,0.8758,0.0,0.0,0.0,0.0,oracle_actual,13679.131750036668,31570.643350000002,0.0,13.340183333333243
2025-09-23,38,2025-09-23 06:20:00,2025-09-23 06:30:00,4792.2,798.6999999999999,649.3875,108.23125,798.6999999999999,649.3875,108.23125,,-1,oracle_actual_not_executable,,42.468749999999886,42.468749999999886,0.0,0.0,0.0,42.468749999999886,42.468749999999886,0.0,648.0,0.0,0.0,8280.0,7560.0,0,0.8759,37.1983781249999,0.0,0.0,37.1983781249999,oracle_actual,13716.330128161668,31613.112100000002,0.0,13.340183333333243
2025-09-23,39,2025-09-23 06:30:00,2025-09-23 06:40:00,4757.3085,792.88475,973.8044,162.30073333333334,792.88475,973.8044,162.30073333333334,,-1,oracle_actual_not_executable,,0.0,0.0,0.0,0.0,0.0,0.0,0.0,0.0,648.0,17.415983333333315,0.0,7560.0,6840.0,0,0.8601,0.0,0.0,0.0,0.0,oracle_actual,13716.330128161668,31613.112100000002,0.0,30.75616666666656
2025-09-23,40,2025-09-23 06:40:00,2025-09-23 06:50:00,4755.1526,792.5254333333334,1245.8597,207.64328333333333,792.5254333333334,1245.8597,207.64328333333333,,-1,oracle_actual_not_executable,,44.882150000000024,44.882150000000024,0.0,0.0,0.0,44.882150000000024,44.882150000000024,0.0,540.0,0.0,0.0,6840.0,6240.0,0,0.8442,37.889511030000016,0.0,0.0,37.889511030000016,oracle_actual,13754.219639191668,31657.994250000003,0.0,30.75616666666656
2025-09-23,41,2025-09-23 06:50:00,2025-09-23 07:00:00,4789.05,798.1750000000001,1511.775,251.9625,798.1750000000001,1511.775,251.9625,,-1,oracle_actual_not_executable,,6.212500000000091,6.212500000000091,0.0,0.0,0.0,6.212500000000091,6.212500000000091,0.0,540.0,0.0,0.0,6240.0,5640.0,0,0.8334,5.177497500000076,0.0,0.0,5.177497500000076,oracle_actual,13759.397136691668,31664.206750000005,0.0,30.75616666666656
2025-09-23,42,2025-09-23 07:00:00,2025-09-23 07:10:00,4816.282,802.7136666666667,1907.945,317.99083333333334,802.7136666666667,1907.945,317.99083333333334,,-1,oracle_actual_not_executable,,52.72283333333331,52.72283333333331,0.0,0.0,0.0,52.72283333333331,52.72283333333331,0.0,432.0,0.0,0.0,5640.0,5160.0,0,0.8092,42.66331673333332,0.0,0.0,42.66331673333332,oracle_actual,13802.060453425001,31716.929583333338,0.0,30.75616666666656
2025-09-23,43,2025-09-23 07:10:00,2025-09-23 07:20:00,4786.2179,797.7029833333332,2234.3678,372.3946333333333,797.7029833333332,2234.3678,372.3946333333333,,-1,oracle_actual_not_executable,,0.0,0.0,0.0,0.0,0.0,0.0,0.0,0.0,432.0,6.691650000000038,0.0,5160.0,4680.0,0,0.7972,0.0,0.0,0.0,0.0,oracle_actual,13802.060453425001,31716.929583333338,0.0,37.4478166666666
2025-09-23,44,2025-09-23 07:20:00,2025-09-23 07:30:00,4660.51,776.7516666666667,2492.5875,415.43125,776.7516666666667,2492.5875,415.43125,,-1,oracle_actual_not_executable,,37.32041666666669,37.32041666666669,0.0,0.0,0.0,37.32041666666669,37.32041666666669,0.0,324.0,0.0,0.0,4680.0,4320.0,0,0.7644,28.527726500000014,0.0,0.0,28.527726500000014,oracle_actual,13830.588179925002,31754.250000000004,0.0,37.4478166666666
2025-09-23,45,2025-09-23 07:30:00,2025-09-23 07:40:00,4606.8822,767.8137,2894.0726,482.34543333333335,767.8137,2894.0726,482.34543333333335,,-1,oracle_actual_not_executable,,69.4682666666667,69.4682666666667,0.0,0.0,0.0,69.4682666666667,69.4682666666667,0.0,216.0,0.0,0.0,4320.0,4080.0,0,0.6899,47.92615717333335,0.0,0.0,47.92615717333335,oracle_actual,13878.514337098335,31823.71826666667,0.0,37.4478166666666
2025-09-23,46,2025-09-23 07:40:00,2025-09-23 07:50:00,5489.8417,914.9736166666668,3343.4604,557.2434,914.9736166666668,3343.4604,557.2434,,-1,oracle_actual_not_executable,,33.73021666666682,33.73021666666682,0.0,0.0,0.0,33.73021666666682,33.73021666666682,0.0,324.0,0.0,0.0,4080.0,3720.0,0,0.86,29.007986333333466,0.0,0.0,29.007986333333466,oracle_actual,13907.522323431669,31857.448483333337,0.0,37.4478166666666
2025-09-23,47,2025-09-23 07:50:00,2025-09-23 08:00:00,6701.06,1116.8433333333337,3753.1125,625.5187500000001,1116.8433333333337,3753.1125,625.5187500000001,,-1,oracle_actual_not_executable,,59.324583333333635,59.324583333333635,0.0,0.0,0.0,59.324583333333635,59.324583333333635,0.0,432.0,0.0,0.0,3720.0,3240.0,0,1.1617,68.91736845833368,0.0,0.0,68.91736845833368,oracle_actual,13976.439691890002,31916.773066666672,0.0,37.4478166666666
2025-09-23,48,2025-09-23 08:00:00,2025-09-23 08:10:00,6664.9869,1110.83115,4119.6249,686.60415,1110.83115,4119.6249,686.60415,,-1,oracle_actual_not_executable,,0.0,0.0,0.0,0.0,0.0,0.0,0.0,0.0,432.0,7.773000000000025,0.0,3240.0,2760.0,0,1.1683,0.0,0.0,0.0,0.0,oracle_actual,13976.439691890002,31916.773066666672,0.0,45.22081666666662
2025-09-23,49,2025-09-23 08:10:00,2025-09-23 08:20:00,6469.7028,1078.2838,4427.9049,737.9841500000001,1078.2838,4427.9049,737.9841500000001,,-1,oracle_actual_not_executable,,16.299649999999815,16.299649999999815,0.0,0.0,0.0,16.299649999999815,16.299649999999815,0.0,324.0,0.0,0.0,2760.0,2400.0,0,1.0956,17.857896539999796,0.0,0.0,17.857896539999796,oracle_actual,13994.297588430001,31933.072716666673,0.0,45.22081666666662
2025-09-23,50,2025-09-23 08:20:00,2025-09-23 08:30:00,6635.97,1105.995,4698.6375,783.1062499999999,1105.995,4698.6375,783.1062499999999,,-1,oracle_actual_not_executable,,0.0,0.0,0.0,0.0,0.0,0.0,0.0,0.0,324.0,1.111250000000041,0.0,2400.0,2040.0,0,1.0849,0.0,0.0,0.0,0.0,oracle_actual,13994.297588430001,31933.072716666673,0.0,46.33206666666666
2025-09-23,51,2025-09-23 08:30:00,2025-09-23 08:40:00,6600.0815,1100.0135833333334,4997.093,832.8488333333333,1100.0135833333334,4997.093,832.8488333333333,,-1,oracle_actual_not_executable,,51.164750000000026,51.164750000000026,0.0,0.0,0.0,51.164750000000026,51.164750000000026,0.0,216.0,0.0,0.0,2040.0,1800.0,0,1.061,54.285799750000024,0.0,0.0,54.285799750000024,oracle_actual,14048.58338818,31984.237466666673,0.0,46.33206666666666
2025-09-23,52,2025-09-23 08:40:00,2025-09-23 08:50:00,6462.4233,1077.07055,5400.3214,900.0535666666666,1077.07055,5400.3214,900.0535666666666,,-1,oracle_actual_not_executable,,0.0,0.0,0.0,0.0,0.0,0.0,0.0,0.0,216.0,38.983016666666686,0.0,1800.0,1560.0,0,1.043,0.0,0.0,0.0,0.0,oracle_actual,14048.58338818,31984.237466666673,0.0,85.31508333333335
2025-09-23,53,2025-09-23 08:50:00,2025-09-23 09:00:00,6427.57,1071.2616666666663,5807.85,967.975,1071.2616666666663,5807.85,967.975,,-1,oracle_actual_not_executable,,0.0,0.0,0.0,0.0,0.0,0.0,0.0,0.0,108.0,4.713333333333708,0.0,1560.0,1440.0,0,1.036,0.0,0.0,0.0,0.0,oracle_actual,14048.58338818,31984.237466666673,0.0,90.02841666666706
2025-09-23,54,2025-09-23 09:00:00,2025-09-23 09:10:00,6551.7343,1091.9557166666666,6020.5511,1003.4251833333332,1091.9557166666666,6020.5511,1003.4251833333332,,-1,oracle_actual_not_executable,,0.0,0.0,0.0,0.0,0.0,0.0,0.0,0.0,108.0,19.469466666666563,0.0,1440.0,1320.0,0,1.0147,0.0,0.0,0.0,0.0,oracle_actual,14048.58338818,31984.237466666673,0.0,109.49788333333362
2025-09-23,55,2025-09-23 09:10:00,2025-09-23 09:20:00,6611.8297,1101.9716166666667,6159.4673,1026.5778833333334,1101.9716166666667,6159.4673,1026.5778833333334,,-1,oracle_actual_not_executable,,0.0,0.0,0.0,0.0,0.0,0.0,0.0,0.0,108.0,32.60626666666667,0.0,1320.0,1200.0,0,0.9922,0.0,0.0,0.0,0.0,oracle_actual,14048.58338818,31984.237466666673,0.0,142.1041500000003
2025-09-23,56,2025-09-23 09:20:00,2025-09-23 09:30:00,6584.42,1097.4033333333334,6306.2625,1051.04375,1097.4033333333334,6306.2625,1051.04375,,-1,oracle_actual_not_executable,,46.359583333333376,46.359583333333376,0.0,0.0,0.0,46.359583333333376,46.359583333333376,0.0,0.0,0.0,0.0,1200.0,1200.0,0,0.97,44.968795833333374,0.0,0.0,44.968795833333374,oracle_actual,14093.552184013333,32030.597050000008,0.0,142.1041500000003
2025-09-23,57,2025-09-23 09:30:00,2025-09-23 09:40:00,6627.8893,1104.6482166666667,6423.4053,1070.56755,1104.6482166666667,6423.4053,1070.56755,,-1,oracle_actual_not_executable,,34.08066666666673,34.08066666666673,0.0,0.0,0.0,34.08066666666673,34.08066666666673,0.0,0.0,0.0,0.0,1200.0,1200.0,0,0.9422,32.110804133333396,0.0,0.0,32.110804133333396,oracle_actual,14125.662988146667,32064.677716666672,0.0,142.1041500000003
2025-09-23,58,2025-09-23 09:40:00,2025-09-23 09:50:00,6567.1756,1094.529266666667,6483.305,1080.5508333333337,1094.529266666667,6483.305,1080.5508333333337,,-1,oracle_actual_not_executable,,13.978433333333214,13.978433333333214,0.0,0.0,0.0,13.978433333333214,13.978433333333214,0.0,0.0,0.0,0.0,1200.0,1200.0,0,0.9569,13.375962856666552,0.0,0.0,13.375962856666552,oracle_actual,14139.038951003333,32078.656150000006,0.0,142.1041500000003
2025-09-23,59,2025-09-23 09:50:00,2025-09-23 10:00:00,6455.96,1075.993333333333,6487.7625,1081.29375,1075.993333333333,6487.7625,1081.29375,,-1,oracle_actual_not_executable,,0.0,0.0,0.0,0.0,0.0,0.0,0.0,0.0,0.0,5.3004166666669335,0.0,1200.0,1200.0,0,0.9977,0.0,0.0,0.0,0.0,oracle_actual,14139.038951003333,32078.656150000006,0.0,147.40456666666722
2025-09-23,60,2025-09-23 10:00:00,2025-09-23 10:10:00,6527.0912,1087.8485333333333,6506.7574,1084.459566666667,1087.8485333333333,6506.7574,1084.459566666667,,-1,oracle_actual_not_executable,,3.3889666666664198,3.3889666666664198,0.0,0.0,0.0,3.3889666666664198,3.3889666666664198,0.0,0.0,0.0,0.0,1200.0,1200.0,0,0.9919,3.361516036666422,0.0,0.0,3.361516036666422,oracle_actual,14142.400467039999,32082.04511666667,0.0,147.40456666666722
2025-09-23,61,2025-09-23 10:10:00,2025-09-23 10:20:00,6488.4499,1081.408316666667,6763.9313,1127.3218833333333,1081.408316666667,6763.9313,1127.3218833333333,,-1,oracle_actual_not_executable,,0.0,0.0,0.0,0.0,0.0,0.0,0.0,0.0,0.0,45.913566666666384,0.0,1200.0,1200.0,0,0.9588,0.0,0.0,0.0,0.0,oracle_actual,14142.400467039999,32082.04511666667,0.0,193.3181333333336
2025-09-23,62,2025-09-23 10:20:00,2025-09-23 10:30:00,6336.11,1056.0183333333332,7139.7,1189.95,1056.0183333333332,7139.7,1189.95,,-1,oracle_actual_not_executable,,0.0,0.0,0.0,0.0,0.0,0.0,0.0,133.33333333333334,0.0,0.5983333333334997,0.0,1200.0,1320.0,1,0.9549,0.0,0.0,0.0,0.0,oracle_actual,14142.400467039999,32082.04511666667,0.0,193.9164666666671
2025-09-23,63,2025-09-23 10:30:00,2025-09-23 10:40:00,6376.9432,1062.8238666666666,7257.6775,1209.6129166666667,1062.8238666666666,7257.6775,1209.6129166666667,,-1,oracle_actual_not_executable,,0.0,0.0,0.0,0.0,0.0,0.0,0.0,133.33333333333334,0.0,13.455716666666746,0.0,1320.0,1440.0,1,0.9839,0.0,0.0,0.0,0.0,oracle_actual,14142.400467039999,32082.04511666667,0.0,207.37218333333385
2025-09-23,64,2025-09-23 10:40:00,2025-09-23 10:50:00,6473.6947,1078.949116666667,7240.5731,1206.7621833333333,1078.949116666667,7240.5731,1206.7621833333333,,-1,oracle_actual_not_executable,,5.52026666666697,5.52026666666697,0.0,0.0,0.0,5.52026666666697,5.52026666666697,133.33333333333334,0.0,0.0,0.0,1440.0,1560.0,1,0.799,4.4106930666669095,0.0,0.0,4.4106930666669095,oracle_actual,14146.811160106667,32087.565383333338,0.0,207.37218333333385
2025-09-23,65,2025-09-23 10:50:00,2025-09-23 11:00:00,6470.56,1078.4266666666667,7359.675,1226.6125,1078.4266666666667,7359.675,1226.6125,,-1,oracle_actual_not_executable,,118.48083333333346,118.48083333333346,0.0,0.0,0.0,118.48083333333346,118.48083333333346,266.6666666666667,0.0,0.0,0.0,1560.0,1800.0,1,0.5025,59.53661875000006,0.0,0.0,59.53661875000006,oracle_actual,14206.347778856667,32206.046216666673,0.0,207.37218333333385
2025-09-23,66,2025-09-23 11:00:00,2025-09-23 11:10:00,6357.1346,1059.5224333333333,7784.7849,1297.46415,1059.5224333333333,7784.7849,1297.46415,,-1,oracle_actual_not_executable,,562.0582833333333,562.0582833333333,0.0,0.0,0.0,562.0582833333333,562.0582833333333,800.0,0.0,0.0,0.0,1800.0,2520.0,1,0.4662,262.03157168999996,0.0,0.0,262.03157168999996,oracle_actual,14468.379350546667,32768.10450000001,0.0,207.37218333333385
2025-09-23,67,2025-09-23 11:10:00,2025-09-23 11:20:00,6310.6975,1051.7829166666668,8209.6886,1368.281433333333,1051.7829166666668,8209.6886,1368.281433333333,,-1,oracle_actual_not_executable,,350.1681500000003,350.1681500000003,0.0,0.0,0.0,350.1681500000003,350.1681500000003,666.6666666666666,0.0,0.0,0.0,2520.0,3120.0,1,0.5007,175.32919270500017,0.0,0.0,175.32919270500017,oracle_actual,14643.708543251667,33118.272650000006,0.0,207.37218333333385
2025-09-23,68,2025-09-23 11:20:00,2025-09-23 11:30:00,6431.52,1071.92,8399.7375,1399.95625,1071.92,8399.7375,1399.95625,,-1,oracle_actual_not_executable,,471.9637500000001,471.9637500000001,0.0,0.0,0.0,471.9637500000001,471.9637500000001,800.0,0.0,0.0,0.0,3120.0,3840.0,1,0.4827,227.81690212500007,0.0,0.0,227.81690212500007,oracle_actual,14871.525445376667,33590.23640000001,0.0,207.37218333333385
2025-09-23,69,2025-09-23 11:30:00,2025-09-23 11:40:00,6604.0357,1100.6726166666667,8379.679,1396.6131666666668,1100.6726166666667,8379.679,1396.6131666666668,,-1,oracle_actual_not_executable,,504.05944999999997,504.05944999999997,0.0,0.0,0.0,504.05944999999997,504.05944999999997,800.0,0.0,0.0,0.0,3840.0,4560.0,1,0.4785,241.19244682499996,0.0,0.0,241.19244682499996,oracle_actual,15112.717892201666,34094.29585000001,0.0,207.37218333333385
2025-09-23,70,2025-09-23 11:40:00,2025-09-23 11:50:00,6371.5522,1061.9253666666666,8435.4109,1405.9018166666667,1061.9253666666666,8435.4109,1405.9018166666667,,-1,oracle_actual_not_executable,,456.0235499999999,456.0235499999999,0.0,0.0,0.0,456.0235499999999,456.0235499999999,800.0,0.0,0.0,0.0,4560.0,5280.0,1,0.4662,212.59817900999994,0.0,0.0,212.59817900999994,oracle_actual,15325.316071211666,34550.31940000001,0.0,207.37218333333385
2025-09-23,71,2025-09-23 11:50:00,2025-09-23 12:00:00,5893.69,982.2816666666666,8613.5625,1435.59375,982.2816666666666,8613.5625,1435.59375,,-1,oracle_actual_not_executable,,346.68791666666664,346.68791666666664,0.0,0.0,0.0,346.68791666666664,346.68791666666664,800.0,0.0,0.0,0.0,5280.0,6000.0,1,0.4432,153.65208466666664,0.0,0.0,153.65208466666664,oracle_actual,15478.968155878332,34897.00731666668,0.0,207.37218333333385
2025-09-23,72,2025-09-23 12:00:00,2025-09-23 12:10:00,5815.5593,969.2598833333332,8690.3915,1448.3985833333334,969.2598833333332,8690.3915,1448.3985833333334,,-1,oracle_actual_not_executable,,320.8612999999998,320.8612999999998,0.0,0.0,0.0,320.8612999999998,320.8612999999998,800.0,0.0,0.0,0.0,6000.0,6720.0,1,0.4411,141.5319194299999,0.0,0.0,141.5319194299999,oracle_actual,15620.500075308331,35217.868616666674,0.0,207.37218333333385
2025-09-23,73,2025-09-23 12:10:00,2025-09-23 12:20:00,5929.8452,988.3075333333333,8581.2694,1430.2115666666666,988.3075333333333,8581.2694,1430.2115666666666,,-1,oracle_actual_not_executable,,358.09596666666664,358.09596666666664,0.0,0.0,0.0,358.09596666666664,358.09596666666664,800.0,0.0,0.0,0.0,6720.0,7440.0,1,0.4551,162.96947443,0.0,0.0,162.96947443,oracle_actual,15783.46954973833,35575.96458333334,0.0,207.37218333333385
2025-09-23,74,2025-09-23 12:20:00,2025-09-23 12:30:00,5958.43,993.0716666666668,8484.4875,1414.08125,993.0716666666668,8484.4875,1414.08125,,-1,oracle_actual_not_executable,,378.9904166666669,378.9904166666669,0.0,0.0,0.0,378.9904166666669,378.9904166666669,800.0,0.0,0.0,0.0,7440.0,8160.0,1,0.4463,169.14342295833342,0.0,0.0,169.14342295833342,oracle_actual,15952.612972696665,35954.95500000001,0.0,207.37218333333385
2025-09-23,75,2025-09-23 12:30:00,2025-09-23 12:40:00,5882.5546,980.4257666666668,8645.3297,1440.8882833333334,980.4257666666668,8645.3297,1440.8882833333334,,-1,oracle_actual_not_executable,,339.5374833333334,339.5374833333334,0.0,0.0,0.0,339.5374833333334,339.5374833333334,800.0,0.0,0.0,0.0,8160.0,8880.0,1,0.4113,139.65176689500004,0.0,0.0,139.65176689500004,oracle_actual,16092.264739591665,36294.49248333334,0.0,207.37218333333385
2025-09-23,76,2025-09-23 12:40:00,2025-09-23 12:50:00,6091.5912,1015.2652,8546.664,1424.4440000000002,1015.2652,8546.664,1424.4440000000002,,-1,oracle_actual_not_executable,,0.0,0.0,0.0,0.0,0.0,0.0,0.0,400.0,0.0,9.178800000000138,0.0,8880.0,9240.0,1,0.5682,0.0,0.0,0.0,0.0,oracle_actual,16092.264739591665,36294.49248333334,0.0,216.550983333334
2025-09-23,77,2025-09-23 12:50:00,2025-09-23 13:00:00,6408.53,1068.0883333333334,8135.1375,1355.85625,1068.0883333333334,8135.1375,1355.85625,,-1,oracle_actual_not_executable,,0.0,0.0,0.0,0.0,0.0,0.0,0.0,266.6666666666667,0.0,21.101249999999993,0.0,9240.0,9480.0,1,0.8279,0.0,0.0,0.0,0.0,oracle_actual,16092.264739591665,36294.49248333334,0.0,237.65223333333398
2025-09-23,78,2025-09-23 13:00:00,2025-09-23 13:10:00,6253.4833,1042.2472166666666,7884.9488,1314.1581333333334,1042.2472166666666,7884.9488,1314.1581333333334,,-1,oracle_actual_not_executable,,0.0,0.0,0.0,0.0,0.0,0.0,0.0,266.6666666666667,0.0,5.244250000000022,0.0,9480.0,9720.0,1,0.8636,0.0,0.0,0.0,0.0,oracle_actual,16092.264739591665,36294.49248333334,0.0,242.896483333334
2025-09-23,79,2025-09-23 13:10:00,2025-09-23 13:20:00,6080.4251,1013.4041833333334,7754.0988,1292.3498,1013.4041833333334,7754.0988,1292.3498,,-1,oracle_actual_not_executable,,0.0,0.0,0.0,0.0,0.0,0.0,0.0,266.6666666666667,0.0,12.278949999999838,0.0,9720.0,9960.0,1,0.8416,0.0,0.0,0.0,0.0,oracle_actual,16092.264739591665,36294.49248333334,0.0,255.17543333333384
2025-09-23,80,2025-09-23 13:20:00,2025-09-23 13:30:00,6115.63,1019.2716666666666,7607.2875,1267.88125,1019.2716666666666,7607.2875,1267.88125,,-1,oracle_actual_not_executable,,18.057083333333424,18.057083333333424,0.0,0.0,0.0,18.057083333333424,18.057083333333424,266.6666666666667,0.0,0.0,0.0,9960.0,10200.0,1,0.8618,15.561594416666745,0.0,0.0,15.561594416666745,oracle_actual,16107.826334008332,36312.549566666676,0.0,255.17543333333384
2025-09-23,81,2025-09-23 13:30:00,2025-09-23 13:40:00,6161.9414,1026.9902333333332,7394.5585,1232.426416666667,1026.9902333333332,7394.5585,1232.426416666667,,-1,oracle_actual_not_executable,,61.230483333332984,61.230483333332984,0.0,0.0,0.0,61.230483333332984,61.230483333332984,266.6666666666667,0.0,0.0,0.0,10200.0,10440.0,1,0.8623,52.79904577833303,0.0,0.0,52.79904577833303,oracle_actual,16160.625379786665,36373.78005000001,0.0,255.17543333333384
2025-09-23,82,2025-09-23 13:40:00,2025-09-23 13:50:00,6291.8498,1048.6416333333334,7228.1769,1204.69615,1048.6416333333334,7228.1769,1204.69615,,-1,oracle_actual_not_executable,,0.0,0.0,0.0,0.0,0.0,0.0,0.0,133.33333333333334,0.0,22.721183333333244,0.0,10440.0,10560.0,1,0.9026,0.0,0.0,0.0,0.0,oracle_actual,16160.625379786665,36373.78005000001,0.0,277.8966166666671
2025-09-23,83,2025-09-23 13:50:00,2025-09-23 14:00:00,6409.53,1068.255,7094.9625,1182.49375,1068.255,7094.9625,1182.49375,,-1,oracle_actual_not_executable,,19.09458333333336,19.09458333333336,0.0,0.0,0.0,19.09458333333336,19.09458333333336,133.33333333333334,0.0,0.0,0.0,10560.0,10680.0,1,0.9754,18.62485658333336,0.0,0.0,18.62485658333336,oracle_actual,16179.250236369999,36392.87463333334,0.0,277.8966166666671
2025-09-23,84,2025-09-23 14:00:00,2025-09-23 14:10:00,6298.6605,1049.77675,6838.0168,1139.6694666666667,1049.77675,6838.0168,1139.6694666666667,,-1,oracle_actual_not_executable,,43.440616666666614,43.440616666666614,0.0,0.0,0.0,43.440616666666614,43.440616666666614,133.33333333333334,0.0,0.0,0.0,10680.0,10800.0,1,1.0002,43.44930478999995,0.0,0.0,43.44930478999995,oracle_actual,16222.699541159998,36436.31525000001,0.0,277.8966166666671
2025-09-23,85,2025-09-23 14:10:00,2025-09-23 14:20:00,6212.8259,1035.4709833333334,6393.4647,1065.57745,1035.4709833333334,6393.4647,1065.57745,,-1,oracle_actual_not_executable,,0.0,0.0,0.0,0.0,0.0,0.0,0.0,0.0,0.0,30.10646666666662,0.0,10800.0,10800.0,0,0.9978,0.0,0.0,0.0,0.0,oracle_actual,16222.699541159998,36436.31525000001,0.0,308.00308333333373
2025-09-23,86,2025-09-23 14:20:00,2025-09-23 14:30:00,6236.6,1039.4333333333334,5854.05,975.675,1039.4333333333334,5854.05,975.675,,-1,oracle_actual_not_executable,,63.75833333333344,63.75833333333344,0.0,0.0,0.0,63.75833333333344,63.75833333333344,0.0,0.0,0.0,0.0,10800.0,10800.0,0,1.0271,65.48618416666677,0.0,0.0,65.48618416666677,oracle_actual,16288.185725326664,36500.07358333334,0.0,308.00308333333373
2025-09-23,87,2025-09-23 14:30:00,2025-09-23 14:40:00,6217.1274,1036.1879,5393.4146,898.9024333333333,1036.1879,5393.4146,898.9024333333333,,-1,oracle_actual_not_executable,,29.285466666666593,29.285466666666593,0.0,0.0,0.0,29.285466666666593,29.285466666666593,0.0,108.0,0.0,0.0,10800.0,10680.0,0,1.0906,31.938729946666587,0.0,0.0,31.938729946666587,oracle_actual,16320.124455273331,36529.35905000001,0.0,308.00308333333373
2025-09-23,88,2025-09-23 14:40:00,2025-09-23 14:50:00,6206.2876,1034.3812666666663,4990.8009,831.80015,1034.3812666666663,4990.8009,831.80015,,-1,oracle_actual_not_executable,,0.0,0.0,0.0,0.0,0.0,0.0,0.0,0.0,216.0,13.418883333333724,0.0,10680.0,10440.0,0,0.9376,0.0,0.0,0.0,0.0,oracle_actual,16320.124455273331,36529.35905000001,0.0,321.42196666666746
2025-09-23,89,2025-09-23 14:50:00,2025-09-23 15:00:00,6262.68,1043.78,4761.6375,793.6062499999999,1043.78,4761.6375,793.6062499999999,,-1,oracle_actual_not_executable,,250.17375000000004,250.17375000000004,0.0,0.0,0.0,250.17375000000004,250.17375000000004,0.0,0.0,0.0,0.0,10440.0,10440.0,0,0.6694,167.46630825000003,0.0,0.0,167.46630825000003,oracle_actual,16487.59076352333,36779.53280000001,0.0,321.42196666666746
2025-09-23,90,2025-09-23 15:00:00,2025-09-23 15:10:00,6377.3851,1062.897516666667,4842.082,807.0136666666667,1062.897516666667,4842.082,807.0136666666667,,-1,oracle_actual_not_executable,,655.8838500000002,655.8838500000002,0.0,0.0,0.0,655.8838500000002,655.8838500000002,400.0,0.0,0.0,0.0,10440.0,10800.0,1,0.66,432.88334100000014,0.0,0.0,432.88334100000014,oracle_actual,16920.47410452333,37435.41665000001,0.0,321.42196666666746
2025-09-23,91,2025-09-23 15:10:00,2025-09-23 15:20:00,6461.0017,1076.8336166666666,4734.2965,789.0494166666667,1076.8336166666666,4734.2965,789.0494166666667,,-1,oracle_actual_not_executable,,287.7841999999998,287.7841999999998,0.0,0.0,0.0,287.7841999999998,287.7841999999998,0.0,0.0,0.0,0.0,10800.0,10800.0,0,0.7217,207.6938571399999,0.0,0.0,207.6938571399999,oracle_actual,17128.16796166333,37723.20085000001,0.0,321.42196666666746
2025-09-23,92,2025-09-23 15:20:00,2025-09-23 15:30:00,6382.45,1063.7416666666666,4417.2375,736.2062500000001,1063.7416666666666,4417.2375,736.2062500000001,,-1,oracle_actual_not_executable,,327.5354166666665,327.5354166666665,0.0,0.0,0.0,327.5354166666665,327.5354166666665,0.0,0.0,0.0,0.0,10800.0,10800.0,0,0.7308,239.36288249999987,0.0,0.0,239.36288249999987,oracle_actual,17367.53084416333,38050.736266666674,0.0,321.42196666666746
2025-09-23,93,2025-09-23 15:30:00,2025-09-23 15:40:00,6120.1976,1020.0329333333334,4306.354,717.7256666666667,1020.0329333333334,4306.354,717.7256666666667,,-1,oracle_actual_not_executable,,302.3072666666667,302.3072666666667,0.0,0.0,0.0,302.3072666666667,302.3072666666667,0.0,0.0,0.0,0.0,10800.0,10800.0,0,0.7534,227.75829470666667,0.0,0.0,227.75829470666667,oracle_actual,17595.289138869997,38353.043533333344,0.0,321.42196666666746
2025-09-23,94,2025-09-23 15:40:00,2025-09-23 15:50:00,6153.6297,1025.60495,4035.9346,672.6557666666666,1025.60495,4035.9346,672.6557666666666,,-1,oracle_actual_not_executable,,352.9491833333333,352.9491833333333,0.0,0.0,0.0,352.9491833333333,352.9491833333333,0.0,0.0,0.0,0.0,10800.0,10800.0,0,0.7823,276.1121461216666,0.0,0.0,276.1121461216666,oracle_actual,17871.401284991665,38705.992716666675,0.0,321.42196666666746
2025-09-23,95,2025-09-23 15:50:00,2025-09-23 16:00:00,6505.17,1084.195,3543.675,590.6125000000001,1084.195,3543.675,590.6125000000001,,-1,oracle_actual_not_executable,,493.58249999999987,493.58249999999987,0.0,0.0,0.0,493.58249999999987,493.58249999999987,0.0,0.0,0.0,0.0,10800.0,10800.0,0,0.8055,397.5807037499999,0.0,0.0,397.5807037499999,oracle_actual,18268.981988741667,39199.57521666667,0.0,321.42196666666746
2025-09-23,96,2025-09-23 16:00:00,2025-09-23 16:10:00,6704.9712,1117.4952,3168.3753,528.06255,1117.4952,3168.3753,528.06255,,-1,oracle_actual_not_executable,,589.4326500000001,589.4326500000001,0.0,0.0,0.0,589.4326500000001,589.4326500000001,0.0,0.0,0.0,0.0,10800.0,10800.0,0,0.8271,487.519744815,0.0,0.0,487.519744815,oracle_actual,18756.501733556666,39789.007866666674,0.0,321.42196666666746
2025-09-23,97,2025-09-23 16:10:00,2025-09-23 16:20:00,6651.3841,1108.5640166666667,2836.5022,472.75036666666665,1108.5640166666667,2836.5022,472.75036666666665,,-1,oracle_actual_not_executable,,635.81365,635.81365,0.0,0.0,0.0,635.81365,635.81365,0.0,0.0,0.0,0.0,10800.0,10800.0,0,0.8519,541.649648435,0.0,0.0,541.649648435,oracle_actual,19298.151381991665,40424.82151666668,0.0,321.42196666666746
2025-09-23,98,2025-09-23 16:20:00,2025-09-23 16:30:00,6512.95,1085.4916666666666,2503.5375,417.25625,1085.4916666666666,2503.5375,417.25625,,-1,oracle_actual_not_executable,,668.2354166666665,668.2354166666665,0.0,0.0,0.0,668.2354166666665,668.2354166666665,0.0,0.0,0.0,0.0,10800.0,10800.0,0,0.8791,587.4457547916666,0.0,0.0,587.4457547916666,oracle_actual,19885.597136783334,41093.05693333335,0.0,321.42196666666746
2025-09-23,99,2025-09-23 16:30:00,2025-09-23 16:40:00,6516.7553,1086.1258833333334,2218.6701,369.77835,1086.1258833333334,2218.6701,369.77835,,-1,oracle_actual_not_executable,,716.3475333333333,716.3475333333333,0.0,0.0,0.0,716.3475333333333,716.3475333333333,0.0,0.0,0.0,0.0,10800.0,10800.0,0,0.9024,646.4320140799999,0.0,0.0,646.4320140799999,oracle_actual,20532.029150863335,41809.40446666668,0.0,321.42196666666746
2025-09-23,100,2025-09-23 16:40:00,2025-09-23 16:50:00,6452.5286,1075.4214333333332,1863.5925,310.59875,1075.4214333333332,1863.5925,310.59875,,-1,oracle_actual_not_executable,,764.8226833333332,764.8226833333332,0.0,0.0,0.0,764.8226833333332,764.8226833333332,0.0,0.0,0.0,0.0,10800.0,10800.0,0,0.9163,700.8070247383332,0.0,0.0,700.8070247383332,oracle_actual,21232.836175601667,42574.22715000001,0.0,321.42196666666746
2025-09-23,101,2025-09-23 16:50:00,2025-09-23 17:00:00,6349.71,1058.285,1465.3875,244.23125,1058.285,1465.3875,244.23125,,-1,oracle_actual_not_executable,,814.05375,814.05375,0.0,0.0,0.0,814.05375,814.05375,0.0,0.0,0.0,0.0,10800.0,10800.0,0,0.9264,754.139394,0.0,0.0,754.139394,oracle_actual,21986.97556960167,43388.28090000001,0.0,321.42196666666746
2025-09-23,102,2025-09-23 17:00:00,2025-09-23 17:10:00,6441.2731,1073.5455166666668,1178.7512,196.4585333333333,1073.5455166666668,1178.7512,196.4585333333333,,-1,oracle_actual_not_executable,,877.0869833333335,877.0869833333335,0.0,0.0,0.0,877.0869833333335,877.0869833333335,0.0,0.0,0.0,0.0,10800.0,10800.0,0,0.9462,829.8997036300002,0.0,0.0,829.8997036300002,oracle_actual,22816.875273231668,44265.36788333335,0.0,321.42196666666746
2025-09-23,103,2025-09-23 17:10:00,2025-09-23 17:20:00,6397.9351,1066.3225166666666,917.9154,152.9859,1066.3225166666666,917.9154,152.9859,,-1,oracle_actual_not_executable,,913.3366166666666,913.3366166666666,0.0,0.0,0.0,913.3366166666666,913.3366166666666,0.0,0.0,0.0,0.0,10800.0,10800.0,0,0.9742,889.7725319566665,0.0,0.0,889.7725319566665,oracle_actual,23706.647805188335,45178.704500000014,0.0,321.42196666666746
2025-09-23,104,2025-09-23 17:20:00,2025-09-23 17:30:00,6368.49,1061.415,630.1875,105.03125,1061.415,630.1875,105.03125,,-1,oracle_actual_not_executable,,956.38375,956.38375,0.0,0.0,0.0,956.38375,956.38375,0.0,0.0,0.0,0.0,10800.0,10800.0,0,0.9862,943.18565425,0.0,0.0,943.18565425,oracle_actual,24649.833459438334,46135.088250000015,0.0,321.42196666666746
2025-09-23,105,2025-09-23 17:30:00,2025-09-23 17:40:00,6667.634,1111.272333333333,356.458,59.40966666666667,1111.272333333333,356.458,59.40966666666667,,-1,oracle_actual_not_executable,,1051.8626666666664,1051.8626666666664,0.0,0.0,0.0,1051.8626666666664,1051.8626666666664,0.0,0.0,0.0,0.0,10800.0,10800.0,0,0.976,1026.6179626666665,0.0,0.0,1026.6179626666665,oracle_actual,25676.451422105,47186.95091666668,0.0,321.42196666666746
2025-09-23,106,2025-09-23 17:40:00,2025-09-23 17:50:00,5886.4358,981.0726333333332,131.4439,21.90731666666667,981.0726333333332,131.4439,21.90731666666667,,-1,oracle_actual_not_executable,,959.1653166666665,959.1653166666665,0.0,0.0,0.0,959.1653166666665,959.1653166666665,0.0,0.0,0.0,0.0,10800.0,10800.0,0,1.0742,1030.3353831633333,0.0,0.0,1030.3353831633333,oracle_actual,26706.786805268333,48146.11623333335,0.0,321.42196666666746
2025-09-23,107,2025-09-23 17:50:00,2025-09-23 18:00:00,4515.87,752.645,0.0,0.0,752.645,0.0,0.0,,-1,oracle_actual_not_executable,,752.645,752.645,0.0,0.0,0.0,752.645,752.645,0.0,0.0,0.0,0.0,10800.0,10800.0,0,1.2313,926.7317885,0.0,0.0,926.7317885,oracle_actual,27633.518593768335,48898.761233333345,0.0,321.42196666666746
2025-09-23,108,2025-09-23 18:00:00,2025-09-23 18:10:00,4585.9791,764.32985,0.0,0.0,764.32985,0.0,0.0,,-1,oracle_actual_not_executable,,764.32985,764.32985,0.0,0.0,0.0,764.32985,764.32985,0.0,0.0,0.0,0.0,10800.0,10800.0,0,1.2561,960.0747245849999,0.0,0.0,960.0747245849999,oracle_actual,28593.593318353334,49663.09108333335,0.0,321.42196666666746
2025-09-23,109,2025-09-23 18:10:00,2025-09-23 18:20:00,4985.787,830.9645,4.4234,0.7372333333333333,830.9645,4.4234,0.7372333333333333,,-1,oracle_actual_not_executable,,830.2272666666668,830.2272666666668,0.0,0.0,0.0,830.2272666666668,830.2272666666668,0.0,0.0,0.0,0.0,10800.0,10800.0,0,1.2447,1033.38387882,0.0,0.0,1033.38387882,oracle_actual,29626.977197173335,50493.318350000016,0.0,321.42196666666746
2025-09-23,110,2025-09-23 18:20:00,2025-09-23 18:30:00,5006.5,834.4166666666666,0.0,0.0,834.4166666666666,0.0,0.0,,-1,oracle_actual_not_executable,,834.4166666666666,834.4166666666666,0.0,0.0,0.0,834.4166666666666,834.4166666666666,0.0,0.0,0.0,0.0,10800.0,10800.0,0,1.2545,1046.7757083333333,0.0,0.0,1046.7757083333333,oracle_actual,30673.75290550667,51327.73501666668,0.0,321.42196666666746
2025-09-23,111,2025-09-23 18:30:00,2025-09-23 18:40:00,5016.9579,836.15965,0.0,0.0,836.15965,0.0,0.0,,-1,oracle_actual_not_executable,,836.15965,836.15965,0.0,0.0,0.0,836.15965,836.15965,0.0,0.0,0.0,0.0,10800.0,10800.0,0,1.2522,1047.03911373,0.0,0.0,1047.03911373,oracle_actual,31720.79201923667,52163.89466666668,0.0,321.42196666666746
2025-09-23,112,2025-09-23 18:40:00,2025-09-23 18:50:00,4862.5058,810.4176333333334,0.3176,0.0529333333333333,810.4176333333334,0.3176,0.0529333333333333,,-1,oracle_actual_not_executable,,486.36469999999997,486.36469999999997,0.0,0.0,0.0,486.36469999999997,486.36469999999997,0.0,324.0,0.0,0.0,10800.0,10440.0,0,1.2881,626.48637007,0.0,0.0,626.48637007,oracle_actual,32347.27838930667,52650.25936666668,0.0,321.42196666666746
2025-09-23,113,2025-09-23 18:50:00,2025-09-23 19:00:00,4664.56,777.4266666666667,0.0,0.0,777.4266666666667,0.0,0.0,,-1,oracle_actual_not_executable,,21.426666666666733,21.426666666666733,0.0,0.0,0.0,21.426666666666733,21.426666666666733,0.0,756.0,0.0,0.0,10440.0,9600.0,0,1.3466,28.853149333333423,0.0,0.0,28.853149333333423,oracle_actual,32376.131538640002,52671.686033333346,0.0,321.42196666666746
2025-09-23,114,2025-09-23 19:00:00,2025-09-23 19:10:00,4794.5933,799.0988833333334,0.0,0.0,799.0988833333334,0.0,0.0,,-1,oracle_actual_not_executable,,43.09888333333345,43.09888333333345,0.0,0.0,0.0,43.09888333333345,43.09888333333345,0.0,756.0,0.0,0.0,9600.0,8760.0,0,1.3523,58.28261993166682,0.0,0.0,58.28261993166682,oracle_actual,32434.414158571668,52714.78491666668,0.0,321.42196666666746
2025-09-23,115,2025-09-23 19:10:00,2025-09-23 19:20:00,4953.598,825.5996666666666,0.0228,0.0038,825.5996666666666,0.0228,0.0038,,-1,oracle_actual_not_executable,,69.59586666666667,69.59586666666667,0.0,0.0,0.0,69.59586666666667,69.59586666666667,0.0,756.0,0.0,0.0,8760.0,7920.0,0,1.3445,93.57164273333333,0.0,0.0,93.57164273333333,oracle_actual,32527.985801305,52784.38078333335,0.0,321.42196666666746
2025-09-23,116,2025-09-23 19:20:00,2025-09-23 19:30:00,4906.9,817.8166666666666,0.0,0.0,817.8166666666666,0.0,0.0,,-1,oracle_actual_not_executable,,61.816666666666606,61.816666666666606,0.0,0.0,0.0,61.816666666666606,61.816666666666606,0.0,756.0,0.0,0.0,7920.0,7080.0,0,1.3483,83.34741166666659,0.0,0.0,83.34741166666659,oracle_actual,32611.333212971665,52846.197450000014,0.0,321.42196666666746
2025-09-23,117,2025-09-23 19:30:00,2025-09-23 19:40:00,4721.0181,786.83635,0.0,0.0,786.83635,0.0,0.0,,-1,oracle_actual_not_executable,,30.83635000000004,30.83635000000004,0.0,0.0,0.0,30.83635000000004,30.83635000000004,0.0,756.0,0.0,0.0,7080.0,6240.0,0,1.349,41.59823615000005,0.0,0.0,41.59823615000005,oracle_actual,32652.931449121665,52877.03380000001,0.0,321.42196666666746
2025-09-23,118,2025-09-23 19:40:00,2025-09-23 19:50:00,4705.315,784.2191666666666,0.0016,0.0002666666666666,784.2191666666666,0.0016,0.0002666666666666,,-1,oracle_actual_not_executable,,28.218899999999962,28.218899999999962,0.0,0.0,0.0,28.218899999999962,28.218899999999962,0.0,756.0,0.0,0.0,6240.0,5400.0,0,1.3473,38.019323969999945,0.0,0.0,38.019323969999945,oracle_actual,32690.950773091663,52905.25270000001,0.0,321.42196666666746
2025-09-23,119,2025-09-23 19:50:00,2025-09-23 20:00:00,4871.47,811.9116666666667,0.0,0.0,811.9116666666667,0.0,0.0,,-1,oracle_actual_not_executable,,55.91166666666675,55.91166666666675,0.0,0.0,0.0,55.91166666666675,55.91166666666675,0.0,756.0,0.0,0.0,5400.0,4560.0,0,1.3482,75.38010900000012,0.0,0.0,75.38010900000012,oracle_actual,32766.330882091665,52961.16436666668,0.0,321.42196666666746
2025-09-23,120,2025-09-23 20:00:00,2025-09-23 20:10:00,4963.0687,827.1781166666666,0.0,0.0,827.1781166666666,0.0,0.0,,-1,oracle_actual_not_executable,,71.1781166666666,71.1781166666666,0.0,0.0,0.0,71.1781166666666,71.1781166666666,0.0,756.0,0.0,0.0,4560.0,3720.0,0,1.3513,96.18298905166657,0.0,0.0,96.18298905166657,oracle_actual,32862.51387114333,53032.34248333335,0.0,321.42196666666746
2025-09-23,121,2025-09-23 20:10:00,2025-09-23 20:20:00,5061.4062,843.5677000000001,0.0,0.0,843.5677000000001,0.0,0.0,,-1,oracle_actual_not_executable,,87.56770000000006,87.56770000000006,0.0,0.0,0.0,87.56770000000006,87.56770000000006,0.0,756.0,0.0,0.0,3720.0,2880.0,0,1.34,117.34071800000008,0.0,0.0,117.34071800000008,oracle_actual,32979.85458914333,53119.91018333335,0.0,321.42196666666746
2025-09-23,122,2025-09-23 20:20:00,2025-09-23 20:30:00,5038.25,839.7083333333334,0.0,0.0,839.7083333333334,0.0,0.0,,-1,oracle_actual_not_executable,,83.70833333333337,83.70833333333337,0.0,0.0,0.0,83.70833333333337,83.70833333333337,0.0,756.0,0.0,0.0,2880.0,2040.0,0,1.3489,112.91417083333339,0.0,0.0,112.91417083333339,oracle_actual,33092.768759976665,53203.618516666684,0.0,321.42196666666746
2025-09-23,123,2025-09-23 20:30:00,2025-09-23 20:40:00,4709.3717,784.8952833333333,0.0,0.0,784.8952833333333,0.0,0.0,,-1,oracle_actual_not_executable,,28.895283333333282,28.895283333333282,0.0,0.0,0.0,28.895283333333282,28.895283333333282,0.0,756.0,0.0,0.0,2040.0,1200.0,0,1.3952,40.3146993066666,0.0,0.0,40.3146993066666,oracle_actual,33133.083459283334,53232.513800000015,0.0,321.42196666666746
2025-09-23,124,2025-09-23 20:40:00,2025-09-23 20:50:00,4809.9708,801.6618,0.0,0.0,801.6618,0.0,0.0,,-1,oracle_actual_not_executable,,801.6618,801.6618,0.0,0.0,0.0,801.6618,801.6618,0.0,0.0,0.0,0.0,1200.0,1200.0,0,1.2226,980.1117166799999,0.0,0.0,980.1117166799999,oracle_actual,34113.19517596334,54034.17560000002,0.0,321.42196666666746
2025-09-23,125,2025-09-23 20:50:00,2025-09-23 21:00:00,5215.3,869.2166666666667,0.0,0.0,869.2166666666667,0.0,0.0,,-1,oracle_actual_not_executable,,869.2166666666667,869.2166666666667,0.0,0.0,0.0,869.2166666666667,869.2166666666667,0.0,0.0,0.0,0.0,1200.0,1200.0,0,0.9332,811.1529933333334,0.0,0.0,811.1529933333334,oracle_actual,34924.348169296674,54903.392266666684,0.0,321.42196666666746
2025-09-23,126,2025-09-23 21:00:00,2025-09-23 21:10:00,5055.1463,842.5243833333334,0.0,0.0,842.5243833333334,0.0,0.0,,-1,oracle_actual_not_executable,,842.5243833333334,842.5243833333334,0.0,0.0,0.0,842.5243833333334,842.5243833333334,0.0,0.0,0.0,0.0,1200.0,1200.0,0,0.9068,764.0011108066668,0.0,0.0,764.0011108066668,oracle_actual,35688.34928010334,55745.916650000014,0.0,321.42196666666746
2025-09-23,127,2025-09-23 21:10:00,2025-09-23 21:20:00,4827.5711,804.5951833333334,0.0,0.0,804.5951833333334,0.0,0.0,,-1,oracle_actual_not_executable,,804.5951833333334,804.5951833333334,0.0,0.0,0.0,804.5951833333334,804.5951833333334,0.0,0.0,0.0,0.0,1200.0,1200.0,0,0.9371,753.9861463016667,0.0,0.0,753.9861463016667,oracle_actual,36442.33542640501,56550.511833333345,0.0,321.42196666666746
2025-09-23,128,2025-09-23 21:20:00,2025-09-23 21:30:00,4880.29,813.3816666666667,0.0,0.0,813.3816666666667,0.0,0.0,,-1,oracle_actual_not_executable,,813.3816666666667,813.3816666666667,0.0,0.0,0.0,813.3816666666667,813.3816666666667,0.0,0.0,0.0,0.0,1200.0,1200.0,0,0.9371,762.2199598333334,0.0,0.0,762.2199598333334,oracle_actual,37204.55538623834,57363.89350000001,0.0,321.42196666666746
2025-09-23,129,2025-09-23 21:30:00,2025-09-23 21:40:00,4979.2148,829.8691333333333,0.0,0.0,829.8691333333333,0.0,0.0,,-1,oracle_actual_not_executable,,829.8691333333333,829.8691333333333,0.0,0.0,0.0,829.8691333333333,829.8691333333333,0.0,0.0,0.0,0.0,1200.0,1200.0,0,0.9871,819.1638215133332,0.0,0.0,819.1638215133332,oracle_actual,38023.719207751674,58193.76263333335,0.0,321.42196666666746
2025-09-23,130,2025-09-23 21:40:00,2025-09-23 21:50:00,4609.119,768.1864999999999,0.0,0.0,768.1864999999999,0.0,0.0,,-1,oracle_actual_not_executable,,768.1864999999999,768.1864999999999,0.0,0.0,0.0,768.1864999999999,768.1864999999999,0.0,0.0,0.0,0.0,1200.0,1200.0,0,0.7764,596.4199985999999,0.0,0.0,596.4199985999999,oracle_actual,38620.139206351676,58961.94913333335,0.0,321.42196666666746
2025-09-23,131,2025-09-23 21:50:00,2025-09-23 22:00:00,3835.46,639.2433333333333,0.0,0.0,639.2433333333333,0.0,0.0,,-1,oracle_actual_not_executable,,639.2433333333333,639.2433333333333,0.0,0.0,0.0,639.2433333333333,639.2433333333333,0.0,0.0,0.0,0.0,1200.0,1200.0,0,0.4209,269.057519,0.0,0.0,269.057519,oracle_actual,38889.19672535168,59601.19246666668,0.0,321.42196666666746
2025-09-23,132,2025-09-23 22:00:00,2025-09-23 22:10:00,3320.6494,553.4415666666666,0.0,0.0,553.4415666666666,0.0,0.0,,-1,oracle_actual_not_executable,,553.4415666666666,553.4415666666666,0.0,0.0,0.0,553.4415666666666,553.4415666666666,0.0,0.0,0.0,0.0,1200.0,1200.0,0,0.3859,213.57310057666666,0.0,0.0,213.57310057666666,oracle_actual,39102.76982592834,60154.63403333335,0.0,321.42196666666746
2025-09-23,133,2025-09-23 22:10:00,2025-09-23 22:20:00,3496.0714,582.6785666666666,0.0,0.0,582.6785666666666,0.0,0.0,,-1,oracle_actual_not_executable,,582.6785666666666,582.6785666666666,0.0,0.0,0.0,582.6785666666666,582.6785666666666,0.0,0.0,0.0,0.0,1200.0,1200.0,0,0.4368,254.51399791999998,0.0,0.0,254.51399791999998,oracle_actual,39357.283823848345,60737.31260000002,0.0,321.42196666666746
2025-09-23,134,2025-09-23 22:20:00,2025-09-23 22:30:00,3883.24,647.2066666666666,0.0,0.0,647.2066666666666,0.0,0.0,,-1,oracle_actual_not_executable,,647.2066666666666,647.2066666666666,0.0,0.0,0.0,647.2066666666666,647.2066666666666,0.0,0.0,0.0,0.0,1200.0,1200.0,0,0.4198,271.6973586666666,0.0,0.0,271.6973586666666,oracle_actual,39628.98118251501,61384.519266666684,0.0,321.42196666666746
2025-09-23,135,2025-09-23 22:30:00,2025-09-23 22:40:00,3580.1991,596.69985,0.0,0.0,596.69985,0.0,0.0,,-1,oracle_actual_not_executable,,596.69985,596.69985,0.0,0.0,0.0,596.69985,596.69985,0.0,0.0,0.0,0.0,1200.0,1200.0,0,0.4186,249.77855721,0.0,0.0,249.77855721,oracle_actual,39878.75973972501,61981.21911666668,0.0,321.42196666666746
2025-09-23,136,2025-09-23 22:40:00,2025-09-23 22:50:00,3332.1137,555.3522833333333,0.0,0.0,555.3522833333333,0.0,0.0,,-1,oracle_actual_not_executable,,555.3522833333333,555.3522833333333,0.0,0.0,0.0,555.3522833333333,555.3522833333333,0.0,0.0,0.0,0.0,1200.0,1200.0,0,0.4241,235.52490336166662,0.0,0.0,235.52490336166662,oracle_actual,40114.28464308667,62536.571400000015,0.0,321.42196666666746
2025-09-23,137,2025-09-23 22:50:00,2025-09-23 23:00:00,3416.1,569.35,0.0,0.0,569.35,0.0,0.0,,-1,oracle_actual_not_executable,,569.35,569.35,0.0,0.0,0.0,569.35,569.35,0.0,0.0,0.0,0.0,1200.0,1200.0,0,0.4237,241.233595,0.0,0.0,241.233595,oracle_actual,40355.51823808667,63105.921400000014,0.0,321.42196666666746
2025-09-23,138,2025-09-23 23:00:00,2025-09-23 23:10:00,3387.9352,564.6558666666666,0.0,0.0,564.6558666666666,0.0,0.0,,-1,oracle_actual_not_executable,,564.6558666666666,564.6558666666666,0.0,0.0,0.0,564.6558666666666,564.6558666666666,0.0,0.0,0.0,0.0,1200.0,1200.0,0,0.4248,239.86581216,0.0,0.0,239.86581216,oracle_actual,40595.38405024667,63670.57726666668,0.0,321.42196666666746
2025-09-23,139,2025-09-23 23:10:00,2025-09-23 23:20:00,3459.0094,576.5015666666667,0.0,0.0,576.5015666666667,0.0,0.0,,-1,oracle_actual_not_executable,,576.5015666666667,576.5015666666667,0.0,0.0,0.0,576.5015666666667,576.5015666666667,0.0,0.0,0.0,0.0,1200.0,1200.0,0,0.424,244.43666426666667,0.0,0.0,244.43666426666667,oracle_actual,40839.820714513335,64247.07883333335,0.0,321.42196666666746
2025-09-23,140,2025-09-23 23:20:00,2025-09-23 23:30:00,3661.95,610.3249999999999,0.0,0.0,610.3249999999999,0.0,0.0,,-1,oracle_actual_not_executable,,610.3249999999999,610.3249999999999,0.0,0.0,0.0,610.3249999999999,610.3249999999999,0.0,0.0,0.0,0.0,1200.0,1200.0,0,0.422,257.55715,0.0,0.0,257.55715,oracle_actual,41097.377864513335,64857.403833333345,0.0,321.42196666666746
2025-09-23,141,2025-09-23 23:30:00,2025-09-23 23:40:00,3702.4038,617.0673,0.0,0.0,617.0673,0.0,0.0,,-1,oracle_actual_not_executable,,617.0673,617.0673,0.0,0.0,0.0,617.0673,617.0673,0.0,0.0,0.0,0.0,1200.0,1200.0,0,0.424,261.6365352,0.0,0.0,261.6365352,oracle_actual,41359.014399713335,65474.47113333335,0.0,321.42196666666746
2025-09-23,142,2025-09-23 23:40:00,2025-09-23 23:50:00,3409.7885,568.2980833333334,0.0,0.0,568.2980833333334,0.0,0.0,,-1,oracle_actual_not_executable,,568.2980833333334,568.2980833333334,0.0,0.0,0.0,568.2980833333334,568.2980833333334,0.0,0.0,0.0,0.0,1200.0,1200.0,0,0.4271,242.72011139166668,0.0,0.0,242.72011139166668,oracle_actual,41601.734511105,66042.76921666668,0.0,321.42196666666746
2025-09-23,143,2025-09-23 23:50:00,2025-09-24 00:00:00,3147.61,524.6016666666667,0.0,0.0,524.6016666666667,0.0,0.0,,-1,oracle_actual_not_executable,,524.6016666666667,524.6016666666667,0.0,0.0,0.0,524.6016666666667,524.6016666666667,0.0,0.0,0.0,0.0,1200.0,1200.0,0,0.4276,224.31967266666666,0.0,0.0,224.31967266666666,oracle_actual,41826.05418377167,66567.37088333335,0.0,321.42196666666746
2025-12-21,0,2025-12-21 00:00:00,2025-12-21 00:10:00,3576.1063,596.0177166666666,0.0,0.0,592.6912333333333,0.0,0.0,2025-12-21 00:00:00,10,observed_anchor_linear_to_h1,2025-12-14 00:10:00,1392.6912333333335,1392.6912333333335,0.0,0.0,3.3264833333332717,1396.0177166666667,1396.0177166666667,800.0,0.0,0.0,0.0,1200.0,1920.0,1,0.4248,591.61523592,0.0,7.06545059999987,598.6806865199999,static_forecast,598.6806865199999,1396.0177166666667,3.3264833333332717,0.0
2025-12-21,1,2025-12-21 00:10:00,2025-12-21 00:20:00,3537.871,589.6451666666667,0.0,0.0,561.2439,0.0,0.0,2025-12-21 00:00:00,20,observed_anchor_linear_to_h1,2025-12-14 00:20:00,1361.2439,1361.2439,0.0,0.0,28.401266666666743,1389.6451666666667,1389.6451666666667,800.0,0.0,0.0,0.0,1920.0,2640.0,1,0.4245,577.84803555,0.0,60.281688500000165,638.1297240500002,static_forecast,1236.81041057,2785.6628833333334,31.727750000000015,0.0
2025-12-21,2,2025-12-21 00:20:00,2025-12-21 00:30:00,3472.1,578.6833333333333,0.0,0.0,571.5483333333333,0.0,0.0,2025-12-21 00:00:00,30,observed_anchor_linear_to_h1,2025-12-14 00:30:00,1371.5483333333332,1371.5483333333332,0.0,0.0,7.135000000000218,1378.6833333333334,1378.6833333333334,800.0,0.0,0.0,0.0,2640.0,3360.0,1,0.4269,585.5139834999999,0.0,15.229657500000467,600.7436410000004,static_forecast,1837.5540515700004,4164.346216666667,38.86275000000023,0.0
2025-12-21,3,2025-12-21 00:30:00,2025-12-21 00:40:00,3388.2602,564.7100333333334,0.0,0.0,612.7311666666667,0.0,0.0,2025-12-21 00:00:00,40,observed_anchor_linear_to_h1,2025-12-14 00:40:00,1412.7311666666667,1412.7311666666667,0.0,0.0,0.0,1412.7311666666667,1412.7311666666667,800.0,0.0,0.0,48.02113333333341,3360.0,4080.0,1,0.4272,603.5187544,0.0,0.0,603.5187544,static_forecast,2441.0728059700004,5577.077383333333,38.86275000000023,0.0
2025-12-21,4,2025-12-21 00:40:00,2025-12-21 00:50:00,3299.4233,549.9038833333333,0.0,0.0,626.2757666666666,0.0,0.0,2025-12-21 00:00:00,50,observed_anchor_linear_to_h1,2025-12-14 00:50:00,1426.2757666666666,1426.2757666666666,0.0,0.0,0.0,1426.2757666666666,1426.2757666666666,800.0,0.0,0.0,76.37188333333324,4080.0,4800.0,1,0.4271,609.1623799433333,0.0,0.0,609.1623799433333,static_forecast,3050.2351859133337,7003.35315,38.86275000000023,0.0
2025-12-21,5,2025-12-21 00:50:00,2025-12-21 01:00:00,3349.26,558.21,0.0,0.0,608.4616666666667,0.0,0.0,2025-12-21 00:00:00,60,attachment3_10min_interpolation,2025-12-14 01:00:00,1408.4616666666666,1408.4616666666666,0.0,0.0,0.0,1408.4616666666666,1408.4616666666666,800.0,0.0,0.0,50.25166666666655,4800.0,5520.0,1,0.4285,603.5258241666667,0.0,0.0,603.5258241666667,static_forecast,3653.7610100800002,8411.814816666667,38.86275000000023,0.0
2025-12-21,6,2025-12-21 01:00:00,2025-12-21 01:10:00,3662.0911,610.3485166666667,0.0,0.0,606.02975,0.0,0.0,2025-12-21 00:00:00,70,attachment3_10min_interpolation,2025-12-14 01:10:00,1406.0297500000001,1406.0297500000001,0.0,0.0,4.318766666666534,1410.3485166666667,1410.3485166666667,800.0,0.0,0.0,0.0,5520.0,6240.0,1,0.4311,606.1394252250001,0.0,9.309101549999713,615.4485267749998,static_forecast,4269.209536855,9822.163333333334,43.18151666666677,0.0
2025-12-21,7,2025-12-21 01:10:00,2025-12-21 01:20:00,3799.4157,633.23595,0.0,0.0,605.0776,0.0,0.0,2025-12-21 00:00:00,80,attachment3_10min_interpolation,2025-12-14 01:20:00,1405.0776,1405.0776,0.0,0.0,28.158349999999928,1433.23595,1433.23595,800.0,0.0,0.0,0.0,6240.0,6960.0,1,0.4302,604.4643835200001,0.0,60.56861084999985,665.0329943699999,static_forecast,4934.242531225,11255.399283333334,71.3398666666667,0.0
2025-12-21,8,2025-12-21 01:20:00,2025-12-21 01:30:00,3736.18,622.6966666666666,0.0,0.0,598.8383333333334,0.0,0.0,2025-12-21 00:00:00,90,attachment3_10min_interpolation,2025-12-14 01:30:00,1398.8383333333334,1398.8383333333334,0.0,0.0,23.85833333333335,1422.6966666666667,1422.6966666666667,800.0,0.0,0.0,0.0,6960.0,7680.0,1,0.4279,598.5629228333333,0.0,51.0449041666667,649.607827,static_forecast,5583.850358225,12678.09595,95.19820000000004,0.0
2025-12-21,9,2025-12-21 01:30:00,2025-12-21 01:40:00,3824.9356,637.4892666666666,0.0,0.0,600.3714333333334,0.0,0.0,2025-12-21 00:00:00,100,attachment3_10min_interpolation,2025-12-14 01:40:00,867.0381,867.0381,0.0,0.0,37.11783333333324,904.1559333333332,904.1559333333332,266.6666666666667,0.0,0.0,0.0,7680.0,7920.0,1,0.4312,373.86682872,0.0,80.02604866666647,453.89287738666644,static_forecast,6037.743235611666,13582.251883333334,132.31603333333328,0.0
2025-12-21,10,2025-12-21 01:40:00,2025-12-21 01:50:00,3734.208,622.368,0.0,0.0,609.7503833333334,0.0,0.0,2025-12-21 00:00:00,110,attachment3_10min_interpolation,2025-12-14 01:50:00,609.7503833333334,609.7503833333334,0.0,0.0,12.617616666666663,622.368,622.368,0.0,0.0,0.0,0.0,7920.0,7920.0,0,0.4333,264.20484109833336,0.0,27.336066508333328,291.5409076066667,static_forecast,6329.284143218332,14204.619883333335,144.93364999999994,0.0
2025-12-21,11,2025-12-21 01:50:00,2025-12-21 02:00:00,3587.15,597.8583333333333,0.0,0.0,618.77,0.0,0.0,2025-12-21 00:00:00,120,attachment3_10min_interpolation,2025-12-14 02:00:00,1418.77,1418.77,0.0,0.0,0.0,1418.77,1418.77,800.0,0.0,0.0,20.911666666666633,7920.0,8640.0,1,0.4311,611.631747,0.0,0.0,611.631747,static_forecast,6940.915890218333,15623.389883333335,144.93364999999994,0.0
2025-12-21,12,2025-12-21 02:00:00,2025-12-21 02:10:00,3856.4774,642.7462333333334,0.0,0.0,620.9696333333333,0.0,0.0,2025-12-21 00:00:00,130,attachment3_10min_interpolation,2025-12-14 02:10:00,1420.9696333333331,1420.9696333333331,0.0,0.0,21.776600000000144,1442.7462333333333,1442.7462333333333,800.0,0.0,0.0,0.0,8640.0,9360.0,1,0.4293,610.02226359,0.0,46.74347190000031,656.7657354900002,static_forecast,7597.681625708333,17066.13611666667,166.7102500000001,0.0
2025-12-21,13,2025-12-21 02:10:00,2025-12-21 02:20:00,3923.2147,653.8691166666666,0.0,0.0,634.80715,0.0,0.0,2025-12-21 00:00:00,140,attachment3_10min_interpolation,2025-12-14 02:20:00,634.80715,634.80715,0.0,0.0,19.06196666666665,653.8691166666666,653.8691166666666,0.0,0.0,0.0,0.0,9360.0,9360.0,0,0.4324,274.49061166,0.0,41.211971933333295,315.7025835933333,static_forecast,7913.3842093016665,17720.005233333333,185.77221666666674,0.0
2025-12-21,14,2025-12-21 02:20:00,2025-12-21 02:30:00,3730.5,621.75,0.0,0.0,658.2583333333333,0.0,0.0,2025-12-21 00:00:00,150,attachment3_10min_interpolation,2025-12-14 02:30:00,658.2583333333333,658.2583333333333,0.0,0.0,0.0,658.2583333333333,658.2583333333333,0.0,0.0,0.0,36.508333333333326,9360.0,9360.0,0,0.4367,287.46141416666666,0.0,0.0,287.46141416666666,static_forecast,8200.845623468333,18378.26356666667,185.77221666666674,0.0
2025-12-21,15,2025-12-21 02:30:00,2025-12-21 02:40:00,3819.86,636.6433333333333,0.0,0.0,668.0974666666667,0.0,0.0,2025-12-21 00:00:00,160,attachment3_10min_interpolation,2025-12-14 02:40:00,668.0974666666667,668.0974666666667,0.0,0.0,0.0,668.0974666666667,668.0974666666667,0.0,0.0,0.0,31.454133333333402,9360.0,9360.0,0,0.4348,290.4887785066667,0.0,0.0,290.4887785066667,static_forecast,8491.334401975,19046.361033333334,185.77221666666674,0.0
2025-12-21,16,2025-12-21 02:40:00,2025-12-21 02:50:00,3791.4644,631.9107333333333,0.0,0.0,663.4041833333333,0.0,0.0,2025-12-21 00:00:00,170,attachment3_10min_interpolation,2025-12-14 02:50:00,663.4041833333333,663.4041833333333,0.0,0.0,0.0,663.4041833333333,663.4041833333333,0.0,0.0,0.0,31.493450000000053,9360.0,9360.0,0,0.4335,287.585713475,0.0,0.0,287.585713475,static_forecast,8778.92011545,19709.765216666667,185.77221666666674,0.0
2025-12-21,17,2025-12-21 02:50:00,2025-12-21 03:00:00,3751.73,625.2883333333333,0.0,0.0,650.38,0.0,0.0,2025-12-21 00:00:00,180,attachment3_10min_interpolation,2025-12-14 03:00:00,650.38,650.38,0.0,0.0,0.0,650.38,650.38,0.0,0.0,0.0,25.091666666666697,9360.0,9360.0,0,0.4357,283.370566,0.0,0.0,283.370566,static_forecast,9062.29068145,20360.145216666668,185.77221666666674,0.0
2025-12-21,18,2025-12-21 03:00:00,2025-12-21 03:10:00,4180.5461,696.7576833333333,0.0,0.0,640.1669833333334,0.0,0.0,2025-12-21 00:00:00,190,attachment3_10min_interpolation,2025-12-14 03:10:00,640.1669833333334,640.1669833333334,0.0,0.0,56.590699999999856,696.7576833333333,696.7576833333333,0.0,0.0,0.0,0.0,9360.0,9360.0,0,0.4374,280.00903851000004,0.0,123.7638608999997,403.77289940999975,static_forecast,9466.06358086,21056.9029,242.3629166666666,0.0
2025-12-21,19,2025-12-21 03:10:00,2025-12-21 03:20:00,4115.3327,685.8887833333333,0.0,0.0,656.3656333333333,0.0,0.0,2025-12-21 00:00:00,200,attachment3_10min_interpolation,2025-12-14 03:20:00,656.3656333333333,656.3656333333333,0.0,0.0,29.523149999999987,685.8887833333333,685.8887833333333,0.0,0.0,0.0,0.0,9360.0,9360.0,0,0.4371,286.89741833,0.0,64.52284432499997,351.420262655,static_forecast,9817.483843515,21742.791683333333,271.8860666666666,0.0
2025-12-21,20,2025-12-21 03:20:00,2025-12-21 03:30:00,3748.74,624.79,0.0,0.0,673.39,0.0,0.0,2025-12-21 00:00:00,210,attachment3_10min_interpolation,2025-12-14 03:30:00,673.39,673.39,0.0,0.0,0.0,673.39,673.39,0.0,0.0,0.0,48.60000000000002,9360.0,9360.0,0,0.4356,293.328684,0.0,0.0,293.328684,static_forecast,10110.812527515,22416.181683333332,271.8860666666666,0.0
2025-12-21,21,2025-12-21 03:30:00,2025-12-21 03:40:00,4220.4858,703.4143,0.0,0.0,643.2212833333333,0.0,0.0,2025-12-21 00:00:00,220,attachment3_10min_interpolation,2025-12-14 03:40:00,643.2212833333333,643.2212833333333,0.0,0.0,60.19301666666672,703.4143,703.4143,0.0,0.0,0.0,0.0,9360.0,9360.0,0,0.4353,279.994224635,0.0,131.01010077500013,411.00432541000015,static_forecast,10521.816852925,23119.595983333333,332.0790833333333,0.0
2025-12-21,22,2025-12-21 03:40:00,2025-12-21 03:50:00,4423.9257,737.3209499999999,0.0,0.0,633.5718333333333,0.0,0.0,2025-12-21 00:00:00,230,attachment3_10min_interpolation,2025-12-14 03:50:00,633.5718333333333,633.5718333333333,0.0,0.0,103.74911666666662,737.3209499999999,737.3209499999999,0.0,0.0,0.0,0.0,9360.0,9360.0,0,0.436,276.23731933333335,0.0,226.17307433333326,502.4103936666666,static_forecast,11024.227246591667,23856.916933333334,435.8281999999999,0.0
2025-12-21,23,2025-12-21 03:50:00,2025-12-21 04:00:00,4079.15,679.8583333333333,0.0,0.0,657.7816666666666,0.0,0.0,2025-12-21 00:00:00,240,attachment3_10min_interpolation,2025-12-14 04:00:00,657.7816666666666,657.7816666666666,0.0,0.0,22.07666666666671,679.8583333333333,679.8583333333333,0.0,0.0,0.0,0.0,9360.0,9360.0,0,0.4378,287.97681366666666,0.0,48.32582333333343,336.3026370000001,static_forecast,11360.529883591667,24536.775266666667,457.90486666666663,0.0
2025-12-21,24,2025-12-21 04:00:00,2025-12-21 04:10:00,4038.9424,673.1570666666667,0.0,0.0,664.0071,0.0,0.0,2025-12-21 00:00:00,250,attachment3_10min_interpolation,2025-12-14 04:10:00,664.0071,664.0071,0.0,0.0,9.149966666666614,673.1570666666667,673.1570666666667,0.0,0.0,0.0,0.0,9360.0,9360.0,0,0.4401,292.22952471,0.0,20.134501649999883,312.3640263599999,static_forecast,11672.893909951667,25209.932333333334,467.05483333333325,0.0
2025-12-21,25,2025-12-21 04:10:00,2025-12-21 04:20:00,4082.3954,680.3992333333333,0.0,0.0,673.98475,0.0,0.0,2025-12-21 00:00:00,260,attachment3_10min_interpolation,2025-12-14 04:20:00,673.98475,673.98475,0.0,0.0,6.414483333333351,680.3992333333333,680.3992333333333,0.0,0.0,0.0,0.0,9360.0,9360.0,0,0.4389,295.811906775,0.0,14.07658367500004,309.88849045000006,static_forecast,11982.782400401666,25890.331566666668,473.4693166666666,0.0
2025-12-21,26,2025-12-21 04:20:00,2025-12-21 04:30:00,4064.87,677.4783333333334,0.0,0.0,701.39,0.0,0.0,2025-12-21 00:00:00,270,attachment3_10min_interpolation,2025-12-14 04:30:00,701.39,701.39,0.0,0.0,0.0,701.39,701.39,0.0,0.0,0.0,23.911666666666633,9360.0,9360.0,0,0.4364,306.086596,0.0,0.0,306.086596,static_forecast,12288.868996401665,26591.721566666667,473.4693166666666,0.0
2025-12-21,27,2025-12-21 04:30:00,2025-12-21 04:40:00,4121.8784,686.9797333333332,0.0,0.0,726.9617833333333,0.0,0.0,2025-12-21 00:00:00,280,attachment3_10min_interpolation,2025-12-14 04:40:00,726.9617833333333,726.9617833333333,0.0,0.0,0.0,726.9617833333333,726.9617833333333,0.0,0.0,0.0,39.98205000000007,9360.0,9360.0,0,0.4393,319.35431141833334,0.0,0.0,319.35431141833334,static_forecast,12608.223307819999,27318.68335,473.4693166666666,0.0
2025-12-21,28,2025-12-21 04:40:00,2025-12-21 04:50:00,4083.6154,680.6025666666667,0.0,0.0,712.0232166666666,0.0,0.0,2025-12-21 00:00:00,290,attachment3_10min_interpolation,2025-12-14 04:50:00,712.0232166666666,712.0232166666666,0.0,0.0,0.0,712.0232166666666,712.0232166666666,0.0,0.0,0.0,31.42064999999991,9360.0,9360.0,0,0.4422,314.85666640999995,0.0,0.0,314.85666640999995,static_forecast,12923.079974229999,28030.706566666668,473.4693166666666,0.0
2025-12-21,29,2025-12-21 04:50:00,2025-12-21 05:00:00,4032.31,672.0516666666666,0.0,0.0,677.4466666666666,0.0,0.0,2025-12-21 00:00:00,300,attachment3_10min_interpolation,2025-12-14 05:00:00,677.4466666666666,677.4466666666666,0.0,0.0,0.0,677.4466666666666,677.4466666666666,0.0,0.0,0.0,5.394999999999982,9360.0,9360.0,0,0.4395,297.73780999999997,0.0,0.0,297.73780999999997,static_forecast,13220.81778423,28708.153233333334,473.4693166666666,0.0
2025-12-21,30,2025-12-21 05:00:00,2025-12-21 05:10:00,4217.9422,702.9903666666668,0.0023,0.0003833333333333,682.5563833333333,0.0,0.0,2025-12-21 00:00:00,310,attachment3_10min_interpolation,2025-12-14 05:10:00,682.5563833333333,682.5563833333333,0.0,0.0,20.433600000000126,702.9899833333334,702.9899833333334,0.0,0.0,0.0,0.0,9360.0,9360.0,0,0.4333,295.75168089833335,0.0,44.26939440000027,340.02107529833364,static_forecast,13560.838859528332,29411.143216666667,493.9029166666667,0.0
2025-12-21,31,2025-12-21 05:10:00,2025-12-21 05:20:00,4253.2484,708.8747333333334,0.0,0.0,686.3402500000001,0.0,0.0,2025-12-21 00:00:00,320,attachment3_10min_interpolation,2025-12-14 05:20:00,686.3402500000001,686.3402500000001,0.0,0.0,22.534483333333355,708.8747333333334,708.8747333333334,0.0,0.0,0.0,0.0,9360.0,9360.0,0,0.4439,304.66643697500007,0.0,50.015285758333384,354.68172273333346,static_forecast,13915.520582261666,30120.01795,516.4374,0.0
2025-12-21,32,2025-12-21 05:20:00,2025-12-21 05:30:00,4066.58,677.7633333333333,0.0,0.0,673.5266666666666,0.0,0.0,2025-12-21 00:00:00,330,attachment3_10min_interpolation,2025-12-14 05:30:00,1473.5266666666666,1473.5266666666666,0.0,0.0,4.236666666666679,1477.7633333333333,1477.7633333333333,800.0,0.0,0.0,0.0,9360.0,10080.0,1,0.4301,633.7638193333333,0.0,9.110951666666693,642.874771,static_forecast,14558.395353261667,31597.781283333334,520.6740666666667,0.0
2025-12-21,33,2025-12-21 05:30:00,2025-12-21 05:40:00,4077.7781,679.6296833333333,0.0316,0.0052666666666666,683.5421,0.0,0.0,2025-12-21 00:00:00,340,attachment3_10min_interpolation,2025-12-14 05:40:00,1483.5421000000001,1483.5421000000001,0.0,0.0,0.0,1483.5421000000001,1483.5421000000001,800.0,0.0,0.0052666666666666,3.912416666666786,10080.0,10800.0,1,0.3713,550.8391817300001,0.0,0.0,550.8391817300001,static_forecast,15109.234534991667,33081.323383333336,520.6740666666667,0.0052666666666666
2025-12-21,34,2025-12-21 05:40:00,2025-12-21 05:50:00,4717.7146,786.2857666666667,0.0,0.0,764.3458833333334,0.0,0.0,2025-12-21 00:00:00,350,attachment3_10min_interpolation,2025-12-14 05:50:00,764.3458833333334,764.3458833333334,0.0,0.0,21.93988333333334,786.2857666666667,786.2857666666667,0.0,0.0,0.0,0.0,10800.0,10800.0,0,0.5708,436.2886302066667,0.0,62.61642703333336,498.9050572400001,static_forecast,15608.139592231666,33867.609150000004,542.61395,0.0052666666666666
2025-12-21,35,2025-12-21 05:50:00,2025-12-21 06:00:00,5490.65,915.1083333333332,0.0,0.0,871.2116666666667,0.0,0.0,2025-12-21 00:00:00,360,attachment3_10min_interpolation,2025-12-14 06:00:00,871.2116666666667,871.2116666666667,0.0,0.0,43.89666666666653,915.1083333333332,915.1083333333332,0.0,0.0,0.0,0.0,10800.0,10800.0,0,0.9099,792.7154955000001,0.0,199.7078849999994,992.4233804999994,static_forecast,16600.562972731666,34782.717483333334,586.5106166666666,0.0052666666666666
2025-12-21,36,2025-12-21 06:00:00,2025-12-21 06:10:00,5439.318,906.553,0.4406,0.0734333333333333,900.34945,0.0,0.0,2025-12-21 00:00:00,370,attachment3_10min_interpolation,2025-12-14 06:10:00,252.34945000000005,252.34945000000005,0.0,0.0,6.130116666666595,258.47956666666664,258.47956666666664,0.0,648.0,0.0,0.0,10800.0,10080.0,0,0.9368,236.40096476000002,0.0,28.713466466666333,265.11443122666634,static_forecast,16865.677403958332,35041.19705,592.6407333333332,0.0052666666666666
2025-12-21,37,2025-12-21 06:10:00,2025-12-21 06:20:00,5407.8325,901.3054166666668,0.0,0.0,887.5913,0.0,0.0,2025-12-21 00:00:00,380,attachment3_10min_interpolation,2025-12-14 06:20:00,887.5913,887.5913,0.0,0.0,13.714116666666769,901.3054166666668,901.3054166666668,0.0,0.0,0.0,0.0,10080.0,10080.0,0,0.8758,777.35246054,0.0,60.05411688333378,837.4065774233338,static_forecast,17703.083981381667,35942.50246666667,606.3548499999999,0.0052666666666666
2025-12-21,38,2025-12-21 06:20:00,2025-12-21 06:30:00,5587.05,931.175,0.0,0.0,878.9016666666666,0.0,0.0,2025-12-21 00:00:00,390,attachment3_10min_interpolation,2025-12-14 06:30:00,878.9016666666666,878.9016666666666,0.0,0.0,52.27333333333331,931.175,931.175,0.0,0.0,0.0,0.0,10080.0,10080.0,0,0.8759,769.8299698333333,0.0,228.93106333333324,998.7610331666665,static_forecast,18701.845014548333,36873.677466666675,658.6281833333333,0.0052666666666666
2025-12-21,39,2025-12-21 06:30:00,2025-12-21 06:40:00,5351.2866,891.8811000000001,6.1366,1.0227666666666666,888.7171333333334,0.0,0.0,2025-12-21 00:00:00,400,attachment3_10min_interpolation,2025-12-14 06:40:00,888.7171333333334,888.7171333333334,0.0,0.0,2.141199999999958,890.8583333333333,890.8583333333333,0.0,0.0,0.0,0.0,10080.0,10080.0,0,0.8601,764.38560638,0.0,9.208230599999817,773.5938369799999,static_forecast,19475.43885152833,37764.535800000005,660.7693833333332,0.0052666666666666
2025-12-21,40,2025-12-21 06:40:00,2025-12-21 06:50:00,5233.249,872.2081666666667,0.0,0.0,908.1604166666666,0.0,0.0,2025-12-21 00:00:00,410,attachment3_10min_interpolation,2025-12-14 06:50:00,908.1604166666666,908.1604166666666,0.0,0.0,0.0,908.1604166666666,908.1604166666666,0.0,0.0,0.0,35.952249999999935,10080.0,10080.0,0,0.8442,766.66902375,0.0,0.0,766.66902375,static_forecast,20242.107875278332,38672.69621666667,660.7693833333332,0.0052666666666666
2025-12-21,41,2025-12-21 06:50:00,2025-12-21 07:00:00,5374.2,895.6999999999999,0.0,0.0,912.8483333333334,0.0,0.0,2025-12-21 00:00:00,420,attachment3_10min_interpolation,2025-12-14 07:00:00,912.8483333333334,912.8483333333334,0.0,0.0,0.0,912.8483333333334,912.8483333333334,0.0,0.0,0.0,17.148333333333426,10080.0,10080.0,0,0.8334,760.7678010000001,0.0,0.0,760.7678010000001,static_forecast,21002.875676278334,39585.544550000006,660.7693833333332,0.0052666666666666
2025-12-21,42,2025-12-21 07:00:00,2025-12-21 07:10:00,5360.7841,893.4640166666667,172.6829,28.780483333333333,885.2799,262.33206666666666,43.72201111111111,2025-12-21 00:00:00,430,attachment3_10min_interpolation,2025-12-14 07:10:00,841.5578888888889,841.5578888888889,0.0,0.0,23.12564444444445,864.6835333333333,864.6835333333333,0.0,0.0,0.0,0.0,10080.0,10080.0,0,0.8092,680.9886436888889,0.0,93.56635742222225,774.5550011111112,static_forecast,21777.430677389446,40450.22808333334,683.8950277777776,0.0052666666666666
2025-12-21,43,2025-12-21 07:10:00,2025-12-21 07:20:00,5321.3096,886.8849333333333,420.0356,70.00593333333333,872.6423,524.6641333333333,87.44402222222222,2025-12-21 00:00:00,440,attachment3_10min_interpolation,2025-12-14 07:20:00,785.1982777777778,785.1982777777778,0.0,0.0,31.68072222222216,816.8789999999999,816.8789999999999,0.0,0.0,0.0,0.0,10080.0,10080.0,0,0.7972,625.9600670444445,0.0,126.27935877777753,752.2394258222221,static_forecast,22529.67010321167,41267.10708333334,715.5757499999997,0.0052666666666666
2025-12-21,44,2025-12-21 07:20:00,2025-12-21 07:30:00,5231.72,871.9533333333334,690.675,115.1125,877.3249999999999,786.9962,131.16603333333333,2025-12-21 00:00:00,450,attachment3_10min_interpolation,2025-12-14 07:30:00,746.1589666666666,746.1589666666666,0.0,0.0,10.68186666666675,756.8408333333334,756.8408333333334,0.0,0.0,0.0,0.0,10080.0,10080.0,0,0.7644,570.36391412,0.0,40.826094400000315,611.1900085200003,static_forecast,23140.86011173167,42023.94791666668,726.2576166666665,0.0052666666666666
2025-12-21,45,2025-12-21 07:30:00,2025-12-21 07:40:00,5065.8847,844.3141166666666,996.7377,166.12295,875.7418166666666,1049.3282666666669,174.8880444444445,2025-12-21 00:00:00,460,attachment3_10min_interpolation,2025-12-14 07:40:00,1500.8537722222222,1500.8537722222222,0.0,0.0,0.0,1500.8537722222222,1500.8537722222222,800.0,0.0,22.662605555555785,0.0,10080.0,10800.0,1,0.6899,1035.439017456111,0.0,0.0,1035.439017456111,static_forecast,24176.29912918778,43524.8016888889,726.2576166666665,22.667872222222453
2025-12-21,46,2025-12-21 07:40:00,2025-12-21 07:50:00,5889.1246,981.5207666666666,1276.7125,212.7854166666667,976.711,1311.6603333333333,218.61005555555553,2025-12-21 00:00:00,470,attachment3_10min_interpolation,2025-12-14 07:50:00,758.1009444444445,758.1009444444445,0.0,0.0,10.634405555555446,768.7353499999999,768.7353499999999,0.0,0.0,0.0,0.0,10800.0,10800.0,0,0.86,651.9668122222223,0.0,45.72794388888842,697.6947561111107,static_forecast,24873.993885298893,44293.537038888906,736.892022222222,22.667872222222453
2025-12-21,47,2025-12-21 07:50:00,2025-12-21 08:00:00,7180.79,1196.7983333333334,1539.8625,256.64375,1140.6016666666667,1573.9924,262.33206666666666,2025-12-21 00:00:00,480,attachment3_10min_interpolation,2025-12-14 08:00:00,122.26960000000008,122.26960000000008,0.0,0.0,61.884983333333366,184.15458333333345,184.15458333333345,0.0,756.0,0.0,0.0,10800.0,9960.0,0,1.1617,142.04059432000008,0.0,359.4589256916668,501.4995200116669,static_forecast,25375.49340531056,44477.69162222224,798.7770055555553,22.667872222222453
2025-12-21,48,2025-12-21 08:00:00,2025-12-21 08:10:00,7254.351,1209.0585,1860.1541,310.02568333333335,1198.90715,1848.586183333333,308.09769722222217,2025-12-21 00:00:00,490,attachment3_10min_interpolation,2025-12-14 08:10:00,134.80945277777778,134.80945277777778,0.0,0.0,8.223363888889025,143.0328166666668,143.0328166666668,0.0,756.0,0.0,0.0,9960.0,9120.0,0,1.1683,157.49788368027777,0.0,48.03678015694524,205.534663837223,static_forecast,25581.028069147786,44620.72443888891,807.0003694444443,22.667872222222453
2025-12-21,49,2025-12-21 08:10:00,2025-12-21 08:20:00,7152.8955,1192.14925,2211.6206,368.6034333333334,1194.8717833333333,2123.1799666666666,353.8633277777778,2025-12-21 00:00:00,500,attachment3_10min_interpolation,2025-12-14 08:20:00,85.00845555555543,85.00845555555543,0.0,0.0,0.0,85.00845555555543,85.00845555555543,0.0,756.0,17.462638888888932,0.0,9120.0,8280.0,0,1.0956,93.13526390666652,0.0,0.0,93.13526390666652,static_forecast,25674.163333054454,44705.73289444447,807.0003694444443,40.13051111111139
2025-12-21,50,2025-12-21 08:20:00,2025-12-21 08:30:00,7367.01,1227.835,2579.625,429.9375,1189.555,2397.77375,399.6289583333333,2025-12-21 00:00:00,510,attachment3_10min_interpolation,2025-12-14 08:30:00,33.92604166666683,33.92604166666683,0.0,0.0,7.971458333333203,41.897500000000036,41.897500000000036,0.0,756.0,0.0,0.0,8280.0,7440.0,0,1.0849,36.80636260416685,0.0,43.24117572916596,80.04753833333281,static_forecast,25754.210871387786,44747.630394444466,814.9718277777775,40.13051111111139
2025-12-21,51,2025-12-21 08:30:00,2025-12-21 08:40:00,7333.1326,1222.1887666666669,2953.1787,492.19645,1198.6857833333331,2672.367533333333,445.39458888888885,2025-12-21 00:00:00,520,attachment3_10min_interpolation,2025-12-14 08:40:00,0.0,0.0,0.0,0.0,0.0,0.0,0.0,0.0,756.0,26.007683333333148,0.0,7440.0,6600.0,0,1.061,0.0,0.0,0.0,0.0,static_forecast,25754.210871387786,44747.630394444466,814.9718277777775,66.13819444444454
2025-12-21,52,2025-12-21 08:40:00,2025-12-21 08:50:00,7276.0603,1212.6767166666666,3195.6035,532.6005833333334,1205.79965,2946.961316666667,491.16021944444446,2025-12-21 00:00:00,530,attachment3_10min_interpolation,2025-12-14 08:50:00,66.63943055555546,66.63943055555546,0.0,0.0,0.0,66.63943055555546,66.63943055555546,0.0,648.0,34.56329722222222,0.0,6600.0,5880.0,0,1.043,69.50492606944434,0.0,0.0,69.50492606944434,static_forecast,25823.71579745723,44814.269825000025,814.9718277777775,100.70149166666675
2025-12-21,53,2025-12-21 08:50:00,2025-12-21 09:00:00,7255.65,1209.275,3341.5875,556.93125,1201.075,3221.5551,536.92585,2025-12-21 00:00:00,540,attachment3_10min_interpolation,2025-12-14 09:00:00,16.149150000000077,16.149150000000077,0.0,0.0,0.0,16.149150000000077,16.149150000000077,0.0,648.0,11.805400000000077,0.0,5880.0,5160.0,0,1.036,16.73051940000008,0.0,0.0,16.73051940000008,static_forecast,25840.44631685723,44830.41897500002,814.9718277777775,112.50689166666683
2025-12-21,54,2025-12-21 09:00:00,2025-12-21 09:10:00,7076.8086,1179.4681,3572.7867,595.46445,1192.3758833333334,3443.9850333333334,573.9975055555556,2025-12-21 00:00:00,550,attachment3_10min_interpolation,2025-12-14 09:10:00,78.37837777777781,78.37837777777781,0.0,0.0,0.0,78.37837777777781,78.37837777777781,0.0,540.0,34.37472777777782,0.0,5160.0,4560.0,0,1.0147,79.53053993111114,0.0,0.0,79.53053993111114,static_forecast,25919.97685678834,44908.7973527778,814.9718277777775,146.88161944444465
2025-12-21,55,2025-12-21 09:10:00,2025-12-21 09:20:00,7014.1683,1169.02805,3848.0561,641.3426833333333,1199.6451166666668,3666.4149666666663,611.069161111111,2025-12-21 00:00:00,560,attachment3_10min_interpolation,2025-12-14 09:20:00,48.575955555555765,48.575955555555765,0.0,0.0,0.0,48.575955555555765,48.575955555555765,0.0,540.0,60.89058888888917,0.0,4560.0,3960.0,0,0.9922,48.19706310222243,0.0,0.0,48.19706310222243,static_forecast,25968.173919890563,44957.37330833336,814.9718277777775,207.77220833333382
2025-12-21,56,2025-12-21 09:20:00,2025-12-21 09:30:00,7150.59,1191.765,4116.6,686.1,1210.88,3888.8449,648.1408166666666,2025-12-21 00:00:00,570,attachment3_10min_interpolation,2025-12-14 09:30:00,22.73918333333347,22.73918333333347,0.0,0.0,0.0,22.73918333333347,22.73918333333347,0.0,540.0,57.07418333333328,0.0,3960.0,3360.0,0,0.97,22.05700783333347,0.0,0.0,22.05700783333347,static_forecast,25990.230927723896,44980.11249166669,814.9718277777775,264.8463916666671
2025-12-21,57,2025-12-21 09:30:00,2025-12-21 09:40:00,7259.4501,1209.90835,4370.6969,728.4494833333333,1193.1831,4111.274833333333,685.2124722222221,2025-12-21 00:00:00,580,attachment3_10min_interpolation,2025-12-14 09:40:00,507.97062777777785,507.97062777777785,0.0,0.0,0.0,507.97062777777785,507.97062777777785,0.0,0.0,26.51176111111124,0.0,3360.0,3360.0,0,0.9422,478.6099254922223,0.0,0.0,478.6099254922223,static_forecast,26468.84085321612,45488.08311944447,814.9718277777775,291.35815277777834
2025-12-21,58,2025-12-21 09:40:00,2025-12-21 09:50:00,7142.682,1190.447,4583.0793,763.8465500000001,1168.83485,4333.704766666667,722.2841277777778,2025-12-21 00:00:00,590,attachment3_10min_interpolation,2025-12-14 09:50:00,14.550722222222134,14.550722222222134,0.0,0.0,0.0,14.550722222222134,14.550722222222134,0.0,432.0,19.950272222222225,0.0,3360.0,2880.0,0,0.9569,13.92358609444436,0.0,0.0,13.92358609444436,static_forecast,26482.764439310562,45502.63384166669,814.9718277777775,311.30842500000057
2025-12-21,59,2025-12-21 09:50:00,2025-12-21 10:00:00,6912.23,1152.0383333333332,4750.3875,791.7312499999999,1163.4466666666667,4556.1347,759.3557833333333,2025-12-21 00:00:00,600,attachment3_10min_interpolation,2025-12-14 10:00:00,80.09088333333341,80.09088333333341,0.0,0.0,0.0,80.09088333333341,80.09088333333341,0.0,324.0,43.78380000000027,0.0,2880.0,2520.0,0,0.9977,79.90667430166674,0.0,0.0,79.90667430166674,static_forecast,26562.67111361223,45582.72472500002,814.9718277777775,355.09222500000084
2025-12-21,60,2025-12-21 10:00:00,2025-12-21 10:10:00,6873.3728,1145.5621333333331,4886.2111,814.3685166666668,1182.4659833333333,4641.4968,773.5828,2025-12-21 00:00:00,610,attachment3_10min_interpolation,2025-12-14 10:10:00,84.88318333333325,84.88318333333325,0.0,0.0,0.0,84.88318333333325,84.88318333333325,0.0,324.0,77.68956666666679,0.0,2520.0,2160.0,0,0.9919,84.19562954833324,0.0,0.0,84.19562954833324,static_forecast,26646.86674316056,45667.60790833335,814.9718277777775,432.78179166666763
2025-12-21,61,2025-12-21 10:10:00,2025-12-21 10:20:00,6913.1885,1152.1980833333334,4956.6279,826.1046500000001,1194.7524833333334,4726.8589,787.8098166666667,2025-12-21 00:00:00,620,attachment3_10min_interpolation,2025-12-14 10:20:00,82.9426666666667,82.9426666666667,0.0,0.0,0.0,82.9426666666667,82.9426666666667,0.0,324.0,80.84923333333325,0.0,2160.0,1800.0,0,0.9588,79.52542880000003,0.0,0.0,79.52542880000003,static_forecast,26726.39217196056,45750.55057500002,814.9718277777775,513.6310250000008
2025-12-21,62,2025-12-21 10:20:00,2025-12-21 10:30:00,6951.47,1158.5783333333334,4960.7625,826.7937499999999,1175.695,4812.221,802.0368333333332,2025-12-21 00:00:00,630,attachment3_10min_interpolation,2025-12-14 10:30:00,49.658166666666716,49.658166666666716,0.0,0.0,0.0,49.658166666666716,49.658166666666716,0.0,324.0,41.87358333333316,0.0,1800.0,1440.0,0,0.9549,47.41858335000005,0.0,0.0,47.41858335000005,static_forecast,26773.810755310562,45800.20874166669,814.9718277777775,555.504608333334
2025-12-21,63,2025-12-21 10:30:00,2025-12-21 10:40:00,7040.6919,1173.44865,4946.2149,824.36915,1136.0265,4897.5831,816.2638499999999,2025-12-21 00:00:00,640,attachment3_10min_interpolation,2025-12-14 10:40:00,103.76265000000001,103.76265000000001,0.0,0.0,29.31685000000016,133.07950000000017,133.07950000000017,0.0,216.0,0.0,0.0,1440.0,1200.0,0,0.9839,102.09207133500001,0.0,144.2242435750008,246.3163149100008,static_forecast,27020.127070220562,45933.28824166669,844.2886777777777,555.504608333334
2025-12-21,64,2025-12-21 10:40:00,2025-12-21 10:50:00,7195.1724,1199.1954,4968.8079,828.13465,1159.3799833333337,4982.9452,830.4908666666666,2025-12-21 00:00:00,650,attachment3_10min_interpolation,2025-12-14 10:50:00,328.88911666666706,328.88911666666706,0.0,0.0,42.171633333333034,371.0607500000001,371.0607500000001,0.0,0.0,0.0,0.0,1200.0,1200.0,0,0.799,262.782404216667,0.0,168.47567516666547,431.2580793833324,static_forecast,27451.385149603895,46304.34899166669,886.4603111111107,555.504608333334
2025-12-21,65,2025-12-21 10:50:00,2025-12-21 11:00:00,7266.62,1211.1033333333332,4979.2125,829.86875,1205.295,5068.3073,844.7178833333334,2025-12-21 00:00:00,660,attachment3_10min_interpolation,2025-12-14 11:00:00,1160.5771166666668,1160.5771166666668,0.0,0.0,20.657466666666437,1181.2345833333334,1181.2345833333334,800.0,0.0,0.0,0.0,1200.0,1920.0,1,0.5025,583.190001125,0.0,51.90188499999942,635.0918861249994,static_forecast,28086.477035728894,47485.58357500002,907.1177777777772,555.504608333334
2025-12-21,66,2025-12-21 11:00:00,2025-12-21 11:10:00,7080.5804,1180.0967333333333,4907.9946,817.9991,1149.2718666666667,5157.5349166666665,859.5891527777777,2025-12-21 00:00:00,670,attachment3_10min_interpolation,2025-12-14 11:10:00,1089.6827138888889,1089.6827138888889,0.0,0.0,72.41491944444442,1162.0976333333333,1162.0976333333333,800.0,0.0,0.0,0.0,1920.0,2640.0,1,0.4662,508.010081215,0.0,168.79917722499994,676.8092584399999,static_forecast,28763.286294168895,48647.68120833335,979.5326972222216,555.504608333334
2025-12-21,67,2025-12-21 11:10:00,2025-12-21 11:20:00,6948.6094,1158.1015666666667,5015.1025,835.8504166666667,1094.902466666667,5246.7625333333335,874.4604222222223,2025-12-21 00:00:00,680,attachment3_10min_interpolation,2025-12-14 11:20:00,1020.4420444444446,1020.4420444444446,0.0,0.0,101.80910555555545,1122.25115,1122.25115,800.0,0.0,0.0,0.0,2640.0,3360.0,1,0.5007,510.93533165333344,0.0,254.87909575833308,765.8144274116665,static_forecast,29529.100721580562,49769.932358333346,1081.341802777777,555.504608333334
2025-12-21,68,2025-12-21 11:20:00,2025-12-21 11:30:00,6954.16,1159.0266666666666,5256.3375,876.05625,1105.59,5335.99015,889.3316916666666,2025-12-21 00:00:00,690,attachment3_10min_interpolation,2025-12-14 11:30:00,1016.2583083333333,1016.2583083333333,0.0,0.0,66.71210833333339,1082.9704166666666,1082.9704166666666,800.0,0.0,0.0,0.0,3360.0,4080.0,1,0.4827,490.5478854325,0.0,161.00967346250013,651.557558895,static_forecast,30180.658280475564,50852.90277500001,1148.0539111111104,555.504608333334
2025-12-21,69,2025-12-21 11:30:00,2025-12-21 11:40:00,6860.0706,1143.3451,5348.0182,891.3363666666668,1139.47885,5425.217766666667,904.2029611111111,2025-12-21 00:00:00,700,attachment3_10min_interpolation,2025-12-14 11:40:00,1035.2758888888889,1035.2758888888889,0.0,0.0,16.732844444444368,1052.008733333333,1052.008733333333,800.0,0.0,0.0,0.0,4080.0,4800.0,1,0.4785,495.3795128333333,0.0,40.03333033333315,535.4128431666664,static_forecast,30716.07112364223,51904.911508333345,1164.786755555555,555.504608333334
2025-12-21,70,2025-12-21 11:40:00,2025-12-21 11:50:00,6565.9337,1094.3222833333332,5577.6892,929.6148666666668,1131.7959166666667,5514.445383333333,919.0742305555555,2025-12-21 00:00:00,710,attachment3_10min_interpolation,2025-12-14 11:50:00,1012.7216861111112,1012.7216861111112,0.0,0.0,0.0,1012.7216861111112,1012.7216861111112,800.0,0.0,48.014269444444835,0.0,4800.0,5520.0,1,0.4662,472.13085006500006,0.0,0.0,472.13085006500006,static_forecast,31188.20197370723,52917.633194444454,1164.786755555555,603.5188777777788
2025-12-21,71,2025-12-21 11:50:00,2025-12-21 12:00:00,6330.9,1055.15,5890.8,981.8,1081.895,5603.673,933.9454999999999,2025-12-21 00:00:00,720,attachment3_10min_interpolation,2025-12-14 12:00:00,947.9495000000001,947.9495000000001,0.0,0.0,0.0,947.9495000000001,947.9495000000001,800.0,0.0,74.59949999999992,0.0,5520.0,6240.0,1,0.4432,420.1312184,0.0,0.0,420.1312184,static_forecast,31608.33319210723,53865.582694444456,1164.786755555555,678.1183777777787
2025-12-21,72,2025-12-21 12:00:00,2025-12-21 12:10:00,6501.863,1083.6438333333333,5904.8948,984.1491333333332,1049.1536333333331,5624.617716666667,937.4362861111111,2025-12-21 00:00:00,730,attachment3_10min_interpolation,2025-12-14 12:10:00,911.717347222222,911.717347222222,0.0,0.0,0.0,911.717347222222,911.717347222222,800.0,0.0,12.222647222221894,0.0,6240.0,6960.0,1,0.4411,402.1585218597221,0.0,0.0,402.1585218597221,static_forecast,32010.491713966952,54777.30004166668,1164.786755555555,690.3410250000006
2025-12-21,73,2025-12-21 12:10:00,2025-12-21 12:20:00,6520.3344,1086.7224,5868.1645,978.0274166666668,1055.6512666666663,5645.5624333333335,940.9270722222223,2025-12-21 00:00:00,740,attachment3_10min_interpolation,2025-12-14 12:20:00,914.724194444444,914.724194444444,0.0,0.0,0.0,914.724194444444,914.724194444444,800.0,0.0,6.029211111110726,0.0,6960.0,7680.0,1,0.4551,416.2909808916665,0.0,0.0,416.2909808916665,static_forecast,32426.78269485862,55692.02423611112,1164.786755555555,696.3702361111114
2025-12-21,74,2025-12-21 12:20:00,2025-12-21 12:30:00,6273.31,1045.5516666666667,5864.7,977.45,1060.84,5666.50715,944.4178583333334,2025-12-21 00:00:00,750,attachment3_10min_interpolation,2025-12-14 12:30:00,916.4221416666666,916.4221416666666,0.0,0.0,0.0,916.4221416666666,916.4221416666666,800.0,0.0,48.320474999999874,0.0,7680.0,8400.0,1,0.4463,408.99920182583327,0.0,0.0,408.99920182583327,static_forecast,32835.78189668445,56608.44637777779,1164.786755555555,744.6907111111112
2025-12-21,75,2025-12-21 12:30:00,2025-12-21 12:40:00,6234.7567,1039.1261166666666,5722.7661,953.79435,1015.2818166666666,5687.451866666666,947.9086444444443,2025-12-21 00:00:00,760,attachment3_10min_interpolation,2025-12-14 12:40:00,867.3731722222223,867.3731722222223,0.0,0.0,17.958594444444316,885.3317666666666,885.3317666666666,800.0,0.0,0.0,0.0,8400.0,9120.0,1,0.4113,356.750585735,0.0,36.93184947499973,393.68243520999977,static_forecast,33229.46433189445,57493.77814444446,1182.7453499999992,744.6907111111112
2025-12-21,76,2025-12-21 12:40:00,2025-12-21 12:50:00,6512.763,1085.4605,5549.8704,924.9784,1036.7590166666666,5708.396583333333,951.3994305555556,2025-12-21 00:00:00,770,attachment3_10min_interpolation,2025-12-14 12:50:00,885.3595861111111,885.3595861111111,0.0,0.0,75.12251388888888,960.4821,960.4821,800.0,0.0,0.0,0.0,9120.0,9840.0,1,0.5682,503.06131682833336,0.0,213.4230619583333,716.4843787866666,static_forecast,33945.948710681114,58454.260244444464,1257.8678638888882,744.6907111111112
2025-12-21,77,2025-12-21 12:50:00,2025-12-21 13:00:00,6836.44,1139.4066666666663,5390.4375,898.40625,1116.9,5729.3413,954.8902166666667,2025-12-21 00:00:00,780,attachment3_10min_interpolation,2025-12-14 13:00:00,162.00978333333342,162.00978333333342,0.0,0.0,78.99063333333288,241.0004166666663,241.0004166666663,0.0,0.0,0.0,0.0,9840.0,9840.0,0,0.8279,134.12789962166673,0.0,326.98172668333143,461.1096263049982,static_forecast,34407.05833698611,58695.26066111113,1336.858497222221,744.6907111111112
2025-12-21,78,2025-12-21 13:00:00,2025-12-21 13:10:00,6797.3346,1132.8891,5211.4597,868.5766166666667,1124.145166666667,5593.404316666667,932.2340527777778,2025-12-21 00:00:00,790,attachment3_10min_interpolation,2025-12-14 13:10:00,191.91111388888908,191.91111388888908,0.0,0.0,72.4013694444443,264.3124833333334,264.3124833333334,0.0,0.0,0.0,0.0,9840.0,9840.0,0,0.8636,165.73443795444462,0.0,312.62911326111055,478.36355121555516,static_forecast,34885.421888201665,58959.57314444447,1409.2598666666654,744.6907111111112
2025-12-21,79,2025-12-21 13:10:00,2025-12-21 13:20:00,6554.3856,1092.3976,5202.0686,867.0114333333332,1105.8272166666668,5457.467333333333,909.5778888888889,2025-12-21 00:00:00,800,attachment3_10min_interpolation,2025-12-14 13:20:00,196.24932777777792,196.24932777777792,0.0,0.0,29.13683888888886,225.38616666666678,225.38616666666678,0.0,0.0,0.0,0.0,9840.0,9840.0,0,0.8416,165.1634342577779,0.0,122.60781804444433,287.77125230222225,static_forecast,35173.193140503885,59184.95931111113,1438.3967055555543,744.6907111111112
2025-12-21,80,2025-12-21 13:20:00,2025-12-21 13:30:00,6350.08,1058.3466666666666,5287.95,881.3249999999999,1098.9433333333334,5321.53035,886.921725,2025-12-21 00:00:00,810,attachment3_10min_interpolation,2025-12-14 13:30:00,212.02160833333335,212.02160833333335,0.0,0.0,0.0,212.02160833333335,212.02160833333335,0.0,0.0,34.9999416666667,0.0,9840.0,9840.0,0,0.8618,182.72022206166668,0.0,0.0,182.72022206166668,static_forecast,35355.91336256555,59396.98091944447,1438.3967055555543,779.6906527777779
2025-12-21,81,2025-12-21 13:30:00,2025-12-21 13:40:00,6333.408,1055.568,5178.3498,863.0583,1087.49465,5185.593366666667,864.2655611111112,2025-12-21 00:00:00,820,attachment3_10min_interpolation,2025-12-14 13:40:00,223.2290888888889,223.2290888888889,0.0,0.0,0.0,223.2290888888889,223.2290888888889,0.0,0.0,30.719388888888943,0.0,9840.0,9840.0,0,0.8623,192.49044334888887,0.0,0.0,192.49044334888887,static_forecast,35548.403805914444,59620.21000833336,1438.3967055555543,810.4100416666669
2025-12-21,82,2025-12-21 13:40:00,2025-12-21 13:50:00,6515.4464,1085.9077333333332,4993.7017,832.2836166666666,1071.4292333333333,5049.656383333333,841.6093972222221,2025-12-21 00:00:00,830,attachment3_10min_interpolation,2025-12-14 13:50:00,229.81983611111116,229.81983611111116,0.0,0.0,23.804280555555465,253.62411666666662,253.62411666666662,0.0,0.0,0.0,0.0,9840.0,9840.0,0,0.9026,207.4353840738889,0.0,107.42871814722182,314.8641022211107,static_forecast,35863.26790813555,59873.83412500002,1462.2009861111096,810.4100416666669
2025-12-21,83,2025-12-21 13:50:00,2025-12-21 14:00:00,6658.81,1109.8016666666667,4847.5125,807.9187499999999,1061.8733333333332,4913.7194,818.9532333333333,2025-12-21 00:00:00,840,attachment3_10min_interpolation,2025-12-14 14:00:00,26.920099999999934,26.920099999999934,0.0,0.0,58.96281666666698,85.88291666666692,85.88291666666692,0.0,216.0,0.0,0.0,9840.0,9600.0,0,0.9754,26.257865539999937,0.0,287.56165688333493,313.8195224233349,static_forecast,36177.08743055889,59959.71704166669,1521.1638027777767,810.4100416666669
2025-12-21,84,2025-12-21 14:00:00,2025-12-21 14:10:00,6474.7834,1079.1305666666667,4705.4039,784.2339833333334,1072.4911833333333,4652.064616666667,775.3441027777777,2025-12-21 00:00:00,850,attachment3_10min_interpolation,2025-12-14 14:10:00,81.14708055555559,81.14708055555559,0.0,0.0,0.0,81.14708055555559,81.14708055555559,0.0,216.0,2.250497222222293,0.0,9600.0,9360.0,0,1.0002,81.1633099716667,0.0,0.0,81.1633099716667,static_forecast,36258.25074053055,60040.86412222225,1521.1638027777767,812.6605388888892
2025-12-21,85,2025-12-21 14:10:00,2025-12-21 14:20:00,6311.1097,1051.8516166666666,4404.8152,734.1358666666666,1099.6715000000002,4390.409833333333,731.7349722222222,2025-12-21 00:00:00,860,attachment3_10min_interpolation,2025-12-14 14:20:00,43.936527777778,43.936527777778,0.0,0.0,0.0,43.936527777778,43.936527777778,0.0,324.0,50.22077777777804,0.0,9360.0,9000.0,0,0.9978,43.839867416666884,0.0,0.0,43.839867416666884,static_forecast,36302.09060794722,60084.80065000003,1521.1638027777767,862.8813166666672
2025-12-21,86,2025-12-21 14:20:00,2025-12-21 14:30:00,6293.57,1048.9283333333333,3988.3875,664.7312499999999,1108.9366666666667,4128.75505,688.1258416666666,2025-12-21 00:00:00,870,attachment3_10min_interpolation,2025-12-14 14:30:00,96.81082500000014,96.81082500000014,0.0,0.0,0.0,96.81082500000014,96.81082500000014,0.0,324.0,36.61374166666678,0.0,9000.0,8640.0,0,1.0271,99.43439835750013,0.0,0.0,99.43439835750013,static_forecast,36401.52500630472,60181.61147500003,1521.1638027777767,899.495058333334
2025-12-21,87,2025-12-21 14:30:00,2025-12-21 14:40:00,6241.0875,1040.18125,3658.7815,609.7969166666667,1068.8516,3867.100266666667,644.5167111111111,2025-12-21 00:00:00,880,attachment3_10min_interpolation,2025-12-14 14:40:00,0.0,0.0,0.0,0.0,0.0,0.0,0.0,0.0,432.0,1.6156666666665842,0.0,8640.0,8160.0,0,1.0906,0.0,0.0,0.0,0.0,static_forecast,36401.52500630472,60181.61147500003,1521.1638027777767,901.1107250000006
2025-12-21,88,2025-12-21 14:40:00,2025-12-21 14:50:00,6267.633,1044.6055,3321.4365,553.5727499999999,1061.4604166666666,3605.445483333333,600.9075805555555,2025-12-21 00:00:00,890,attachment3_10min_interpolation,2025-12-14 14:50:00,28.552836111111105,28.552836111111105,0.0,0.0,30.47991388888886,59.032749999999965,59.032749999999965,0.0,432.0,0.0,0.0,8160.0,7680.0,0,0.9376,26.771139137777773,0.0,142.88983631111097,169.66097544888873,static_forecast,36571.18598175361,60240.644225000025,1551.6437166666656,901.1107250000006
2025-12-21,89,2025-12-21 14:50:00,2025-12-21 15:00:00,6308.83,1051.4716666666666,2957.5875,492.93125,1093.01,3343.7907,557.29845,2025-12-21 00:00:00,900,attachment3_10min_interpolation,2025-12-14 15:00:00,1335.71155,1335.71155,0.0,0.0,22.828866666666613,1358.5404166666667,1358.5404166666667,800.0,0.0,0.0,0.0,7680.0,8400.0,1,0.6694,894.12531157,0.0,76.40821673333315,970.5335283033331,static_forecast,37541.719510056944,61599.184641666696,1574.4725833333323,901.1107250000006
2025-12-21,90,2025-12-21 15:00:00,2025-12-21 15:10:00,6184.3165,1030.7194166666666,2665.595,444.2658333333333,1087.8379,3028.334516666667,504.7224194444445,2025-12-21 00:00:00,910,attachment3_10min_interpolation,2025-12-14 15:10:00,1383.1154805555555,1383.1154805555555,0.0,0.0,3.338102777777806,1386.4535833333332,1386.4535833333332,800.0,0.0,0.0,0.0,8400.0,9120.0,1,0.66,912.8562171666666,0.0,11.01573916666676,923.8719563333334,static_forecast,38465.59146639028,62985.63822500003,1577.81068611111,901.1107250000006
2025-12-21,91,2025-12-21 15:10:00,2025-12-21 15:20:00,6249.441,1041.5735,2404.6045,400.7674166666666,1060.7003333333334,2712.8783333333336,452.1463888888889,2025-12-21 00:00:00,920,attachment3_10min_interpolation,2025-12-14 15:20:00,1408.5539444444446,1408.5539444444446,0.0,0.0,32.252138888888794,1440.8060833333334,1440.8060833333334,800.0,0.0,0.0,0.0,9120.0,9840.0,1,0.7217,1016.5533817055557,0.0,116.38184318055522,1132.935224886111,static_forecast,39598.52669127639,64426.44430833337,1610.0628249999988,901.1107250000006
2025-12-21,92,2025-12-21 15:20:00,2025-12-21 15:30:00,6412.99,1068.8316666666667,2166.8625,361.14375,1055.19,2397.42215,399.57035833333333,2025-12-21 00:00:00,930,attachment3_10min_interpolation,2025-12-14 15:30:00,1455.6196416666667,1455.6196416666667,0.0,0.0,52.06827500000003,1507.6879166666668,1507.6879166666668,800.0,0.0,0.0,0.0,9840.0,10560.0,1,0.7308,1063.76683413,0.0,190.2574768500001,1254.02431098,static_forecast,40852.55100225639,65934.13222500004,1662.131099999999,901.1107250000006
2025-12-21,93,2025-12-21 15:30:00,2025-12-21 15:40:00,6229.2355,1038.2059166666666,1977.0681,329.51135,1092.7591166666666,2081.965966666666,346.9943277777777,2025-12-21 00:00:00,940,attachment3_10min_interpolation,2025-12-14 15:40:00,1012.4314555555557,1012.4314555555557,0.0,0.0,0.0,1012.4314555555557,1012.4314555555557,266.6666666666667,0.0,37.070222222222355,0.0,10560.0,10800.0,1,0.7534,762.7658586155555,0.0,0.0,762.7658586155555,static_forecast,41615.31686087194,66946.5636805556,1662.131099999999,938.1809472222229
2025-12-21,94,2025-12-21 15:40:00,2025-12-21 15:50:00,6140.1248,1023.3541333333332,1719.0539,286.50898333333333,1090.3288,1766.5097833333334,294.41829722222224,2025-12-21 00:00:00,950,attachment3_10min_interpolation,2025-12-14 15:50:00,795.9105027777778,795.9105027777778,0.0,0.0,0.0,795.9105027777778,795.9105027777778,0.0,0.0,59.065352777777946,0.0,10800.0,10800.0,0,0.7823,622.6407863230555,0.0,0.0,622.6407863230555,static_forecast,42237.957647195,67742.47418333338,1662.131099999999,997.2463000000009
2025-12-21,95,2025-12-21 15:50:00,2025-12-21 16:00:00,6190.42,1031.736666666667,1414.8375,235.80625,1037.98,1451.0536,241.84226666666666,2025-12-21 00:00:00,960,attachment3_10min_interpolation,2025-12-14 16:00:00,796.1377333333334,796.1377333333334,0.0,0.0,0.0,796.1377333333334,796.1377333333334,0.0,0.0,0.20731666666645765,0.0,10800.0,10800.0,0,0.8055,641.2889442000001,0.0,0.0,641.2889442000001,static_forecast,42879.246591395,68538.61191666672,1662.131099999999,997.4536166666674
2025-12-21,96,2025-12-21 16:00:00,2025-12-21 16:10:00,6007.344,1001.224,1199.0528,199.8421333333333,1008.14715,1209.2113333333334,201.53522222222225,2025-12-21 00:00:00,970,attachment3_10min_interpolation,2025-12-14 16:10:00,806.6119277777777,806.6119277777777,0.0,0.0,0.0,806.6119277777777,806.6119277777777,0.0,0.0,5.2300611111109845,0.0,10800.0,10800.0,0,0.8271,667.1487254649999,0.0,0.0,667.1487254649999,static_forecast,43546.39531686,69345.2238444445,1662.131099999999,1002.6836777777784
2025-12-21,97,2025-12-21 16:10:00,2025-12-21 16:20:00,6021.8302,1003.6383666666668,965.9713,160.99521666666666,1005.7553166666668,967.3690666666666,161.22817777777777,2025-12-21 00:00:00,980,attachment3_10min_interpolation,2025-12-14 16:20:00,844.527138888889,844.527138888889,0.0,0.0,0.0,844.527138888889,844.527138888889,0.0,0.0,1.8839888888888652,0.0,10800.0,10800.0,0,0.8519,719.4526696194446,0.0,0.0,719.4526696194446,static_forecast,44265.84798647944,70189.75098333339,1662.131099999999,1004.5676666666673
2025-12-21,98,2025-12-21 16:20:00,2025-12-21 16:30:00,6231.28,1038.5466666666666,680.625,113.4375,1028.465,725.5268,120.92113333333333,2025-12-21 00:00:00,990,attachment3_10min_interpolation,2025-12-14 16:30:00,907.5438666666666,907.5438666666666,0.0,0.0,17.56529999999998,925.1091666666666,925.1091666666666,0.0,0.0,0.0,0.0,10800.0,10800.0,0,0.8791,797.8218131866666,0.0,77.20827614999992,875.0300893366666,static_forecast,45140.87807581611,71114.86015000005,1679.696399999999,1004.5676666666673
2025-12-21,99,2025-12-21 16:30:00,2025-12-21 16:40:00,6177.7882,1029.6313666666667,419.0314,69.83856666666667,1068.1531333333337,483.6845333333334,80.6140888888889,2025-12-21 00:00:00,1000,attachment3_10min_interpolation,2025-12-14 16:40:00,987.5390444444448,987.5390444444448,0.0,0.0,0.0,987.5390444444448,987.5390444444448,0.0,0.0,27.74624444444474,0.0,10800.0,10800.0,0,0.9024,891.155233706667,0.0,0.0,891.155233706667,static_forecast,46032.033309522776,72102.3991944445,1679.696399999999,1032.313911111112
2025-12-21,100,2025-12-21 16:40:00,2025-12-21 16:50:00,6130.9976,1021.8329333333332,173.8125,28.96875,1055.5353833333334,241.84226666666677,40.307044444444465,2025-12-21 00:00:00,1010,attachment3_10min_interpolation,2025-12-14 16:50:00,1015.2283388888889,1015.2283388888889,0.0,0.0,0.0,1015.2283388888889,1015.2283388888889,0.0,0.0,22.364155555555612,0.0,10800.0,10800.0,0,0.9163,930.2537269238888,0.0,0.0,930.2537269238888,static_forecast,46962.287036446665,73117.62753333339,1679.696399999999,1054.6780666666677
2025-12-21,101,2025-12-21 16:50:00,2025-12-21 17:00:00,6172.78,1028.7966666666666,0.0,0.0,1014.9216666666666,0.0,0.0,2025-12-21 00:00:00,1020,attachment3_10min_interpolation,2025-12-14 17:00:00,1014.9216666666666,1014.9216666666666,0.0,0.0,13.875,1028.7966666666666,1028.7966666666666,0.0,0.0,0.0,0.0,10800.0,10800.0,0,0.9264,940.223432,0.0,64.26899999999999,1004.492432,static_forecast,47966.779468446664,74146.42420000005,1693.571399999999,1054.6780666666677
2025-12-21,102,2025-12-21 17:00:00,2025-12-21 17:10:00,6112.1742,1018.6957,0.0,0.0,1037.7973,0.0,0.0,2025-12-21 00:00:00,1030,attachment3_10min_interpolation,2025-12-14 17:10:00,1037.7973,1037.7973,0.0,0.0,0.0,1037.7973,1037.7973,0.0,0.0,0.0,19.101599999999962,10800.0,10800.0,0,0.9462,981.96380526,0.0,0.0,981.96380526,static_forecast,48948.74327370666,75184.22150000006,1693.571399999999,1054.6780666666677
2025-12-21,103,2025-12-21 17:10:00,2025-12-21 17:20:00,6160.7027,1026.7837833333333,6.2009,1.0334833333333333,1052.7808333333337,0.0,0.0,2025-12-21 00:00:00,1040,attachment3_10min_interpolation,2025-12-14 17:20:00,1052.7808333333337,1052.7808333333337,0.0,0.0,0.0,1052.7808333333337,1052.7808333333337,0.0,0.0,1.0334833333333333,25.9970500000004,10800.0,10800.0,0,0.9742,1025.6190878333337,0.0,0.0,1025.6190878333337,static_forecast,49974.36236154,76237.0023333334,1693.571399999999,1055.7115500000011
2025-12-21,104,2025-12-21 17:20:00,2025-12-21 17:30:00,6338.77,1056.4616666666668,0.0,0.0,1047.595,0.0,0.0,2025-12-21 00:00:00,1050,attachment3_10min_interpolation,2025-12-14 17:30:00,1047.595,1047.595,0.0,0.0,8.866666666666788,1056.4616666666668,1056.4616666666668,0.0,0.0,0.0,0.0,10800.0,10800.0,0,0.9862,1033.138189,0.0,43.72153333333393,1076.859722333334,static_forecast,51051.222083873334,77293.46400000007,1702.4380666666657,1055.7115500000011
2025-12-21,105,2025-12-21 17:30:00,2025-12-21 17:40:00,6290.0948,1048.3491333333334,0.0,0.0,1057.7831833333332,0.0,0.0,2025-12-21 00:00:00,1060,attachment3_10min_interpolation,2025-12-14 17:40:00,1057.7831833333332,1057.7831833333332,0.0,0.0,0.0,1057.7831833333332,1057.7831833333332,0.0,0.0,0.0,9.434049999999843,10800.0,10800.0,0,0.976,1032.3963869333331,0.0,0.0,1032.3963869333331,static_forecast,52083.618470806665,78351.2471833334,1702.4380666666657,1055.7115500000011
2025-12-21,106,2025-12-21 17:40:00,2025-12-21 17:50:00,5392.9058,898.8176333333334,0.4452,0.0742,919.2911666666668,0.0,0.0,2025-12-21 00:00:00,1070,attachment3_10min_interpolation,2025-12-14 17:50:00,919.2911666666668,919.2911666666668,0.0,0.0,0.0,919.2911666666668,919.2911666666668,0.0,0.0,0.0742,20.473533333333307,10800.0,10800.0,0,1.0742,987.5025712333335,0.0,0.0,987.5025712333335,static_forecast,53071.121042039995,79270.53835000006,1702.4380666666657,1055.7857500000011
2025-12-21,107,2025-12-21 17:50:00,2025-12-21 18:00:00,4275.8,712.6333333333333,0.0,0.0,717.2216666666667,0.0,0.0,2025-12-21 00:00:00,1080,attachment3_10min_interpolation,2025-12-14 18:00:00,717.2216666666667,717.2216666666667,0.0,0.0,0.0,717.2216666666667,717.2216666666667,0.0,0.0,0.0,4.588333333333367,10800.0,10800.0,0,1.2313,883.1150381666667,0.0,0.0,883.1150381666667,static_forecast,53954.23608020666,79987.76001666673,1702.4380666666657,1055.7857500000011
2025-12-21,108,2025-12-21 18:00:00,2025-12-21 18:10:00,4292.4867,715.4144500000001,0.0,0.0,720.8249333333333,0.0,0.0,2025-12-21 00:00:00,1090,attachment3_10min_interpolation,2025-12-14 18:10:00,72.82493333333332,72.82493333333332,0.0,0.0,0.0,72.82493333333332,72.82493333333332,0.0,648.0,0.0,5.410483333333218,10800.0,10080.0,0,1.2561,91.47539875999998,0.0,0.0,91.47539875999998,static_forecast,54045.71147896666,80060.58495000006,1702.4380666666657,1055.7857500000011
2025-12-21,109,2025-12-21 18:10:00,2025-12-21 18:20:00,4489.6396,748.2732666666667,0.032,0.0053333333333333,744.6798166666667,0.0,0.0,2025-12-21 00:00:00,1100,attachment3_10min_interpolation,2025-12-14 18:20:00,744.6798166666667,744.6798166666667,0.0,0.0,3.5881166666666284,748.2679333333334,748.2679333333334,0.0,0.0,0.0,0.0,10080.0,10080.0,0,1.2447,926.902967805,0.0,22.33064407499976,949.2336118799998,static_forecast,54994.94509084666,80808.8528833334,1706.0261833333323,1055.7857500000011
2025-12-21,110,2025-12-21 18:20:00,2025-12-21 18:30:00,4380.05,730.0083333333333,0.0,0.0,700.34,0.0,0.0,2025-12-21 00:00:00,1110,attachment3_10min_interpolation,2025-12-14 18:30:00,592.34,592.34,0.0,0.0,29.668333333333294,622.0083333333333,622.0083333333333,0.0,108.0,0.0,0.0,10080.0,9960.0,0,1.2545,743.0905300000001,0.0,186.0946208333331,929.1851508333332,static_forecast,55924.130241679995,81430.86121666673,1735.6945166666655,1055.7857500000011
2025-12-21,111,2025-12-21 18:30:00,2025-12-21 18:40:00,4406.0663,734.3443833333334,0.0,0.0,687.4983000000001,0.0,0.0,2025-12-21 00:00:00,1120,attachment3_10min_interpolation,2025-12-14 18:40:00,687.4983000000001,687.4983000000001,0.0,0.0,46.846083333333354,734.3443833333334,734.3443833333334,0.0,0.0,0.0,0.0,9960.0,9960.0,0,1.2522,860.88537126,0.0,293.3033277500001,1154.1886990100002,static_forecast,57078.31894069,82165.20560000006,1782.540599999999,1055.7857500000011
2025-12-21,112,2025-12-21 18:40:00,2025-12-21 18:50:00,4500.5016,750.0835999999999,0.0023,0.0003833333333333,702.9292666666666,0.0,0.0,2025-12-21 00:00:00,1130,attachment3_10min_interpolation,2025-12-14 18:50:00,54.92926666666665,54.92926666666665,0.0,0.0,47.153949999999895,102.08321666666654,102.08321666666654,0.0,648.0,0.0,0.0,9960.0,9240.0,0,1.2881,70.75438839333331,0.0,303.6950149749993,374.44940336833264,static_forecast,57452.76834405833,82267.28881666673,1829.6945499999988,1055.7857500000011
2025-12-21,113,2025-12-21 18:50:00,2025-12-21 19:00:00,4490.76,748.46,0.0,0.0,721.9416666666666,0.0,0.0,2025-12-21 00:00:00,1140,attachment3_10min_interpolation,2025-12-14 19:00:00,73.9416666666666,73.9416666666666,0.0,0.0,26.51833333333343,100.46000000000004,100.46000000000004,0.0,648.0,0.0,0.0,9240.0,8520.0,0,1.3466,99.56984833333325,0.0,178.547938333334,278.11778666666726,static_forecast,57730.886130725,82367.74881666673,1856.2128833333322,1055.7857500000011
2025-12-21,114,2025-12-21 19:00:00,2025-12-21 19:10:00,4334.8994,722.4832333333334,0.0,0.0,732.0482999999999,0.0,0.0,2025-12-21 00:00:00,1150,attachment3_10min_interpolation,2025-12-14 19:10:00,84.04829999999993,84.04829999999993,0.0,0.0,0.0,84.04829999999993,84.04829999999993,0.0,648.0,0.0,9.565066666666553,8520.0,7800.0,0,1.3523,113.6585160899999,0.0,0.0,113.6585160899999,static_forecast,57844.544646815,82451.79711666673,1856.2128833333322,1055.7857500000011
2025-12-21,115,2025-12-21 19:10:00,2025-12-21 19:20:00,4356.9931,726.1655166666666,0.0,0.0,742.1127499999999,0.0,0.0,2025-12-21 00:00:00,1160,attachment3_10min_interpolation,2025-12-14 19:20:00,94.11274999999989,94.11274999999989,0.0,0.0,0.0,94.11274999999989,94.11274999999989,0.0,648.0,0.0,15.947233333333315,7800.0,7080.0,0,1.3445,126.53459237499986,0.0,0.0,126.53459237499986,static_forecast,57971.079239189996,82545.90986666673,1856.2128833333322,1055.7857500000011
2025-12-21,116,2025-12-21 19:20:00,2025-12-21 19:30:00,4466.59,744.4316666666667,0.0,0.0,743.3583333333332,0.0,0.0,2025-12-21 00:00:00,1170,attachment3_10min_interpolation,2025-12-14 19:30:00,95.35833333333323,95.35833333333323,0.0,0.0,1.073333333333494,96.43166666666673,96.43166666666673,0.0,648.0,0.0,0.0,7080.0,6360.0,0,1.3483,128.57164083333322,0.0,7.2358766666677505,135.80751750000098,static_forecast,58106.88675668999,82642.3415333334,1857.2862166666657,1055.7857500000011
2025-12-21,117,2025-12-21 19:30:00,2025-12-21 19:40:00,4301.5722,716.9286999999999,0.0,0.0,719.89135,0.0,0.0,2025-12-21 00:00:00,1180,attachment3_10min_interpolation,2025-12-14 19:40:00,71.89134999999999,71.89134999999999,0.0,0.0,0.0,71.89134999999999,71.89134999999999,0.0,648.0,0.0,2.9626500000000533,6360.0,5640.0,0,1.349,96.98143114999998,0.0,0.0,96.98143114999998,static_forecast,58203.868187839995,82714.2328833334,1857.2862166666657,1055.7857500000011
2025-12-21,118,2025-12-21 19:40:00,2025-12-21 19:50:00,4398.717,733.1194999999999,0.0,0.0,716.79235,0.0,0.0,2025-12-21 00:00:00,1190,attachment3_10min_interpolation,2025-12-14 19:50:00,68.79235000000006,68.79235000000006,0.0,0.0,16.327149999999847,85.1194999999999,85.1194999999999,0.0,648.0,0.0,0.0,5640.0,4920.0,0,1.3473,92.68393315500008,0.0,109.98784597499896,202.67177912999904,static_forecast,58406.53996696999,82799.3523833334,1873.6133666666656,1055.7857500000011
2025-12-21,119,2025-12-21 19:50:00,2025-12-21 20:00:00,4681.61,780.2683333333333,0.0,0.0,745.0716666666667,0.0,0.0,2025-12-21 00:00:00,1200,attachment3_10min_interpolation,2025-12-14 20:00:00,97.07166666666672,97.07166666666672,0.0,0.0,35.1966666666666,132.26833333333332,132.26833333333332,0.0,648.0,0.0,0.0,4920.0,4200.0,0,1.3482,130.87202100000007,0.0,237.26072999999957,368.13275099999964,static_forecast,58774.67271796999,82931.62071666673,1908.8100333333323,1055.7857500000011
2025-12-21,120,2025-12-21 20:00:00,2025-12-21 20:10:00,4485.5154,747.5859,0.0,0.0,766.45415,0.0,0.0,2025-12-21 00:00:00,1210,attachment3_10min_interpolation,2025-12-14 20:10:00,10.454150000000027,10.454150000000027,0.0,0.0,0.0,10.454150000000027,10.454150000000027,0.0,756.0,0.0,18.86824999999999,4200.0,3360.0,0,1.3513,14.126692895000035,0.0,0.0,14.126692895000035,static_forecast,58788.79941086499,82942.07486666674,1908.8100333333323,1055.7857500000011
2025-12-21,121,2025-12-21 20:10:00,2025-12-21 20:20:00,4156.9026,692.8171000000001,0.0,0.0,746.2377333333334,0.0,0.0,2025-12-21 00:00:00,1220,attachment3_10min_interpolation,2025-12-14 20:20:00,98.23773333333338,98.23773333333338,0.0,0.0,0.0,98.23773333333338,98.23773333333338,0.0,648.0,0.0,53.420633333333285,3360.0,2640.0,0,1.34,131.63856266666673,0.0,0.0,131.63856266666673,static_forecast,58920.437973531654,83040.31260000006,1908.8100333333323,1055.7857500000011
2025-12-21,122,2025-12-21 20:20:00,2025-12-21 20:30:00,4090.51,681.7516666666667,0.0,0.0,706.9566666666666,0.0,0.0,2025-12-21 00:00:00,1230,attachment3_10min_interpolation,2025-12-14 20:30:00,58.95666666666659,58.95666666666659,0.0,0.0,0.0,58.95666666666659,58.95666666666659,0.0,648.0,0.0,25.204999999999927,2640.0,1920.0,0,1.3489,79.52664766666656,0.0,0.0,79.52664766666656,static_forecast,58999.96462119832,83099.26926666673,1908.8100333333323,1055.7857500000011
2025-12-21,123,2025-12-21 20:30:00,2025-12-21 20:40:00,4322.2266,720.3711,0.0,0.0,706.8162000000001,0.0,0.0,2025-12-21 00:00:00,1240,attachment3_10min_interpolation,2025-12-14 20:40:00,58.816200000000094,58.816200000000094,0.0,0.0,13.554899999999861,72.37109999999996,72.37109999999996,0.0,648.0,0.0,0.0,1920.0,1200.0,0,1.3952,82.06036224000013,0.0,94.55898239999904,176.61934463999916,static_forecast,59176.58396583832,83171.64036666673,1922.3649333333321,1055.7857500000011
2025-12-21,124,2025-12-21 20:40:00,2025-12-21 20:50:00,4336.801,722.8001666666668,0.0,0.0,724.2105166666666,0.0,0.0,2025-12-21 00:00:00,1250,attachment3_10min_interpolation,2025-12-14 20:50:00,724.2105166666666,724.2105166666666,0.0,0.0,0.0,724.2105166666666,724.2105166666666,0.0,0.0,0.0,1.4103499999998803,1200.0,1200.0,0,1.2226,885.4197776766666,0.0,0.0,885.4197776766666,static_forecast,60062.003743514986,83895.8508833334,1922.3649333333321,1055.7857500000011
2025-12-21,125,2025-12-21 20:50:00,2025-12-21 21:00:00,4144.46,690.7433333333333,0.0,0.0,732.85,0.0,0.0,2025-12-21 00:00:00,1260,attachment3_10min_interpolation,2025-12-14 21:00:00,732.85,732.85,0.0,0.0,0.0,732.85,732.85,0.0,0.0,0.0,42.10666666666668,1200.0,1200.0,0,0.9332,683.89562,0.0,0.0,683.89562,static_forecast,60745.89936351499,84628.70088333341,1922.3649333333321,1055.7857500000011
2025-12-21,126,2025-12-21 21:00:00,2025-12-21 21:10:00,4227.261,704.5435000000001,0.0,0.0,727.7661499999999,0.0,0.0,2025-12-21 00:00:00,1270,attachment3_10min_interpolation,2025-12-14 21:10:00,727.7661499999999,727.7661499999999,0.0,0.0,0.0,727.7661499999999,727.7661499999999,0.0,0.0,0.0,23.222649999999817,1200.0,1200.0,0,0.9068,659.93834482,0.0,0.0,659.93834482,static_forecast,61405.83770833499,85356.4670333334,1922.3649333333321,1055.7857500000011
2025-12-21,127,2025-12-21 21:10:00,2025-12-21 21:20:00,4326.9643,721.1607166666666,0.0,0.0,725.3740666666666,0.0,0.0,2025-12-21 00:00:00,1280,attachment3_10min_interpolation,2025-12-14 21:20:00,725.3740666666666,725.3740666666666,0.0,0.0,0.0,725.3740666666666,725.3740666666666,0.0,0.0,0.0,4.213349999999991,1200.0,1200.0,0,0.9371,679.7480378733334,0.0,0.0,679.7480378733334,static_forecast,62085.58574620832,86081.84110000008,1922.3649333333321,1055.7857500000011
2025-12-21,128,2025-12-21 21:20:00,2025-12-21 21:30:00,4357.83,726.305,0.0,0.0,738.7916666666666,0.0,0.0,2025-12-21 00:00:00,1290,attachment3_10min_interpolation,2025-12-14 21:30:00,738.7916666666666,738.7916666666666,0.0,0.0,0.0,738.7916666666666,738.7916666666666,0.0,0.0,0.0,12.486666666666679,1200.0,1200.0,0,0.9371,692.3216708333333,0.0,0.0,692.3216708333333,static_forecast,62777.90741704166,86820.63276666675,1922.3649333333321,1055.7857500000011
2025-12-21,129,2025-12-21 21:30:00,2025-12-21 21:40:00,4437.1142,739.5190333333334,0.0,0.0,753.2937499999999,0.0,0.0,2025-12-21 00:00:00,1300,attachment3_10min_interpolation,2025-12-14 21:40:00,753.2937499999999,753.2937499999999,0.0,0.0,0.0,753.2937499999999,753.2937499999999,0.0,0.0,0.0,13.774716666666563,1200.0,1200.0,0,0.9871,743.5762606249999,0.0,0.0,743.5762606249999,static_forecast,63521.483677666656,87573.92651666675,1922.3649333333321,1055.7857500000011
2025-12-21,130,2025-12-21 21:40:00,2025-12-21 21:50:00,4070.9954,678.4992333333333,0.0,0.0,683.0635166666666,0.0,0.0,2025-12-21 00:00:00,1310,attachment3_10min_interpolation,2025-12-14 21:50:00,683.0635166666666,683.0635166666666,0.0,0.0,0.0,683.0635166666666,683.0635166666666,0.0,0.0,0.0,4.564283333333265,1200.0,1200.0,0,0.7764,530.3305143399999,0.0,0.0,530.3305143399999,static_forecast,64051.814192006656,88256.99003333341,1922.3649333333321,1055.7857500000011
2025-12-21,131,2025-12-21 21:50:00,2025-12-21 22:00:00,3434.4,572.4,0.0,0.0,570.3616666666667,0.0,0.0,2025-12-21 00:00:00,1320,attachment3_10min_interpolation,2025-12-14 22:00:00,570.3616666666667,570.3616666666667,0.0,0.0,2.0383333333332985,572.4,572.4,0.0,0.0,0.0,0.0,1200.0,1200.0,0,0.4209,240.0652255,0.0,4.289672499999926,244.35489799999993,static_forecast,64296.16909000665,88829.3900333334,1924.4032666666653,1055.7857500000011
2025-12-21,132,2025-12-21 22:00:00,2025-12-21 22:10:00,3270.5539,545.0923166666666,0.0,0.0,552.9186166666667,0.0,0.0,2025-12-21 00:00:00,1330,attachment3_10min_interpolation,2025-12-14 22:10:00,552.9186166666667,552.9186166666667,0.0,0.0,0.0,552.9186166666667,552.9186166666667,0.0,0.0,0.0,7.82630000000006,1200.0,1200.0,0,0.3859,213.3712941716667,0.0,0.0,213.3712941716667,static_forecast,64509.54038417832,89382.30865000006,1924.4032666666653,1055.7857500000011
2025-12-21,133,2025-12-21 22:10:00,2025-12-21 22:20:00,3305.0168,550.8361333333334,0.0,0.0,569.8221833333333,0.0,0.0,2025-12-21 00:00:00,1340,attachment3_10min_interpolation,2025-12-14 22:20:00,569.8221833333333,569.8221833333333,0.0,0.0,0.0,569.8221833333333,569.8221833333333,0.0,0.0,0.0,18.986049999999977,1200.0,1200.0,0,0.4368,248.89832968000002,0.0,0.0,248.89832968000002,static_forecast,64758.43871385832,89952.1308333334,1924.4032666666653,1055.7857500000011
2025-12-21,134,2025-12-21 22:20:00,2025-12-21 22:30:00,3255.6,542.6,0.0,0.0,565.9616666666667,0.0,0.0,2025-12-21 00:00:00,1350,attachment3_10min_interpolation,2025-12-14 22:30:00,565.9616666666667,565.9616666666667,0.0,0.0,0.0,565.9616666666667,565.9616666666667,0.0,0.0,0.0,23.36166666666668,1200.0,1200.0,0,0.4198,237.59070766666667,0.0,0.0,237.59070766666667,static_forecast,64996.02942152499,90518.09250000007,1924.4032666666653,1055.7857500000011
2025-12-21,135,2025-12-21 22:30:00,2025-12-21 22:40:00,3155.514,525.919,0.0,0.0,548.3579,0.0,0.0,2025-12-21 00:00:00,1360,attachment3_10min_interpolation,2025-12-14 22:40:00,548.3579,548.3579,0.0,0.0,0.0,548.3579,548.3579,0.0,0.0,0.0,22.43889999999999,1200.0,1200.0,0,0.4186,229.54261694000002,0.0,0.0,229.54261694000002,static_forecast,65225.57203846499,91066.45040000007,1924.4032666666653,1055.7857500000011
2025-12-21,136,2025-12-21 22:40:00,2025-12-21 22:50:00,3260.3635,543.3939166666667,0.0,0.0,543.2948333333333,0.0,0.0,2025-12-21 00:00:00,1370,attachment3_10min_interpolation,2025-12-14 22:50:00,543.2948333333333,543.2948333333333,0.0,0.0,0.0990833333333967,543.3939166666667,543.3939166666667,0.0,0.0,0.0,0.0,1200.0,1200.0,0,0.4241,230.4113388166666,0.0,0.2101062083334677,230.62144502500007,static_forecast,65456.19348348999,91609.84431666674,1924.5023499999988,1055.7857500000011
2025-12-21,137,2025-12-21 22:50:00,2025-12-21 23:00:00,3508.97,584.8283333333333,0.0,0.0,558.3249999999999,0.0,0.0,2025-12-21 00:00:00,1380,attachment3_10min_interpolation,2025-12-14 23:00:00,558.3249999999999,558.3249999999999,0.0,0.0,26.50333333333333,584.8283333333333,584.8283333333333,0.0,0.0,0.0,0.0,1200.0,1200.0,0,0.4237,236.5623025,0.0,56.14731166666666,292.70961416666665,static_forecast,65748.90309765666,92194.67265000008,1951.0056833333322,1055.7857500000011
2025-12-21,138,2025-12-21 23:00:00,2025-12-21 23:10:00,3554.7154,592.4525666666667,0.0,0.0,578.14965,0.0,0.0,2025-12-21 00:00:00,1390,attachment3_10min_interpolation,2025-12-14 23:10:00,578.14965,578.14965,0.0,0.0,14.30291666666676,592.4525666666667,592.4525666666667,0.0,0.0,0.0,0.0,1200.0,1200.0,0,0.4248,245.59797132,0.0,30.3793950000002,275.9773663200002,static_forecast,66024.88046397666,92787.12521666674,1965.308599999999,1055.7857500000011
2025-12-21,139,2025-12-21 23:10:00,2025-12-21 23:20:00,3395.6628,565.9438,0.0,0.0,587.9633333333334,0.0,0.0,2025-12-21 00:00:00,1400,attachment3_10min_interpolation,2025-12-14 23:20:00,587.9633333333334,587.9633333333334,0.0,0.0,0.0,587.9633333333334,587.9633333333334,0.0,0.0,0.0,22.019533333333356,1200.0,1200.0,0,0.424,249.29645333333335,0.0,0.0,249.29645333333335,static_forecast,66274.17691730999,93375.08855000007,1965.308599999999,1055.7857500000011
2025-12-21,140,2025-12-21 23:20:00,2025-12-21 23:30:00,3305.59,550.9316666666667,0.0,0.0,578.2983333333333,0.0,0.0,2025-12-21 00:00:00,1410,attachment3_10min_interpolation,2025-12-14 23:30:00,578.2983333333333,578.2983333333333,0.0,0.0,0.0,578.2983333333333,578.2983333333333,0.0,0.0,0.0,27.36666666666656,1200.0,1200.0,0,0.422,244.04189666666664,0.0,0.0,244.04189666666664,static_forecast,66518.21881397665,93953.38688333341,1965.308599999999,1055.7857500000011
2025-12-21,141,2025-12-21 23:30:00,2025-12-21 23:40:00,3539.7613,589.9602166666667,0.0,0.0,557.10235,0.0,0.0,2025-12-21 00:00:00,1420,attachment3_10min_interpolation,2025-12-14 23:40:00,557.10235,557.10235,0.0,0.0,32.85786666666672,589.9602166666667,589.9602166666667,0.0,0.0,0.0,0.0,1200.0,1200.0,0,0.424,236.21139639999998,0.0,69.65867733333346,305.87007373333347,static_forecast,66824.08888770998,94543.34710000009,1998.1664666666657,1055.7857500000011
2025-12-21,142,2025-12-21 23:40:00,2025-12-21 23:50:00,3571.991,595.3318333333333,0.0,0.0,577.9149666666666,0.0,0.0,2025-12-21 00:00:00,1430,attachment3_10min_interpolation,2025-12-14 23:50:00,577.9149666666666,577.9149666666666,0.0,0.0,17.416866666666692,595.3318333333333,595.3318333333333,0.0,0.0,0.0,0.0,1200.0,1200.0,0,0.4271,246.82748226333328,0.0,37.19371876666672,284.02120103,static_forecast,67108.11008873998,95138.67893333342,2015.5833333333323,1055.7857500000011
2025-12-21,143,2025-12-21 23:50:00,2025-12-22 00:00:00,3464.4,577.4,0.0,0.0,609.63,0.0,0.0,2025-12-21 00:00:00,1440,attachment3_10min_interpolation,2025-12-15 00:00:00,609.63,609.63,0.0,0.0,0.0,609.63,609.63,0.0,0.0,0.0,32.23000000000002,1200.0,1200.0,0,0.4276,260.67778799999996,0.0,0.0,260.67778799999996,static_forecast,67368.78787673998,95748.30893333342,2015.5833333333323,1055.7857500000011
2025-12-21,0,2025-12-21 00:00:00,2025-12-21 00:10:00,3576.1063,596.0177166666666,0.0,0.0,592.6912333333333,0.0,0.0,2025-12-21 00:00:00,10,observed_anchor_linear_to_h1,2025-12-14 00:10:00,1392.6912333333335,1392.6912333333335,0.0,0.0,3.3264833333332717,1396.0177166666667,1396.0177166666667,800.0,0.0,0.0,0.0,1200.0,1920.0,1,0.4248,591.61523592,0.0,7.06545059999987,598.6806865199999,rolling,598.6806865199999,1396.0177166666667,3.3264833333332717,0.0
2025-12-21,1,2025-12-21 00:10:00,2025-12-21 00:20:00,3537.871,589.6451666666667,0.0,0.0,561.2439,0.0,0.0,2025-12-21 00:00:00,20,observed_anchor_linear_to_h1,2025-12-14 00:20:00,1361.2439,1361.2439,0.0,0.0,28.401266666666743,1389.6451666666667,1389.6451666666667,800.0,0.0,0.0,0.0,1920.0,2640.0,1,0.4245,577.84803555,0.0,60.281688500000165,638.1297240500002,rolling,1236.81041057,2785.6628833333334,31.727750000000015,0.0
2025-12-21,2,2025-12-21 00:20:00,2025-12-21 00:30:00,3472.1,578.6833333333333,0.0,0.0,571.5483333333333,0.0,0.0,2025-12-21 00:00:00,30,observed_anchor_linear_to_h1,2025-12-14 00:30:00,1371.5483333333332,1371.5483333333332,0.0,0.0,7.135000000000218,1378.6833333333334,1378.6833333333334,800.0,0.0,0.0,0.0,2640.0,3360.0,1,0.4269,585.5139834999999,0.0,15.229657500000467,600.7436410000004,rolling,1837.5540515700004,4164.346216666667,38.86275000000023,0.0
2025-12-21,3,2025-12-21 00:30:00,2025-12-21 00:40:00,3388.2602,564.7100333333334,0.0,0.0,612.7311666666667,0.0,0.0,2025-12-21 00:00:00,40,observed_anchor_linear_to_h1,2025-12-14 00:40:00,1412.7311666666667,1412.7311666666667,0.0,0.0,0.0,1412.7311666666667,1412.7311666666667,800.0,0.0,0.0,48.02113333333341,3360.0,4080.0,1,0.4272,603.5187544,0.0,0.0,603.5187544,rolling,2441.0728059700004,5577.077383333333,38.86275000000023,0.0
2025-12-21,4,2025-12-21 00:40:00,2025-12-21 00:50:00,3299.4233,549.9038833333333,0.0,0.0,626.2757666666666,0.0,0.0,2025-12-21 00:00:00,50,observed_anchor_linear_to_h1,2025-12-14 00:50:00,1426.2757666666666,1426.2757666666666,0.0,0.0,0.0,1426.2757666666666,1426.2757666666666,800.0,0.0,0.0,76.37188333333324,4080.0,4800.0,1,0.4271,609.1623799433333,0.0,0.0,609.1623799433333,rolling,3050.2351859133337,7003.35315,38.86275000000023,0.0
2025-12-21,5,2025-12-21 00:50:00,2025-12-21 01:00:00,3349.26,558.21,0.0,0.0,608.4616666666667,0.0,0.0,2025-12-21 00:00:00,60,attachment3_10min_interpolation,2025-12-14 01:00:00,1408.4616666666666,1408.4616666666666,0.0,0.0,0.0,1408.4616666666666,1408.4616666666666,800.0,0.0,0.0,50.25166666666655,4800.0,5520.0,1,0.4285,603.5258241666667,0.0,0.0,603.5258241666667,rolling,3653.7610100800002,8411.814816666667,38.86275000000023,0.0
2025-12-21,6,2025-12-21 01:00:00,2025-12-21 01:10:00,3662.0911,610.3485166666667,0.0,0.0,606.02975,0.0,0.0,2025-12-21 00:00:00,70,attachment3_10min_interpolation,2025-12-14 01:10:00,1406.0297500000001,1406.0297500000001,0.0,0.0,4.318766666666534,1410.3485166666667,1410.3485166666667,800.0,0.0,0.0,0.0,5520.0,6240.0,1,0.4311,606.1394252250001,0.0,9.309101549999713,615.4485267749998,rolling,4269.209536855,9822.163333333334,43.18151666666677,0.0
2025-12-21,7,2025-12-21 01:10:00,2025-12-21 01:20:00,3799.4157,633.23595,0.0,0.0,605.0776,0.0,0.0,2025-12-21 00:00:00,80,attachment3_10min_interpolation,2025-12-14 01:20:00,1405.0776,1405.0776,0.0,0.0,28.158349999999928,1433.23595,1433.23595,800.0,0.0,0.0,0.0,6240.0,6960.0,1,0.4302,604.4643835200001,0.0,60.56861084999985,665.0329943699999,rolling,4934.242531225,11255.399283333334,71.3398666666667,0.0
2025-12-21,8,2025-12-21 01:20:00,2025-12-21 01:30:00,3736.18,622.6966666666666,0.0,0.0,598.8383333333334,0.0,0.0,2025-12-21 00:00:00,90,attachment3_10min_interpolation,2025-12-14 01:30:00,1398.8383333333334,1398.8383333333334,0.0,0.0,23.85833333333335,1422.6966666666667,1422.6966666666667,800.0,0.0,0.0,0.0,6960.0,7680.0,1,0.4279,598.5629228333333,0.0,51.0449041666667,649.607827,rolling,5583.850358225,12678.09595,95.19820000000004,0.0
2025-12-21,9,2025-12-21 01:30:00,2025-12-21 01:40:00,3824.9356,637.4892666666666,0.0,0.0,600.3714333333334,0.0,0.0,2025-12-21 00:00:00,100,attachment3_10min_interpolation,2025-12-14 01:40:00,867.0381,867.0381,0.0,0.0,37.11783333333324,904.1559333333332,904.1559333333332,266.6666666666667,0.0,0.0,0.0,7680.0,7920.0,1,0.4312,373.86682872,0.0,80.02604866666647,453.89287738666644,rolling,6037.743235611666,13582.251883333334,132.31603333333328,0.0
2025-12-21,10,2025-12-21 01:40:00,2025-12-21 01:50:00,3734.208,622.368,0.0,0.0,609.7503833333334,0.0,0.0,2025-12-21 00:00:00,110,attachment3_10min_interpolation,2025-12-14 01:50:00,609.7503833333334,609.7503833333334,0.0,0.0,12.617616666666663,622.368,622.368,0.0,0.0,0.0,0.0,7920.0,7920.0,0,0.4333,264.20484109833336,0.0,27.336066508333328,291.5409076066667,rolling,6329.284143218332,14204.619883333335,144.93364999999994,0.0
2025-12-21,11,2025-12-21 01:50:00,2025-12-21 02:00:00,3587.15,597.8583333333333,0.0,0.0,618.77,0.0,0.0,2025-12-21 00:00:00,120,attachment3_10min_interpolation,2025-12-14 02:00:00,1418.77,1418.77,0.0,0.0,0.0,1418.77,1418.77,800.0,0.0,0.0,20.911666666666633,7920.0,8640.0,1,0.4311,611.631747,0.0,0.0,611.631747,rolling,6940.915890218333,15623.389883333335,144.93364999999994,0.0
2025-12-21,12,2025-12-21 02:00:00,2025-12-21 02:10:00,3856.4774,642.7462333333334,0.0,0.0,620.9696333333333,0.0,0.0,2025-12-21 00:00:00,130,attachment3_10min_interpolation,2025-12-14 02:10:00,1420.9696333333331,1420.9696333333331,0.0,0.0,21.776600000000144,1442.7462333333333,1442.7462333333333,800.0,0.0,0.0,0.0,8640.0,9360.0,1,0.4293,610.02226359,0.0,46.74347190000031,656.7657354900002,rolling,7597.681625708333,17066.13611666667,166.7102500000001,0.0
2025-12-21,13,2025-12-21 02:10:00,2025-12-21 02:20:00,3923.2147,653.8691166666666,0.0,0.0,634.80715,0.0,0.0,2025-12-21 00:00:00,140,attachment3_10min_interpolation,2025-12-14 02:20:00,634.80715,634.80715,0.0,0.0,19.06196666666665,653.8691166666666,653.8691166666666,0.0,0.0,0.0,0.0,9360.0,9360.0,0,0.4324,274.49061166,0.0,41.211971933333295,315.7025835933333,rolling,7913.3842093016665,17720.005233333333,185.77221666666674,0.0
2025-12-21,14,2025-12-21 02:20:00,2025-12-21 02:30:00,3730.5,621.75,0.0,0.0,658.2583333333333,0.0,0.0,2025-12-21 00:00:00,150,attachment3_10min_interpolation,2025-12-14 02:30:00,658.2583333333333,658.2583333333333,0.0,0.0,0.0,658.2583333333333,658.2583333333333,0.0,0.0,0.0,36.508333333333326,9360.0,9360.0,0,0.4367,287.46141416666666,0.0,0.0,287.46141416666666,rolling,8200.845623468333,18378.26356666667,185.77221666666674,0.0
2025-12-21,15,2025-12-21 02:30:00,2025-12-21 02:40:00,3819.86,636.6433333333333,0.0,0.0,668.0974666666667,0.0,0.0,2025-12-21 00:00:00,160,attachment3_10min_interpolation,2025-12-14 02:40:00,668.0974666666667,668.0974666666667,0.0,0.0,0.0,668.0974666666667,668.0974666666667,0.0,0.0,0.0,31.454133333333402,9360.0,9360.0,0,0.4348,290.4887785066667,0.0,0.0,290.4887785066667,rolling,8491.334401975,19046.361033333334,185.77221666666674,0.0
2025-12-21,16,2025-12-21 02:40:00,2025-12-21 02:50:00,3791.4644,631.9107333333333,0.0,0.0,663.4041833333333,0.0,0.0,2025-12-21 00:00:00,170,attachment3_10min_interpolation,2025-12-14 02:50:00,663.4041833333333,663.4041833333333,0.0,0.0,0.0,663.4041833333333,663.4041833333333,0.0,0.0,0.0,31.493450000000053,9360.0,9360.0,0,0.4335,287.585713475,0.0,0.0,287.585713475,rolling,8778.92011545,19709.765216666667,185.77221666666674,0.0
2025-12-21,17,2025-12-21 02:50:00,2025-12-21 03:00:00,3751.73,625.2883333333333,0.0,0.0,650.38,0.0,0.0,2025-12-21 00:00:00,180,attachment3_10min_interpolation,2025-12-14 03:00:00,650.38,650.38,0.0,0.0,0.0,650.38,650.38,0.0,0.0,0.0,25.091666666666697,9360.0,9360.0,0,0.4357,283.370566,0.0,0.0,283.370566,rolling,9062.29068145,20360.145216666668,185.77221666666674,0.0
2025-12-21,18,2025-12-21 03:00:00,2025-12-21 03:10:00,4180.5461,696.7576833333333,0.0,0.0,640.1669833333334,0.0,0.0,2025-12-21 00:00:00,190,attachment3_10min_interpolation,2025-12-14 03:10:00,640.1669833333334,640.1669833333334,0.0,0.0,56.590699999999856,696.7576833333333,696.7576833333333,0.0,0.0,0.0,0.0,9360.0,9360.0,0,0.4374,280.00903851000004,0.0,123.7638608999997,403.77289940999975,rolling,9466.06358086,21056.9029,242.3629166666666,0.0
2025-12-21,19,2025-12-21 03:10:00,2025-12-21 03:20:00,4115.3327,685.8887833333333,0.0,0.0,656.3656333333333,0.0,0.0,2025-12-21 00:00:00,200,attachment3_10min_interpolation,2025-12-14 03:20:00,656.3656333333333,656.3656333333333,0.0,0.0,29.523149999999987,685.8887833333333,685.8887833333333,0.0,0.0,0.0,0.0,9360.0,9360.0,0,0.4371,286.89741833,0.0,64.52284432499997,351.420262655,rolling,9817.483843515,21742.791683333333,271.8860666666666,0.0
2025-12-21,20,2025-12-21 03:20:00,2025-12-21 03:30:00,3748.74,624.79,0.0,0.0,673.39,0.0,0.0,2025-12-21 00:00:00,210,attachment3_10min_interpolation,2025-12-14 03:30:00,673.39,673.39,0.0,0.0,0.0,673.39,673.39,0.0,0.0,0.0,48.60000000000002,9360.0,9360.0,0,0.4356,293.328684,0.0,0.0,293.328684,rolling,10110.812527515,22416.181683333332,271.8860666666666,0.0
2025-12-21,21,2025-12-21 03:30:00,2025-12-21 03:40:00,4220.4858,703.4143,0.0,0.0,643.2212833333333,0.0,0.0,2025-12-21 00:00:00,220,attachment3_10min_interpolation,2025-12-14 03:40:00,643.2212833333333,643.2212833333333,0.0,0.0,60.19301666666672,703.4143,703.4143,0.0,0.0,0.0,0.0,9360.0,9360.0,0,0.4353,279.994224635,0.0,131.01010077500013,411.00432541000015,rolling,10521.816852925,23119.595983333333,332.0790833333333,0.0
2025-12-21,22,2025-12-21 03:40:00,2025-12-21 03:50:00,4423.9257,737.3209499999999,0.0,0.0,633.5718333333333,0.0,0.0,2025-12-21 00:00:00,230,attachment3_10min_interpolation,2025-12-14 03:50:00,633.5718333333333,633.5718333333333,0.0,0.0,103.74911666666662,737.3209499999999,737.3209499999999,0.0,0.0,0.0,0.0,9360.0,9360.0,0,0.436,276.23731933333335,0.0,226.17307433333326,502.4103936666666,rolling,11024.227246591667,23856.916933333334,435.8281999999999,0.0
2025-12-21,23,2025-12-21 03:50:00,2025-12-21 04:00:00,4079.15,679.8583333333333,0.0,0.0,657.7816666666666,0.0,0.0,2025-12-21 00:00:00,240,attachment3_10min_interpolation,2025-12-14 04:00:00,657.7816666666666,657.7816666666666,0.0,0.0,22.07666666666671,679.8583333333333,679.8583333333333,0.0,0.0,0.0,0.0,9360.0,9360.0,0,0.4378,287.97681366666666,0.0,48.32582333333343,336.3026370000001,rolling,11360.529883591667,24536.775266666667,457.90486666666663,0.0
2025-12-21,24,2025-12-21 04:00:00,2025-12-21 04:10:00,4038.9424,673.1570666666667,0.0,0.0,664.0071,0.0,0.0,2025-12-21 00:00:00,250,attachment3_10min_interpolation,2025-12-14 04:10:00,664.0071,664.0071,0.0,0.0,9.149966666666614,673.1570666666667,673.1570666666667,0.0,0.0,0.0,0.0,9360.0,9360.0,0,0.4401,292.22952471,0.0,20.134501649999883,312.3640263599999,rolling,11672.893909951667,25209.932333333334,467.05483333333325,0.0
2025-12-21,25,2025-12-21 04:10:00,2025-12-21 04:20:00,4082.3954,680.3992333333333,0.0,0.0,673.98475,0.0,0.0,2025-12-21 00:00:00,260,attachment3_10min_interpolation,2025-12-14 04:20:00,673.98475,673.98475,0.0,0.0,6.414483333333351,680.3992333333333,680.3992333333333,0.0,0.0,0.0,0.0,9360.0,9360.0,0,0.4389,295.811906775,0.0,14.07658367500004,309.88849045000006,rolling,11982.782400401666,25890.331566666668,473.4693166666666,0.0
2025-12-21,26,2025-12-21 04:20:00,2025-12-21 04:30:00,4064.87,677.4783333333334,0.0,0.0,701.39,0.0,0.0,2025-12-21 00:00:00,270,attachment3_10min_interpolation,2025-12-14 04:30:00,701.39,701.39,0.0,0.0,0.0,701.39,701.39,0.0,0.0,0.0,23.911666666666633,9360.0,9360.0,0,0.4364,306.086596,0.0,0.0,306.086596,rolling,12288.868996401665,26591.721566666667,473.4693166666666,0.0
2025-12-21,27,2025-12-21 04:30:00,2025-12-21 04:40:00,4121.8784,686.9797333333332,0.0,0.0,726.9617833333333,0.0,0.0,2025-12-21 00:00:00,280,attachment3_10min_interpolation,2025-12-14 04:40:00,726.9617833333333,726.9617833333333,0.0,0.0,0.0,726.9617833333333,726.9617833333333,0.0,0.0,0.0,39.98205000000007,9360.0,9360.0,0,0.4393,319.35431141833334,0.0,0.0,319.35431141833334,rolling,12608.223307819999,27318.68335,473.4693166666666,0.0
2025-12-21,28,2025-12-21 04:40:00,2025-12-21 04:50:00,4083.6154,680.6025666666667,0.0,0.0,712.0232166666666,0.0,0.0,2025-12-21 00:00:00,290,attachment3_10min_interpolation,2025-12-14 04:50:00,712.0232166666666,712.0232166666666,0.0,0.0,0.0,712.0232166666666,712.0232166666666,0.0,0.0,0.0,31.42064999999991,9360.0,9360.0,0,0.4422,314.85666640999995,0.0,0.0,314.85666640999995,rolling,12923.079974229999,28030.706566666668,473.4693166666666,0.0
2025-12-21,29,2025-12-21 04:50:00,2025-12-21 05:00:00,4032.31,672.0516666666666,0.0,0.0,677.4466666666666,0.0,0.0,2025-12-21 00:00:00,300,attachment3_10min_interpolation,2025-12-14 05:00:00,677.4466666666666,677.4466666666666,0.0,0.0,0.0,677.4466666666666,677.4466666666666,0.0,0.0,0.0,5.394999999999982,9360.0,9360.0,0,0.4395,297.73780999999997,0.0,0.0,297.73780999999997,rolling,13220.81778423,28708.153233333334,473.4693166666666,0.0
2025-12-21,30,2025-12-21 05:00:00,2025-12-21 05:10:00,4217.9422,702.9903666666668,0.0023,0.0003833333333333,682.5563833333333,0.0,0.0,2025-12-21 00:00:00,310,attachment3_10min_interpolation,2025-12-14 05:10:00,682.5563833333333,682.5563833333333,0.0,0.0,20.433600000000126,702.9899833333334,702.9899833333334,0.0,0.0,0.0,0.0,9360.0,9360.0,0,0.4333,295.75168089833335,0.0,44.26939440000027,340.02107529833364,rolling,13560.838859528332,29411.143216666667,493.9029166666667,0.0
2025-12-21,31,2025-12-21 05:10:00,2025-12-21 05:20:00,4253.2484,708.8747333333334,0.0,0.0,686.3402500000001,0.0,0.0,2025-12-21 00:00:00,320,attachment3_10min_interpolation,2025-12-14 05:20:00,686.3402500000001,686.3402500000001,0.0,0.0,22.534483333333355,708.8747333333334,708.8747333333334,0.0,0.0,0.0,0.0,9360.0,9360.0,0,0.4439,304.66643697500007,0.0,50.015285758333384,354.68172273333346,rolling,13915.520582261666,30120.01795,516.4374,0.0
2025-12-21,32,2025-12-21 05:20:00,2025-12-21 05:30:00,4066.58,677.7633333333333,0.0,0.0,673.5266666666666,0.0,0.0,2025-12-21 00:00:00,330,attachment3_10min_interpolation,2025-12-14 05:30:00,1473.5266666666666,1473.5266666666666,0.0,0.0,4.236666666666679,1477.7633333333333,1477.7633333333333,800.0,0.0,0.0,0.0,9360.0,10080.0,1,0.4301,633.7638193333333,0.0,9.110951666666693,642.874771,rolling,14558.395353261667,31597.781283333334,520.6740666666667,0.0
2025-12-21,33,2025-12-21 05:30:00,2025-12-21 05:40:00,4077.7781,679.6296833333333,0.0316,0.0052666666666666,683.5421,0.0,0.0,2025-12-21 00:00:00,340,attachment3_10min_interpolation,2025-12-14 05:40:00,1483.5421000000001,1483.5421000000001,0.0,0.0,0.0,1483.5421000000001,1483.5421000000001,800.0,0.0,0.0052666666666666,3.912416666666786,10080.0,10800.0,1,0.3713,550.8391817300001,0.0,0.0,550.8391817300001,rolling,15109.234534991667,33081.323383333336,520.6740666666667,0.0052666666666666
2025-12-21,34,2025-12-21 05:40:00,2025-12-21 05:50:00,4717.7146,786.2857666666667,0.0,0.0,764.3458833333334,0.0,0.0,2025-12-21 00:00:00,350,attachment3_10min_interpolation,2025-12-14 05:50:00,764.3458833333334,764.3458833333334,0.0,0.0,21.93988333333334,786.2857666666667,786.2857666666667,0.0,0.0,0.0,0.0,10800.0,10800.0,0,0.5708,436.2886302066667,0.0,62.61642703333336,498.9050572400001,rolling,15608.139592231666,33867.609150000004,542.61395,0.0052666666666666
2025-12-21,35,2025-12-21 05:50:00,2025-12-21 06:00:00,5490.65,915.1083333333332,0.0,0.0,871.2116666666667,0.0,0.0,2025-12-21 00:00:00,360,attachment3_10min_interpolation,2025-12-14 06:00:00,871.2116666666667,871.2116666666667,0.0,0.0,43.89666666666653,915.1083333333332,915.1083333333332,0.0,0.0,0.0,0.0,10800.0,10800.0,0,0.9099,792.7154955000001,0.0,199.7078849999994,992.4233804999994,rolling,16600.562972731666,34782.717483333334,586.5106166666666,0.0052666666666666
2025-12-21,36,2025-12-21 06:00:00,2025-12-21 06:10:00,5439.318,906.553,0.4406,0.0734333333333333,900.34945,0.0,0.0,2025-12-21 06:00:00,10,observed_anchor_linear_to_h1,2025-12-14 06:10:00,252.34945000000005,252.34945000000005,0.0,0.0,6.130116666666595,258.47956666666664,258.47956666666664,0.0,648.0,0.0,0.0,10800.0,10080.0,0,0.9368,236.40096476000002,0.0,28.713466466666333,265.11443122666634,rolling,16865.677403958332,35041.19705,592.6407333333332,0.0052666666666666
2025-12-21,37,2025-12-21 06:10:00,2025-12-21 06:20:00,5407.8325,901.3054166666668,0.0,0.0,887.5913,0.0,0.0,2025-12-21 06:00:00,20,observed_anchor_linear_to_h1,2025-12-14 06:20:00,887.5913,887.5913,0.0,0.0,13.714116666666769,901.3054166666668,901.3054166666668,0.0,0.0,0.0,0.0,10080.0,10080.0,0,0.8758,777.35246054,0.0,60.05411688333378,837.4065774233338,rolling,17703.083981381667,35942.50246666667,606.3548499999999,0.0052666666666666
2025-12-21,38,2025-12-21 06:20:00,2025-12-21 06:30:00,5587.05,931.175,0.0,0.0,878.9016666666666,0.0,0.0,2025-12-21 06:00:00,30,observed_anchor_linear_to_h1,2025-12-14 06:30:00,878.9016666666666,878.9016666666666,0.0,0.0,52.27333333333331,931.175,931.175,0.0,0.0,0.0,0.0,10080.0,10080.0,0,0.8759,769.8299698333333,0.0,228.93106333333324,998.7610331666665,rolling,18701.845014548333,36873.677466666675,658.6281833333333,0.0052666666666666
2025-12-21,39,2025-12-21 06:30:00,2025-12-21 06:40:00,5351.2866,891.8811000000001,6.1366,1.0227666666666666,888.7171333333334,0.0,0.0,2025-12-21 06:00:00,40,observed_anchor_linear_to_h1,2025-12-14 06:40:00,888.7171333333334,888.7171333333334,0.0,0.0,2.141199999999958,890.8583333333333,890.8583333333333,0.0,0.0,0.0,0.0,10080.0,10080.0,0,0.8601,764.38560638,0.0,9.208230599999817,773.5938369799999,rolling,19475.43885152833,37764.535800000005,660.7693833333332,0.0052666666666666
2025-12-21,40,2025-12-21 06:40:00,2025-12-21 06:50:00,5233.249,872.2081666666667,0.0,0.0,908.1604166666666,0.0,0.0,2025-12-21 06:00:00,50,observed_anchor_linear_to_h1,2025-12-14 06:50:00,908.1604166666666,908.1604166666666,0.0,0.0,0.0,908.1604166666666,908.1604166666666,0.0,0.0,0.0,35.952249999999935,10080.0,10080.0,0,0.8442,766.66902375,0.0,0.0,766.66902375,rolling,20242.107875278332,38672.69621666667,660.7693833333332,0.0052666666666666
2025-12-21,41,2025-12-21 06:50:00,2025-12-21 07:00:00,5374.2,895.6999999999999,0.0,0.0,912.8483333333334,0.0,0.0,2025-12-21 06:00:00,60,attachment3_10min_interpolation,2025-12-14 07:00:00,912.8483333333334,912.8483333333334,0.0,0.0,0.0,912.8483333333334,912.8483333333334,0.0,0.0,0.0,17.148333333333426,10080.0,10080.0,0,0.8334,760.7678010000001,0.0,0.0,760.7678010000001,rolling,21002.875676278334,39585.544550000006,660.7693833333332,0.0052666666666666
2025-12-21,42,2025-12-21 07:00:00,2025-12-21 07:10:00,5360.7841,893.4640166666667,172.6829,28.780483333333333,885.2799,261.3493833333333,43.558230555555554,2025-12-21 06:00:00,70,attachment3_10min_interpolation,2025-12-14 07:10:00,841.5578888888889,841.7216694444444,0.16378055555549054,0.0,22.96186388888896,864.6835333333333,864.6835333333333,0.0,0.0,0.0,0.0,10080.0,10080.0,0,0.8092,680.9886436888889,0.1987968383332544,92.90370129444474,774.091141821667,rolling,21776.9668181,40450.22808333334,683.7312472222221,0.0052666666666666
2025-12-21,43,2025-12-21 07:10:00,2025-12-21 07:20:00,5321.3096,886.8849333333333,420.0356,70.00593333333333,872.6423,522.6987666666666,87.11646111111111,2025-12-21 06:00:00,80,attachment3_10min_interpolation,2025-12-14 07:20:00,785.1982777777778,785.5258388888889,0.32756111111109476,0.0,31.353161111111064,816.8789999999999,816.8789999999999,0.0,0.0,0.0,0.0,10080.0,10080.0,0,0.7972,625.9600670444445,0.3916975766666471,124.9737001888887,751.3254648099999,rolling,22528.292282910003,41267.10708333334,715.0844083333332,0.0052666666666666
2025-12-21,44,2025-12-21 07:20:00,2025-12-21 07:30:00,5231.72,871.9533333333334,690.675,115.1125,877.3249999999999,784.04815,130.67469166666666,2025-12-21 06:00:00,90,attachment3_10min_interpolation,2025-12-14 07:30:00,746.1589666666666,746.6503083333332,0.4913416666665853,0.0,10.190525000000164,756.8408333333334,756.8408333333334,0.0,0.0,0.0,0.0,10080.0,10080.0,0,0.7644,570.36391412,0.5633723549999067,38.94818655000063,609.8754730250006,rolling,23138.167755935003,42023.94791666668,725.2749333333334,0.0052666666666666
2025-12-21,45,2025-12-21 07:30:00,2025-12-21 07:40:00,5065.8847,844.3141166666666,996.7377,166.12295,875.7418166666666,1045.3975333333333,174.23292222222221,2025-12-21 06:00:00,100,attachment3_10min_interpolation,2025-12-14 07:40:00,1500.8537722222222,1501.5088944444444,0.6551222222221895,0.0,0.0,1501.5088944444444,1501.5088944444444,800.0,0.0,23.317727777777975,0.0,10080.0,10800.0,1,0.6899,1035.439017456111,0.6779532316666329,0.0,1036.1169706877777,rolling,24174.28472662278,43525.45681111112,725.2749333333334,23.322994444444642
2025-12-21,46,2025-12-21 07:40:00,2025-12-21 07:50:00,5889.1246,981.5207666666666,1276.7125,212.7854166666667,976.711,1306.7469166666665,217.79115277777774,2025-12-21 06:00:00,110,attachment3_10min_interpolation,2025-12-14 07:50:00,758.1009444444445,758.9198472222223,0.8189027777777937,0.0,9.815502777777652,768.7353499999999,768.7353499999999,0.0,0.0,0.0,0.0,10800.0,10800.0,0,0.86,651.9668122222223,1.056384583333354,42.2066619444439,695.2298587499996,rolling,24869.51458537278,44294.192161111125,735.090436111111,23.322994444444642
2025-12-21,47,2025-12-21 07:50:00,2025-12-21 08:00:00,7180.79,1196.7983333333334,1539.8625,256.64375,1140.6016666666667,1568.0963,261.3493833333333,2025-12-21 06:00:00,120,attachment3_10min_interpolation,2025-12-14 08:00:00,122.26960000000008,123.25228333333337,0.9826833333332843,0.0,60.90229999999997,184.15458333333333,184.15458333333333,0.0,756.0,0.0,0.0,10800.0,9960.0,0,1.1617,142.04059432000008,1.7123748424999146,353.75100954999976,497.50397871249976,rolling,25367.01856408528,44478.34674444446,795.992736111111,23.322994444444642
2025-12-21,48,2025-12-21 08:00:00,2025-12-21 08:10:00,7254.351,1209.0585,1860.1541,310.02568333333335,1198.90715,1871.60955,311.93492499999996,2025-12-21 06:00:00,130,attachment3_10min_interpolation,2025-12-14 08:10:00,134.80945277777778,130.97222499999998,0.0,3.837227777777798,12.060591666666824,143.0328166666668,143.0328166666668,0.0,756.0,0.0,0.0,9960.0,9120.0,0,1.1683,157.49788368027777,-2.2415166063889007,70.45194622083424,225.7083132947231,rolling,25592.726877380002,44621.37956111113,808.0533277777778,23.322994444444642
2025-12-21,49,2025-12-21 08:10:00,2025-12-21 08:20:00,7152.8955,1192.14925,2211.6206,368.6034333333334,1194.8717833333333,2175.1228,362.52046666666666,2025-12-21 06:00:00,140,attachment3_10min_interpolation,2025-12-14 08:20:00,85.00845555555543,76.35131666666666,0.0,8.657138888888767,0.0,76.35131666666666,76.35131666666666,0.0,756.0,8.805500000000166,0.0,9120.0,8280.0,0,1.0956,93.13526390666652,-4.742380683333266,0.0,88.39288322333326,rolling,25681.119760603335,44697.730877777794,808.0533277777778,32.12849444444481
2025-12-21,50,2025-12-21 08:20:00,2025-12-21 08:30:00,7367.01,1227.835,2579.625,429.9375,1189.555,2478.63605,413.10600833333336,2025-12-21 06:00:00,150,attachment3_10min_interpolation,2025-12-14 08:30:00,33.92604166666683,20.448991666666643,0.0,13.47705000000019,21.448508333333393,41.897500000000036,41.897500000000036,0.0,756.0,0.0,0.0,8280.0,7440.0,0,1.0849,36.80636260416685,-7.310625772500103,116.34743345416699,145.84317028583374,rolling,25826.962930889167,44739.62837777779,829.5018361111112,32.12849444444481
2025-12-21,51,2025-12-21 08:30:00,2025-12-21 08:40:00,7333.1326,1222.1887666666669,2953.1787,492.19645,1198.6857833333331,2782.1493,463.69155,2025-12-21 06:00:00,160,attachment3_10min_interpolation,2025-12-14 08:40:00,0.0,0.0,0.0,0.0,0.0,0.0,0.0,0.0,756.0,26.007683333333148,0.0,7440.0,6600.0,0,1.061,0.0,0.0,0.0,0.0,rolling,25826.962930889167,44739.62837777779,829.5018361111112,58.13617777777796
2025-12-21,52,2025-12-21 08:40:00,2025-12-21 08:50:00,7276.0603,1212.6767166666666,3195.6035,532.6005833333334,1205.79965,3085.66255,514.2770916666667,2025-12-21 06:00:00,170,attachment3_10min_interpolation,2025-12-14 08:50:00,66.63943055555546,43.52255833333322,0.0,23.11687222222224,0.0,43.52255833333322,43.52255833333322,0.0,648.0,11.44642500000009,0.0,6600.0,5880.0,0,1.043,69.50492606944434,-12.055448863888898,0.0,57.44947720555544,rolling,25884.412408094722,44783.150936111124,829.5018361111112,69.58260277777805
2025-12-21,53,2025-12-21 08:50:00,2025-12-21 09:00:00,7255.65,1209.275,3341.5875,556.93125,1201.075,3389.1758,564.8626333333333,2025-12-21 06:00:00,180,attachment3_10min_interpolation,2025-12-14 09:00:00,16.149150000000077,0.0,0.0,16.149150000000077,4.343750000000114,4.343750000000114,4.343750000000114,0.0,648.0,0.0,0.0,5880.0,5160.0,0,1.036,16.73051940000008,-8.36525970000004,22.50062500000059,30.865884700000628,rolling,25915.278292794723,44787.494686111124,833.8455861111113,69.58260277777805
2025-12-21,54,2025-12-21 09:00:00,2025-12-21 09:10:00,7076.8086,1179.4681,3572.7867,595.46445,1192.3758833333334,3654.4920166666666,609.0820027777778,2025-12-21 06:00:00,190,attachment3_10min_interpolation,2025-12-14 09:10:00,78.37837777777781,43.293880555555575,0.0,35.08449722222224,0.7097694444445324,44.00365000000011,44.00365000000011,0.0,540.0,0.0,0.0,5160.0,4560.0,0,1.0147,79.53053993111114,-17.800119665694453,3.6010152763893344,65.33143554180602,rolling,25980.609728336527,44831.49833611112,834.5553555555558,69.58260277777805
2025-12-21,55,2025-12-21 09:10:00,2025-12-21 09:20:00,7014.1683,1169.02805,3848.0561,641.3426833333333,1199.6451166666668,3919.808233333333,653.3013722222222,2025-12-21 06:00:00,200,attachment3_10min_interpolation,2025-12-14 09:20:00,48.575955555555765,6.34374444444461,0.0,42.232211111111155,0.0,6.34374444444461,6.34374444444461,0.0,540.0,18.658377777778014,0.0,4560.0,3960.0,0,0.9922,48.19706310222243,-20.951399932222245,0.0,27.245663170000185,rolling,26007.855391506528,44837.842080555565,834.5553555555558,88.24098055555606
2025-12-21,56,2025-12-21 09:20:00,2025-12-21 09:30:00,7150.59,1191.765,4116.6,686.1,1210.88,4185.124449999999,697.5207416666666,2025-12-21 06:00:00,210,attachment3_10min_interpolation,2025-12-14 09:30:00,22.73918333333347,0.0,0.0,22.73918333333347,0.0,0.0,0.0,0.0,540.0,34.33499999999992,0.0,3960.0,3360.0,0,0.97,22.05700783333347,-11.028503916666734,0.0,11.028503916666734,rolling,26018.883895423194,44837.842080555565,834.5553555555558,122.57598055555599
2025-12-21,57,2025-12-21 09:30:00,2025-12-21 09:40:00,7259.4501,1209.90835,4370.6969,728.4494833333333,1193.1831,4450.440666666666,741.7401111111111,2025-12-21 06:00:00,220,attachment3_10min_interpolation,2025-12-14 09:40:00,507.97062777777785,451.44298888888886,0.0,56.52763888888899,30.015877777777746,481.4588666666666,481.4588666666666,0.0,0.0,0.0,0.0,3360.0,3360.0,0,0.9422,478.6099254922223,-26.630170680555604,141.40480021111097,593.3845550227777,rolling,26612.268450445972,45319.30094722223,864.5712333333336,122.57598055555599
2025-12-21,58,2025-12-21 09:40:00,2025-12-21 09:50:00,7142.682,1190.447,4583.0793,763.8465500000001,1168.83485,4715.756883333333,785.9594805555554,2025-12-21 06:00:00,230,attachment3_10min_interpolation,2025-12-14 09:50:00,14.550722222222134,58.87536944444457,44.32464722222244,0.0,43.72508055555511,102.60044999999968,102.60044999999968,0.0,324.0,0.0,0.0,3360.0,3000.0,0,0.9569,13.92358609444436,63.621382390416976,209.2026479180534,286.74761640291473,rolling,26899.016066848886,45421.90139722223,908.2963138888887,122.57598055555599
2025-12-21,59,2025-12-21 09:50:00,2025-12-21 10:00:00,6912.23,1152.0383333333332,4750.3875,791.7312499999999,1163.4466666666667,4981.0731,830.1788499999999,2025-12-21 06:00:00,240,attachment3_10min_interpolation,2025-12-14 10:00:00,80.09088333333341,9.267816666666818,0.0,70.82306666666659,27.03926666666655,36.30708333333337,36.30708333333337,0.0,324.0,0.0,0.0,3000.0,2640.0,0,0.9977,79.90667430166674,-35.33008680666663,134.8853817666661,179.46196926166618,rolling,27078.47803611055,45458.208480555564,935.3355805555552,122.57598055555599
2025-12-21,60,2025-12-21 10:00:00,2025-12-21 10:10:00,6873.3728,1145.5621333333331,4886.2111,814.3685166666668,1182.4659833333333,5013.293633333333,835.5489388888888,2025-12-21 06:00:00,250,attachment3_10min_interpolation,2025-12-14 10:10:00,84.88318333333325,22.917044444444514,0.0,61.966138888888736,0.0,22.917044444444514,22.917044444444514,0.0,324.0,15.723427777778284,0.0,2640.0,2280.0,0,0.9919,84.19562954833324,-30.732106581944368,0.0,53.46352296638888,rolling,27131.94155907694,45481.12552500001,935.3355805555552,138.29940833333427
2025-12-21,61,2025-12-21 10:10:00,2025-12-21 10:20:00,6913.1885,1152.1980833333334,4956.6279,826.1046500000001,1194.7524833333334,5045.514166666667,840.9190277777778,2025-12-21 06:00:00,260,attachment3_10min_interpolation,2025-12-14 10:20:00,82.9426666666667,29.833455555555588,0.0,53.10921111111111,0.0,29.833455555555588,29.833455555555588,0.0,324.0,27.740022222222137,0.0,2280.0,1920.0,0,0.9588,79.52542880000003,-25.460555806666665,0.0,54.06487299333337,rolling,27186.006432070273,45510.958980555566,935.3355805555552,166.0394305555564
2025-12-21,62,2025-12-21 10:20:00,2025-12-21 10:30:00,6951.47,1158.5783333333334,4960.7625,826.7937499999999,1175.695,5077.7347,846.2891166666667,2025-12-21 06:00:00,270,attachment3_10min_interpolation,2025-12-14 10:30:00,49.658166666666716,5.405883333333236,0.0,44.25228333333348,2.3787000000000944,7.78458333333333,7.78458333333333,0.0,324.0,0.0,0.0,1920.0,1560.0,0,0.9549,47.41858335000005,-21.12825267750007,11.35710315000045,37.64743382250043,rolling,27223.653865892775,45518.7435638889,937.7142805555553,166.0394305555564
2025-12-21,63,2025-12-21 10:30:00,2025-12-21 10:40:00,7040.6919,1173.44865,4946.2149,824.36915,1136.0265,5109.955233333333,851.6592055555556,2025-12-21 06:00:00,280,attachment3_10min_interpolation,2025-12-14 10:40:00,103.76265000000001,68.36729444444438,0.0,35.395355555555625,64.71220555555556,133.07949999999994,133.07949999999994,0.0,216.0,0.0,0.0,1560.0,1320.0,0,0.9839,102.09207133500001,-17.412745165555588,318.35169523055555,403.0310214,rolling,27626.684887292773,45651.8230638889,1002.4264861111109,166.0394305555564
2025-12-21,64,2025-12-21 10:40:00,2025-12-21 10:50:00,7195.1724,1199.1954,4968.8079,828.13465,1159.3799833333337,5142.175766666667,857.0292944444445,2025-12-21 06:00:00,290,attachment3_10min_interpolation,2025-12-14 10:50:00,328.88911666666706,302.3506888888892,0.0,26.538427777777883,68.71006111111092,371.0607500000001,371.0607500000001,0.0,0.0,0.0,0.0,1320.0,1320.0,0,0.799,262.782404216667,-10.602101897222266,274.49669413888813,526.6769964583328,rolling,28153.361883751106,46022.8838138889,1071.136547222222,166.0394305555564
2025-12-21,65,2025-12-21 10:50:00,2025-12-21 11:00:00,7266.62,1211.1033333333332,4979.2125,829.86875,1205.295,5174.3963,862.3993833333334,2025-12-21 06:00:00,300,attachment3_10min_interpolation,2025-12-14 11:00:00,1160.5771166666668,1142.8956166666667,0.0,17.681500000000142,38.33896666666658,1181.2345833333334,1181.2345833333334,800.0,0.0,0.0,0.0,1320.0,2040.0,1,0.5025,583.190001125,-4.442476875000035,96.32665374999976,675.0741779999997,rolling,28828.436061751105,47204.11839722223,1109.4755138888886,166.0394305555564
2025-12-21,66,2025-12-21 11:00:00,2025-12-21 11:10:00,7080.5804,1180.0967333333333,4907.9946,817.9991,1149.2718666666667,5381.5006,896.9167666666667,2025-12-21 06:00:00,310,attachment3_10min_interpolation,2025-12-14 11:10:00,1089.6827138888889,1052.3551,0.0,37.32761388888889,109.74253333333331,1162.0976333333333,1162.0976333333333,800.0,0.0,0.0,0.0,2040.0,2760.0,1,0.4662,508.010081215,-8.701066797500001,255.80984519999996,755.1188596175,rolling,29583.554921368606,48366.21603055556,1219.218047222222,166.0394305555564
2025-12-21,67,2025-12-21 11:10:00,2025-12-21 11:20:00,6948.6094,1158.1015666666667,5015.1025,835.8504166666667,1094.902466666667,5588.6049,931.43415,2025-12-21 06:00:00,320,attachment3_10min_interpolation,2025-12-14 11:20:00,1020.4420444444446,963.4683166666669,0.0,56.97372777777775,158.7828333333332,1122.25115,1122.25115,800.0,0.0,0.0,0.0,2760.0,3480.0,1,0.5007,510.93533165333344,-14.263372749166662,397.5128232499997,894.1847821541664,rolling,30477.739703522773,49488.467180555555,1378.000880555555,166.0394305555564
2025-12-21,68,2025-12-21 11:20:00,2025-12-21 11:30:00,6954.16,1159.0266666666666,5256.3375,876.05625,1105.59,5795.7092,965.9515333333334,2025-12-21 06:00:00,330,attachment3_10min_interpolation,2025-12-14 11:30:00,1016.2583083333333,939.6384666666665,0.0,76.61984166666673,143.33195000000012,1082.9704166666666,1082.9704166666666,800.0,0.0,0.0,0.0,3480.0,4200.0,1,0.4827,490.5478854325,-18.492198786250015,345.9316613250003,817.9873479712503,rolling,31295.727051494025,50571.43759722222,1521.3328305555551,166.0394305555564
2025-12-21,69,2025-12-21 11:30:00,2025-12-21 11:40:00,6860.0706,1143.3451,5348.0182,891.3363666666668,1139.47885,6002.8135,1000.4689166666667,2025-12-21 06:00:00,340,attachment3_10min_interpolation,2025-12-14 11:40:00,1035.2758888888889,939.0099333333333,0.0,96.26595555555559,112.99879999999996,1052.008733333333,1052.008733333333,800.0,0.0,0.0,0.0,4200.0,4920.0,1,0.4785,495.3795128333333,-23.031629866666673,270.34962899999994,742.6975119666665,rolling,32038.424563460692,51623.446330555555,1634.331630555555,166.0394305555564
2025-12-21,70,2025-12-21 11:40:00,2025-12-21 11:50:00,6565.9337,1094.3222833333332,5577.6892,929.6148666666668,1131.7959166666667,6209.9178,1034.9863,2025-12-21 06:00:00,350,attachment3_10min_interpolation,2025-12-14 11:50:00,1012.7216861111112,896.8096166666667,0.0,115.91206944444457,67.89779999999973,964.7074166666664,964.7074166666664,800.0,0.0,0.0,0.0,4920.0,5640.0,1,0.4662,472.13085006500006,-27.019103387500028,158.26977179999938,603.3815184774994,rolling,32641.806081938194,52588.15374722222,1702.2294305555547,166.0394305555564
2025-12-21,71,2025-12-21 11:50:00,2025-12-21 12:00:00,6330.9,1055.15,5890.8,981.8,1081.895,6417.0221,1069.5036833333334,2025-12-21 06:00:00,360,attachment3_10min_interpolation,2025-12-14 12:00:00,947.9495000000001,812.3913166666666,0.0,135.55818333333343,60.95868333333351,873.3500000000001,873.3500000000001,800.0,0.0,0.0,0.0,5640.0,6360.0,1,0.4432,420.1312184,-30.039693426666688,135.08444226666705,525.1759672400003,rolling,33166.982049178194,53461.50374722222,1763.1881138888882,166.0394305555564
2025-12-21,72,2025-12-21 12:00:00,2025-12-21 12:10:00,6501.863,1083.6438333333333,5904.8948,984.1491333333332,1049.1536333333331,5796.565333333334,966.0942222222224,2025-12-21 12:00:00,10,observed_anchor_linear_to_h1,2025-12-14 12:10:00,911.717347222222,883.0594111111108,0.0,28.657936111111212,16.435288888889318,899.4947000000001,899.4947000000001,800.0,0.0,0.0,0.0,6360.0,7080.0,1,0.4411,402.1585218597221,-6.320507809305577,36.24802964444539,432.0860436948619,rolling,33599.06809287306,54360.99844722222,1779.6234027777775,166.0394305555564
2025-12-21,73,2025-12-21 12:10:00,2025-12-21 12:20:00,6520.3344,1086.7224,5868.1645,978.0274166666668,1055.6512666666663,5702.330666666667,950.3884444444444,2025-12-21 12:00:00,20,observed_anchor_linear_to_h1,2025-12-14 12:20:00,914.724194444444,905.2628222222219,0.0,9.461372222222167,3.4321611111114407,908.6949833333333,908.6949833333333,800.0,0.0,0.0,0.0,7080.0,7800.0,1,0.4551,416.2909808916665,-2.1529352491666542,7.8098826083340835,421.9479282508339,rolling,34021.01602112389,55269.693430555555,1783.055563888889,166.0394305555564
2025-12-21,74,2025-12-21 12:20:00,2025-12-21 12:30:00,6273.31,1045.5516666666667,5864.7,977.45,1060.84,5608.096,934.6826666666666,2025-12-21 12:00:00,30,observed_anchor_linear_to_h1,2025-12-14 12:30:00,916.4221416666666,926.1573333333333,9.735191666666765,0.0,0.0,926.1573333333333,926.1573333333333,800.0,0.0,58.05566666666664,0.0,7800.0,8520.0,1,0.4463,408.99920182583327,6.517224061250066,0.0,415.51642588708336,rolling,34436.53244701098,56195.85076388889,1783.055563888889,224.09509722222305
2025-12-21,75,2025-12-21 12:30:00,2025-12-21 12:40:00,6234.7567,1039.1261166666666,5722.7661,953.79435,1015.2818166666666,5513.861333333333,918.9768888888889,2025-12-21 12:00:00,40,observed_anchor_linear_to_h1,2025-12-14 12:40:00,867.3731722222223,896.3049277777777,28.93175555555547,0.0,0.0,896.3049277777777,896.3049277777777,800.0,0.0,10.973161111111153,0.0,8520.0,9240.0,1,0.4113,356.750585735,17.849446589999946,0.0,374.600032325,rolling,34811.132479335974,57092.15569166667,1783.055563888889,235.0682583333342
2025-12-21,76,2025-12-21 12:40:00,2025-12-21 12:50:00,6512.763,1085.4605,5549.8704,924.9784,1036.7590166666666,5419.626666666667,903.2711111111112,2025-12-21 12:00:00,50,observed_anchor_linear_to_h1,2025-12-14 12:50:00,885.3595861111111,933.4879055555555,48.1283194444444,0.0,26.994194444444474,960.4821,960.4821,800.0,0.0,0.0,0.0,9240.0,9960.0,1,0.5682,503.06131682833336,41.01976666249997,76.69050641666675,620.7715899075,rolling,35431.90406924347,58052.63779166667,1810.0497583333336,235.0682583333342
2025-12-21,77,2025-12-21 12:50:00,2025-12-21 13:00:00,6836.44,1139.4066666666663,5390.4375,898.40625,1116.9,5325.392,887.5653333333333,2025-12-21 12:00:00,60,attachment3_10min_interpolation,2025-12-14 13:00:00,162.00978333333342,229.33466666666675,67.32488333333333,0.0,11.665749999999548,241.0004166666663,241.0004166666663,0.0,0.0,0.0,0.0,9960.0,9960.0,0,0.8279,134.12789962166673,83.60740636749999,48.29037212499813,266.02567811416486,rolling,35697.92974735764,58293.63820833334,1821.7155083333332,235.0682583333342
2025-12-21,78,2025-12-21 13:00:00,2025-12-21 13:10:00,6797.3346,1132.8891,5211.4597,868.5766166666667,1124.145166666667,5225.129833333333,870.8549722222223,2025-12-21 12:00:00,70,attachment3_10min_interpolation,2025-12-14 13:10:00,191.91111388888908,253.29019444444464,61.37908055555556,0.0,11.022288888888738,264.3124833333334,264.3124833333334,0.0,0.0,0.0,0.0,9960.0,9960.0,0,0.8636,165.73443795444462,79.51046095166669,47.59424342222158,292.83914232833285,rolling,35990.76888968597,58557.95069166667,1832.737797222222,235.0682583333342
2025-12-21,79,2025-12-21 13:10:00,2025-12-21 13:20:00,6554.3856,1092.3976,5202.0686,867.0114333333332,1105.8272166666668,5124.867666666667,854.1446111111112,2025-12-21 12:00:00,80,attachment3_10min_interpolation,2025-12-14 13:20:00,196.24932777777792,251.6826055555556,55.433277777777676,0.0,0.0,251.6826055555556,251.6826055555556,0.0,0.0,26.296438888888815,0.0,9960.0,9960.0,0,0.8416,165.1634342577779,69.97896986666653,0.0,235.14240412444445,rolling,36225.911293810415,58809.63329722223,1832.737797222222,261.364697222223
2025-12-21,80,2025-12-21 13:20:00,2025-12-21 13:30:00,6350.08,1058.3466666666666,5287.95,881.3249999999999,1098.9433333333334,5024.6055,837.4342499999999,2025-12-21 12:00:00,90,attachment3_10min_interpolation,2025-12-14 13:30:00,212.02160833333335,261.5090833333335,49.48747500000013,0.0,0.0,261.5090833333335,261.5090833333335,0.0,0.0,84.48741666666683,0.0,9960.0,9960.0,0,0.8618,182.72022206166668,63.97245893250017,0.0,246.69268099416684,rolling,36472.60397480458,59071.14238055556,1832.737797222222,345.85211388888985
2025-12-21,81,2025-12-21 13:30:00,2025-12-21 13:40:00,6333.408,1055.568,5178.3498,863.0583,1087.49465,4924.343333333333,820.7238888888888,2025-12-21 12:00:00,100,attachment3_10min_interpolation,2025-12-14 13:40:00,223.2290888888889,266.77076111111126,43.54167222222236,0.0,0.0,266.77076111111126,266.77076111111126,0.0,0.0,74.2610611111113,0.0,9960.0,9960.0,0,0.8623,192.49044334888887,56.318975935833514,0.0,248.8094192847224,rolling,36721.4133940893,59337.91314166667,1832.737797222222,420.11317500000115
2025-12-21,82,2025-12-21 13:40:00,2025-12-21 13:50:00,6515.4464,1085.9077333333332,4993.7017,832.2836166666666,1071.4292333333333,4824.081166666667,804.0135277777778,2025-12-21 12:00:00,110,attachment3_10min_interpolation,2025-12-14 13:50:00,229.81983611111116,267.4157055555555,37.59586944444436,0.0,0.0,267.4157055555555,267.4157055555555,0.0,0.0,13.791588888888896,0.0,9960.0,9960.0,0,0.9026,207.4353840738889,50.90104764083321,0.0,258.33643171472215,rolling,36979.74982580402,59605.32884722223,1832.737797222222,433.90476388889005
2025-12-21,83,2025-12-21 13:50:00,2025-12-21 14:00:00,6658.81,1109.8016666666667,4847.5125,807.9187499999999,1061.8733333333332,4723.819,787.3031666666667,2025-12-21 12:00:00,120,attachment3_10min_interpolation,2025-12-14 14:00:00,26.920099999999934,58.57016666666652,31.65006666666659,0.0,27.312750000000392,85.88291666666692,85.88291666666692,0.0,216.0,0.0,0.0,9960.0,9720.0,0,0.9754,26.257865539999937,46.30721253999989,133.20428175000194,205.76935983000175,rolling,37185.519185634024,59691.211763888896,1860.0505472222226,433.90476388889005
2025-12-21,84,2025-12-21 14:00:00,2025-12-21 14:10:00,6474.7834,1079.1305666666667,4705.4039,784.2339833333334,1072.4911833333333,4411.185750000001,735.1976250000001,2025-12-21 12:00:00,130,attachment3_10min_interpolation,2025-12-14 14:10:00,81.14708055555559,121.29355833333318,40.14647777777759,0.0,0.0,121.29355833333318,121.29355833333318,0.0,216.0,42.396974999999884,0.0,9720.0,9480.0,0,1.0002,81.1633099716667,60.23176060999972,0.0,141.39507058166643,rolling,37326.91425621569,59812.50532222223,1860.0505472222226,476.30173888888993
2025-12-21,85,2025-12-21 14:10:00,2025-12-21 14:20:00,6311.1097,1051.8516166666666,4404.8152,734.1358666666666,1099.6715000000002,4098.552500000001,683.0920833333334,2025-12-21 12:00:00,140,attachment3_10min_interpolation,2025-12-14 14:20:00,43.936527777778,92.5794166666667,48.642888888888706,0.0,0.0,92.5794166666667,92.5794166666667,0.0,324.0,98.86366666666675,0.0,9480.0,9120.0,0,0.9978,43.839867416666884,72.80381179999974,0.0,116.64367921666661,rolling,37443.557935432356,59905.084738888894,1860.0505472222226,575.1654055555566
2025-12-21,86,2025-12-21 14:20:00,2025-12-21 14:30:00,6293.57,1048.9283333333333,3988.3875,664.7312499999999,1108.9366666666667,3785.91925,630.9865416666667,2025-12-21 12:00:00,150,attachment3_10min_interpolation,2025-12-14 14:30:00,96.81082500000014,153.95012500000007,57.139299999999935,0.0,0.0,153.95012500000007,153.95012500000007,0.0,324.0,93.75304166666672,0.0,9120.0,8760.0,0,1.0271,99.43439835750013,88.03166254499989,0.0,187.46606090250003,rolling,37631.02399633486,60059.0348638889,1860.0505472222226,668.9184472222233
2025-12-21,87,2025-12-21 14:30:00,2025-12-21 14:40:00,6241.0875,1040.18125,3658.7815,609.7969166666667,1068.8516,3473.286,578.881,2025-12-21 12:00:00,160,attachment3_10min_interpolation,2025-12-14 14:40:00,0.0,57.97059999999999,57.97059999999999,0.0,0.0,57.97059999999999,57.97059999999999,0.0,432.0,59.586266666666575,0.0,8760.0,8280.0,0,1.0906,0.0,94.83410453999998,0.0,94.83410453999998,rolling,37725.85810087486,60117.0054638889,1860.0505472222226,728.5047138888899
2025-12-21,88,2025-12-21 14:40:00,2025-12-21 14:50:00,6267.633,1044.6055,3321.4365,553.5727499999999,1061.4604166666666,3160.65275,526.7754583333334,2025-12-21 12:00:00,170,attachment3_10min_interpolation,2025-12-14 14:50:00,28.552836111111105,0.0,0.0,28.552836111111105,0.0,0.0,0.0,0.0,540.0,48.967250000000035,0.0,8280.0,7680.0,0,0.9376,26.771139137777773,-13.385569568888886,0.0,13.385569568888886,rolling,37739.24367044375,60117.0054638889,1860.0505472222226,777.47196388889
2025-12-21,89,2025-12-21 14:50:00,2025-12-21 15:00:00,6308.83,1051.4716666666666,2957.5875,492.93125,1093.01,2848.0195,474.66991666666667,2025-12-21 12:00:00,180,attachment3_10min_interpolation,2025-12-14 15:00:00,1335.71155,1418.3400833333333,82.62853333333328,0.0,0.0,1418.3400833333333,1418.3400833333333,800.0,0.0,59.79966666666667,0.0,7680.0,8400.0,1,0.6694,894.12531157,82.96731031999994,0.0,977.0926218899999,rolling,38716.33629233375,61535.345547222234,1860.0505472222226,837.2716305555566
2025-12-21,90,2025-12-21 15:00:00,2025-12-21 15:10:00,6184.3165,1030.7194166666666,2665.595,444.2658333333333,1087.8379,2598.3510666666666,433.0585111111111,2025-12-21 12:00:00,190,attachment3_10min_interpolation,2025-12-14 15:10:00,1383.1154805555555,1454.779388888889,71.66390833333344,0.0,0.0,1454.779388888889,1454.779388888889,800.0,0.0,68.32580555555563,0.0,8400.0,9120.0,1,0.66,912.8562171666666,70.9472692500001,0.0,983.8034864166667,rolling,39700.13977875042,62990.124936111126,1860.0505472222226,905.5974361111123
2025-12-21,91,2025-12-21 15:10:00,2025-12-21 15:20:00,6249.441,1041.5735,2404.6045,400.7674166666666,1060.7003333333334,2348.6826333333333,391.44710555555554,2025-12-21 12:00:00,200,attachment3_10min_interpolation,2025-12-14 15:20:00,1408.5539444444446,1469.253227777778,60.69928333333337,0.0,0.0,1469.253227777778,1469.253227777778,800.0,0.0,28.447144444444575,0.0,9120.0,9840.0,1,0.7217,1016.5533817055557,65.71000917250004,0.0,1082.2633908780558,rolling,40782.40316962847,64459.378163888905,1860.0505472222226,934.0445805555569
2025-12-21,92,2025-12-21 15:20:00,2025-12-21 15:30:00,6412.99,1068.8316666666667,2166.8625,361.14375,1055.19,2099.0142,349.83570000000003,2025-12-21 12:00:00,210,attachment3_10min_interpolation,2025-12-14 15:30:00,1455.6196416666667,1505.3543,49.7346583333333,0.0,2.333616666666728,1507.6879166666668,1507.6879166666668,800.0,0.0,0.0,0.0,9840.0,10560.0,1,0.7308,1063.76683413,54.51913246499997,8.527035300000225,1126.8130018950003,rolling,41909.216171523476,65967.06608055557,1862.3841638888894,934.0445805555569
2025-12-21,93,2025-12-21 15:30:00,2025-12-21 15:40:00,6229.2355,1038.2059166666666,1977.0681,329.51135,1092.7591166666666,1849.3457666666663,308.2242944444444,2025-12-21 12:00:00,220,attachment3_10min_interpolation,2025-12-14 15:40:00,1012.4314555555557,1051.201488888889,38.77003333333323,0.0,0.0,1051.201488888889,1051.201488888889,266.6666666666667,0.0,75.84025555555559,0.0,10560.0,10800.0,1,0.7534,762.7658586155555,43.81401466999988,0.0,806.5798732855554,rolling,42715.79604480903,67018.26756944446,1862.3841638888894,1009.8848361111125
2025-12-21,94,2025-12-21 15:40:00,2025-12-21 15:50:00,6140.1248,1023.3541333333332,1719.0539,286.50898333333333,1090.3288,1599.6773333333333,266.6128888888889,2025-12-21 12:00:00,230,attachment3_10min_interpolation,2025-12-14 15:50:00,795.9105027777778,823.7159111111112,27.80540833333339,0.0,0.0,823.7159111111112,823.7159111111112,0.0,0.0,86.87076111111134,0.0,10800.0,10800.0,0,0.7823,622.6407863230555,32.62825640875006,0.0,655.2690427318056,rolling,43371.06508754084,67841.98348055557,1862.3841638888894,1096.7555972222237
2025-12-21,95,2025-12-21 15:50:00,2025-12-21 16:00:00,6190.42,1031.736666666667,1414.8375,235.80625,1037.98,1350.0089,225.00148333333334,2025-12-21 12:00:00,240,attachment3_10min_interpolation,2025-12-14 16:00:00,796.1377333333334,812.9785166666667,16.84078333333332,0.0,0.0,812.9785166666667,812.9785166666667,0.0,0.0,17.048099999999778,0.0,10800.0,10800.0,0,0.8055,641.2889442000001,20.347876462499986,0.0,661.6368206625001,rolling,44032.70190820334,68654.96199722224,1862.3841638888894,1113.8036972222235
2025-12-21,96,2025-12-21 16:00:00,2025-12-21 16:10:00,6007.344,1001.224,1199.0528,199.8421333333333,1008.14715,1125.0074166666666,187.5012361111111,2025-12-21 12:00:00,250,attachment3_10min_interpolation,2025-12-14 16:10:00,806.6119277777777,820.6459138888889,14.033986111111176,0.0,0.0,820.6459138888889,820.6459138888889,0.0,0.0,19.26404722222216,0.0,10800.0,10800.0,0,0.8271,667.1487254649999,17.41126486875008,0.0,684.55999033375,rolling,44717.26189853709,69475.60791111113,1862.3841638888894,1133.0677444444457
2025-12-21,97,2025-12-21 16:10:00,2025-12-21 16:20:00,6021.8302,1003.6383666666668,965.9713,160.99521666666666,1005.7553166666668,900.0059333333334,150.00098888888888,2025-12-21 12:00:00,260,attachment3_10min_interpolation,2025-12-14 16:20:00,844.527138888889,855.7543277777779,11.227188888888918,0.0,0.0,855.7543277777779,855.7543277777779,0.0,0.0,13.111177777777783,0.0,10800.0,10800.0,0,0.8519,719.4526696194446,14.346663321666703,0.0,733.7993329411113,rolling,45451.0612314782,70331.3622388889,1862.3841638888894,1146.1789222222235
2025-12-21,98,2025-12-21 16:20:00,2025-12-21 16:30:00,6231.28,1038.5466666666666,680.625,113.4375,1028.465,675.00445,112.50074166666667,2025-12-21 12:00:00,270,attachment3_10min_interpolation,2025-12-14 16:30:00,907.5438666666666,915.9642583333332,8.420391666666546,0.0,9.144908333333433,925.1091666666666,925.1091666666666,0.0,0.0,0.0,0.0,10800.0,10800.0,0,0.8791,797.8218131866666,11.10354947124984,40.19644457916711,849.1218072370835,rolling,46300.18303871528,71256.47140555557,1871.5290722222228,1146.1789222222235
2025-12-21,99,2025-12-21 16:30:00,2025-12-21 16:40:00,6177.7882,1029.6313666666667,419.0314,69.83856666666667,1068.1531333333337,450.0029666666666,75.00049444444444,2025-12-21 12:00:00,280,attachment3_10min_interpolation,2025-12-14 16:40:00,987.5390444444448,993.1526388888892,5.613594444444402,0.0,0.0,993.1526388888892,993.1526388888892,0.0,0.0,33.35983888888914,0.0,10800.0,10800.0,0,0.9024,891.155233706667,7.598561439999942,0.0,898.7537951466669,rolling,47198.936833861946,72249.62404444446,1871.5290722222228,1179.5387611111125
2025-12-21,100,2025-12-21 16:40:00,2025-12-21 16:50:00,6130.9976,1021.8329333333332,173.8125,28.96875,1055.5353833333334,225.00148333333328,37.500247222222214,2025-12-21 12:00:00,290,attachment3_10min_interpolation,2025-12-14 16:50:00,1015.2283388888889,1018.0351361111111,2.806797222222258,0.0,0.0,1018.0351361111111,1018.0351361111111,0.0,0.0,25.17095277777787,0.0,10800.0,10800.0,0,0.9163,930.2537269238888,3.8578024420833823,0.0,934.1115293659723,rolling,48133.04836322792,73267.65918055557,1871.5290722222228,1204.7097138888903
2025-12-21,101,2025-12-21 16:50:00,2025-12-21 17:00:00,6172.78,1028.7966666666666,0.0,0.0,1014.9216666666666,0.0,0.0,2025-12-21 12:00:00,300,attachment3_10min_interpolation,2025-12-14 17:00:00,1014.9216666666666,1014.9216666666666,0.0,0.0,13.875,1028.7966666666666,1028.7966666666666,0.0,0.0,0.0,0.0,10800.0,10800.0,0,0.9264,940.223432,0.0,64.26899999999999,1004.492432,rolling,49137.54079522792,74296.45584722223,1885.4040722222228,1204.7097138888903
2025-12-21,102,2025-12-21 17:00:00,2025-12-21 17:10:00,6112.1742,1018.6957,0.0,0.0,1037.7973,0.0,0.0,2025-12-21 12:00:00,310,attachment3_10min_interpolation,2025-12-14 17:10:00,1037.7973,1037.7973,0.0,0.0,0.0,1037.7973,1037.7973,0.0,0.0,0.0,19.101599999999962,10800.0,10800.0,0,0.9462,981.96380526,0.0,0.0,981.96380526,rolling,50119.50460048792,75334.25314722223,1885.4040722222228,1204.7097138888903
2025-12-21,103,2025-12-21 17:10:00,2025-12-21 17:20:00,6160.7027,1026.7837833333333,6.2009,1.0334833333333333,1052.7808333333337,0.0,0.0,2025-12-21 12:00:00,320,attachment3_10min_interpolation,2025-12-14 17:20:00,1052.7808333333337,1052.7808333333337,0.0,0.0,0.0,1052.7808333333337,1052.7808333333337,0.0,0.0,1.0334833333333333,25.9970500000004,10800.0,10800.0,0,0.9742,1025.6190878333337,0.0,0.0,1025.6190878333337,rolling,51145.123688321255,76387.03398055557,1885.4040722222228,1205.7431972222237
2025-12-21,104,2025-12-21 17:20:00,2025-12-21 17:30:00,6338.77,1056.4616666666668,0.0,0.0,1047.595,0.0,0.0,2025-12-21 12:00:00,330,attachment3_10min_interpolation,2025-12-14 17:30:00,1047.595,1047.595,0.0,0.0,8.866666666666788,1056.4616666666668,1056.4616666666668,0.0,0.0,0.0,0.0,10800.0,10800.0,0,0.9862,1033.138189,0.0,43.72153333333393,1076.859722333334,rolling,52221.98341065459,77443.49564722224,1894.2707388888896,1205.7431972222237
2025-12-21,105,2025-12-21 17:30:00,2025-12-21 17:40:00,6290.0948,1048.3491333333334,0.0,0.0,1057.7831833333332,0.0,0.0,2025-12-21 12:00:00,340,attachment3_10min_interpolation,2025-12-14 17:40:00,1057.7831833333332,1057.7831833333332,0.0,0.0,0.0,1057.7831833333332,1057.7831833333332,0.0,0.0,0.0,9.434049999999843,10800.0,10800.0,0,0.976,1032.3963869333331,0.0,0.0,1032.3963869333331,rolling,53254.37979758792,78501.27883055557,1894.2707388888896,1205.7431972222237
2025-12-21,106,2025-12-21 17:40:00,2025-12-21 17:50:00,5392.9058,898.8176333333334,0.4452,0.0742,919.2911666666668,0.0,0.0,2025-12-21 12:00:00,350,attachment3_10min_interpolation,2025-12-14 17:50:00,919.2911666666668,919.2911666666668,0.0,0.0,0.0,919.2911666666668,919.2911666666668,0.0,0.0,0.0742,20.473533333333307,10800.0,10800.0,0,1.0742,987.5025712333335,0.0,0.0,987.5025712333335,rolling,54241.88236882125,79420.56999722224,1894.2707388888896,1205.8173972222237
2025-12-21,107,2025-12-21 17:50:00,2025-12-21 18:00:00,4275.8,712.6333333333333,0.0,0.0,717.2216666666667,0.0,0.0,2025-12-21 12:00:00,360,attachment3_10min_interpolation,2025-12-14 18:00:00,717.2216666666667,717.2216666666667,0.0,0.0,0.0,717.2216666666667,717.2216666666667,0.0,0.0,0.0,4.588333333333367,10800.0,10800.0,0,1.2313,883.1150381666667,0.0,0.0,883.1150381666667,rolling,55124.99740698792,80137.7916638889,1894.2707388888896,1205.8173972222237
2025-12-21,108,2025-12-21 18:00:00,2025-12-21 18:10:00,4292.4867,715.4144500000001,0.0,0.0,720.8249333333333,0.0,0.0,2025-12-21 18:00:00,10,observed_anchor_linear_to_h1,2025-12-14 18:10:00,72.82493333333332,72.82493333333332,0.0,0.0,0.0,72.82493333333332,72.82493333333332,0.0,648.0,0.0,5.410483333333218,10800.0,10080.0,0,1.2561,91.47539875999998,0.0,0.0,91.47539875999998,rolling,55216.472805747915,80210.61659722224,1894.2707388888896,1205.8173972222237
2025-12-21,109,2025-12-21 18:10:00,2025-12-21 18:20:00,4489.6396,748.2732666666667,0.032,0.0053333333333333,744.6798166666667,0.0,0.0,2025-12-21 18:00:00,20,observed_anchor_linear_to_h1,2025-12-14 18:20:00,744.6798166666667,744.6798166666667,0.0,0.0,3.5881166666666284,748.2679333333334,748.2679333333334,0.0,0.0,0.0,0.0,10080.0,10080.0,0,1.2447,926.902967805,0.0,22.33064407499976,949.2336118799998,rolling,56165.70641762792,80958.88453055557,1897.8588555555561,1205.8173972222237
2025-12-21,110,2025-12-21 18:20:00,2025-12-21 18:30:00,4380.05,730.0083333333333,0.0,0.0,700.34,0.0,0.0,2025-12-21 18:00:00,30,observed_anchor_linear_to_h1,2025-12-14 18:30:00,592.34,592.34,0.0,0.0,29.668333333333294,622.0083333333333,622.0083333333333,0.0,108.0,0.0,0.0,10080.0,9960.0,0,1.2545,743.0905300000001,0.0,186.0946208333331,929.1851508333332,rolling,57094.89156846125,81580.8928638889,1927.5271888888894,1205.8173972222237
2025-12-21,111,2025-12-21 18:30:00,2025-12-21 18:40:00,4406.0663,734.3443833333334,0.0,0.0,687.4983000000001,0.0,0.0,2025-12-21 18:00:00,40,observed_anchor_linear_to_h1,2025-12-14 18:40:00,687.4983000000001,687.4983000000001,0.0,0.0,46.846083333333354,734.3443833333334,734.3443833333334,0.0,0.0,0.0,0.0,9960.0,9960.0,0,1.2522,860.88537126,0.0,293.3033277500001,1154.1886990100002,rolling,58249.080267471254,82315.23724722223,1974.3732722222228,1205.8173972222237
2025-12-21,112,2025-12-21 18:40:00,2025-12-21 18:50:00,4500.5016,750.0835999999999,0.0023,0.0003833333333333,702.9292666666666,0.0,0.0,2025-12-21 18:00:00,50,observed_anchor_linear_to_h1,2025-12-14 18:50:00,54.92926666666665,54.92926666666665,0.0,0.0,47.153949999999895,102.08321666666654,102.08321666666654,0.0,648.0,0.0,0.0,9960.0,9240.0,0,1.2881,70.75438839333331,0.0,303.6950149749993,374.44940336833264,rolling,58623.52967083958,82417.3204638889,2021.5272222222227,1205.8173972222237
2025-12-21,113,2025-12-21 18:50:00,2025-12-21 19:00:00,4490.76,748.46,0.0,0.0,721.9416666666666,0.0,0.0,2025-12-21 18:00:00,60,attachment3_10min_interpolation,2025-12-14 19:00:00,73.9416666666666,73.9416666666666,0.0,0.0,26.51833333333343,100.46000000000004,100.46000000000004,0.0,648.0,0.0,0.0,9240.0,8520.0,0,1.3466,99.56984833333325,0.0,178.547938333334,278.11778666666726,rolling,58901.64745750625,82517.7804638889,2048.0455555555563,1205.8173972222237
2025-12-21,114,2025-12-21 19:00:00,2025-12-21 19:10:00,4334.8994,722.4832333333334,0.0,0.0,732.0482999999999,0.0,0.0,2025-12-21 18:00:00,70,attachment3_10min_interpolation,2025-12-14 19:10:00,84.04829999999993,84.04829999999993,0.0,0.0,0.0,84.04829999999993,84.04829999999993,0.0,648.0,0.0,9.565066666666553,8520.0,7800.0,0,1.3523,113.6585160899999,0.0,0.0,113.6585160899999,rolling,59015.30597359625,82601.8287638889,2048.0455555555563,1205.8173972222237
2025-12-21,115,2025-12-21 19:10:00,2025-12-21 19:20:00,4356.9931,726.1655166666666,0.0,0.0,742.1127499999999,0.0,0.0,2025-12-21 18:00:00,80,attachment3_10min_interpolation,2025-12-14 19:20:00,94.11274999999989,94.11274999999989,0.0,0.0,0.0,94.11274999999989,94.11274999999989,0.0,648.0,0.0,15.947233333333315,7800.0,7080.0,0,1.3445,126.53459237499986,0.0,0.0,126.53459237499986,rolling,59141.84056597125,82695.9415138889,2048.0455555555563,1205.8173972222237
2025-12-21,116,2025-12-21 19:20:00,2025-12-21 19:30:00,4466.59,744.4316666666667,0.0,0.0,743.3583333333332,0.0,0.0,2025-12-21 18:00:00,90,attachment3_10min_interpolation,2025-12-14 19:30:00,95.35833333333323,95.35833333333323,0.0,0.0,1.073333333333494,96.43166666666673,96.43166666666673,0.0,648.0,0.0,0.0,7080.0,6360.0,0,1.3483,128.57164083333322,0.0,7.2358766666677505,135.80751750000098,rolling,59277.64808347125,82792.37318055557,2049.11888888889,1205.8173972222237
2025-12-21,117,2025-12-21 19:30:00,2025-12-21 19:40:00,4301.5722,716.9286999999999,0.0,0.0,719.89135,0.0,0.0,2025-12-21 18:00:00,100,attachment3_10min_interpolation,2025-12-14 19:40:00,71.89134999999999,71.89134999999999,0.0,0.0,0.0,71.89134999999999,71.89134999999999,0.0,648.0,0.0,2.9626500000000533,6360.0,5640.0,0,1.349,96.98143114999998,0.0,0.0,96.98143114999998,rolling,59374.62951462125,82864.26453055558,2049.11888888889,1205.8173972222237
2025-12-21,118,2025-12-21 19:40:00,2025-12-21 19:50:00,4398.717,733.1194999999999,0.0,0.0,716.79235,0.0,0.0,2025-12-21 18:00:00,110,attachment3_10min_interpolation,2025-12-14 19:50:00,68.79235000000006,68.79235000000006,0.0,0.0,16.327149999999847,85.1194999999999,85.1194999999999,0.0,648.0,0.0,0.0,5640.0,4920.0,0,1.3473,92.68393315500008,0.0,109.98784597499896,202.67177912999904,rolling,59577.30129375125,82949.38403055558,2065.44603888889,1205.8173972222237
2025-12-21,119,2025-12-21 19:50:00,2025-12-21 20:00:00,4681.61,780.2683333333333,0.0,0.0,745.0716666666667,0.0,0.0,2025-12-21 18:00:00,120,attachment3_10min_interpolation,2025-12-14 20:00:00,97.07166666666672,97.07166666666672,0.0,0.0,35.1966666666666,132.26833333333332,132.26833333333332,0.0,648.0,0.0,0.0,4920.0,4200.0,0,1.3482,130.87202100000007,0.0,237.26072999999957,368.13275099999964,rolling,59945.434044751244,83081.6523638889,2100.642705555557,1205.8173972222237
2025-12-21,120,2025-12-21 20:00:00,2025-12-21 20:10:00,4485.5154,747.5859,0.0,0.0,766.45415,0.0,0.0,2025-12-21 18:00:00,130,attachment3_10min_interpolation,2025-12-14 20:10:00,10.454150000000027,10.454150000000027,0.0,0.0,0.0,10.454150000000027,10.454150000000027,0.0,756.0,0.0,18.86824999999999,4200.0,3360.0,0,1.3513,14.126692895000035,0.0,0.0,14.126692895000035,rolling,59959.56073764624,83092.10651388891,2100.642705555557,1205.8173972222237
2025-12-21,121,2025-12-21 20:10:00,2025-12-21 20:20:00,4156.9026,692.8171000000001,0.0,0.0,746.2377333333334,0.0,0.0,2025-12-21 18:00:00,140,attachment3_10min_interpolation,2025-12-14 20:20:00,98.23773333333338,98.23773333333338,0.0,0.0,0.0,98.23773333333338,98.23773333333338,0.0,648.0,0.0,53.420633333333285,3360.0,2640.0,0,1.34,131.63856266666673,0.0,0.0,131.63856266666673,rolling,60091.19930031291,83190.34424722224,2100.642705555557,1205.8173972222237
2025-12-21,122,2025-12-21 20:20:00,2025-12-21 20:30:00,4090.51,681.7516666666667,0.0,0.0,706.9566666666666,0.0,0.0,2025-12-21 18:00:00,150,attachment3_10min_interpolation,2025-12-14 20:30:00,58.95666666666659,58.95666666666659,0.0,0.0,0.0,58.95666666666659,58.95666666666659,0.0,648.0,0.0,25.204999999999927,2640.0,1920.0,0,1.3489,79.52664766666656,0.0,0.0,79.52664766666656,rolling,60170.725947979576,83249.3009138889,2100.642705555557,1205.8173972222237
2025-12-21,123,2025-12-21 20:30:00,2025-12-21 20:40:00,4322.2266,720.3711,0.0,0.0,706.8162000000001,0.0,0.0,2025-12-21 18:00:00,160,attachment3_10min_interpolation,2025-12-14 20:40:00,58.816200000000094,58.816200000000094,0.0,0.0,13.554899999999861,72.37109999999996,72.37109999999996,0.0,648.0,0.0,0.0,1920.0,1200.0,0,1.3952,82.06036224000013,0.0,94.55898239999904,176.61934463999916,rolling,60347.345292619575,83321.6720138889,2114.197605555557,1205.8173972222237
2025-12-21,124,2025-12-21 20:40:00,2025-12-21 20:50:00,4336.801,722.8001666666668,0.0,0.0,724.2105166666666,0.0,0.0,2025-12-21 18:00:00,170,attachment3_10min_interpolation,2025-12-14 20:50:00,724.2105166666666,724.2105166666666,0.0,0.0,0.0,724.2105166666666,724.2105166666666,0.0,0.0,0.0,1.4103499999998803,1200.0,1200.0,0,1.2226,885.4197776766666,0.0,0.0,885.4197776766666,rolling,61232.76507029624,84045.88253055558,2114.197605555557,1205.8173972222237
2025-12-21,125,2025-12-21 20:50:00,2025-12-21 21:00:00,4144.46,690.7433333333333,0.0,0.0,732.85,0.0,0.0,2025-12-21 18:00:00,180,attachment3_10min_interpolation,2025-12-14 21:00:00,732.85,732.85,0.0,0.0,0.0,732.85,732.85,0.0,0.0,0.0,42.10666666666668,1200.0,1200.0,0,0.9332,683.89562,0.0,0.0,683.89562,rolling,61916.660690296245,84778.73253055559,2114.197605555557,1205.8173972222237
2025-12-21,126,2025-12-21 21:00:00,2025-12-21 21:10:00,4227.261,704.5435000000001,0.0,0.0,727.7661499999999,0.0,0.0,2025-12-21 18:00:00,190,attachment3_10min_interpolation,2025-12-14 21:10:00,727.7661499999999,727.7661499999999,0.0,0.0,0.0,727.7661499999999,727.7661499999999,0.0,0.0,0.0,23.222649999999817,1200.0,1200.0,0,0.9068,659.93834482,0.0,0.0,659.93834482,rolling,62576.59903511625,85506.49868055558,2114.197605555557,1205.8173972222237
2025-12-21,127,2025-12-21 21:10:00,2025-12-21 21:20:00,4326.9643,721.1607166666666,0.0,0.0,725.3740666666666,0.0,0.0,2025-12-21 18:00:00,200,attachment3_10min_interpolation,2025-12-14 21:20:00,725.3740666666666,725.3740666666666,0.0,0.0,0.0,725.3740666666666,725.3740666666666,0.0,0.0,0.0,4.213349999999991,1200.0,1200.0,0,0.9371,679.7480378733334,0.0,0.0,679.7480378733334,rolling,63256.34707298958,86231.87274722225,2114.197605555557,1205.8173972222237
2025-12-21,128,2025-12-21 21:20:00,2025-12-21 21:30:00,4357.83,726.305,0.0,0.0,738.7916666666666,0.0,0.0,2025-12-21 18:00:00,210,attachment3_10min_interpolation,2025-12-14 21:30:00,738.7916666666666,738.7916666666666,0.0,0.0,0.0,738.7916666666666,738.7916666666666,0.0,0.0,0.0,12.486666666666679,1200.0,1200.0,0,0.9371,692.3216708333333,0.0,0.0,692.3216708333333,rolling,63948.66874382291,86970.66441388892,2114.197605555557,1205.8173972222237
2025-12-21,129,2025-12-21 21:30:00,2025-12-21 21:40:00,4437.1142,739.5190333333334,0.0,0.0,753.2937499999999,0.0,0.0,2025-12-21 18:00:00,220,attachment3_10min_interpolation,2025-12-14 21:40:00,753.2937499999999,753.2937499999999,0.0,0.0,0.0,753.2937499999999,753.2937499999999,0.0,0.0,0.0,13.774716666666563,1200.0,1200.0,0,0.9871,743.5762606249999,0.0,0.0,743.5762606249999,rolling,64692.24500444791,87723.95816388892,2114.197605555557,1205.8173972222237
2025-12-21,130,2025-12-21 21:40:00,2025-12-21 21:50:00,4070.9954,678.4992333333333,0.0,0.0,683.0635166666666,0.0,0.0,2025-12-21 18:00:00,230,attachment3_10min_interpolation,2025-12-14 21:50:00,683.0635166666666,683.0635166666666,0.0,0.0,0.0,683.0635166666666,683.0635166666666,0.0,0.0,0.0,4.564283333333265,1200.0,1200.0,0,0.7764,530.3305143399999,0.0,0.0,530.3305143399999,rolling,65222.57551878791,88407.02168055558,2114.197605555557,1205.8173972222237
2025-12-21,131,2025-12-21 21:50:00,2025-12-21 22:00:00,3434.4,572.4,0.0,0.0,570.3616666666667,0.0,0.0,2025-12-21 18:00:00,240,attachment3_10min_interpolation,2025-12-14 22:00:00,570.3616666666667,570.3616666666667,0.0,0.0,2.0383333333332985,572.4,572.4,0.0,0.0,0.0,0.0,1200.0,1200.0,0,0.4209,240.0652255,0.0,4.289672499999926,244.35489799999993,rolling,65466.93041678791,88979.42168055558,2116.2359388888904,1205.8173972222237
2025-12-21,132,2025-12-21 22:00:00,2025-12-21 22:10:00,3270.5539,545.0923166666666,0.0,0.0,552.9186166666667,0.0,0.0,2025-12-21 18:00:00,250,attachment3_10min_interpolation,2025-12-14 22:10:00,552.9186166666667,552.9186166666667,0.0,0.0,0.0,552.9186166666667,552.9186166666667,0.0,0.0,0.0,7.82630000000006,1200.0,1200.0,0,0.3859,213.3712941716667,0.0,0.0,213.3712941716667,rolling,65680.30171095958,89532.34029722224,2116.2359388888904,1205.8173972222237
2025-12-21,133,2025-12-21 22:10:00,2025-12-21 22:20:00,3305.0168,550.8361333333334,0.0,0.0,569.8221833333333,0.0,0.0,2025-12-21 18:00:00,260,attachment3_10min_interpolation,2025-12-14 22:20:00,569.8221833333333,569.8221833333333,0.0,0.0,0.0,569.8221833333333,569.8221833333333,0.0,0.0,0.0,18.986049999999977,1200.0,1200.0,0,0.4368,248.89832968000002,0.0,0.0,248.89832968000002,rolling,65929.20004063958,90102.16248055558,2116.2359388888904,1205.8173972222237
2025-12-21,134,2025-12-21 22:20:00,2025-12-21 22:30:00,3255.6,542.6,0.0,0.0,565.9616666666667,0.0,0.0,2025-12-21 18:00:00,270,attachment3_10min_interpolation,2025-12-14 22:30:00,565.9616666666667,565.9616666666667,0.0,0.0,0.0,565.9616666666667,565.9616666666667,0.0,0.0,0.0,23.36166666666668,1200.0,1200.0,0,0.4198,237.59070766666667,0.0,0.0,237.59070766666667,rolling,66166.79074830624,90668.12414722225,2116.2359388888904,1205.8173972222237
2025-12-21,135,2025-12-21 22:30:00,2025-12-21 22:40:00,3155.514,525.919,0.0,0.0,548.3579,0.0,0.0,2025-12-21 18:00:00,280,attachment3_10min_interpolation,2025-12-14 22:40:00,548.3579,548.3579,0.0,0.0,0.0,548.3579,548.3579,0.0,0.0,0.0,22.43889999999999,1200.0,1200.0,0,0.4186,229.54261694000002,0.0,0.0,229.54261694000002,rolling,66396.33336524625,91216.48204722225,2116.2359388888904,1205.8173972222237
2025-12-21,136,2025-12-21 22:40:00,2025-12-21 22:50:00,3260.3635,543.3939166666667,0.0,0.0,543.2948333333333,0.0,0.0,2025-12-21 18:00:00,290,attachment3_10min_interpolation,2025-12-14 22:50:00,543.2948333333333,543.2948333333333,0.0,0.0,0.0990833333333967,543.3939166666667,543.3939166666667,0.0,0.0,0.0,0.0,1200.0,1200.0,0,0.4241,230.4113388166666,0.0,0.2101062083334677,230.62144502500007,rolling,66626.95481027124,91759.87596388892,2116.335022222224,1205.8173972222237
2025-12-21,137,2025-12-21 22:50:00,2025-12-21 23:00:00,3508.97,584.8283333333333,0.0,0.0,558.3249999999999,0.0,0.0,2025-12-21 18:00:00,300,attachment3_10min_interpolation,2025-12-14 23:00:00,558.3249999999999,558.3249999999999,0.0,0.0,26.50333333333333,584.8283333333333,584.8283333333333,0.0,0.0,0.0,0.0,1200.0,1200.0,0,0.4237,236.5623025,0.0,56.14731166666666,292.70961416666665,rolling,66919.66442443791,92344.70429722226,2142.8383555555574,1205.8173972222237
2025-12-21,138,2025-12-21 23:00:00,2025-12-21 23:10:00,3554.7154,592.4525666666667,0.0,0.0,578.14965,0.0,0.0,2025-12-21 18:00:00,310,attachment3_10min_interpolation,2025-12-14 23:10:00,578.14965,578.14965,0.0,0.0,14.30291666666676,592.4525666666667,592.4525666666667,0.0,0.0,0.0,0.0,1200.0,1200.0,0,0.4248,245.59797132,0.0,30.3793950000002,275.9773663200002,rolling,67195.64179075792,92937.15686388891,2157.141272222224,1205.8173972222237
2025-12-21,139,2025-12-21 23:10:00,2025-12-21 23:20:00,3395.6628,565.9438,0.0,0.0,587.9633333333334,0.0,0.0,2025-12-21 18:00:00,320,attachment3_10min_interpolation,2025-12-14 23:20:00,587.9633333333334,587.9633333333334,0.0,0.0,0.0,587.9633333333334,587.9633333333334,0.0,0.0,0.0,22.019533333333356,1200.0,1200.0,0,0.424,249.29645333333335,0.0,0.0,249.29645333333335,rolling,67444.93824409124,93525.12019722225,2157.141272222224,1205.8173972222237
2025-12-21,140,2025-12-21 23:20:00,2025-12-21 23:30:00,3305.59,550.9316666666667,0.0,0.0,578.2983333333333,0.0,0.0,2025-12-21 18:00:00,330,attachment3_10min_interpolation,2025-12-14 23:30:00,578.2983333333333,578.2983333333333,0.0,0.0,0.0,578.2983333333333,578.2983333333333,0.0,0.0,0.0,27.36666666666656,1200.0,1200.0,0,0.422,244.04189666666664,0.0,0.0,244.04189666666664,rolling,67688.9801407579,94103.41853055559,2157.141272222224,1205.8173972222237
2025-12-21,141,2025-12-21 23:30:00,2025-12-21 23:40:00,3539.7613,589.9602166666667,0.0,0.0,557.10235,0.0,0.0,2025-12-21 18:00:00,340,attachment3_10min_interpolation,2025-12-14 23:40:00,557.10235,557.10235,0.0,0.0,32.85786666666672,589.9602166666667,589.9602166666667,0.0,0.0,0.0,0.0,1200.0,1200.0,0,0.424,236.21139639999998,0.0,69.65867733333346,305.87007373333347,rolling,67994.85021449123,94693.37874722226,2189.9991388888907,1205.8173972222237
2025-12-21,142,2025-12-21 23:40:00,2025-12-21 23:50:00,3571.991,595.3318333333333,0.0,0.0,577.9149666666666,0.0,0.0,2025-12-21 18:00:00,350,attachment3_10min_interpolation,2025-12-14 23:50:00,577.9149666666666,577.9149666666666,0.0,0.0,17.416866666666692,595.3318333333333,595.3318333333333,0.0,0.0,0.0,0.0,1200.0,1200.0,0,0.4271,246.82748226333328,0.0,37.19371876666672,284.02120103,rolling,68278.87141552124,95288.71058055559,2207.4160055555576,1205.8173972222237
2025-12-21,143,2025-12-21 23:50:00,2025-12-22 00:00:00,3464.4,577.4,0.0,0.0,609.63,0.0,0.0,2025-12-21 18:00:00,360,attachment3_10min_interpolation,2025-12-15 00:00:00,609.63,609.63,0.0,0.0,0.0,609.63,609.63,0.0,0.0,0.0,32.23000000000002,1200.0,1200.0,0,0.4276,260.67778799999996,0.0,0.0,260.67778799999996,rolling,68539.54920352124,95898.3405805556,2207.4160055555576,1205.8173972222237
2025-12-21,0,2025-12-21 00:00:00,2025-12-21 00:10:00,3576.1063,596.0177166666666,0.0,0.0,596.0177166666666,0.0,0.0,,-1,oracle_actual_not_executable,,1396.0177166666667,1396.0177166666667,0.0,0.0,0.0,1396.0177166666667,1396.0177166666667,800.0,0.0,0.0,0.0,1200.0,1920.0,1,0.4248,593.02832604,0.0,0.0,593.02832604,oracle_actual,593.02832604,1396.0177166666667,0.0,0.0
2025-12-21,1,2025-12-21 00:10:00,2025-12-21 00:20:00,3537.871,589.6451666666667,0.0,0.0,589.6451666666667,0.0,0.0,,-1,oracle_actual_not_executable,,1389.6451666666667,1389.6451666666667,0.0,0.0,0.0,1389.6451666666667,1389.6451666666667,800.0,0.0,0.0,0.0,1920.0,2640.0,1,0.4245,589.9043732499999,0.0,0.0,589.9043732499999,oracle_actual,1182.93269929,2785.6628833333334,0.0,0.0
2025-12-21,2,2025-12-21 00:20:00,2025-12-21 00:30:00,3472.1,578.6833333333333,0.0,0.0,578.6833333333333,0.0,0.0,,-1,oracle_actual_not_executable,,1378.6833333333334,1378.6833333333334,0.0,0.0,0.0,1378.6833333333334,1378.6833333333334,800.0,0.0,0.0,0.0,2640.0,3360.0,1,0.4269,588.559915,0.0,0.0,588.559915,oracle_actual,1771.4926142900001,4164.346216666667,0.0,0.0
2025-12-21,3,2025-12-21 00:30:00,2025-12-21 00:40:00,3388.2602,564.7100333333334,0.0,0.0,564.7100333333334,0.0,0.0,,-1,oracle_actual_not_executable,,1364.7100333333333,1364.7100333333333,0.0,0.0,0.0,1364.7100333333333,1364.7100333333333,800.0,0.0,0.0,0.0,3360.0,4080.0,1,0.4272,583.00412624,0.0,0.0,583.00412624,oracle_actual,2354.4967405300004,5529.05625,0.0,0.0
2025-12-21,4,2025-12-21 00:40:00,2025-12-21 00:50:00,3299.4233,549.9038833333333,0.0,0.0,549.9038833333333,0.0,0.0,,-1,oracle_actual_not_executable,,1349.9038833333334,1349.9038833333334,0.0,0.0,0.0,1349.9038833333334,1349.9038833333334,800.0,0.0,0.0,0.0,4080.0,4800.0,1,0.4271,576.5439485716666,0.0,0.0,576.5439485716666,oracle_actual,2931.040689101667,6878.960133333333,0.0,0.0
2025-12-21,5,2025-12-21 00:50:00,2025-12-21 01:00:00,3349.26,558.21,0.0,0.0,558.21,0.0,0.0,,-1,oracle_actual_not_executable,,1358.21,1358.21,0.0,0.0,0.0,1358.21,1358.21,800.0,0.0,0.0,0.0,4800.0,5520.0,1,0.4285,581.992985,0.0,0.0,581.992985,oracle_actual,3513.0336741016667,8237.170133333333,0.0,0.0
2025-12-21,6,2025-12-21 01:00:00,2025-12-21 01:10:00,3662.0911,610.3485166666667,0.0,0.0,610.3485166666667,0.0,0.0,,-1,oracle_actual_not_executable,,1410.3485166666667,1410.3485166666667,0.0,0.0,0.0,1410.3485166666667,1410.3485166666667,800.0,0.0,0.0,0.0,5520.0,6240.0,1,0.4311,608.001245535,0.0,0.0,608.001245535,oracle_actual,4121.034919636667,9647.51865,0.0,0.0
2025-12-21,7,2025-12-21 01:10:00,2025-12-21 01:20:00,3799.4157,633.23595,0.0,0.0,633.23595,0.0,0.0,,-1,oracle_actual_not_executable,,1433.23595,1433.23595,0.0,0.0,0.0,1433.23595,1433.23595,800.0,0.0,0.0,0.0,6240.0,6960.0,1,0.4302,616.57810569,0.0,0.0,616.57810569,oracle_actual,4737.613025326667,11080.7546,0.0,0.0
2025-12-21,8,2025-12-21 01:20:00,2025-12-21 01:30:00,3736.18,622.6966666666666,0.0,0.0,622.6966666666666,0.0,0.0,,-1,oracle_actual_not_executable,,1422.6966666666667,1422.6966666666667,0.0,0.0,0.0,1422.6966666666667,1422.6966666666667,800.0,0.0,0.0,0.0,6960.0,7680.0,1,0.4279,608.7719036666667,0.0,0.0,608.7719036666667,oracle_actual,5346.384928993334,12503.451266666667,0.0,0.0
2025-12-21,9,2025-12-21 01:30:00,2025-12-21 01:40:00,3824.9356,637.4892666666666,0.0,0.0,637.4892666666666,0.0,0.0,,-1,oracle_actual_not_executable,,904.1559333333332,904.1559333333332,0.0,0.0,0.0,904.1559333333332,904.1559333333332,266.6666666666667,0.0,0.0,0.0,7680.0,7920.0,1,0.4312,389.8720384533333,0.0,0.0,389.8720384533333,oracle_actual,5736.256967446668,13407.6072,0.0,0.0
2025-12-21,10,2025-12-21 01:40:00,2025-12-21 01:50:00,3734.208,622.368,0.0,0.0,622.368,0.0,0.0,,-1,oracle_actual_not_executable,,622.368,622.368,0.0,0.0,0.0,622.368,622.368,0.0,0.0,0.0,0.0,7920.0,7920.0,0,0.4333,269.67205440000004,0.0,0.0,269.67205440000004,oracle_actual,6005.929021846668,14029.9752,0.0,0.0
2025-12-21,11,2025-12-21 01:50:00,2025-12-21 02:00:00,3587.15,597.8583333333333,0.0,0.0,597.8583333333333,0.0,0.0,,-1,oracle_actual_not_executable,,1397.8583333333333,1397.8583333333333,0.0,0.0,0.0,1397.8583333333333,1397.8583333333333,800.0,0.0,0.0,0.0,7920.0,8640.0,1,0.4311,602.6167275,0.0,0.0,602.6167275,oracle_actual,6608.545749346667,15427.833533333334,0.0,0.0
2025-12-21,12,2025-12-21 02:00:00,2025-12-21 02:10:00,3856.4774,642.7462333333334,0.0,0.0,642.7462333333334,0.0,0.0,,-1,oracle_actual_not_executable,,1442.7462333333333,1442.7462333333333,0.0,0.0,0.0,1442.7462333333333,1442.7462333333333,800.0,0.0,0.0,0.0,8640.0,9360.0,1,0.4293,619.37095797,0.0,0.0,619.37095797,oracle_actual,7227.916707316667,16870.57976666667,0.0,0.0
2025-12-21,13,2025-12-21 02:10:00,2025-12-21 02:20:00,3923.2147,653.8691166666666,0.0,0.0,653.8691166666666,0.0,0.0,,-1,oracle_actual_not_executable,,653.8691166666666,653.8691166666666,0.0,0.0,0.0,653.8691166666666,653.8691166666666,0.0,0.0,0.0,0.0,9360.0,9360.0,0,0.4324,282.7330060466667,0.0,0.0,282.7330060466667,oracle_actual,7510.649713363334,17524.448883333334,0.0,0.0
2025-12-21,14,2025-12-21 02:20:00,2025-12-21 02:30:00,3730.5,621.75,0.0,0.0,621.75,0.0,0.0,,-1,oracle_actual_not_executable,,621.75,621.75,0.0,0.0,0.0,621.75,621.75,0.0,0.0,0.0,0.0,9360.0,9360.0,0,0.4367,271.518225,0.0,0.0,271.518225,oracle_actual,7782.167938363334,18146.198883333334,0.0,0.0
2025-12-21,15,2025-12-21 02:30:00,2025-12-21 02:40:00,3819.86,636.6433333333333,0.0,0.0,636.6433333333333,0.0,0.0,,-1,oracle_actual_not_executable,,636.6433333333333,636.6433333333333,0.0,0.0,0.0,636.6433333333333,636.6433333333333,0.0,0.0,0.0,0.0,9360.0,9360.0,0,0.4348,276.81252133333334,0.0,0.0,276.81252133333334,oracle_actual,8058.980459696667,18782.842216666668,0.0,0.0
2025-12-21,16,2025-12-21 02:40:00,2025-12-21 02:50:00,3791.4644,631.9107333333333,0.0,0.0,631.9107333333333,0.0,0.0,,-1,oracle_actual_not_executable,,631.9107333333333,631.9107333333333,0.0,0.0,0.0,631.9107333333333,631.9107333333333,0.0,0.0,0.0,0.0,9360.0,9360.0,0,0.4335,273.93330289999994,0.0,0.0,273.93330289999994,oracle_actual,8332.913762596667,19414.752950000002,0.0,0.0
2025-12-21,17,2025-12-21 02:50:00,2025-12-21 03:00:00,3751.73,625.2883333333333,0.0,0.0,625.2883333333333,0.0,0.0,,-1,oracle_actual_not_executable,,625.2883333333333,625.2883333333333,0.0,0.0,0.0,625.2883333333333,625.2883333333333,0.0,0.0,0.0,0.0,9360.0,9360.0,0,0.4357,272.4381268333333,0.0,0.0,272.4381268333333,oracle_actual,8605.35188943,20040.041283333336,0.0,0.0
2025-12-21,18,2025-12-21 03:00:00,2025-12-21 03:10:00,4180.5461,696.7576833333333,0.0,0.0,696.7576833333333,0.0,0.0,,-1,oracle_actual_not_executable,,696.7576833333333,696.7576833333333,0.0,0.0,0.0,696.7576833333333,696.7576833333333,0.0,0.0,0.0,0.0,9360.0,9360.0,0,0.4374,304.76181069,0.0,0.0,304.76181069,oracle_actual,8910.11370012,20736.79896666667,0.0,0.0
2025-12-21,19,2025-12-21 03:10:00,2025-12-21 03:20:00,4115.3327,685.8887833333333,0.0,0.0,685.8887833333333,0.0,0.0,,-1,oracle_actual_not_executable,,685.8887833333333,685.8887833333333,0.0,0.0,0.0,685.8887833333333,685.8887833333333,0.0,0.0,0.0,0.0,9360.0,9360.0,0,0.4371,299.801987195,0.0,0.0,299.801987195,oracle_actual,9209.915687315,21422.68775,0.0,0.0
2025-12-21,20,2025-12-21 03:20:00,2025-12-21 03:30:00,3748.74,624.79,0.0,0.0,624.79,0.0,0.0,,-1,oracle_actual_not_executable,,624.79,624.79,0.0,0.0,0.0,624.79,624.79,0.0,0.0,0.0,0.0,9360.0,9360.0,0,0.4356,272.158524,0.0,0.0,272.158524,oracle_actual,9482.074211315,22047.477750000002,0.0,0.0
2025-12-21,21,2025-12-21 03:30:00,2025-12-21 03:40:00,4220.4858,703.4143,0.0,0.0,703.4143,0.0,0.0,,-1,oracle_actual_not_executable,,703.4143,703.4143,0.0,0.0,0.0,703.4143,703.4143,0.0,0.0,0.0,0.0,9360.0,9360.0,0,0.4353,306.19624479000004,0.0,0.0,306.19624479000004,oracle_actual,9788.270456105001,22750.892050000002,0.0,0.0
2025-12-21,22,2025-12-21 03:40:00,2025-12-21 03:50:00,4423.9257,737.3209499999999,0.0,0.0,737.3209499999999,0.0,0.0,,-1,oracle_actual_not_executable,,737.3209499999999,737.3209499999999,0.0,0.0,0.0,737.3209499999999,737.3209499999999,0.0,0.0,0.0,0.0,9360.0,9360.0,0,0.436,321.47193419999996,0.0,0.0,321.47193419999996,oracle_actual,10109.742390305002,23488.213000000003,0.0,0.0
2025-12-21,23,2025-12-21 03:50:00,2025-12-21 04:00:00,4079.15,679.8583333333333,0.0,0.0,679.8583333333333,0.0,0.0,,-1,oracle_actual_not_executable,,679.8583333333333,679.8583333333333,0.0,0.0,0.0,679.8583333333333,679.8583333333333,0.0,0.0,0.0,0.0,9360.0,9360.0,0,0.4378,297.6419783333333,0.0,0.0,297.6419783333333,oracle_actual,10407.384368638335,24168.071333333337,0.0,0.0
2025-12-21,24,2025-12-21 04:00:00,2025-12-21 04:10:00,4038.9424,673.1570666666667,0.0,0.0,673.1570666666667,0.0,0.0,,-1,oracle_actual_not_executable,,673.1570666666667,673.1570666666667,0.0,0.0,0.0,673.1570666666667,673.1570666666667,0.0,0.0,0.0,0.0,9360.0,9360.0,0,0.4401,296.25642504,0.0,0.0,296.25642504,oracle_actual,10703.640793678334,24841.228400000004,0.0,0.0
2025-12-21,25,2025-12-21 04:10:00,2025-12-21 04:20:00,4082.3954,680.3992333333333,0.0,0.0,680.3992333333333,0.0,0.0,,-1,oracle_actual_not_executable,,680.3992333333333,680.3992333333333,0.0,0.0,0.0,680.3992333333333,680.3992333333333,0.0,0.0,0.0,0.0,9360.0,9360.0,0,0.4389,298.62722351,0.0,0.0,298.62722351,oracle_actual,11002.268017188335,25521.627633333337,0.0,0.0
2025-12-21,26,2025-12-21 04:20:00,2025-12-21 04:30:00,4064.87,677.4783333333334,0.0,0.0,677.4783333333334,0.0,0.0,,-1,oracle_actual_not_executable,,677.4783333333334,677.4783333333334,0.0,0.0,0.0,677.4783333333334,677.4783333333334,0.0,0.0,0.0,0.0,9360.0,9360.0,0,0.4364,295.65154466666667,0.0,0.0,295.65154466666667,oracle_actual,11297.919561855002,26199.10596666667,0.0,0.0
2025-12-21,27,2025-12-21 04:30:00,2025-12-21 04:40:00,4121.8784,686.9797333333332,0.0,0.0,686.9797333333332,0.0,0.0,,-1,oracle_actual_not_executable,,686.9797333333332,686.9797333333332,0.0,0.0,0.0,686.9797333333332,686.9797333333332,0.0,0.0,0.0,0.0,9360.0,9360.0,0,0.4393,301.7901968533333,0.0,0.0,301.7901968533333,oracle_actual,11599.709758708335,26886.085700000003,0.0,0.0
2025-12-21,28,2025-12-21 04:40:00,2025-12-21 04:50:00,4083.6154,680.6025666666667,0.0,0.0,680.6025666666667,0.0,0.0,,-1,oracle_actual_not_executable,,680.6025666666667,680.6025666666667,0.0,0.0,0.0,680.6025666666667,680.6025666666667,0.0,0.0,0.0,0.0,9360.0,9360.0,0,0.4422,300.96245498,0.0,0.0,300.96245498,oracle_actual,11900.672213688335,27566.68826666667,0.0,0.0
2025-12-21,29,2025-12-21 04:50:00,2025-12-21 05:00:00,4032.31,672.0516666666666,0.0,0.0,672.0516666666666,0.0,0.0,,-1,oracle_actual_not_executable,,672.0516666666666,672.0516666666666,0.0,0.0,0.0,672.0516666666666,672.0516666666666,0.0,0.0,0.0,0.0,9360.0,9360.0,0,0.4395,295.36670749999996,0.0,0.0,295.36670749999996,oracle_actual,12196.038921188334,28238.739933333338,0.0,0.0
2025-12-21,30,2025-12-21 05:00:00,2025-12-21 05:10:00,4217.9422,702.9903666666668,0.0023,0.0003833333333333,702.9903666666668,0.0023,0.0003833333333333,,-1,oracle_actual_not_executable,,702.9899833333334,702.9899833333334,0.0,0.0,0.0,702.9899833333334,702.9899833333334,0.0,0.0,0.0,0.0,9360.0,9360.0,0,0.4333,304.6055597783334,0.0,0.0,304.6055597783334,oracle_actual,12500.644480966668,28941.72991666667,0.0,0.0
2025-12-21,31,2025-12-21 05:10:00,2025-12-21 05:20:00,4253.2484,708.8747333333334,0.0,0.0,708.8747333333334,0.0,0.0,,-1,oracle_actual_not_executable,,708.8747333333334,708.8747333333334,0.0,0.0,0.0,708.8747333333334,708.8747333333334,0.0,0.0,0.0,0.0,9360.0,9360.0,0,0.4439,314.66949412666673,0.0,0.0,314.66949412666673,oracle_actual,12815.313975093335,29650.604650000005,0.0,0.0
2025-12-21,32,2025-12-21 05:20:00,2025-12-21 05:30:00,4066.58,677.7633333333333,0.0,0.0,677.7633333333333,0.0,0.0,,-1,oracle_actual_not_executable,,1477.7633333333333,1477.7633333333333,0.0,0.0,0.0,1477.7633333333333,1477.7633333333333,800.0,0.0,0.0,0.0,9360.0,10080.0,1,0.4301,635.5860096666667,0.0,0.0,635.5860096666667,oracle_actual,13450.899984760003,31128.367983333337,0.0,0.0
2025-12-21,33,2025-12-21 05:30:00,2025-12-21 05:40:00,4077.7781,679.6296833333333,0.0316,0.0052666666666666,679.6296833333333,0.0316,0.0052666666666666,,-1,oracle_actual_not_executable,,1479.6244166666665,1479.6244166666665,0.0,0.0,0.0,1479.6244166666665,1479.6244166666665,800.0,0.0,0.0,0.0,10080.0,10800.0,1,0.3713,549.3845459083333,0.0,0.0,549.3845459083333,oracle_actual,14000.284530668336,32607.992400000003,0.0,0.0
2025-12-21,34,2025-12-21 05:40:00,2025-12-21 05:50:00,4717.7146,786.2857666666667,0.0,0.0,786.2857666666667,0.0,0.0,,-1,oracle_actual_not_executable,,786.2857666666667,786.2857666666667,0.0,0.0,0.0,786.2857666666667,786.2857666666667,0.0,0.0,0.0,0.0,10800.0,10800.0,0,0.5708,448.8119156133334,0.0,0.0,448.8119156133334,oracle_actual,14449.096446281668,33394.27816666667,0.0,0.0
2025-12-21,35,2025-12-21 05:50:00,2025-12-21 06:00:00,5490.65,915.1083333333332,0.0,0.0,915.1083333333332,0.0,0.0,,-1,oracle_actual_not_executable,,915.1083333333332,915.1083333333332,0.0,0.0,0.0,915.1083333333332,915.1083333333332,0.0,0.0,0.0,0.0,10800.0,10800.0,0,0.9099,832.6570724999999,0.0,0.0,832.6570724999999,oracle_actual,15281.753518781668,34309.3865,0.0,0.0
2025-12-21,36,2025-12-21 06:00:00,2025-12-21 06:10:00,5439.318,906.553,0.4406,0.0734333333333333,906.553,0.4406,0.0734333333333333,,-1,oracle_actual_not_executable,,258.47956666666664,258.47956666666664,0.0,0.0,0.0,258.47956666666664,258.47956666666664,0.0,648.0,0.0,0.0,10800.0,10080.0,0,0.9368,242.1436580533333,0.0,0.0,242.1436580533333,oracle_actual,15523.897176835002,34567.86606666667,0.0,0.0
2025-12-21,37,2025-12-21 06:10:00,2025-12-21 06:20:00,5407.8325,901.3054166666668,0.0,0.0,901.3054166666668,0.0,0.0,,-1,oracle_actual_not_executable,,901.3054166666668,901.3054166666668,0.0,0.0,0.0,901.3054166666668,901.3054166666668,0.0,0.0,0.0,0.0,10080.0,10080.0,0,0.8758,789.3632839166668,0.0,0.0,789.3632839166668,oracle_actual,16313.26046075167,35469.17148333334,0.0,0.0
2025-12-21,38,2025-12-21 06:20:00,2025-12-21 06:30:00,5587.05,931.175,0.0,0.0,931.175,0.0,0.0,,-1,oracle_actual_not_executable,,931.175,931.175,0.0,0.0,0.0,931.175,931.175,0.0,0.0,0.0,0.0,10080.0,10080.0,0,0.8759,815.6161824999999,0.0,0.0,815.6161824999999,oracle_actual,17128.87664325167,36400.34648333334,0.0,0.0
2025-12-21,39,2025-12-21 06:30:00,2025-12-21 06:40:00,5351.2866,891.8811000000001,6.1366,1.0227666666666666,891.8811000000001,6.1366,1.0227666666666666,,-1,oracle_actual_not_executable,,890.8583333333333,890.8583333333333,0.0,0.0,0.0,890.8583333333333,890.8583333333333,0.0,0.0,0.0,0.0,10080.0,10080.0,0,0.8601,766.2272525,0.0,0.0,766.2272525,oracle_actual,17895.103895751672,37291.20481666667,0.0,0.0
2025-12-21,40,2025-12-21 06:40:00,2025-12-21 06:50:00,5233.249,872.2081666666667,0.0,0.0,872.2081666666667,0.0,0.0,,-1,oracle_actual_not_executable,,872.2081666666667,872.2081666666667,0.0,0.0,0.0,872.2081666666667,872.2081666666667,0.0,0.0,0.0,0.0,10080.0,10080.0,0,0.8442,736.3181343,0.0,0.0,736.3181343,oracle_actual,18631.42203005167,38163.412983333335,0.0,0.0
2025-12-21,41,2025-12-21 06:50:00,2025-12-21 07:00:00,5374.2,895.6999999999999,0.0,0.0,895.6999999999999,0.0,0.0,,-1,oracle_actual_not_executable,,895.6999999999999,895.6999999999999,0.0,0.0,0.0,895.6999999999999,895.6999999999999,0.0,0.0,0.0,0.0,10080.0,10080.0,0,0.8334,746.47638,0.0,0.0,746.47638,oracle_actual,19377.89841005167,39059.11298333333,0.0,0.0
2025-12-21,42,2025-12-21 07:00:00,2025-12-21 07:10:00,5360.7841,893.4640166666667,172.6829,28.780483333333333,893.4640166666667,172.6829,28.780483333333333,,-1,oracle_actual_not_executable,,864.6835333333333,864.6835333333333,0.0,0.0,0.0,864.6835333333333,864.6835333333333,0.0,0.0,0.0,0.0,10080.0,10080.0,0,0.8092,699.7019151733334,0.0,0.0,699.7019151733334,oracle_actual,20077.600325225005,39923.79651666667,0.0,0.0
2025-12-21,43,2025-12-21 07:10:00,2025-12-21 07:20:00,5321.3096,886.8849333333333,420.0356,70.00593333333333,886.8849333333333,420.0356,70.00593333333333,,-1,oracle_actual_not_executable,,816.8789999999999,816.8789999999999,0.0,0.0,0.0,816.8789999999999,816.8789999999999,0.0,0.0,0.0,0.0,10080.0,10080.0,0,0.7972,651.2159387999999,0.0,0.0,651.2159387999999,oracle_actual,20728.816264025005,40740.67551666667,0.0,0.0
2025-12-21,44,2025-12-21 07:20:00,2025-12-21 07:30:00,5231.72,871.9533333333334,690.675,115.1125,871.9533333333334,690.675,115.1125,,-1,oracle_actual_not_executable,,756.8408333333334,756.8408333333334,0.0,0.0,0.0,756.8408333333334,756.8408333333334,0.0,0.0,0.0,0.0,10080.0,10080.0,0,0.7644,578.529133,0.0,0.0,578.529133,oracle_actual,21307.345397025005,41497.516350000005,0.0,0.0
2025-12-21,45,2025-12-21 07:30:00,2025-12-21 07:40:00,5065.8847,844.3141166666666,996.7377,166.12295,844.3141166666666,996.7377,166.12295,,-1,oracle_actual_not_executable,,1478.1911666666665,1478.1911666666665,0.0,0.0,0.0,1478.1911666666665,1478.1911666666665,800.0,0.0,0.0,0.0,10080.0,10800.0,1,0.6899,1019.8040858833332,0.0,0.0,1019.8040858833332,oracle_actual,22327.14948290834,42975.70751666667,0.0,0.0
2025-12-21,46,2025-12-21 07:40:00,2025-12-21 07:50:00,5889.1246,981.5207666666666,1276.7125,212.7854166666667,981.5207666666666,1276.7125,212.7854166666667,,-1,oracle_actual_not_executable,,768.7353499999999,768.7353499999999,0.0,0.0,0.0,768.7353499999999,768.7353499999999,0.0,0.0,0.0,0.0,10800.0,10800.0,0,0.86,661.112401,0.0,0.0,661.112401,oracle_actual,22988.261883908337,43744.44286666667,0.0,0.0
2025-12-21,47,2025-12-21 07:50:00,2025-12-21 08:00:00,7180.79,1196.7983333333334,1539.8625,256.64375,1196.7983333333334,1539.8625,256.64375,,-1,oracle_actual_not_executable,,184.15458333333345,184.15458333333345,0.0,0.0,0.0,184.15458333333345,184.15458333333345,0.0,756.0,0.0,0.0,10800.0,9960.0,0,1.1617,213.93237945833346,0.0,0.0,213.93237945833346,oracle_actual,23202.19426336667,43928.59745000001,0.0,0.0
2025-12-21,48,2025-12-21 08:00:00,2025-12-21 08:10:00,7254.351,1209.0585,1860.1541,310.02568333333335,1209.0585,1860.1541,310.02568333333335,,-1,oracle_actual_not_executable,,143.0328166666668,143.0328166666668,0.0,0.0,0.0,143.0328166666668,143.0328166666668,0.0,756.0,0.0,0.0,9960.0,9120.0,0,1.1683,167.10523971166683,0.0,0.0,167.10523971166683,oracle_actual,23369.299503078335,44071.630266666674,0.0,0.0
2025-12-21,49,2025-12-21 08:10:00,2025-12-21 08:20:00,7152.8955,1192.14925,2211.6206,368.6034333333334,1192.14925,2211.6206,368.6034333333334,,-1,oracle_actual_not_executable,,67.5458166666665,67.5458166666665,0.0,0.0,0.0,67.5458166666665,67.5458166666665,0.0,756.0,0.0,0.0,9120.0,8280.0,0,1.0956,74.00319673999981,0.0,0.0,74.00319673999981,oracle_actual,23443.302699818334,44139.17608333334,0.0,0.0
2025-12-21,50,2025-12-21 08:20:00,2025-12-21 08:30:00,7367.01,1227.835,2579.625,429.9375,1227.835,2579.625,429.9375,,-1,oracle_actual_not_executable,,41.897500000000036,41.897500000000036,0.0,0.0,0.0,41.897500000000036,41.897500000000036,0.0,756.0,0.0,0.0,8280.0,7440.0,0,1.0849,45.45459775000004,0.0,0.0,45.45459775000004,oracle_actual,23488.757297568332,44181.07358333334,0.0,0.0
2025-12-21,51,2025-12-21 08:30:00,2025-12-21 08:40:00,7333.1326,1222.1887666666669,2953.1787,492.19645,1222.1887666666669,2953.1787,492.19645,,-1,oracle_actual_not_executable,,81.99231666666685,81.99231666666685,0.0,0.0,0.0,81.99231666666685,81.99231666666685,0.0,648.0,0.0,0.0,7440.0,6720.0,0,1.061,86.99384798333352,0.0,0.0,86.99384798333352,oracle_actual,23575.751145551665,44263.06590000001,0.0,0.0
2025-12-21,52,2025-12-21 08:40:00,2025-12-21 08:50:00,7276.0603,1212.6767166666666,3195.6035,532.6005833333334,1212.6767166666666,3195.6035,532.6005833333334,,-1,oracle_actual_not_executable,,32.076133333333246,32.076133333333246,0.0,0.0,0.0,32.076133333333246,32.076133333333246,0.0,648.0,0.0,0.0,6720.0,6000.0,0,1.043,33.455407066666574,0.0,0.0,33.455407066666574,oracle_actual,23609.206552618332,44295.142033333344,0.0,0.0
2025-12-21,53,2025-12-21 08:50:00,2025-12-21 09:00:00,7255.65,1209.275,3341.5875,556.93125,1209.275,3341.5875,556.93125,,-1,oracle_actual_not_executable,,4.343750000000114,4.343750000000114,0.0,0.0,0.0,4.343750000000114,4.343750000000114,0.0,648.0,0.0,0.0,6000.0,5280.0,0,1.036,4.500125000000118,0.0,0.0,4.500125000000118,oracle_actual,23613.70667761833,44299.485783333344,0.0,0.0
2025-12-21,54,2025-12-21 09:00:00,2025-12-21 09:10:00,7076.8086,1179.4681,3572.7867,595.46445,1179.4681,3572.7867,595.46445,,-1,oracle_actual_not_executable,,44.00364999999999,44.00364999999999,0.0,0.0,0.0,44.00364999999999,44.00364999999999,0.0,540.0,0.0,0.0,5280.0,4680.0,0,1.0147,44.65050365499999,0.0,0.0,44.65050365499999,oracle_actual,23658.35718127333,44343.48943333334,0.0,0.0
2025-12-21,55,2025-12-21 09:10:00,2025-12-21 09:20:00,7014.1683,1169.02805,3848.0561,641.3426833333333,1169.02805,3848.0561,641.3426833333333,,-1,oracle_actual_not_executable,,95.6853666666666,95.6853666666666,0.0,0.0,0.0,95.6853666666666,95.6853666666666,0.0,432.0,0.0,0.0,4680.0,4200.0,0,0.9922,94.93902080666659,0.0,0.0,94.93902080666659,oracle_actual,23753.296202079997,44439.17480000001,0.0,0.0
2025-12-21,56,2025-12-21 09:20:00,2025-12-21 09:30:00,7150.59,1191.765,4116.6,686.1,1191.765,4116.6,686.1,,-1,oracle_actual_not_executable,,73.66500000000008,73.66500000000008,0.0,0.0,0.0,73.66500000000008,73.66500000000008,0.0,432.0,0.0,0.0,4200.0,3720.0,0,0.97,71.45505000000007,0.0,0.0,71.45505000000007,oracle_actual,23824.751252079997,44512.83980000001,0.0,0.0
2025-12-21,57,2025-12-21 09:30:00,2025-12-21 09:40:00,7259.4501,1209.90835,4370.6969,728.4494833333333,1209.90835,4370.6969,728.4494833333333,,-1,oracle_actual_not_executable,,157.4588666666666,157.4588666666666,0.0,0.0,0.0,157.4588666666666,157.4588666666666,0.0,324.0,0.0,0.0,3720.0,3360.0,0,0.9422,148.3577441733333,0.0,0.0,148.3577441733333,oracle_actual,23973.10899625333,44670.29866666668,0.0,0.0
2025-12-21,58,2025-12-21 09:40:00,2025-12-21 09:50:00,7142.682,1190.447,4583.0793,763.8465500000001,1190.447,4583.0793,763.8465500000001,,-1,oracle_actual_not_executable,,102.6004499999998,102.6004499999998,0.0,0.0,0.0,102.6004499999998,102.6004499999998,0.0,324.0,0.0,0.0,3360.0,3000.0,0,0.9569,98.1783706049998,0.0,0.0,98.1783706049998,oracle_actual,24071.28736685833,44772.899116666675,0.0,0.0
2025-12-21,59,2025-12-21 09:50:00,2025-12-21 10:00:00,6912.23,1152.0383333333332,4750.3875,791.7312499999999,1152.0383333333332,4750.3875,791.7312499999999,,-1,oracle_actual_not_executable,,36.30708333333325,36.30708333333325,0.0,0.0,0.0,36.30708333333325,36.30708333333325,0.0,324.0,0.0,0.0,3000.0,2640.0,0,0.9977,36.22357704166659,0.0,0.0,36.22357704166659,oracle_actual,24107.510943899997,44809.20620000001,0.0,0.0
2025-12-21,60,2025-12-21 10:00:00,2025-12-21 10:10:00,6873.3728,1145.5621333333331,4886.2111,814.3685166666668,1145.5621333333331,4886.2111,814.3685166666668,,-1,oracle_actual_not_executable,,7.193616666666344,7.193616666666344,0.0,0.0,0.0,7.193616666666344,7.193616666666344,0.0,324.0,0.0,0.0,2640.0,2280.0,0,0.9919,7.135348371666346,0.0,0.0,7.135348371666346,oracle_actual,24114.646292271664,44816.39981666667,0.0,0.0
2025-12-21,61,2025-12-21 10:10:00,2025-12-21 10:20:00,6913.1885,1152.1980833333334,4956.6279,826.1046500000001,1152.1980833333334,4956.6279,826.1046500000001,,-1,oracle_actual_not_executable,,2.093433333333337,2.093433333333337,0.0,0.0,0.0,2.093433333333337,2.093433333333337,0.0,324.0,0.0,0.0,2280.0,1920.0,0,0.9588,2.0071838800000035,0.0,0.0,2.0071838800000035,oracle_actual,24116.653476151663,44818.49325000001,0.0,0.0
2025-12-21,62,2025-12-21 10:20:00,2025-12-21 10:30:00,6951.47,1158.5783333333334,4960.7625,826.7937499999999,1158.5783333333334,4960.7625,826.7937499999999,,-1,oracle_actual_not_executable,,7.784583333333444,7.784583333333444,0.0,0.0,0.0,7.784583333333444,7.784583333333444,0.0,324.0,0.0,0.0,1920.0,1560.0,0,0.9549,7.433498625000105,0.0,0.0,7.433498625000105,oracle_actual,24124.086974776663,44826.27783333334,0.0,0.0
2025-12-21,63,2025-12-21 10:30:00,2025-12-21 10:40:00,7040.6919,1173.44865,4946.2149,824.36915,1173.44865,4946.2149,824.36915,,-1,oracle_actual_not_executable,,25.079500000000053,25.079500000000053,0.0,0.0,0.0,25.079500000000053,25.079500000000053,0.0,324.0,0.0,0.0,1560.0,1200.0,0,0.9839,24.675720050000052,0.0,0.0,24.675720050000052,oracle_actual,24148.762694826662,44851.35733333334,0.0,0.0
2025-12-21,64,2025-12-21 10:40:00,2025-12-21 10:50:00,7195.1724,1199.1954,4968.8079,828.13465,1199.1954,4968.8079,828.13465,,-1,oracle_actual_not_executable,,371.0607500000001,371.0607500000001,0.0,0.0,0.0,371.0607500000001,371.0607500000001,0.0,0.0,0.0,0.0,1200.0,1200.0,0,0.799,296.4775392500001,0.0,0.0,296.4775392500001,oracle_actual,24445.240234076664,45222.41808333334,0.0,0.0
2025-12-21,65,2025-12-21 10:50:00,2025-12-21 11:00:00,7266.62,1211.1033333333332,4979.2125,829.86875,1211.1033333333332,4979.2125,829.86875,,-1,oracle_actual_not_executable,,1181.2345833333334,1181.2345833333334,0.0,0.0,0.0,1181.2345833333334,1181.2345833333334,800.0,0.0,0.0,0.0,1200.0,1920.0,1,0.5025,593.5703781249999,0.0,0.0,593.5703781249999,oracle_actual,25038.810612201665,46403.65266666667,0.0,0.0
2025-12-21,66,2025-12-21 11:00:00,2025-12-21 11:10:00,7080.5804,1180.0967333333333,4907.9946,817.9991,1180.0967333333333,4907.9946,817.9991,,-1,oracle_actual_not_executable,,1162.0976333333333,1162.0976333333333,0.0,0.0,0.0,1162.0976333333333,1162.0976333333333,800.0,0.0,0.0,0.0,1920.0,2640.0,1,0.4662,541.76991666,0.0,0.0,541.76991666,oracle_actual,25580.580528861665,47565.7503,0.0,0.0
2025-12-21,67,2025-12-21 11:10:00,2025-12-21 11:20:00,6948.6094,1158.1015666666667,5015.1025,835.8504166666667,1158.1015666666667,5015.1025,835.8504166666667,,-1,oracle_actual_not_executable,,1122.25115,1122.25115,0.0,0.0,0.0,1122.25115,1122.25115,800.0,0.0,0.0,0.0,2640.0,3360.0,1,0.5007,561.911150805,0.0,0.0,561.911150805,oracle_actual,26142.491679666666,48688.001449999996,0.0,0.0
2025-12-21,68,2025-12-21 11:20:00,2025-12-21 11:30:00,6954.16,1159.0266666666666,5256.3375,876.05625,1159.0266666666666,5256.3375,876.05625,,-1,oracle_actual_not_executable,,1082.9704166666666,1082.9704166666666,0.0,0.0,0.0,1082.9704166666666,1082.9704166666666,800.0,0.0,0.0,0.0,3360.0,4080.0,1,0.4827,522.7498201249999,0.0,0.0,522.7498201249999,oracle_actual,26665.241499791664,49770.97186666666,0.0,0.0
2025-12-21,69,2025-12-21 11:30:00,2025-12-21 11:40:00,6860.0706,1143.3451,5348.0182,891.3363666666668,1143.3451,5348.0182,891.3363666666668,,-1,oracle_actual_not_executable,,1052.008733333333,1052.008733333333,0.0,0.0,0.0,1052.008733333333,1052.008733333333,800.0,0.0,0.0,0.0,4080.0,4800.0,1,0.4785,503.3861788999999,0.0,0.0,503.3861788999999,oracle_actual,27168.627678691664,50822.980599999995,0.0,0.0
2025-12-21,70,2025-12-21 11:40:00,2025-12-21 11:50:00,6565.9337,1094.3222833333332,5577.6892,929.6148666666668,1094.3222833333332,5577.6892,929.6148666666668,,-1,oracle_actual_not_executable,,964.7074166666664,964.7074166666664,0.0,0.0,0.0,964.7074166666664,964.7074166666664,800.0,0.0,0.0,0.0,4800.0,5520.0,1,0.4662,449.7465976499999,0.0,0.0,449.7465976499999,oracle_actual,27618.374276341663,51787.68801666666,0.0,0.0
2025-12-21,71,2025-12-21 11:50:00,2025-12-21 12:00:00,6330.9,1055.15,5890.8,981.8,1055.15,5890.8,981.8,,-1,oracle_actual_not_executable,,873.3500000000001,873.3500000000001,0.0,0.0,0.0,873.3500000000001,873.3500000000001,800.0,0.0,0.0,0.0,5520.0,6240.0,1,0.4432,387.06872000000004,0.0,0.0,387.06872000000004,oracle_actual,28005.442996341662,52661.03801666666,0.0,0.0
2025-12-21,72,2025-12-21 12:00:00,2025-12-21 12:10:00,6501.863,1083.6438333333333,5904.8948,984.1491333333332,1083.6438333333333,5904.8948,984.1491333333332,,-1,oracle_actual_not_executable,,899.4947000000001,899.4947000000001,0.0,0.0,0.0,899.4947000000001,899.4947000000001,800.0,0.0,0.0,0.0,6240.0,6960.0,1,0.4411,396.76711217,0.0,0.0,396.76711217,oracle_actual,28402.210108511663,53560.53271666666,0.0,0.0
2025-12-21,73,2025-12-21 12:10:00,2025-12-21 12:20:00,6520.3344,1086.7224,5868.1645,978.0274166666668,1086.7224,5868.1645,978.0274166666668,,-1,oracle_actual_not_executable,,908.6949833333333,908.6949833333333,0.0,0.0,0.0,908.6949833333333,908.6949833333333,800.0,0.0,0.0,0.0,6960.0,7680.0,1,0.4551,413.547086915,0.0,0.0,413.547086915,oracle_actual,28815.757195426664,54469.227699999996,0.0,0.0
2025-12-21,74,2025-12-21 12:20:00,2025-12-21 12:30:00,6273.31,1045.5516666666667,5864.7,977.45,1045.5516666666667,5864.7,977.45,,-1,oracle_actual_not_executable,,868.1016666666667,868.1016666666667,0.0,0.0,0.0,868.1016666666667,868.1016666666667,800.0,0.0,0.0,0.0,7680.0,8400.0,1,0.4463,387.4337738333333,0.0,0.0,387.4337738333333,oracle_actual,29203.19096926,55337.329366666665,0.0,0.0
2025-12-21,75,2025-12-21 12:30:00,2025-12-21 12:40:00,6234.7567,1039.1261166666666,5722.7661,953.79435,1039.1261166666666,5722.7661,953.79435,,-1,oracle_actual_not_executable,,885.3317666666666,885.3317666666666,0.0,0.0,0.0,885.3317666666666,885.3317666666666,800.0,0.0,0.0,0.0,8400.0,9120.0,1,0.4113,364.13695562999993,0.0,0.0,364.13695562999993,oracle_actual,29567.32792489,56222.661133333335,0.0,0.0
2025-12-21,76,2025-12-21 12:40:00,2025-12-21 12:50:00,6512.763,1085.4605,5549.8704,924.9784,1085.4605,5549.8704,924.9784,,-1,oracle_actual_not_executable,,960.4821,960.4821,0.0,0.0,0.0,960.4821,960.4821,800.0,0.0,0.0,0.0,9120.0,9840.0,1,0.5682,545.74592922,0.0,0.0,545.74592922,oracle_actual,30113.07385411,57183.143233333336,0.0,0.0
2025-12-21,77,2025-12-21 12:50:00,2025-12-21 13:00:00,6836.44,1139.4066666666663,5390.4375,898.40625,1139.4066666666663,5390.4375,898.40625,,-1,oracle_actual_not_executable,,241.0004166666663,241.0004166666663,0.0,0.0,0.0,241.0004166666663,241.0004166666663,0.0,0.0,0.0,0.0,9840.0,9840.0,0,0.8279,199.524244958333,0.0,0.0,199.524244958333,oracle_actual,30312.598099068335,57424.143650000005,0.0,0.0
2025-12-21,78,2025-12-21 13:00:00,2025-12-21 13:10:00,6797.3346,1132.8891,5211.4597,868.5766166666667,1132.8891,5211.4597,868.5766166666667,,-1,oracle_actual_not_executable,,264.3124833333334,264.3124833333334,0.0,0.0,0.0,264.3124833333334,264.3124833333334,0.0,0.0,0.0,0.0,9840.0,9840.0,0,0.8636,228.26026060666672,0.0,0.0,228.26026060666672,oracle_actual,30540.858359675003,57688.45613333334,0.0,0.0
2025-12-21,79,2025-12-21 13:10:00,2025-12-21 13:20:00,6554.3856,1092.3976,5202.0686,867.0114333333332,1092.3976,5202.0686,867.0114333333332,,-1,oracle_actual_not_executable,,225.38616666666678,225.38616666666678,0.0,0.0,0.0,225.38616666666678,225.38616666666678,0.0,0.0,0.0,0.0,9840.0,9840.0,0,0.8416,189.68499786666678,0.0,0.0,189.68499786666678,oracle_actual,30730.54335754167,57913.842300000004,0.0,0.0
2025-12-21,80,2025-12-21 13:20:00,2025-12-21 13:30:00,6350.08,1058.3466666666666,5287.95,881.3249999999999,1058.3466666666666,5287.95,881.3249999999999,,-1,oracle_actual_not_executable,,177.02166666666665,177.02166666666665,0.0,0.0,0.0,177.02166666666665,177.02166666666665,0.0,0.0,0.0,0.0,9840.0,9840.0,0,0.8618,152.55727233333332,0.0,0.0,152.55727233333332,oracle_actual,30883.100629875,58090.86396666667,0.0,0.0
2025-12-21,81,2025-12-21 13:30:00,2025-12-21 13:40:00,6333.408,1055.568,5178.3498,863.0583,1055.568,5178.3498,863.0583,,-1,oracle_actual_not_executable,,192.50969999999995,192.50969999999995,0.0,0.0,0.0,192.50969999999995,192.50969999999995,0.0,0.0,0.0,0.0,9840.0,9840.0,0,0.8623,166.00111430999996,0.0,0.0,166.00111430999996,oracle_actual,31049.101744184998,58283.373666666674,0.0,0.0
2025-12-21,82,2025-12-21 13:40:00,2025-12-21 13:50:00,6515.4464,1085.9077333333332,4993.7017,832.2836166666666,1085.9077333333332,4993.7017,832.2836166666666,,-1,oracle_actual_not_executable,,253.62411666666662,253.62411666666662,0.0,0.0,0.0,253.62411666666662,253.62411666666662,0.0,0.0,0.0,0.0,9840.0,9840.0,0,0.9026,228.92112770333327,0.0,0.0,228.92112770333327,oracle_actual,31278.02287188833,58536.99778333334,0.0,0.0
2025-12-21,83,2025-12-21 13:50:00,2025-12-21 14:00:00,6658.81,1109.8016666666667,4847.5125,807.9187499999999,1109.8016666666667,4847.5125,807.9187499999999,,-1,oracle_actual_not_executable,,85.8829166666668,85.8829166666668,0.0,0.0,0.0,85.8829166666668,85.8829166666668,0.0,216.0,0.0,0.0,9840.0,9600.0,0,0.9754,83.7701969166668,0.0,0.0,83.7701969166668,oracle_actual,31361.793068804996,58622.88070000001,0.0,0.0
2025-12-21,84,2025-12-21 14:00:00,2025-12-21 14:10:00,6474.7834,1079.1305666666667,4705.4039,784.2339833333334,1079.1305666666667,4705.4039,784.2339833333334,,-1,oracle_actual_not_executable,,78.8965833333333,78.8965833333333,0.0,0.0,0.0,78.8965833333333,78.8965833333333,0.0,216.0,0.0,0.0,9600.0,9360.0,0,1.0002,78.91236264999996,0.0,0.0,78.91236264999996,oracle_actual,31440.705431454997,58701.777283333344,0.0,0.0
2025-12-21,85,2025-12-21 14:10:00,2025-12-21 14:20:00,6311.1097,1051.8516166666666,4404.8152,734.1358666666666,1051.8516166666666,4404.8152,734.1358666666666,,-1,oracle_actual_not_executable,,0.0,0.0,0.0,0.0,0.0,0.0,0.0,0.0,324.0,6.284250000000043,0.0,9360.0,9000.0,0,0.9978,0.0,0.0,0.0,0.0,oracle_actual,31440.705431454997,58701.777283333344,0.0,6.284250000000043
2025-12-21,86,2025-12-21 14:20:00,2025-12-21 14:30:00,6293.57,1048.9283333333333,3988.3875,664.7312499999999,1048.9283333333333,3988.3875,664.7312499999999,,-1,oracle_actual_not_executable,,60.19708333333335,60.19708333333335,0.0,0.0,0.0,60.19708333333335,60.19708333333335,0.0,324.0,0.0,0.0,9000.0,8640.0,0,1.0271,61.82842429166668,0.0,0.0,61.82842429166668,oracle_actual,31502.533855746664,58761.974366666676,0.0,6.284250000000043
2025-12-21,87,2025-12-21 14:30:00,2025-12-21 14:40:00,6241.0875,1040.18125,3658.7815,609.7969166666667,1040.18125,3658.7815,609.7969166666667,,-1,oracle_actual_not_executable,,0.0,0.0,0.0,0.0,0.0,0.0,0.0,0.0,432.0,1.6156666666665842,0.0,8640.0,8160.0,0,1.0906,0.0,0.0,0.0,0.0,oracle_actual,31502.533855746664,58761.974366666676,0.0,7.899916666666627
2025-12-21,88,2025-12-21 14:40:00,2025-12-21 14:50:00,6267.633,1044.6055,3321.4365,553.5727499999999,1044.6055,3321.4365,553.5727499999999,,-1,oracle_actual_not_executable,,59.032749999999965,59.032749999999965,0.0,0.0,0.0,59.032749999999965,59.032749999999965,0.0,432.0,0.0,0.0,8160.0,7680.0,0,0.9376,55.34910639999997,0.0,0.0,55.34910639999997,oracle_actual,31557.882962146665,58821.007116666675,0.0,7.899916666666627
2025-12-21,89,2025-12-21 14:50:00,2025-12-21 15:00:00,6308.83,1051.4716666666666,2957.5875,492.93125,1051.4716666666666,2957.5875,492.93125,,-1,oracle_actual_not_executable,,1358.5404166666667,1358.5404166666667,0.0,0.0,0.0,1358.5404166666667,1358.5404166666667,800.0,0.0,0.0,0.0,7680.0,8400.0,1,0.6694,909.4069549166667,0.0,0.0,909.4069549166667,oracle_actual,32467.28991706333,60179.547533333345,0.0,7.899916666666627
2025-12-21,90,2025-12-21 15:00:00,2025-12-21 15:10:00,6184.3165,1030.7194166666666,2665.595,444.2658333333333,1030.7194166666666,2665.595,444.2658333333333,,-1,oracle_actual_not_executable,,1386.4535833333332,1386.4535833333332,0.0,0.0,0.0,1386.4535833333332,1386.4535833333332,800.0,0.0,0.0,0.0,8400.0,9120.0,1,0.66,915.059365,0.0,0.0,915.059365,oracle_actual,33382.34928206333,61566.00111666668,0.0,7.899916666666627
2025-12-21,91,2025-12-21 15:10:00,2025-12-21 15:20:00,6249.441,1041.5735,2404.6045,400.7674166666666,1041.5735,2404.6045,400.7674166666666,,-1,oracle_actual_not_executable,,1440.8060833333334,1440.8060833333334,0.0,0.0,0.0,1440.8060833333334,1440.8060833333334,800.0,0.0,0.0,0.0,9120.0,9840.0,1,0.7217,1039.8297503416668,0.0,0.0,1039.8297503416668,oracle_actual,34422.179032405,63006.80720000002,0.0,7.899916666666627
2025-12-21,92,2025-12-21 15:20:00,2025-12-21 15:30:00,6412.99,1068.8316666666667,2166.8625,361.14375,1068.8316666666667,2166.8625,361.14375,,-1,oracle_actual_not_executable,,1507.6879166666668,1507.6879166666668,0.0,0.0,0.0,1507.6879166666668,1507.6879166666668,800.0,0.0,0.0,0.0,9840.0,10560.0,1,0.7308,1101.8183295000001,0.0,0.0,1101.8183295000001,oracle_actual,35523.997361905,64514.49511666669,0.0,7.899916666666627
2025-12-21,93,2025-12-21 15:30:00,2025-12-21 15:40:00,6229.2355,1038.2059166666666,1977.0681,329.51135,1038.2059166666666,1977.0681,329.51135,,-1,oracle_actual_not_executable,,975.3612333333333,975.3612333333333,0.0,0.0,0.0,975.3612333333333,975.3612333333333,266.6666666666667,0.0,0.0,0.0,10560.0,10800.0,1,0.7534,734.8371531933333,0.0,0.0,734.8371531933333,oracle_actual,36258.83451509833,65489.856350000024,0.0,7.899916666666627
2025-12-21,94,2025-12-21 15:40:00,2025-12-21 15:50:00,6140.1248,1023.3541333333332,1719.0539,286.50898333333333,1023.3541333333332,1719.0539,286.50898333333333,,-1,oracle_actual_not_executable,,736.8451499999999,736.8451499999999,0.0,0.0,0.0,736.8451499999999,736.8451499999999,0.0,0.0,0.0,0.0,10800.0,10800.0,0,0.7823,576.4339608449999,0.0,0.0,576.4339608449999,oracle_actual,36835.26847594333,66226.70150000002,0.0,7.899916666666627
2025-12-21,95,2025-12-21 15:50:00,2025-12-21 16:00:00,6190.42,1031.736666666667,1414.8375,235.80625,1031.736666666667,1414.8375,235.80625,,-1,oracle_actual_not_executable,,795.9304166666669,795.9304166666669,0.0,0.0,0.0,795.9304166666669,795.9304166666669,0.0,0.0,0.0,0.0,10800.0,10800.0,0,0.8055,641.1219506250002,0.0,0.0,641.1219506250002,oracle_actual,37476.39042656833,67022.6319166667,0.0,7.899916666666627
2025-12-21,96,2025-12-21 16:00:00,2025-12-21 16:10:00,6007.344,1001.224,1199.0528,199.8421333333333,1001.224,1199.0528,199.8421333333333,,-1,oracle_actual_not_executable,,801.3818666666667,801.3818666666667,0.0,0.0,0.0,801.3818666666667,801.3818666666667,0.0,0.0,0.0,0.0,10800.0,10800.0,0,0.8271,662.82294192,0.0,0.0,662.82294192,oracle_actual,38139.21336848833,67824.01378333336,0.0,7.899916666666627
2025-12-21,97,2025-12-21 16:10:00,2025-12-21 16:20:00,6021.8302,1003.6383666666668,965.9713,160.99521666666666,1003.6383666666668,965.9713,160.99521666666666,,-1,oracle_actual_not_executable,,842.6431500000001,842.6431500000001,0.0,0.0,0.0,842.6431500000001,842.6431500000001,0.0,0.0,0.0,0.0,10800.0,10800.0,0,0.8519,717.8476994850001,0.0,0.0,717.8476994850001,oracle_actual,38857.06106797333,68666.65693333336,0.0,7.899916666666627
2025-12-21,98,2025-12-21 16:20:00,2025-12-21 16:30:00,6231.28,1038.5466666666666,680.625,113.4375,1038.5466666666666,680.625,113.4375,,-1,oracle_actual_not_executable,,925.1091666666666,925.1091666666666,0.0,0.0,0.0,925.1091666666666,925.1091666666666,0.0,0.0,0.0,0.0,10800.0,10800.0,0,0.8791,813.2634684166666,0.0,0.0,813.2634684166666,oracle_actual,39670.32453639,69591.76610000002,0.0,7.899916666666627
2025-12-21,99,2025-12-21 16:30:00,2025-12-21 16:40:00,6177.7882,1029.6313666666667,419.0314,69.83856666666667,1029.6313666666667,419.0314,69.83856666666667,,-1,oracle_actual_not_executable,,959.7928,959.7928,0.0,0.0,0.0,959.7928,959.7928,0.0,0.0,0.0,0.0,10800.0,10800.0,0,0.9024,866.11702272,0.0,0.0,866.11702272,oracle_actual,40536.44155911,70551.55890000002,0.0,7.899916666666627
2025-12-21,100,2025-12-21 16:40:00,2025-12-21 16:50:00,6130.9976,1021.8329333333332,173.8125,28.96875,1021.8329333333332,173.8125,28.96875,,-1,oracle_actual_not_executable,,992.8641833333332,992.8641833333332,0.0,0.0,0.0,992.8641833333332,992.8641833333332,0.0,0.0,0.0,0.0,10800.0,10800.0,0,0.9163,909.7614511883332,0.0,0.0,909.7614511883332,oracle_actual,41446.20301029833,71544.42308333336,0.0,7.899916666666627
2025-12-21,101,2025-12-21 16:50:00,2025-12-21 17:00:00,6172.78,1028.7966666666666,0.0,0.0,1028.7966666666666,0.0,0.0,,-1,oracle_actual_not_executable,,1028.7966666666666,1028.7966666666666,0.0,0.0,0.0,1028.7966666666666,1028.7966666666666,0.0,0.0,0.0,0.0,10800.0,10800.0,0,0.9264,953.077232,0.0,0.0,953.077232,oracle_actual,42399.28024229834,72573.21975000002,0.0,7.899916666666627
2025-12-21,102,2025-12-21 17:00:00,2025-12-21 17:10:00,6112.1742,1018.6957,0.0,0.0,1018.6957,0.0,0.0,,-1,oracle_actual_not_executable,,1018.6957,1018.6957,0.0,0.0,0.0,1018.6957,1018.6957,0.0,0.0,0.0,0.0,10800.0,10800.0,0,0.9462,963.88987134,0.0,0.0,963.88987134,oracle_actual,43363.170113638334,73591.91545000001,0.0,7.899916666666627
2025-12-21,103,2025-12-21 17:10:00,2025-12-21 17:20:00,6160.7027,1026.7837833333333,6.2009,1.0334833333333333,1026.7837833333333,6.2009,1.0334833333333333,,-1,oracle_actual_not_executable,,1025.7503,1025.7503,0.0,0.0,0.0,1025.7503,1025.7503,0.0,0.0,0.0,0.0,10800.0,10800.0,0,0.9742,999.2859422599998,0.0,0.0,999.2859422599998,oracle_actual,44362.456055898336,74617.66575000001,0.0,7.899916666666627
2025-12-21,104,2025-12-21 17:20:00,2025-12-21 17:30:00,6338.77,1056.4616666666668,0.0,0.0,1056.4616666666668,0.0,0.0,,-1,oracle_actual_not_executable,,1056.4616666666668,1056.4616666666668,0.0,0.0,0.0,1056.4616666666668,1056.4616666666668,0.0,0.0,0.0,0.0,10800.0,10800.0,0,0.9862,1041.8824956666667,0.0,0.0,1041.8824956666667,oracle_actual,45404.338551565,75674.12741666668,0.0,7.899916666666627
2025-12-21,105,2025-12-21 17:30:00,2025-12-21 17:40:00,6290.0948,1048.3491333333334,0.0,0.0,1048.3491333333334,0.0,0.0,,-1,oracle_actual_not_executable,,1048.3491333333334,1048.3491333333334,0.0,0.0,0.0,1048.3491333333334,1048.3491333333334,0.0,0.0,0.0,0.0,10800.0,10800.0,0,0.976,1023.1887541333333,0.0,0.0,1023.1887541333333,oracle_actual,46427.527305698335,76722.47655000002,0.0,7.899916666666627
2025-12-21,106,2025-12-21 17:40:00,2025-12-21 17:50:00,5392.9058,898.8176333333334,0.4452,0.0742,898.8176333333334,0.4452,0.0742,,-1,oracle_actual_not_executable,,898.7434333333334,898.7434333333334,0.0,0.0,0.0,898.7434333333334,898.7434333333334,0.0,0.0,0.0,0.0,10800.0,10800.0,0,1.0742,965.4301960866668,0.0,0.0,965.4301960866668,oracle_actual,47392.957501785,77621.21998333336,0.0,7.899916666666627
2025-12-21,107,2025-12-21 17:50:00,2025-12-21 18:00:00,4275.8,712.6333333333333,0.0,0.0,712.6333333333333,0.0,0.0,,-1,oracle_actual_not_executable,,712.6333333333333,712.6333333333333,0.0,0.0,0.0,712.6333333333333,712.6333333333333,0.0,0.0,0.0,0.0,10800.0,10800.0,0,1.2313,877.4654233333333,0.0,0.0,877.4654233333333,oracle_actual,48270.422925118335,78333.85331666669,0.0,7.899916666666627
2025-12-21,108,2025-12-21 18:00:00,2025-12-21 18:10:00,4292.4867,715.4144500000001,0.0,0.0,715.4144500000001,0.0,0.0,,-1,oracle_actual_not_executable,,67.4144500000001,67.4144500000001,0.0,0.0,0.0,67.4144500000001,67.4144500000001,0.0,648.0,0.0,0.0,10800.0,10080.0,0,1.2561,84.67929064500012,0.0,0.0,84.67929064500012,oracle_actual,48355.102215763334,78401.26776666669,0.0,7.899916666666627
2025-12-21,109,2025-12-21 18:10:00,2025-12-21 18:20:00,4489.6396,748.2732666666667,0.032,0.0053333333333333,748.2732666666667,0.032,0.0053333333333333,,-1,oracle_actual_not_executable,,748.2679333333334,748.2679333333334,0.0,0.0,0.0,748.2679333333334,748.2679333333334,0.0,0.0,0.0,0.0,10080.0,10080.0,0,1.2447,931.36909662,0.0,0.0,931.36909662,oracle_actual,49286.471312383335,79149.53570000002,0.0,7.899916666666627
2025-12-21,110,2025-12-21 18:20:00,2025-12-21 18:30:00,4380.05,730.0083333333333,0.0,0.0,730.0083333333333,0.0,0.0,,-1,oracle_actual_not_executable,,622.0083333333333,622.0083333333333,0.0,0.0,0.0,622.0083333333333,622.0083333333333,0.0,108.0,0.0,0.0,10080.0,9960.0,0,1.2545,780.3094541666666,0.0,0.0,780.3094541666666,oracle_actual,50066.78076655,79771.54403333335,0.0,7.899916666666627
2025-12-21,111,2025-12-21 18:30:00,2025-12-21 18:40:00,4406.0663,734.3443833333334,0.0,0.0,734.3443833333334,0.0,0.0,,-1,oracle_actual_not_executable,,734.3443833333334,734.3443833333334,0.0,0.0,0.0,734.3443833333334,734.3443833333334,0.0,0.0,0.0,0.0,9960.0,9960.0,0,1.2522,919.5460368100001,0.0,0.0,919.5460368100001,oracle_actual,50986.32680336,80505.88841666668,0.0,7.899916666666627
2025-12-21,112,2025-12-21 18:40:00,2025-12-21 18:50:00,4500.5016,750.0835999999999,0.0023,0.0003833333333333,750.0835999999999,0.0023,0.0003833333333333,,-1,oracle_actual_not_executable,,102.08321666666654,102.08321666666654,0.0,0.0,0.0,102.08321666666654,102.08321666666654,0.0,648.0,0.0,0.0,9960.0,9240.0,0,1.2881,131.49339138833318,0.0,0.0,131.49339138833318,oracle_actual,51117.82019474834,80607.97163333335,0.0,7.899916666666627
2025-12-21,113,2025-12-21 18:50:00,2025-12-21 19:00:00,4490.76,748.46,0.0,0.0,748.46,0.0,0.0,,-1,oracle_actual_not_executable,,100.46000000000004,100.46000000000004,0.0,0.0,0.0,100.46000000000004,100.46000000000004,0.0,648.0,0.0,0.0,9240.0,8520.0,0,1.3466,135.27943600000006,0.0,0.0,135.27943600000006,oracle_actual,51253.09963074834,80708.43163333336,0.0,7.899916666666627
2025-12-21,114,2025-12-21 19:00:00,2025-12-21 19:10:00,4334.8994,722.4832333333334,0.0,0.0,722.4832333333334,0.0,0.0,,-1,oracle_actual_not_executable,,74.48323333333337,74.48323333333337,0.0,0.0,0.0,74.48323333333337,74.48323333333337,0.0,648.0,0.0,0.0,8520.0,7800.0,0,1.3523,100.72367643666672,0.0,0.0,100.72367643666672,oracle_actual,51353.823307185005,80782.91486666669,0.0,7.899916666666627
2025-12-21,115,2025-12-21 19:10:00,2025-12-21 19:20:00,4356.9931,726.1655166666666,0.0,0.0,726.1655166666666,0.0,0.0,,-1,oracle_actual_not_executable,,78.16551666666658,78.16551666666658,0.0,0.0,0.0,78.16551666666658,78.16551666666658,0.0,648.0,0.0,0.0,7800.0,7080.0,0,1.3445,105.09353715833322,0.0,0.0,105.09353715833322,oracle_actual,51458.91684434334,80861.08038333335,0.0,7.899916666666627
2025-12-21,116,2025-12-21 19:20:00,2025-12-21 19:30:00,4466.59,744.4316666666667,0.0,0.0,744.4316666666667,0.0,0.0,,-1,oracle_actual_not_executable,,96.43166666666673,96.43166666666673,0.0,0.0,0.0,96.43166666666673,96.43166666666673,0.0,648.0,0.0,0.0,7080.0,6360.0,0,1.3483,130.01881616666677,0.0,0.0,130.01881616666677,oracle_actual,51588.935660510004,80957.51205000002,0.0,7.899916666666627
2025-12-21,117,2025-12-21 19:30:00,2025-12-21 19:40:00,4301.5722,716.9286999999999,0.0,0.0,716.9286999999999,0.0,0.0,,-1,oracle_actual_not_executable,,68.92869999999994,68.92869999999994,0.0,0.0,0.0,68.92869999999994,68.92869999999994,0.0,648.0,0.0,0.0,6360.0,5640.0,0,1.349,92.9848162999999,0.0,0.0,92.9848162999999,oracle_actual,51681.92047681,81026.44075000002,0.0,7.899916666666627
2025-12-21,118,2025-12-21 19:40:00,2025-12-21 19:50:00,4398.717,733.1194999999999,0.0,0.0,733.1194999999999,0.0,0.0,,-1,oracle_actual_not_executable,,85.1194999999999,85.1194999999999,0.0,0.0,0.0,85.1194999999999,85.1194999999999,0.0,648.0,0.0,0.0,5640.0,4920.0,0,1.3473,114.68150234999986,0.0,0.0,114.68150234999986,oracle_actual,51796.601979160005,81111.56025000002,0.0,7.899916666666627
2025-12-21,119,2025-12-21 19:50:00,2025-12-21 20:00:00,4681.61,780.2683333333333,0.0,0.0,780.2683333333333,0.0,0.0,,-1,oracle_actual_not_executable,,24.268333333333317,24.268333333333317,0.0,0.0,0.0,24.268333333333317,24.268333333333317,0.0,756.0,0.0,0.0,4920.0,4080.0,0,1.3482,32.71856699999998,0.0,0.0,32.71856699999998,oracle_actual,51829.32054616001,81135.82858333335,0.0,7.899916666666627
2025-12-21,120,2025-12-21 20:00:00,2025-12-21 20:10:00,4485.5154,747.5859,0.0,0.0,747.5859,0.0,0.0,,-1,oracle_actual_not_executable,,99.58590000000004,99.58590000000004,0.0,0.0,0.0,99.58590000000004,99.58590000000004,0.0,648.0,0.0,0.0,4080.0,3360.0,0,1.3513,134.57042667000005,0.0,0.0,134.57042667000005,oracle_actual,51963.890972830006,81235.41448333336,0.0,7.899916666666627
2025-12-21,121,2025-12-21 20:10:00,2025-12-21 20:20:00,4156.9026,692.8171000000001,0.0,0.0,692.8171000000001,0.0,0.0,,-1,oracle_actual_not_executable,,44.817100000000096,44.817100000000096,0.0,0.0,0.0,44.817100000000096,44.817100000000096,0.0,648.0,0.0,0.0,3360.0,2640.0,0,1.34,60.05491400000013,0.0,0.0,60.05491400000013,oracle_actual,52023.945886830006,81280.23158333336,0.0,7.899916666666627
2025-12-21,122,2025-12-21 20:20:00,2025-12-21 20:30:00,4090.51,681.7516666666667,0.0,0.0,681.7516666666667,0.0,0.0,,-1,oracle_actual_not_executable,,33.751666666666665,33.751666666666665,0.0,0.0,0.0,33.751666666666665,33.751666666666665,0.0,648.0,0.0,0.0,2640.0,1920.0,0,1.3489,45.527623166666665,0.0,0.0,45.527623166666665,oracle_actual,52069.47350999667,81313.98325000002,0.0,7.899916666666627
2025-12-21,123,2025-12-21 20:30:00,2025-12-21 20:40:00,4322.2266,720.3711,0.0,0.0,720.3711,0.0,0.0,,-1,oracle_actual_not_executable,,72.37109999999996,72.37109999999996,0.0,0.0,0.0,72.37109999999996,72.37109999999996,0.0,648.0,0.0,0.0,1920.0,1200.0,0,1.3952,100.97215871999994,0.0,0.0,100.97215871999994,oracle_actual,52170.44566871667,81386.35435000002,0.0,7.899916666666627
2025-12-21,124,2025-12-21 20:40:00,2025-12-21 20:50:00,4336.801,722.8001666666668,0.0,0.0,722.8001666666668,0.0,0.0,,-1,oracle_actual_not_executable,,722.8001666666668,722.8001666666668,0.0,0.0,0.0,722.8001666666668,722.8001666666668,0.0,0.0,0.0,0.0,1200.0,1200.0,0,1.2226,883.6954837666667,0.0,0.0,883.6954837666667,oracle_actual,53054.14115248333,82109.15451666669,0.0,7.899916666666627
2025-12-21,125,2025-12-21 20:50:00,2025-12-21 21:00:00,4144.46,690.7433333333333,0.0,0.0,690.7433333333333,0.0,0.0,,-1,oracle_actual_not_executable,,690.7433333333333,690.7433333333333,0.0,0.0,0.0,690.7433333333333,690.7433333333333,0.0,0.0,0.0,0.0,1200.0,1200.0,0,0.9332,644.6016786666667,0.0,0.0,644.6016786666667,oracle_actual,53698.74283115,82799.89785000002,0.0,7.899916666666627
2025-12-21,126,2025-12-21 21:00:00,2025-12-21 21:10:00,4227.261,704.5435000000001,0.0,0.0,704.5435000000001,0.0,0.0,,-1,oracle_actual_not_executable,,704.5435000000001,704.5435000000001,0.0,0.0,0.0,704.5435000000001,704.5435000000001,0.0,0.0,0.0,0.0,1200.0,1200.0,0,0.9068,638.8800458000002,0.0,0.0,638.8800458000002,oracle_actual,54337.622876949994,83504.44135000002,0.0,7.899916666666627
2025-12-21,127,2025-12-21 21:10:00,2025-12-21 21:20:00,4326.9643,721.1607166666666,0.0,0.0,721.1607166666666,0.0,0.0,,-1,oracle_actual_not_executable,,721.1607166666666,721.1607166666666,0.0,0.0,0.0,721.1607166666666,721.1607166666666,0.0,0.0,0.0,0.0,1200.0,1200.0,0,0.9371,675.7997075883334,0.0,0.0,675.7997075883334,oracle_actual,55013.422584538326,84225.60206666669,0.0,7.899916666666627
2025-12-21,128,2025-12-21 21:20:00,2025-12-21 21:30:00,4357.83,726.305,0.0,0.0,726.305,0.0,0.0,,-1,oracle_actual_not_executable,,726.305,726.305,0.0,0.0,0.0,726.305,726.305,0.0,0.0,0.0,0.0,1200.0,1200.0,0,0.9371,680.6204155,0.0,0.0,680.6204155,oracle_actual,55694.04300003833,84951.90706666668,0.0,7.899916666666627
2025-12-21,129,2025-12-21 21:30:00,2025-12-21 21:40:00,4437.1142,739.5190333333334,0.0,0.0,739.5190333333334,0.0,0.0,,-1,oracle_actual_not_executable,,739.5190333333334,739.5190333333334,0.0,0.0,0.0,739.5190333333334,739.5190333333334,0.0,0.0,0.0,0.0,1200.0,1200.0,0,0.9871,729.9792378033334,0.0,0.0,729.9792378033334,oracle_actual,56424.02223784166,85691.42610000001,0.0,7.899916666666627
2025-12-21,130,2025-12-21 21:40:00,2025-12-21 21:50:00,4070.9954,678.4992333333333,0.0,0.0,678.4992333333333,0.0,0.0,,-1,oracle_actual_not_executable,,678.4992333333333,678.4992333333333,0.0,0.0,0.0,678.4992333333333,678.4992333333333,0.0,0.0,0.0,0.0,1200.0,1200.0,0,0.7764,526.78680476,0.0,0.0,526.78680476,oracle_actual,56950.80904260166,86369.92533333335,0.0,7.899916666666627
2025-12-21,131,2025-12-21 21:50:00,2025-12-21 22:00:00,3434.4,572.4,0.0,0.0,572.4,0.0,0.0,,-1,oracle_actual_not_executable,,572.4,572.4,0.0,0.0,0.0,572.4,572.4,0.0,0.0,0.0,0.0,1200.0,1200.0,0,0.4209,240.92316,0.0,0.0,240.92316,oracle_actual,57191.732202601655,86942.32533333334,0.0,7.899916666666627
2025-12-21,132,2025-12-21 22:00:00,2025-12-21 22:10:00,3270.5539,545.0923166666666,0.0,0.0,545.0923166666666,0.0,0.0,,-1,oracle_actual_not_executable,,545.0923166666666,545.0923166666666,0.0,0.0,0.0,545.0923166666666,545.0923166666666,0.0,0.0,0.0,0.0,1200.0,1200.0,0,0.3859,210.35112500166667,0.0,0.0,210.35112500166667,oracle_actual,57402.08332760332,87487.41765,0.0,7.899916666666627
2025-12-21,133,2025-12-21 22:10:00,2025-12-21 22:20:00,3305.0168,550.8361333333334,0.0,0.0,550.8361333333334,0.0,0.0,,-1,oracle_actual_not_executable,,550.8361333333334,550.8361333333334,0.0,0.0,0.0,550.8361333333334,550.8361333333334,0.0,0.0,0.0,0.0,1200.0,1200.0,0,0.4368,240.60522304000003,0.0,0.0,240.60522304000003,oracle_actual,57642.688550643325,88038.25378333333,0.0,7.899916666666627
2025-12-21,134,2025-12-21 22:20:00,2025-12-21 22:30:00,3255.6,542.6,0.0,0.0,542.6,0.0,0.0,,-1,oracle_actual_not_executable,,542.6,542.6,0.0,0.0,0.0,542.6,542.6,0.0,0.0,0.0,0.0,1200.0,1200.0,0,0.4198,227.78348000000003,0.0,0.0,227.78348000000003,oracle_actual,57870.47203064332,88580.85378333334,0.0,7.899916666666627
2025-12-21,135,2025-12-21 22:30:00,2025-12-21 22:40:00,3155.514,525.919,0.0,0.0,525.919,0.0,0.0,,-1,oracle_actual_not_executable,,525.919,525.919,0.0,0.0,0.0,525.919,525.919,0.0,0.0,0.0,0.0,1200.0,1200.0,0,0.4186,220.14969340000002,0.0,0.0,220.14969340000002,oracle_actual,58090.621724043325,89106.77278333333,0.0,7.899916666666627
2025-12-21,136,2025-12-21 22:40:00,2025-12-21 22:50:00,3260.3635,543.3939166666667,0.0,0.0,543.3939166666667,0.0,0.0,,-1,oracle_actual_not_executable,,543.3939166666667,543.3939166666667,0.0,0.0,0.0,543.3939166666667,543.3939166666667,0.0,0.0,0.0,0.0,1200.0,1200.0,0,0.4241,230.45336005833332,0.0,0.0,230.45336005833332,oracle_actual,58321.075084101656,89650.1667,0.0,7.899916666666627
2025-12-21,137,2025-12-21 22:50:00,2025-12-21 23:00:00,3508.97,584.8283333333333,0.0,0.0,584.8283333333333,0.0,0.0,,-1,oracle_actual_not_executable,,584.8283333333333,584.8283333333333,0.0,0.0,0.0,584.8283333333333,584.8283333333333,0.0,0.0,0.0,0.0,1200.0,1200.0,0,0.4237,247.7917648333333,0.0,0.0,247.7917648333333,oracle_actual,58568.86684893499,90234.99503333334,0.0,7.899916666666627
2025-12-21,138,2025-12-21 23:00:00,2025-12-21 23:10:00,3554.7154,592.4525666666667,0.0,0.0,592.4525666666667,0.0,0.0,,-1,oracle_actual_not_executable,,592.4525666666667,592.4525666666667,0.0,0.0,0.0,592.4525666666667,592.4525666666667,0.0,0.0,0.0,0.0,1200.0,1200.0,0,0.4248,251.67385032,0.0,0.0,251.67385032,oracle_actual,58820.54069925499,90827.4476,0.0,7.899916666666627
2025-12-21,139,2025-12-21 23:10:00,2025-12-21 23:20:00,3395.6628,565.9438,0.0,0.0,565.9438,0.0,0.0,,-1,oracle_actual_not_executable,,565.9438,565.9438,0.0,0.0,0.0,565.9438,565.9438,0.0,0.0,0.0,0.0,1200.0,1200.0,0,0.424,239.9601712,0.0,0.0,239.9601712,oracle_actual,59060.50087045499,91393.3914,0.0,7.899916666666627
2025-12-21,140,2025-12-21 23:20:00,2025-12-21 23:30:00,3305.59,550.9316666666667,0.0,0.0,550.9316666666667,0.0,0.0,,-1,oracle_actual_not_executable,,550.9316666666667,550.9316666666667,0.0,0.0,0.0,550.9316666666667,550.9316666666667,0.0,0.0,0.0,0.0,1200.0,1200.0,0,0.422,232.49316333333334,0.0,0.0,232.49316333333334,oracle_actual,59292.99403378832,91944.32306666666,0.0,7.899916666666627
2025-12-21,141,2025-12-21 23:30:00,2025-12-21 23:40:00,3539.7613,589.9602166666667,0.0,0.0,589.9602166666667,0.0,0.0,,-1,oracle_actual_not_executable,,589.9602166666667,589.9602166666667,0.0,0.0,0.0,589.9602166666667,589.9602166666667,0.0,0.0,0.0,0.0,1200.0,1200.0,0,0.424,250.1431318666667,0.0,0.0,250.1431318666667,oracle_actual,59543.13716565499,92534.28328333334,0.0,7.899916666666627
2025-12-21,142,2025-12-21 23:40:00,2025-12-21 23:50:00,3571.991,595.3318333333333,0.0,0.0,595.3318333333333,0.0,0.0,,-1,oracle_actual_not_executable,,595.3318333333333,595.3318333333333,0.0,0.0,0.0,595.3318333333333,595.3318333333333,0.0,0.0,0.0,0.0,1200.0,1200.0,0,0.4271,254.26622601666665,0.0,0.0,254.26622601666665,oracle_actual,59797.40339167166,93129.61511666667,0.0,7.899916666666627
2025-12-21,143,2025-12-21 23:50:00,2025-12-22 00:00:00,3464.4,577.4,0.0,0.0,577.4,0.0,0.0,,-1,oracle_actual_not_executable,,577.4,577.4,0.0,0.0,0.0,577.4,577.4,0.0,0.0,0.0,0.0,1200.0,1200.0,0,0.4276,246.89623999999998,0.0,0.0,246.89623999999998,oracle_actual,60044.29963167166,93707.01511666666,0.0,7.899916666666627
